<?xml version="1.0" encoding="UTF-8"?>
<!--This is the 16 Best matching
Use topkmatch.xsd to parse and validate the information (XMLSchema)--><BestMatch CandidateOntology="betus.com" MatchIndex="16" MatchWeight="0.0" TargetOntology="www.vegas-sportsbetting.com"><MatchedTerms Weight="0.0"><CandidateTerm id="6150032354395318939">text: First Name: (nameFirstEntry)</CandidateTerm><TargetTerm id="4385247154582024148">text: * First Name : (txtFirstName)</TargetTerm></MatchedTerms><MatchedTerms Weight="0.0"><CandidateTerm id="3468914118822638692">text: Last Name: (nameLastEntry)</CandidateTerm><TargetTerm id="5385447668121156139">text: * Last Name : (txtLastName)</TargetTerm></MatchedTerms><MatchedTerms Weight="0.0"><CandidateTerm id="7663071071927964739">text: Email: (emailEntry)</CandidateTerm><TargetTerm id="1451099397060418780">text: * E-mail : (txtEMail)</TargetTerm></MatchedTerms><MatchedTerms Weight="0.0"><CandidateTerm id="6396510584789946396">text: Phone: (homePhoneEntry)</CandidateTerm><TargetTerm id="6067763086019797440">text: * Phone 1: (txtDayPhone)</TargetTerm></MatchedTerms><MatchedTerms Weight="0.0"><CandidateTerm id="4616773017601919776">text: Address1: (address1Entry)</CandidateTerm><TargetTerm id="1236287689405640851">text: * Address : (txtAddress1)</TargetTerm></MatchedTerms><MatchedTerms Weight="0.0"><CandidateTerm id="5213526966129991460">text: Address2: (address2Entry)</CandidateTerm><TargetTerm id="5239478231245569763">text: Personal Information (txtAddress2)</TargetTerm></MatchedTerms><MatchedTerms Weight="0.0"><CandidateTerm id="7788690086467189629">text: City: (cityEntry)</CandidateTerm><TargetTerm id="138992791392519665">text: * City : (txtCity)</TargetTerm></MatchedTerms><MatchedTerms Weight="0.0"><CandidateTerm id="6230496803798087403">select: State Province: (stateEntry)</CandidateTerm><TargetTerm id="7972893905815584490">text: State : (txtState)</TargetTerm></MatchedTerms><MatchedTerms Weight="0.0"><CandidateTerm id="4868758875906546343">text: Zip Postal Code: (zipEntry)</CandidateTerm><TargetTerm id="3904336581893735632">text: Zip Code : (txtZipCode)</TargetTerm></MatchedTerms><MatchedTerms Weight="0.0"><CandidateTerm id="3552532101768502780">select: Country: (countryEntry)</CandidateTerm><TargetTerm id="7360073707596622254">select: * Country : (cboCountry)</TargetTerm></MatchedTerms><MatchedTerms Weight="0.0"><CandidateTerm id="6754969786665700466">password: Password: (passwordEntry)</CandidateTerm><TargetTerm id="5359776966520887433">password: *Internet Password : (txtInternetPassword)</TargetTerm></MatchedTerms><MatchedTerms Weight="0.0"><CandidateTerm id="7177810019668922080">password: Confirm Password: (ConfirmPasswordEntry)</CandidateTerm><TargetTerm id="1457031490217453311">password: *Confirm Internet Password : (txtInternetPasswordConfirmed)</TargetTerm></MatchedTerms></BestMatch><!--For any questions regarding the Top K Framework please send to:ontobuilder@ie.technion.ac.il-->