<?xml version="1.0" encoding="UTF-8"?>
<!--This is the 5 Best matching
Use topkmatch.xsd to parse and validate the information (XMLSchema)--><BestMatch CandidateOntology="absoluteagency" MatchIndex="5" MatchWeight="0.0" TargetOntology="www.dating.com"><MatchedTerms Weight="0.0"><CandidateTerm id="6309966997972432337">select: You are (gender)</CandidateTerm><TargetTerm id="6555291659307825482">radio: Male (GENDER_id)</TargetTerm></MatchedTerms><MatchedTerms Weight="0.0"><CandidateTerm id="8859741005285940102">select: Your race (race)</CandidateTerm><TargetTerm id="3351877211624500918">select: Ethnicity Background: (RACE_ID)</TargetTerm></MatchedTerms><MatchedTerms Weight="0.0"><CandidateTerm id="5349989857042772478">select: Your Height (height)</CandidateTerm><TargetTerm id="5838835521812824142">select: Height: (HEIGHT_ID)</TargetTerm></MatchedTerms><MatchedTerms Weight="0.0"><CandidateTerm id="386947555308728450">select: Your Hair Color (hair_color)</CandidateTerm><TargetTerm id="2879412628849214401">select: Hair Color: (HAIR_COLOR_ID)</TargetTerm></MatchedTerms><MatchedTerms Weight="0.0"><CandidateTerm id="2262718646996988723">select: Your Eye Color (eye_color)</CandidateTerm><TargetTerm id="4998962802678752580">select: Eye Color: (EYE_COLOR_ID)</TargetTerm></MatchedTerms><MatchedTerms Weight="0.0"><CandidateTerm id="1129249053228878602">select: Look for a: (genderlook)</CandidateTerm><TargetTerm id="345777575788895072">checkbox: Females (GENDER_SEEKING_id)</TargetTerm></MatchedTerms><MatchedTerms Weight="0.0"><CandidateTerm id="566238192642626674">textarea: Your personal ad's Text (ad_text)</CandidateTerm><TargetTerm id="7757300019709746588">textarea: (Minimum of 50 characters) (target_description)</TargetTerm></MatchedTerms></BestMatch><!--For any questions regarding the Top K Framework please send to:ontobuilder@ie.technion.ac.il-->