<?xml version="1.0" encoding="UTF-8"?>
<ns:PurchaseOrder xmlns:ns="Excel" xmlns:xsi="http://www.w3.org/2001/XMLSchema-instance" xsi:schemaLocation="Excel Excel.xsd ">
  <ns:Items>
    <ns:itemCount>15</ns:itemCount>
    <ns:Item>
      <ns:yourPartnerNumber>s8920</ns:yourPartnerNumber>
      <ns:unitPrice>10.6</ns:unitPrice>
      <ns:unitOfMeasure>mg</ns:unitOfMeasure>
      <ns:salesValue>10</ns:salesValue>
      <ns:quantity>2</ns:quantity>
      <ns:partNumber>f382</ns:partNumber>
      <ns:partDescription>cucambers</ns:partDescription>
      <ns:itemNumber>23</ns:itemNumber>
    </ns:Item>
  </ns:Items>
  <ns:DeliverTo>
    <ns:Contact>
      <ns:contactName>Mr Itay Hershko</ns:contactName>
      <ns:companyName>Arad Magvot</ns:companyName>
      <ns:e-mail>arad@hotmail.com</ns:e-mail>
      <ns:telephone>04-2637783</ns:telephone>
    </ns:Contact>
    <ns:Address>
      <ns:street1>Rakafot</ns:street1>
      <ns:street2></ns:street2>
      <ns:street3></ns:street3>
      <ns:street4></ns:street4>
      <ns:stateProvince></ns:stateProvince>
      <ns:postalCode>83799</ns:postalCode>
      <ns:country>Israel</ns:country>
      <ns:city>Arad</ns:city>
    </ns:Address>
  </ns:DeliverTo>
  <ns:InvoiceTo>
    <ns:Contact>
      <ns:contactName>Mr Itay Hershko</ns:contactName>
      <ns:companyName>Arad Magvot</ns:companyName>
      <ns:e-mail>arad@hotmail.com</ns:e-mail>
      <ns:telephone>03-9823373</ns:telephone>
    </ns:Contact>
    <ns:Address>
      <ns:street1>Rakafot</ns:street1>
      <ns:street2></ns:street2>
      <ns:street3></ns:street3>
      <ns:street4></ns:street4>
      <ns:stateProvince></ns:stateProvince>
      <ns:postalCode>83799</ns:postalCode>
      <ns:country>Israel</ns:country>
      <ns:city>Arad</ns:city>
    </ns:Address>
  </ns:InvoiceTo>
  <ns:Header>
    <ns:orderNum>PO283746</ns:orderNum>
    <ns:orderDate>2022-12-08</ns:orderDate>
    <ns:ourAccountCode>s9825</ns:ourAccountCode>
    <ns:yourAccountCode>a9816</ns:yourAccountCode>
    <ns:Contact>
      <ns:contactName>Mr Itay Hershko</ns:contactName>
      <ns:companyName>Arad Magvot</ns:companyName>
      <ns:e-mail>arad@hotmail.com</ns:e-mail>
      <ns:telephone>03-9823373</ns:telephone>
    </ns:Contact>
  </ns:Header>
  <ns:Footer>
    <ns:totalValue>10.2</ns:totalValue>
  </ns:Footer>
</ns:PurchaseOrder>