<?xml version="1.0" encoding="UTF-8"?>
<ns:PurchaseOrder xmlns:ns="Excel" xmlns:xsi="http://www.w3.org/2001/XMLSchema-instance" xsi:schemaLocation="Excel Excel.xsd ">
  <ns:Items>
    <ns:itemCount>5585</ns:itemCount>
    <ns:Item>
      <ns:yourPartnerNumber>788569</ns:yourPartnerNumber>
      <ns:unitPrice>4569.88</ns:unitPrice>
      <ns:unitOfMeasure>g</ns:unitOfMeasure>
      <ns:salesValue>45962.255</ns:salesValue>
      <ns:quantity>4580.550</ns:quantity>
      <ns:partNumber>o975</ns:partNumber>
      <ns:partDescription>V1.5 ELM327 II OBD 2 Bluetooth Auto Car Diagnostic Interface Scanner for Volvo</ns:partDescription>
      <ns:itemNumber>785275</ns:itemNumber>
    </ns:Item>
  </ns:Items>
  <ns:DeliverTo>
    <ns:Contact>
      <ns:contactName>Matthew Gubler</ns:contactName>
      <ns:companyName>Dominion Resources</ns:companyName>
      <ns:e-mail>ngublemet@yandex.ru</ns:e-mail>
      <ns:telephone>(623) 643-0399</ns:telephone>
    </ns:Contact>
    <ns:Address>
      <ns:street1>Hester Street </ns:street1>
      <ns:street2></ns:street2>
      <ns:street3></ns:street3>
      <ns:street4></ns:street4>
      <ns:stateProvince></ns:stateProvince>
      <ns:postalCode>25888</ns:postalCode>
      <ns:country>UK</ns:country>
      <ns:city>London</ns:city>
    </ns:Address>
  </ns:DeliverTo>
  <ns:InvoiceTo>
    <ns:Contact>
      <ns:contactName>Danny Krain</ns:contactName>
      <ns:companyName>Dominion Resources</ns:companyName>
      <ns:e-mail>krain@resor.uk</ns:e-mail>
      <ns:telephone>(458) 568-4587</ns:telephone>
    </ns:Contact>
    <ns:Address>
      <ns:street1>Stuyvesant Street</ns:street1>
      <ns:street2></ns:street2>
      <ns:street3></ns:street3>
      <ns:street4></ns:street4>
      <ns:stateProvince></ns:stateProvince>
      <ns:postalCode>56887</ns:postalCode>
      <ns:country>UK</ns:country>
      <ns:city>London</ns:city>
    </ns:Address>
  </ns:InvoiceTo>
  <ns:Header>
    <ns:orderNum>5584785</ns:orderNum>
    <ns:orderDate>2014-05-13</ns:orderDate>
    <ns:ourAccountCode>D59R58</ns:ourAccountCode>
    <ns:yourAccountCode>G67H58</ns:yourAccountCode>
    <ns:Contact>
      <ns:contactName>Danny Krain</ns:contactName>
      <ns:companyName>Dominion Resources</ns:companyName>
      <ns:e-mail>krain@resor.uk</ns:e-mail>
      <ns:telephone>(458) 568-4587</ns:telephone>
    </ns:Contact>
  </ns:Header>
  <ns:Footer>
    <ns:totalValue>26240.45</ns:totalValue>
  </ns:Footer>
</ns:PurchaseOrder>