<?xml version="1.0" encoding="UTF-8"?>
<ns:PurchaseOrder xmlns:ns="Excel" xmlns:xsi="http://www.w3.org/2001/XMLSchema-instance" xsi:schemaLocation="Excel Excel.xsd ">
  <ns:Items>
    <ns:itemCount>56</ns:itemCount>
    <ns:Item>
      <ns:yourPartnerNumber>d7384</ns:yourPartnerNumber>
      <ns:unitPrice>3400</ns:unitPrice>
      <ns:unitOfMeasure>unit</ns:unitOfMeasure>
      <ns:salesValue>3400</ns:salesValue>
      <ns:quantity>4</ns:quantity>
      <ns:partNumber>i847</ns:partNumber>
      <ns:partDescription>sumsung galaxy</ns:partDescription>
      <ns:itemNumber>34</ns:itemNumber>
    </ns:Item>
  </ns:Items>
  <ns:DeliverTo>
    <ns:Contact>
      <ns:contactName>Miss Anat Harel</ns:contactName>
      <ns:companyName>Simbiyoniks</ns:companyName>
      <ns:e-mail>snb@hotmail.com</ns:e-mail>
      <ns:telephone>08-3428348</ns:telephone>
    </ns:Contact>
    <ns:Address>
      <ns:street1>Minz 22</ns:street1>
      <ns:street2></ns:street2>
      <ns:street3></ns:street3>
      <ns:street4></ns:street4>
      <ns:stateProvince></ns:stateProvince>
      <ns:postalCode>26374</ns:postalCode>
      <ns:country>Israel</ns:country>
      <ns:city>Beer Sheva</ns:city>
    </ns:Address>
  </ns:DeliverTo>
  <ns:InvoiceTo>
    <ns:Contact>
      <ns:contactName>Miss Anat Harel</ns:contactName>
      <ns:companyName>Simbiyoniks</ns:companyName>
      <ns:e-mail>snb@hotmail.com</ns:e-mail>
      <ns:telephone>03-9823373</ns:telephone>
    </ns:Contact>
    <ns:Address>
      <ns:street1>Minz 22</ns:street1>
      <ns:street2></ns:street2>
      <ns:street3></ns:street3>
      <ns:street4></ns:street4>
      <ns:stateProvince></ns:stateProvince>
      <ns:postalCode>26374</ns:postalCode>
      <ns:country>Israel</ns:country>
      <ns:city>Beer Sheva</ns:city>
    </ns:Address>
  </ns:InvoiceTo>
  <ns:Header>
    <ns:orderNum>PO232477</ns:orderNum>
    <ns:orderDate>2022-12-08</ns:orderDate>
    <ns:ourAccountCode>s9825</ns:ourAccountCode>
    <ns:yourAccountCode>a9816</ns:yourAccountCode>
    <ns:Contact>
      <ns:contactName>Miss Anat Harel</ns:contactName>
      <ns:companyName>Simbiyoniks</ns:companyName>
      <ns:e-mail>snb@hotmail.com</ns:e-mail>
      <ns:telephone>03-9823373</ns:telephone>
    </ns:Contact>
  </ns:Header>
  <ns:Footer>
    <ns:totalValue>13400</ns:totalValue>
  </ns:Footer>
</ns:PurchaseOrder>