<?xml version="1.0" encoding="UTF-8"?>
<!--This is the 3 Best matching
Use topkmatch.xsd to parse and validate the information (XMLSchema)--><BestMatch CandidateOntology="6-people" MatchIndex="3" MatchWeight="0.0" TargetOntology="5-vogue"><MatchedTerms Weight="0.0"><CandidateTerm id="1595448424226855035">Full name: (/net/timeinc/subs/user/model/Name.name):text</CandidateTerm><TargetTerm id="4544654870333547594">Full name (cds_name):text</TargetTerm></MatchedTerms><MatchedTerms Weight="0.0"><CandidateTerm id="5184510542022551641">Address: (/net/timeinc/subs/user/model/Address.address1):text</CandidateTerm><TargetTerm id="1359427342702381799">Mailing address (cds_address_1):text</TargetTerm></MatchedTerms><MatchedTerms Weight="0.0"><CandidateTerm id="7707646171067958160">Zip Postal: (/net/timeinc/subs/user/model/Address.zipCode):text</CandidateTerm><TargetTerm id="1846234296250167747">State Zip (cds_zip):text</TargetTerm></MatchedTerms><MatchedTerms Weight="0.0"><CandidateTerm id="3528053754968057616">City: (/net/timeinc/subs/user/model/Address.city):text</CandidateTerm><TargetTerm id="5933942913771389540">City (cds_city):text</TargetTerm></MatchedTerms><MatchedTerms Weight="0.0"><CandidateTerm id="4438535357858001490">E-mail: (/net/timeinc/subs/user/model/Email.email):text</CandidateTerm><TargetTerm id="8569510303318346879">E-mail address (example: janedoe@yahoo.com) (cds_email):text</TargetTerm></MatchedTerms><MatchedTerms Weight="0.0"><CandidateTerm id="6068963639852259695">Card Number: (/net/timeinc/subs/user/model/BillToCustomer.CCInform.number):text</CandidateTerm><TargetTerm id="4208313592327187226">Credit card number (cds_cc_number):text</TargetTerm></MatchedTerms><MatchedTerms Weight="0.0"><CandidateTerm id="2357027423077000511">I AGREE. START MY FREE TRIAL (/net/timeinc/subs/user/controller/handler/BasicValetFormHandler.processing):submit</CandidateTerm><TargetTerm id="8533338037012667717">Subscribe (submit):submit</TargetTerm></MatchedTerms><MatchedTerms Weight="0.0"><CandidateTerm id="691690804949095894">State Province: (/net/timeinc/subs/user/model/Address.state):select</CandidateTerm><TargetTerm id="8227801088648833047">State (cds_state):select</TargetTerm></MatchedTerms><MatchedTerms Weight="0.0"><CandidateTerm id="5137899802039725421">Select: (/net/timeinc/subs/user/model/BillToCustomer.CCInform.type):select</CandidateTerm><TargetTerm id="7781037092884165827">Credit card type (cds_pay_type):radio</TargetTerm></MatchedTerms><MatchedTerms Weight="0.0"><CandidateTerm id="2928314619627524277">Expiration : (/net/timeinc/subs/user/model/BillToCustomer.CCInform.expirMonth):select</CandidateTerm><TargetTerm id="4010010375173274016">Expiration date (cds_cc_exp_month):select</TargetTerm></MatchedTerms><MatchedTerms Weight="0.0"><CandidateTerm id="4530459976762847789">Expiration : (/net/timeinc/subs/user/model/BillToCustomer.CCInform.expirYear):select</CandidateTerm><TargetTerm id="4210753986847341791">Expiration date (cds_cc_exp_year):select</TargetTerm></MatchedTerms></BestMatch><!--For any questions regarding the Top K Framework please send to:ontobuilder@ie.technion.ac.il-->