<?xml version="1.0" encoding="UTF-8"?><!--This is the 0 Best matching
Use topkmatch.xsd to parse and validate the information (XMLSchema)--><BestMatch CandidateOntology="3-national_geographic.xml" MatchIndex="0" MatchWeight="12.0" TargetOntology="6-people.xml"><MatchedTerms Weight="1.0"><CandidateTerm>Name (tbName):text,284</CandidateTerm><TargetTerm>Full name: (/net/timeinc/subs/user/model/Name.name):text,2245</TargetTerm></MatchedTerms><MatchedTerms Weight="1.0"><CandidateTerm>Address (tbAddress):text,311</CandidateTerm><TargetTerm>Address: (/net/timeinc/subs/user/model/Address.address1):text,2362</TargetTerm></MatchedTerms><MatchedTerms Weight="1.0"><CandidateTerm>City (tbCity):text,365</CandidateTerm><TargetTerm>City: (/net/timeinc/subs/user/model/Address.city):text,2506</TargetTerm></MatchedTerms><MatchedTerms Weight="1.0"><CandidateTerm>Zip Postal code (tbZip):text,392</CandidateTerm><TargetTerm>Zip Postal: (/net/timeinc/subs/user/model/Address.zipCode):text,2434</TargetTerm></MatchedTerms><MatchedTerms Weight="1.0"><CandidateTerm>E-mail address (optional) (tbEmail):text,419</CandidateTerm><TargetTerm>E-mail: (/net/timeinc/subs/user/model/Email.email):text,2578</TargetTerm></MatchedTerms><MatchedTerms Weight="1.0"><CandidateTerm>VISA (billtype):radio,468</CandidateTerm><TargetTerm>Select: (/net/timeinc/subs/user/model/BillToCustomer.CCInform.type):select,3585</TargetTerm></MatchedTerms><MatchedTerms Weight="1.0"><CandidateTerm>Credit card number (tbCCNum):text,530</CandidateTerm><TargetTerm>Card Number: (/net/timeinc/subs/user/model/BillToCustomer.CCInform.number):text,2635</TargetTerm></MatchedTerms><MatchedTerms Weight="1.0"><CandidateTerm>Submit Order (btnSubmit):submit,579</CandidateTerm><TargetTerm>I AGREE. START MY FREE TRIAL (/net/timeinc/subs/user/controller/handler/BasicValetFormHandler.processing):submit,2781</TargetTerm></MatchedTerms><MatchedTerms Weight="1.0"><CandidateTerm>Clear Form (btnClear):submit,591</CandidateTerm><TargetTerm>Clear Form (Submit2):button,2808</TargetTerm></MatchedTerms><MatchedTerms Weight="1.0"><CandidateTerm>State Province (ddState):select,603</CandidateTerm><TargetTerm>State Province: (/net/timeinc/subs/user/model/Address.state):select,2847</TargetTerm></MatchedTerms><MatchedTerms Weight="1.0"><CandidateTerm>Expiration date (ddExpMonth):select,1391</CandidateTerm><TargetTerm>Expiration : (/net/timeinc/subs/user/model/BillToCustomer.CCInform.expirMonth):select,3674</TargetTerm></MatchedTerms><MatchedTerms Weight="1.0"><CandidateTerm>Expiration date (ddExpYear):select,1539</CandidateTerm><TargetTerm>Expiration : (/net/timeinc/subs/user/model/BillToCustomer.CCInform.expirYear):select,3822</TargetTerm></MatchedTerms></BestMatch><!--For any questions regarding the Top K Framework please send to:ontobuilder@ie.technion.ac.il-->