<?xml version="1.0" encoding="UTF-8"?>
<!DOCTYPE ontology SYSTEM "dtds/ontology.dtd"><ontology name="6-people" title="People" type="full" site="https://subs.timeinc.net/PE/pe_0504.jhtml?experience_id=72304&amp;source_id=7"><classes><class name="page"><domain type="" /><attributes /><axioms /><subclasses /></class><class name="form"><domain type="" /><attributes><attribute name="method" value="get"><domain name="Choice" type="choice"><entry>post</entry><entry>get</entry></domain></attribute><attribute name="action"><domain name="URL" type="url" /></attribute></attributes><axioms /><subclasses /></class><class name="input"><domain type="" /><attributes><attribute name="name"><domain name="Text" type="text" /></attribute><attribute name="disabled" value="false"><domain name="Boolean" type="boolean" /></attribute></attributes><axioms /><subclasses><class name="text"><domain type="" /><attributes><attribute name="name"><domain name="Text" type="text" /></attribute><attribute name="disabled"><domain name="Boolean" type="boolean" /></attribute><attribute name="type" value="text"><domain type="" /></attribute><attribute name="defaultValue"><domain name="Text" type="text" /></attribute><attribute name="value"><domain name="Text" type="text" /></attribute><attribute name="size"><domain name="Positive Integer" type="pinteger" /></attribute><attribute name="maxLength"><domain name="Positive Integer" type="pinteger" /></attribute><attribute name="readOnly" value="false"><domain name="Boolean" type="boolean" /></attribute></attributes><axioms /><subclasses /></class><class name="password"><domain type="" /><attributes><attribute name="name"><domain name="Text" type="text" /></attribute><attribute name="disabled"><domain name="Boolean" type="boolean" /></attribute><attribute name="type" value="password"><domain type="" /></attribute><attribute name="defaultValue"><domain name="Text" type="text" /></attribute><attribute name="size"><domain name="Positive Integer" type="text" /></attribute><attribute name="maxLength"><domain name="Positive Integer" type="pinteger" /></attribute><attribute name="readOnly" value="false"><domain name="Boolean" type="boolean" /></attribute></attributes><axioms /><subclasses /></class><class name="file"><domain type="" /><attributes><attribute name="name"><domain name="Text" type="text" /></attribute><attribute name="disabled"><domain name="Boolean" type="boolean" /></attribute><attribute name="type" value="file"><domain type="" /></attribute><attribute name="size"><domain name="Positive Integer" type="pinteger" /></attribute><attribute name="maxLength"><domain name="Positive Integer" type="pinteger" /></attribute><attribute name="readOnly" value="false"><domain name="Boolean" type="boolean" /></attribute></attributes><axioms /><subclasses /></class><class name="hidden"><domain type="" /><attributes><attribute name="name"><domain name="Text" type="text" /></attribute><attribute name="disabled"><domain name="Boolean" type="boolean" /></attribute><attribute name="type" value="hidden"><domain type="" /></attribute><attribute name="type" value="button"><domain type="" /></attribute></attributes><axioms /><subclasses /></class><class name="checkbox"><domain type="" /><attributes><attribute name="name"><domain name="Text" type="text" /></attribute><attribute name="disabled"><domain name="Boolean" type="boolean" /></attribute><attribute name="type" value="checkbox"><domain type="" /></attribute></attributes><axioms /><subclasses /></class><class name="radio"><domain type="" /><attributes><attribute name="name"><domain name="Text" type="text" /></attribute><attribute name="disabled"><domain name="Boolean" type="boolean" /></attribute><attribute name="type" value="radio"><domain type="" /></attribute></attributes><axioms /><subclasses /></class><class name="select"><domain type="" /><attributes><attribute name="name"><domain name="Text" type="text" /></attribute><attribute name="disabled"><domain name="Boolean" type="boolean" /></attribute><attribute name="type" value="select"><domain type="" /></attribute><attribute name="size"><domain name="Positive Integer" type="pinteger" /></attribute><attribute name="multiple" value="false"><domain name="Boolean" type="boolean" /></attribute></attributes><axioms /><subclasses /></class><class name="textarea"><domain type="" /><attributes><attribute name="name"><domain name="Text" type="text" /></attribute><attribute name="disabled"><domain name="Boolean" type="boolean" /></attribute><attribute name="type" value="textarea"><domain type="" /></attribute><attribute name="defaultValue"><domain name="Text" type="text" /></attribute><attribute name="rows"><domain name="Positive Integer" type="pinteger" /></attribute><attribute name="cols"><domain name="Positive Integer" type="pinteger" /></attribute><attribute name="readOnly" value="false"><domain name="Boolean" type="boolean" /></attribute></attributes><axioms /><subclasses /></class><class name="button"><domain type="" /><attributes><attribute name="name"><domain name="Text" type="text" /></attribute><attribute name="disabled"><domain name="Boolean" type="boolean" /></attribute></attributes><axioms /><subclasses /></class><class name="submit"><domain type="" /><attributes><attribute name="name"><domain name="Text" type="text" /></attribute><attribute name="disabled"><domain name="Boolean" type="boolean" /></attribute><attribute name="type" value="submit"><domain type="" /></attribute></attributes><axioms /><subclasses /></class><class name="reset"><domain type="" /><attributes><attribute name="name"><domain name="Text" type="text" /></attribute><attribute name="disabled"><domain name="Boolean" type="boolean" /></attribute><attribute name="type" value="reset"><domain type="" /></attribute></attributes><axioms /><subclasses /></class><class name="image"><domain type="" /><attributes><attribute name="name"><domain name="Text" type="text" /></attribute><attribute name="disabled"><domain name="Boolean" type="boolean" /></attribute><attribute name="type" value="image"><domain type="" /></attribute><attribute name="src"><domain name="URL" type="url" /></attribute></attributes><axioms /><subclasses /></class></subclasses></class><class name="composition"><domain type="" /><attributes><attribute name="name" value=""><domain type="" /></attribute></attributes><axioms /><subclasses><class name="decomposition"><domain type="" /><attributes><attribute name="name"><domain type="" /></attribute></attributes><axioms /><subclasses /></class><class name="group"><domain type="" /><attributes><attribute name="name"><domain type="" /></attribute></attributes><axioms /><subclasses /></class></subclasses></class></classes><terms><term id="546166979515824638" name="https://subs.timeinc.net/PE/pe_0504.jhtml?experience_id=72304&amp;source_id=7" class="page"><domain type="" /><attributes /><axioms /><relationships><relationship name="is parent of"><source>https://subs.timeinc.net/PE/pe_0504.jhtml?experience_id=72304&amp;source_id=7</source><targets></targets></relationship></relationships><subterms><term id="8165314513925797769" name="" class="form"><domain type="" /><attributes><attribute name="method" value="POST"><domain name="Choice" type="choice"><entry>post</entry><entry>get</entry></domain></attribute><attribute name="action" value="https://subs.timeinc.net/PE/pe_0504.jhtml?_DARGS=%2FPE%2Fpe_0504.jhtml"><domain name="URL" type="url" /></attribute></attributes><axioms /><relationships><relationship name="is child of"><source></source><targets>https://subs.timeinc.net/PE/pe_0504.jhtml?experience_id=72304&amp;source_id=7</targets></relationship><relationship name="is parent of"><source></source><targets>per_name</targets></relationship><relationship name="is parent of"><source></source><targets>url</targets></relationship><relationship name="is parent of"><source></source><targets>url</targets></relationship><relationship name="is parent of"><source></source><targets>_D:url</targets></relationship><relationship name="is parent of"><source></source><targets>zone</targets></relationship><relationship name="is parent of"><source></source><targets>_D:zone</targets></relationship><relationship name="is parent of"><source></source><targets>/net/timeinc/subs/util/PageAttributeMap.mp_max</targets></relationship><relationship name="is parent of"><source></source><targets>_D:/net/timeinc/subs/util/PageAttributeMap.mp_max</targets></relationship><relationship name="is parent of"><source></source><targets>/net/timeinc/subs/util/PageAttributeMap.mp_desc</targets></relationship><relationship name="is parent of"><source></source><targets>_D:/net/timeinc/subs/util/PageAttributeMap.mp_desc</targets></relationship><relationship name="is parent of"><source></source><targets>/net/timeinc/subs/util/PageAttributeMap.currency_code</targets></relationship><relationship name="is parent of"><source></source><targets>_D:/net/timeinc/subs/util/PageAttributeMap.currency_code</targets></relationship><relationship name="is parent of"><source></source><targets>/net/timeinc/subs/user/model/Name.nameEC</targets></relationship><relationship name="is parent of"><source></source><targets>_D:/net/timeinc/subs/user/model/Name.nameEC</targets></relationship><relationship name="is parent of"><source></source><targets>Full name:</targets></relationship><relationship name="is parent of"><source></source><targets>_D:/net/timeinc/subs/user/model/Name.name</targets></relationship><relationship name="is parent of"><source></source><targets>/net/timeinc/subs/user/model/Address.stateEC</targets></relationship><relationship name="is parent of"><source></source><targets>_D:/net/timeinc/subs/user/model/Address.stateEC</targets></relationship><relationship name="is parent of"><source></source><targets>_D:/net/timeinc/subs/user/model/Address.state</targets></relationship><relationship name="is parent of"><source></source><targets>/net/timeinc/subs/user/model/Address.address1EC</targets></relationship><relationship name="is parent of"><source></source><targets>_D:/net/timeinc/subs/user/model/Address.address1EC</targets></relationship><relationship name="is parent of"><source></source><targets>Address:</targets></relationship><relationship name="is parent of"><source></source><targets>_D:/net/timeinc/subs/user/model/Address.address1</targets></relationship><relationship name="is parent of"><source></source><targets>/net/timeinc/subs/user/model/Address.zipCodeEC</targets></relationship><relationship name="is parent of"><source></source><targets>_D:/net/timeinc/subs/user/model/Address.zipCodeEC</targets></relationship><relationship name="is parent of"><source></source><targets>Zip Postal:</targets></relationship><relationship name="is parent of"><source></source><targets>_D:/net/timeinc/subs/user/model/Address.zipCode</targets></relationship><relationship name="is parent of"><source></source><targets>/net/timeinc/subs/user/model/Address.cityEC</targets></relationship><relationship name="is parent of"><source></source><targets>_D:/net/timeinc/subs/user/model/Address.cityEC</targets></relationship><relationship name="is parent of"><source></source><targets>City:</targets></relationship><relationship name="is parent of"><source></source><targets>_D:/net/timeinc/subs/user/model/Address.city</targets></relationship><relationship name="is parent of"><source></source><targets>/net/timeinc/subs/user/model/Email.emailEC</targets></relationship><relationship name="is parent of"><source></source><targets>_D:/net/timeinc/subs/user/model/Email.emailEC</targets></relationship><relationship name="is parent of"><source></source><targets>E-mail:</targets></relationship><relationship name="is parent of"><source></source><targets>_D:/net/timeinc/subs/user/model/Email.email</targets></relationship><relationship name="is parent of"><source></source><targets>_D:/net/timeinc/subs/user/model/BillToCustomer.CCInform.type</targets></relationship><relationship name="is parent of"><source></source><targets>Card Number:</targets></relationship><relationship name="is parent of"><source></source><targets>_D:/net/timeinc/subs/user/model/BillToCustomer.CCInform.number</targets></relationship><relationship name="is parent of"><source></source><targets>_D:/net/timeinc/subs/user/model/BillToCustomer.CCInform.expirMonth</targets></relationship><relationship name="is parent of"><source></source><targets>_D:/net/timeinc/subs/user/model/BillToCustomer.CCInform.expirYear</targets></relationship><relationship name="is parent of"><source></source><targets>OR</targets></relationship><relationship name="is parent of"><source></source><targets>_D:/net/timeinc/subs/util/PageAttributeMap.paymentOpt</targets></relationship><relationship name="is parent of"><source></source><targets></targets></relationship><relationship name="is parent of"><source></source><targets>_D:/net/timeinc/subs/user/model/newsletter/PENewsletter1.billeeInfo.checked</targets></relationship><relationship name="is parent of"><source></source><targets>I AGREE. START MY FREE TRIAL</targets></relationship><relationship name="is parent of"><source></source><targets>_D:/net/timeinc/subs/user/controller/handler/BasicValetFormHandler.processing</targets></relationship><relationship name="is parent of"><source></source><targets>Clear Form</targets></relationship><relationship name="is parent of"><source></source><targets>/net/timeinc/subs/user/model/valetquerystring/MSCSIGTP.variableValue</targets></relationship><relationship name="is parent of"><source></source><targets>_D:/net/timeinc/subs/user/model/valetquerystring/MSCSIGTP.variableValue</targets></relationship><relationship name="is parent of"><source></source><targets>State Province:</targets></relationship><relationship name="is parent of"><source></source><targets>Select:</targets></relationship><relationship name="is parent of"><source></source><targets>Expiration :</targets></relationship><relationship name="is parent of"><source></source><targets>Expiration :</targets></relationship><relationship name="is parent of"><source></source><targets>url</targets></relationship><relationship name="is parent of"><source></source><targets>Expiration :</targets></relationship></relationships><subterms><term id="2647227885343071315" name="per_name" value="pe_0504" class="hidden"><domain type="" /><attributes><attribute name="name" value="per_name"><domain name="Text" type="text" /></attribute><attribute name="disabled" value="false"><domain name="Boolean" type="boolean" /></attribute><attribute name="type"><domain type="" /></attribute><attribute name="type"><domain type="" /></attribute></attributes><axioms /><relationships><relationship name="is child of"><source>per_name</source><targets></targets></relationship></relationships><subterms /></term><term id="9082854516903910331" name="url" class="group"><domain type="" /><attributes><attribute name="name" value="url__Composition_"><domain type="" /></attribute></attributes><axioms /><relationships><relationship name="is parent of"><source>url</source><targets>url</targets></relationship><relationship name="is parent of"><source>url</source><targets>url</targets></relationship><relationship name="is child of"><source>url</source><targets></targets></relationship></relationships><subterms><term id="6106358191305017308" name="url" value="" class="hidden"><domain type="" /><attributes><attribute name="name" value="url"><domain name="Text" type="text" /></attribute><attribute name="disabled" value="false"><domain name="Boolean" type="boolean" /></attribute><attribute name="type"><domain type="" /></attribute><attribute name="type"><domain type="" /></attribute></attributes><axioms /><relationships><relationship name="is child of"><source>url</source><targets></targets></relationship><relationship name="is child of"><source>url</source><targets>url</targets></relationship></relationships><subterms /></term><term id="2895918796523606665" name="url" value="http://people.aol.com/people/" class="hidden"><domain type="" /><attributes><attribute name="name" value="url"><domain name="Text" type="text" /></attribute><attribute name="disabled" value="false"><domain name="Boolean" type="boolean" /></attribute><attribute name="type"><domain type="" /></attribute><attribute name="type"><domain type="" /></attribute></attributes><axioms /><relationships><relationship name="is child of"><source>url</source><targets></targets></relationship><relationship name="is child of"><source>url</source><targets>url</targets></relationship></relationships><subterms /></term></subterms></term><term id="8990640925990260344" name="_D:url" value=" " class="hidden"><domain type="" /><attributes><attribute name="name" value="_D:url"><domain name="Text" type="text" /></attribute><attribute name="disabled" value="false"><domain name="Boolean" type="boolean" /></attribute><attribute name="type"><domain type="" /></attribute><attribute name="type"><domain type="" /></attribute></attributes><axioms /><relationships><relationship name="is child of"><source>_D:url</source><targets></targets></relationship></relationships><subterms /></term><term id="4340715929967908288" name="zone" value="PE" class="hidden"><domain type="" /><attributes><attribute name="name" value="zone"><domain name="Text" type="text" /></attribute><attribute name="disabled" value="false"><domain name="Boolean" type="boolean" /></attribute><attribute name="type"><domain type="" /></attribute><attribute name="type"><domain type="" /></attribute></attributes><axioms /><relationships><relationship name="is child of"><source>zone</source><targets></targets></relationship></relationships><subterms /></term><term id="1260013196668013139" name="_D:zone" value=" " class="hidden"><domain type="" /><attributes><attribute name="name" value="_D:zone"><domain name="Text" type="text" /></attribute><attribute name="disabled" value="false"><domain name="Boolean" type="boolean" /></attribute><attribute name="type"><domain type="" /></attribute><attribute name="type"><domain type="" /></attribute></attributes><axioms /><relationships><relationship name="is child of"><source>_D:zone</source><targets></targets></relationship></relationships><subterms /></term><term id="7878633350075858411" name="/net/timeinc/subs/util/PageAttributeMap.mp_max" value="100.00" class="hidden"><domain type="" /><attributes><attribute name="name" value="/net/timeinc/subs/util/PageAttributeMap.mp_max"><domain name="Text" type="text" /></attribute><attribute name="disabled" value="false"><domain name="Boolean" type="boolean" /></attribute><attribute name="type"><domain type="" /></attribute><attribute name="type"><domain type="" /></attribute></attributes><axioms /><relationships><relationship name="is child of"><source>/net/timeinc/subs/util/PageAttributeMap.mp_max</source><targets></targets></relationship></relationships><subterms /></term><term id="1414598084475166816" name="_D:/net/timeinc/subs/util/PageAttributeMap.mp_max" value=" " class="hidden"><domain type="" /><attributes><attribute name="name" value="_D:/net/timeinc/subs/util/PageAttributeMap.mp_max"><domain name="Text" type="text" /></attribute><attribute name="disabled" value="false"><domain name="Boolean" type="boolean" /></attribute><attribute name="type"><domain type="" /></attribute><attribute name="type"><domain type="" /></attribute></attributes><axioms /><relationships><relationship name="is child of"><source>_D:/net/timeinc/subs/util/PageAttributeMap.mp_max</source><targets></targets></relationship></relationships><subterms /></term><term id="7995595004679228292" name="/net/timeinc/subs/util/PageAttributeMap.mp_desc" value="People Magazine subscription $56.94 for 26 issues" class="hidden"><domain type="" /><attributes><attribute name="name" value="/net/timeinc/subs/util/PageAttributeMap.mp_desc"><domain name="Text" type="text" /></attribute><attribute name="disabled" value="false"><domain name="Boolean" type="boolean" /></attribute><attribute name="type"><domain type="" /></attribute><attribute name="type"><domain type="" /></attribute></attributes><axioms /><relationships><relationship name="is child of"><source>/net/timeinc/subs/util/PageAttributeMap.mp_desc</source><targets></targets></relationship></relationships><subterms /></term><term id="5220071038959187565" name="_D:/net/timeinc/subs/util/PageAttributeMap.mp_desc" value=" " class="hidden"><domain type="" /><attributes><attribute name="name" value="_D:/net/timeinc/subs/util/PageAttributeMap.mp_desc"><domain name="Text" type="text" /></attribute><attribute name="disabled" value="false"><domain name="Boolean" type="boolean" /></attribute><attribute name="type"><domain type="" /></attribute><attribute name="type"><domain type="" /></attribute></attributes><axioms /><relationships><relationship name="is child of"><source>_D:/net/timeinc/subs/util/PageAttributeMap.mp_desc</source><targets></targets></relationship></relationships><subterms /></term><term id="2804963756896916458" name="/net/timeinc/subs/util/PageAttributeMap.currency_code" value="USD" class="hidden"><domain type="" /><attributes><attribute name="name" value="/net/timeinc/subs/util/PageAttributeMap.currency_code"><domain name="Text" type="text" /></attribute><attribute name="disabled" value="false"><domain name="Boolean" type="boolean" /></attribute><attribute name="type"><domain type="" /></attribute><attribute name="type"><domain type="" /></attribute></attributes><axioms /><relationships><relationship name="is child of"><source>/net/timeinc/subs/util/PageAttributeMap.currency_code</source><targets></targets></relationship></relationships><subterms /></term><term id="5136064197335927457" name="_D:/net/timeinc/subs/util/PageAttributeMap.currency_code" value=" " class="hidden"><domain type="" /><attributes><attribute name="name" value="_D:/net/timeinc/subs/util/PageAttributeMap.currency_code"><domain name="Text" type="text" /></attribute><attribute name="disabled" value="false"><domain name="Boolean" type="boolean" /></attribute><attribute name="type"><domain type="" /></attribute><attribute name="type"><domain type="" /></attribute></attributes><axioms /><relationships><relationship name="is child of"><source>_D:/net/timeinc/subs/util/PageAttributeMap.currency_code</source><targets></targets></relationship></relationships><subterms /></term><term id="4823007853885185763" name="/net/timeinc/subs/user/model/Name.nameEC" value="CHECK_ON_REQUIRED_ON" class="hidden"><domain type="" /><attributes><attribute name="name" value="/net/timeinc/subs/user/model/Name.nameEC"><domain name="Text" type="text" /></attribute><attribute name="disabled" value="false"><domain name="Boolean" type="boolean" /></attribute><attribute name="type"><domain type="" /></attribute><attribute name="type"><domain type="" /></attribute></attributes><axioms /><relationships><relationship name="is child of"><source>/net/timeinc/subs/user/model/Name.nameEC</source><targets></targets></relationship></relationships><subterms /></term><term id="6883456336769994274" name="_D:/net/timeinc/subs/user/model/Name.nameEC" value=" " class="hidden"><domain type="" /><attributes><attribute name="name" value="_D:/net/timeinc/subs/user/model/Name.nameEC"><domain name="Text" type="text" /></attribute><attribute name="disabled" value="false"><domain name="Boolean" type="boolean" /></attribute><attribute name="type"><domain type="" /></attribute><attribute name="type"><domain type="" /></attribute></attributes><axioms /><relationships><relationship name="is child of"><source>_D:/net/timeinc/subs/user/model/Name.nameEC</source><targets></targets></relationship></relationships><subterms /></term><term id="2230036730085305828" name="Full name:" value="" class="text"><domain name="Text" type="text" /><attributes><attribute name="name" value="/net/timeinc/subs/user/model/Name.name"><domain name="Text" type="text" /></attribute><attribute name="disabled" value="false"><domain name="Boolean" type="boolean" /></attribute><attribute name="type"><domain type="" /></attribute><attribute name="defaultValue" value=""><domain name="Text" type="text" /></attribute><attribute name="value"><domain name="Text" type="text" /></attribute><attribute name="size" value="25"><domain name="Positive Integer" type="pinteger" /></attribute><attribute name="maxLength" value="30"><domain name="Positive Integer" type="pinteger" /></attribute><attribute name="readOnly" value="false"><domain name="Boolean" type="boolean" /></attribute></attributes><axioms /><relationships><relationship name="is child of"><source>Full name:</source><targets></targets></relationship></relationships><subterms /></term><term id="5448627510337313240" name="_D:/net/timeinc/subs/user/model/Name.name" value=" " class="hidden"><domain type="" /><attributes><attribute name="name" value="_D:/net/timeinc/subs/user/model/Name.name"><domain name="Text" type="text" /></attribute><attribute name="disabled" value="false"><domain name="Boolean" type="boolean" /></attribute><attribute name="type"><domain type="" /></attribute><attribute name="type"><domain type="" /></attribute></attributes><axioms /><relationships><relationship name="is child of"><source>_D:/net/timeinc/subs/user/model/Name.name</source><targets></targets></relationship></relationships><subterms /></term><term id="7402430436762838669" name="/net/timeinc/subs/user/model/Address.stateEC" value="CHECK_ON_REQUIRED_ON" class="hidden"><domain type="" /><attributes><attribute name="name" value="/net/timeinc/subs/user/model/Address.stateEC"><domain name="Text" type="text" /></attribute><attribute name="disabled" value="false"><domain name="Boolean" type="boolean" /></attribute><attribute name="type"><domain type="" /></attribute><attribute name="type"><domain type="" /></attribute></attributes><axioms /><relationships><relationship name="is child of"><source>/net/timeinc/subs/user/model/Address.stateEC</source><targets></targets></relationship></relationships><subterms /></term><term id="289556658981959817" name="_D:/net/timeinc/subs/user/model/Address.stateEC" value=" " class="hidden"><domain type="" /><attributes><attribute name="name" value="_D:/net/timeinc/subs/user/model/Address.stateEC"><domain name="Text" type="text" /></attribute><attribute name="disabled" value="false"><domain name="Boolean" type="boolean" /></attribute><attribute name="type"><domain type="" /></attribute><attribute name="type"><domain type="" /></attribute></attributes><axioms /><relationships><relationship name="is child of"><source>_D:/net/timeinc/subs/user/model/Address.stateEC</source><targets></targets></relationship></relationships><subterms /></term><term id="6254975213393143331" name="_D:/net/timeinc/subs/user/model/Address.state" value=" " class="hidden"><domain type="" /><attributes><attribute name="name" value="_D:/net/timeinc/subs/user/model/Address.state"><domain name="Text" type="text" /></attribute><attribute name="disabled" value="false"><domain name="Boolean" type="boolean" /></attribute><attribute name="type"><domain type="" /></attribute><attribute name="type"><domain type="" /></attribute></attributes><axioms /><relationships><relationship name="is child of"><source>_D:/net/timeinc/subs/user/model/Address.state</source><targets></targets></relationship></relationships><subterms /></term><term id="4980757355508381661" name="/net/timeinc/subs/user/model/Address.address1EC" value="CHECK_ON_REQUIRED_ON" class="hidden"><domain type="" /><attributes><attribute name="name" value="/net/timeinc/subs/user/model/Address.address1EC"><domain name="Text" type="text" /></attribute><attribute name="disabled" value="false"><domain name="Boolean" type="boolean" /></attribute><attribute name="type"><domain type="" /></attribute><attribute name="type"><domain type="" /></attribute></attributes><axioms /><relationships><relationship name="is child of"><source>/net/timeinc/subs/user/model/Address.address1EC</source><targets></targets></relationship></relationships><subterms /></term><term id="7100875016575699715" name="_D:/net/timeinc/subs/user/model/Address.address1EC" value=" " class="hidden"><domain type="" /><attributes><attribute name="name" value="_D:/net/timeinc/subs/user/model/Address.address1EC"><domain name="Text" type="text" /></attribute><attribute name="disabled" value="false"><domain name="Boolean" type="boolean" /></attribute><attribute name="type"><domain type="" /></attribute><attribute name="type"><domain type="" /></attribute></attributes><axioms /><relationships><relationship name="is child of"><source>_D:/net/timeinc/subs/user/model/Address.address1EC</source><targets></targets></relationship></relationships><subterms /></term><term id="5040142547722313779" name="Address:" value="" class="text"><domain name="Text" type="text" /><attributes><attribute name="name" value="/net/timeinc/subs/user/model/Address.address1"><domain name="Text" type="text" /></attribute><attribute name="disabled" value="false"><domain name="Boolean" type="boolean" /></attribute><attribute name="type"><domain type="" /></attribute><attribute name="defaultValue" value=""><domain name="Text" type="text" /></attribute><attribute name="value"><domain name="Text" type="text" /></attribute><attribute name="size" value="25"><domain name="Positive Integer" type="pinteger" /></attribute><attribute name="maxLength" value="30"><domain name="Positive Integer" type="pinteger" /></attribute><attribute name="readOnly" value="false"><domain name="Boolean" type="boolean" /></attribute></attributes><axioms /><relationships><relationship name="is child of"><source>Address:</source><targets></targets></relationship></relationships><subterms /></term><term id="6607739952541462590" name="_D:/net/timeinc/subs/user/model/Address.address1" value=" " class="hidden"><domain type="" /><attributes><attribute name="name" value="_D:/net/timeinc/subs/user/model/Address.address1"><domain name="Text" type="text" /></attribute><attribute name="disabled" value="false"><domain name="Boolean" type="boolean" /></attribute><attribute name="type"><domain type="" /></attribute><attribute name="type"><domain type="" /></attribute></attributes><axioms /><relationships><relationship name="is child of"><source>_D:/net/timeinc/subs/user/model/Address.address1</source><targets></targets></relationship></relationships><subterms /></term><term id="2969776697335902383" name="/net/timeinc/subs/user/model/Address.zipCodeEC" value="CHECK_ON_REQUIRED_ON" class="hidden"><domain type="" /><attributes><attribute name="name" value="/net/timeinc/subs/user/model/Address.zipCodeEC"><domain name="Text" type="text" /></attribute><attribute name="disabled" value="false"><domain name="Boolean" type="boolean" /></attribute><attribute name="type"><domain type="" /></attribute><attribute name="type"><domain type="" /></attribute></attributes><axioms /><relationships><relationship name="is child of"><source>/net/timeinc/subs/user/model/Address.zipCodeEC</source><targets></targets></relationship></relationships><subterms /></term><term id="2716558176133661328" name="_D:/net/timeinc/subs/user/model/Address.zipCodeEC" value=" " class="hidden"><domain type="" /><attributes><attribute name="name" value="_D:/net/timeinc/subs/user/model/Address.zipCodeEC"><domain name="Text" type="text" /></attribute><attribute name="disabled" value="false"><domain name="Boolean" type="boolean" /></attribute><attribute name="type"><domain type="" /></attribute><attribute name="type"><domain type="" /></attribute></attributes><axioms /><relationships><relationship name="is child of"><source>_D:/net/timeinc/subs/user/model/Address.zipCodeEC</source><targets></targets></relationship></relationships><subterms /></term><term id="5828231387614165989" name="Zip Postal:" value="" class="text"><domain name="Text" type="text" /><attributes><attribute name="name" value="/net/timeinc/subs/user/model/Address.zipCode"><domain name="Text" type="text" /></attribute><attribute name="disabled" value="false"><domain name="Boolean" type="boolean" /></attribute><attribute name="type"><domain type="" /></attribute><attribute name="defaultValue" value=""><domain name="Text" type="text" /></attribute><attribute name="value"><domain name="Text" type="text" /></attribute><attribute name="size" value="10"><domain name="Positive Integer" type="pinteger" /></attribute><attribute name="maxLength" value="6"><domain name="Positive Integer" type="pinteger" /></attribute><attribute name="readOnly" value="false"><domain name="Boolean" type="boolean" /></attribute></attributes><axioms /><relationships><relationship name="is child of"><source>Zip Postal:</source><targets></targets></relationship></relationships><subterms /></term><term id="1789272119504541421" name="_D:/net/timeinc/subs/user/model/Address.zipCode" value=" " class="hidden"><domain type="" /><attributes><attribute name="name" value="_D:/net/timeinc/subs/user/model/Address.zipCode"><domain name="Text" type="text" /></attribute><attribute name="disabled" value="false"><domain name="Boolean" type="boolean" /></attribute><attribute name="type"><domain type="" /></attribute><attribute name="type"><domain type="" /></attribute></attributes><axioms /><relationships><relationship name="is child of"><source>_D:/net/timeinc/subs/user/model/Address.zipCode</source><targets></targets></relationship></relationships><subterms /></term><term id="6789713105416666087" name="/net/timeinc/subs/user/model/Address.cityEC" value="CHECK_ON_REQUIRED_ON" class="hidden"><domain type="" /><attributes><attribute name="name" value="/net/timeinc/subs/user/model/Address.cityEC"><domain name="Text" type="text" /></attribute><attribute name="disabled" value="false"><domain name="Boolean" type="boolean" /></attribute><attribute name="type"><domain type="" /></attribute><attribute name="type"><domain type="" /></attribute></attributes><axioms /><relationships><relationship name="is child of"><source>/net/timeinc/subs/user/model/Address.cityEC</source><targets></targets></relationship></relationships><subterms /></term><term id="3406543136388574371" name="_D:/net/timeinc/subs/user/model/Address.cityEC" value=" " class="hidden"><domain type="" /><attributes><attribute name="name" value="_D:/net/timeinc/subs/user/model/Address.cityEC"><domain name="Text" type="text" /></attribute><attribute name="disabled" value="false"><domain name="Boolean" type="boolean" /></attribute><attribute name="type"><domain type="" /></attribute><attribute name="type"><domain type="" /></attribute></attributes><axioms /><relationships><relationship name="is child of"><source>_D:/net/timeinc/subs/user/model/Address.cityEC</source><targets></targets></relationship></relationships><subterms /></term><term id="5593886612713824855" name="City:" value="" class="text"><domain name="Text" type="text" /><attributes><attribute name="name" value="/net/timeinc/subs/user/model/Address.city"><domain name="Text" type="text" /></attribute><attribute name="disabled" value="false"><domain name="Boolean" type="boolean" /></attribute><attribute name="type"><domain type="" /></attribute><attribute name="defaultValue" value=""><domain name="Text" type="text" /></attribute><attribute name="value"><domain name="Text" type="text" /></attribute><attribute name="size" value="25"><domain name="Positive Integer" type="pinteger" /></attribute><attribute name="maxLength" value="20"><domain name="Positive Integer" type="pinteger" /></attribute><attribute name="readOnly" value="false"><domain name="Boolean" type="boolean" /></attribute></attributes><axioms /><relationships><relationship name="is child of"><source>City:</source><targets></targets></relationship></relationships><subterms /></term><term id="6493041890959349382" name="_D:/net/timeinc/subs/user/model/Address.city" value=" " class="hidden"><domain type="" /><attributes><attribute name="name" value="_D:/net/timeinc/subs/user/model/Address.city"><domain name="Text" type="text" /></attribute><attribute name="disabled" value="false"><domain name="Boolean" type="boolean" /></attribute><attribute name="type"><domain type="" /></attribute><attribute name="type"><domain type="" /></attribute></attributes><axioms /><relationships><relationship name="is child of"><source>_D:/net/timeinc/subs/user/model/Address.city</source><targets></targets></relationship></relationships><subterms /></term><term id="1277800579375561694" name="/net/timeinc/subs/user/model/Email.emailEC" value="CHECK_ON_REQUIRED_ON" class="hidden"><domain type="" /><attributes><attribute name="name" value="/net/timeinc/subs/user/model/Email.emailEC"><domain name="Text" type="text" /></attribute><attribute name="disabled" value="false"><domain name="Boolean" type="boolean" /></attribute><attribute name="type"><domain type="" /></attribute><attribute name="type"><domain type="" /></attribute></attributes><axioms /><relationships><relationship name="is child of"><source>/net/timeinc/subs/user/model/Email.emailEC</source><targets></targets></relationship></relationships><subterms /></term><term id="5021724897072709931" name="_D:/net/timeinc/subs/user/model/Email.emailEC" value=" " class="hidden"><domain type="" /><attributes><attribute name="name" value="_D:/net/timeinc/subs/user/model/Email.emailEC"><domain name="Text" type="text" /></attribute><attribute name="disabled" value="false"><domain name="Boolean" type="boolean" /></attribute><attribute name="type"><domain type="" /></attribute><attribute name="type"><domain type="" /></attribute></attributes><axioms /><relationships><relationship name="is child of"><source>_D:/net/timeinc/subs/user/model/Email.emailEC</source><targets></targets></relationship></relationships><subterms /></term><term id="1677135566564797506" name="E-mail:" value="" class="text"><domain name="Text" type="text" /><attributes><attribute name="name" value="/net/timeinc/subs/user/model/Email.email"><domain name="Text" type="text" /></attribute><attribute name="disabled" value="false"><domain name="Boolean" type="boolean" /></attribute><attribute name="type"><domain type="" /></attribute><attribute name="defaultValue" value=""><domain name="Text" type="text" /></attribute><attribute name="value"><domain name="Text" type="text" /></attribute><attribute name="size" value="20"><domain name="Positive Integer" type="pinteger" /></attribute><attribute name="maxLength" value="50"><domain name="Positive Integer" type="pinteger" /></attribute><attribute name="readOnly" value="false"><domain name="Boolean" type="boolean" /></attribute></attributes><axioms /><relationships><relationship name="is child of"><source>E-mail:</source><targets></targets></relationship></relationships><subterms /></term><term id="1913914619777407932" name="_D:/net/timeinc/subs/user/model/Email.email" value=" " class="hidden"><domain type="" /><attributes><attribute name="name" value="_D:/net/timeinc/subs/user/model/Email.email"><domain name="Text" type="text" /></attribute><attribute name="disabled" value="false"><domain name="Boolean" type="boolean" /></attribute><attribute name="type"><domain type="" /></attribute><attribute name="type"><domain type="" /></attribute></attributes><axioms /><relationships><relationship name="is child of"><source>_D:/net/timeinc/subs/user/model/Email.email</source><targets></targets></relationship></relationships><subterms /></term><term id="7377063873026711357" name="_D:/net/timeinc/subs/user/model/BillToCustomer.CCInform.type" value=" " class="hidden"><domain type="" /><attributes><attribute name="name" value="_D:/net/timeinc/subs/user/model/BillToCustomer.CCInform.type"><domain name="Text" type="text" /></attribute><attribute name="disabled" value="false"><domain name="Boolean" type="boolean" /></attribute><attribute name="type"><domain type="" /></attribute><attribute name="type"><domain type="" /></attribute></attributes><axioms /><relationships><relationship name="is child of"><source>_D:/net/timeinc/subs/user/model/BillToCustomer.CCInform.type</source><targets></targets></relationship></relationships><subterms /></term><term id="4144108283526890205" name="Card Number:" value="" class="text"><domain name="Text" type="text" /><attributes><attribute name="name" value="/net/timeinc/subs/user/model/BillToCustomer.CCInform.number"><domain name="Text" type="text" /></attribute><attribute name="disabled" value="false"><domain name="Boolean" type="boolean" /></attribute><attribute name="type"><domain type="" /></attribute><attribute name="defaultValue" value=""><domain name="Text" type="text" /></attribute><attribute name="value"><domain name="Text" type="text" /></attribute><attribute name="size" value="20"><domain name="Positive Integer" type="pinteger" /></attribute><attribute name="maxLength" value="20"><domain name="Positive Integer" type="pinteger" /></attribute><attribute name="readOnly" value="false"><domain name="Boolean" type="boolean" /></attribute></attributes><axioms /><relationships><relationship name="is child of"><source>Card Number:</source><targets></targets></relationship></relationships><subterms /></term><term id="70935998606795719" name="_D:/net/timeinc/subs/user/model/BillToCustomer.CCInform.number" value=" " class="hidden"><domain type="" /><attributes><attribute name="name" value="_D:/net/timeinc/subs/user/model/BillToCustomer.CCInform.number"><domain name="Text" type="text" /></attribute><attribute name="disabled" value="false"><domain name="Boolean" type="boolean" /></attribute><attribute name="type"><domain type="" /></attribute><attribute name="type"><domain type="" /></attribute></attributes><axioms /><relationships><relationship name="is child of"><source>_D:/net/timeinc/subs/user/model/BillToCustomer.CCInform.number</source><targets></targets></relationship></relationships><subterms /></term><term id="397360596881443099" name="_D:/net/timeinc/subs/user/model/BillToCustomer.CCInform.expirMonth" value=" " class="hidden"><domain type="" /><attributes><attribute name="name" value="_D:/net/timeinc/subs/user/model/BillToCustomer.CCInform.expirMonth"><domain name="Text" type="text" /></attribute><attribute name="disabled" value="false"><domain name="Boolean" type="boolean" /></attribute><attribute name="type"><domain type="" /></attribute><attribute name="type"><domain type="" /></attribute></attributes><axioms /><relationships><relationship name="is child of"><source>_D:/net/timeinc/subs/user/model/BillToCustomer.CCInform.expirMonth</source><targets></targets></relationship></relationships><subterms /></term><term id="787826875696816554" name="_D:/net/timeinc/subs/user/model/BillToCustomer.CCInform.expirYear" value=" " class="hidden"><domain type="" /><attributes><attribute name="name" value="_D:/net/timeinc/subs/user/model/BillToCustomer.CCInform.expirYear"><domain name="Text" type="text" /></attribute><attribute name="disabled" value="false"><domain name="Boolean" type="boolean" /></attribute><attribute name="type"><domain type="" /></attribute><attribute name="type"><domain type="" /></attribute></attributes><axioms /><relationships><relationship name="is child of"><source>_D:/net/timeinc/subs/user/model/BillToCustomer.CCInform.expirYear</source><targets></targets></relationship></relationships><subterms /></term><term id="7106026841591131442" name="OR" value="" class="radio"><domain name="Choice" type="choice"><entry><term id="3242527480884300795" name="" value="B"><domain type="" /><attributes><attribute name="checked" value="false"><domain type="" /></attribute><attribute name="defaultChecked" value="false"><domain type="" /></attribute></attributes><axioms /><relationships /><subterms /></term></entry></domain><attributes><attribute name="name" value="/net/timeinc/subs/util/PageAttributeMap.paymentOpt"><domain name="Text" type="text" /></attribute><attribute name="disabled" value="false"><domain name="Boolean" type="boolean" /></attribute><attribute name="type"><domain type="" /></attribute></attributes><axioms /><relationships><relationship name="is child of"><source>OR</source><targets></targets></relationship></relationships><subterms /></term><term id="3812515773749804710" name="_D:/net/timeinc/subs/util/PageAttributeMap.paymentOpt" value=" " class="hidden"><domain type="" /><attributes><attribute name="name" value="_D:/net/timeinc/subs/util/PageAttributeMap.paymentOpt"><domain name="Text" type="text" /></attribute><attribute name="disabled" value="false"><domain name="Boolean" type="boolean" /></attribute><attribute name="type"><domain type="" /></attribute><attribute name="type"><domain type="" /></attribute></attributes><axioms /><relationships><relationship name="is child of"><source>_D:/net/timeinc/subs/util/PageAttributeMap.paymentOpt</source><targets></targets></relationship></relationships><subterms /></term><term id="5387120574175477194" name="" value="" class="checkbox"><domain name="Boolean" type="boolean"><entry><term id="6535662662248778237" name="" value="true"><domain type="" /><attributes><attribute name="checked" value="false"><domain type="" /></attribute><attribute name="defaultChecked" value="false"><domain type="" /></attribute></attributes><axioms /><relationships /><subterms /></term></entry></domain><attributes><attribute name="name" value="/net/timeinc/subs/user/model/newsletter/PENewsletter1.billeeInfo.checked"><domain name="Text" type="text" /></attribute><attribute name="disabled" value="false"><domain name="Boolean" type="boolean" /></attribute><attribute name="type"><domain type="" /></attribute></attributes><axioms /><relationships><relationship name="is child of"><source></source><targets></targets></relationship></relationships><subterms /></term><term id="4620157415613865093" name="_D:/net/timeinc/subs/user/model/newsletter/PENewsletter1.billeeInfo.checked" value=" " class="hidden"><domain type="" /><attributes><attribute name="name" value="_D:/net/timeinc/subs/user/model/newsletter/PENewsletter1.billeeInfo.checked"><domain name="Text" type="text" /></attribute><attribute name="disabled" value="false"><domain name="Boolean" type="boolean" /></attribute><attribute name="type"><domain type="" /></attribute><attribute name="type"><domain type="" /></attribute></attributes><axioms /><relationships><relationship name="is child of"><source>_D:/net/timeinc/subs/user/model/newsletter/PENewsletter1.billeeInfo.checked</source><targets></targets></relationship></relationships><subterms /></term><term id="3947728849094206104" name="I AGREE. START MY FREE TRIAL" class="submit"><domain type="" /><attributes><attribute name="name" value="/net/timeinc/subs/user/controller/handler/BasicValetFormHandler.processing"><domain name="Text" type="text" /></attribute><attribute name="disabled" value="false"><domain name="Boolean" type="boolean" /></attribute><attribute name="type"><domain type="" /></attribute></attributes><axioms /><relationships><relationship name="is child of"><source>I AGREE. START MY FREE TRIAL</source><targets></targets></relationship></relationships><subterms /></term><term id="9160248730549130561" name="_D:/net/timeinc/subs/user/controller/handler/BasicValetFormHandler.processing" value=" " class="hidden"><domain type="" /><attributes><attribute name="name" value="_D:/net/timeinc/subs/user/controller/handler/BasicValetFormHandler.processing"><domain name="Text" type="text" /></attribute><attribute name="disabled" value="false"><domain name="Boolean" type="boolean" /></attribute><attribute name="type"><domain type="" /></attribute><attribute name="type"><domain type="" /></attribute></attributes><axioms /><relationships><relationship name="is child of"><source>_D:/net/timeinc/subs/user/controller/handler/BasicValetFormHandler.processing</source><targets></targets></relationship></relationships><subterms /></term><term id="7934726919360862069" name="Clear Form" class="button"><domain type="" /><attributes><attribute name="name" value="Submit2"><domain name="Text" type="text" /></attribute><attribute name="disabled" value="false"><domain name="Boolean" type="boolean" /></attribute></attributes><axioms /><relationships><relationship name="is child of"><source>Clear Form</source><targets></targets></relationship></relationships><subterms /></term><term id="7730682408610382698" name="/net/timeinc/subs/user/model/valetquerystring/MSCSIGTP.variableValue" value="E" class="hidden"><domain type="" /><attributes><attribute name="name" value="/net/timeinc/subs/user/model/valetquerystring/MSCSIGTP.variableValue"><domain name="Text" type="text" /></attribute><attribute name="disabled" value="false"><domain name="Boolean" type="boolean" /></attribute><attribute name="type"><domain type="" /></attribute><attribute name="type"><domain type="" /></attribute></attributes><axioms /><relationships><relationship name="is child of"><source>/net/timeinc/subs/user/model/valetquerystring/MSCSIGTP.variableValue</source><targets></targets></relationship></relationships><subterms /></term><term id="2103441641843131512" name="_D:/net/timeinc/subs/user/model/valetquerystring/MSCSIGTP.variableValue" value=" " class="hidden"><domain type="" /><attributes><attribute name="name" value="_D:/net/timeinc/subs/user/model/valetquerystring/MSCSIGTP.variableValue"><domain name="Text" type="text" /></attribute><attribute name="disabled" value="false"><domain name="Boolean" type="boolean" /></attribute><attribute name="type"><domain type="" /></attribute><attribute name="type"><domain type="" /></attribute></attributes><axioms /><relationships><relationship name="is child of"><source>_D:/net/timeinc/subs/user/model/valetquerystring/MSCSIGTP.variableValue</source><targets></targets></relationship></relationships><subterms /></term><term id="2455363187129916041" name="State Province:" value="" class="select"><domain name="Text" type="text"><entry><term id="8714935749962216710" name="" value=""><domain type="" /><attributes><attribute name="selected" value="true"><domain type="" /></attribute><attribute name="defaultSelected" value="true"><domain type="" /></attribute></attributes><axioms /><relationships /><subterms /></term></entry><entry><term id="825504595211629977" name="AA" value="AA"><domain type="" /><attributes><attribute name="selected" value="false"><domain type="" /></attribute><attribute name="defaultSelected" value="false"><domain type="" /></attribute></attributes><axioms /><relationships /><subterms /></term></entry><entry><term id="6888572891014955931" name="AB" value="AB"><domain type="" /><attributes><attribute name="selected" value="false"><domain type="" /></attribute><attribute name="defaultSelected" value="false"><domain type="" /></attribute></attributes><axioms /><relationships /><subterms /></term></entry><entry><term id="8092999251606793051" name="AE" value="AE"><domain type="" /><attributes><attribute name="selected" value="false"><domain type="" /></attribute><attribute name="defaultSelected" value="false"><domain type="" /></attribute></attributes><axioms /><relationships /><subterms /></term></entry><entry><term id="5594357289492131644" name="AK" value="AK"><domain type="" /><attributes><attribute name="selected" value="false"><domain type="" /></attribute><attribute name="defaultSelected" value="false"><domain type="" /></attribute></attributes><axioms /><relationships /><subterms /></term></entry><entry><term id="6149752648836586251" name="AL" value="AL"><domain type="" /><attributes><attribute name="selected" value="false"><domain type="" /></attribute><attribute name="defaultSelected" value="false"><domain type="" /></attribute></attributes><axioms /><relationships /><subterms /></term></entry><entry><term id="8146465293901908165" name="AP" value="AP"><domain type="" /><attributes><attribute name="selected" value="false"><domain type="" /></attribute><attribute name="defaultSelected" value="false"><domain type="" /></attribute></attributes><axioms /><relationships /><subterms /></term></entry><entry><term id="3746672623469164237" name="AR" value="AR"><domain type="" /><attributes><attribute name="selected" value="false"><domain type="" /></attribute><attribute name="defaultSelected" value="false"><domain type="" /></attribute></attributes><axioms /><relationships /><subterms /></term></entry><entry><term id="5804678474358865054" name="AS" value="AS"><domain type="" /><attributes><attribute name="selected" value="false"><domain type="" /></attribute><attribute name="defaultSelected" value="false"><domain type="" /></attribute></attributes><axioms /><relationships /><subterms /></term></entry><entry><term id="3637979155986138962" name="AZ" value="AZ"><domain type="" /><attributes><attribute name="selected" value="false"><domain type="" /></attribute><attribute name="defaultSelected" value="false"><domain type="" /></attribute></attributes><axioms /><relationships /><subterms /></term></entry><entry><term id="4795201815254838944" name="BC" value="BC"><domain type="" /><attributes><attribute name="selected" value="false"><domain type="" /></attribute><attribute name="defaultSelected" value="false"><domain type="" /></attribute></attributes><axioms /><relationships /><subterms /></term></entry><entry><term id="8708550061513947776" name="CA" value="CA"><domain type="" /><attributes><attribute name="selected" value="false"><domain type="" /></attribute><attribute name="defaultSelected" value="false"><domain type="" /></attribute></attributes><axioms /><relationships /><subterms /></term></entry><entry><term id="3999675068083423022" name="CO" value="CO"><domain type="" /><attributes><attribute name="selected" value="false"><domain type="" /></attribute><attribute name="defaultSelected" value="false"><domain type="" /></attribute></attributes><axioms /><relationships /><subterms /></term></entry><entry><term id="2340885815370674849" name="CT" value="CT"><domain type="" /><attributes><attribute name="selected" value="false"><domain type="" /></attribute><attribute name="defaultSelected" value="false"><domain type="" /></attribute></attributes><axioms /><relationships /><subterms /></term></entry><entry><term id="7503262038378600298" name="DC" value="DC"><domain type="" /><attributes><attribute name="selected" value="false"><domain type="" /></attribute><attribute name="defaultSelected" value="false"><domain type="" /></attribute></attributes><axioms /><relationships /><subterms /></term></entry><entry><term id="1383125791582232963" name="DE" value="DE"><domain type="" /><attributes><attribute name="selected" value="false"><domain type="" /></attribute><attribute name="defaultSelected" value="false"><domain type="" /></attribute></attributes><axioms /><relationships /><subterms /></term></entry><entry><term id="3870105956021429292" name="FL" value="FL"><domain type="" /><attributes><attribute name="selected" value="false"><domain type="" /></attribute><attribute name="defaultSelected" value="false"><domain type="" /></attribute></attributes><axioms /><relationships /><subterms /></term></entry><entry><term id="3256006111979927692" name="GA" value="GA"><domain type="" /><attributes><attribute name="selected" value="false"><domain type="" /></attribute><attribute name="defaultSelected" value="false"><domain type="" /></attribute></attributes><axioms /><relationships /><subterms /></term></entry><entry><term id="2119154703673519492" name="GU" value="GU"><domain type="" /><attributes><attribute name="selected" value="false"><domain type="" /></attribute><attribute name="defaultSelected" value="false"><domain type="" /></attribute></attributes><axioms /><relationships /><subterms /></term></entry><entry><term id="5115736360293933147" name="HI" value="HI"><domain type="" /><attributes><attribute name="selected" value="false"><domain type="" /></attribute><attribute name="defaultSelected" value="false"><domain type="" /></attribute></attributes><axioms /><relationships /><subterms /></term></entry><entry><term id="4910547633759394790" name="IA" value="IA"><domain type="" /><attributes><attribute name="selected" value="false"><domain type="" /></attribute><attribute name="defaultSelected" value="false"><domain type="" /></attribute></attributes><axioms /><relationships /><subterms /></term></entry><entry><term id="3681907063810378502" name="ID" value="ID"><domain type="" /><attributes><attribute name="selected" value="false"><domain type="" /></attribute><attribute name="defaultSelected" value="false"><domain type="" /></attribute></attributes><axioms /><relationships /><subterms /></term></entry><entry><term id="7222969485063568393" name="IL" value="IL"><domain type="" /><attributes><attribute name="selected" value="false"><domain type="" /></attribute><attribute name="defaultSelected" value="false"><domain type="" /></attribute></attributes><axioms /><relationships /><subterms /></term></entry><entry><term id="8366100993507106444" name="IN" value="IN"><domain type="" /><attributes><attribute name="selected" value="false"><domain type="" /></attribute><attribute name="defaultSelected" value="false"><domain type="" /></attribute></attributes><axioms /><relationships /><subterms /></term></entry><entry><term id="9165801960260672840" name="KS" value="KS"><domain type="" /><attributes><attribute name="selected" value="false"><domain type="" /></attribute><attribute name="defaultSelected" value="false"><domain type="" /></attribute></attributes><axioms /><relationships /><subterms /></term></entry><entry><term id="3290259924238452802" name="KY" value="KY"><domain type="" /><attributes><attribute name="selected" value="false"><domain type="" /></attribute><attribute name="defaultSelected" value="false"><domain type="" /></attribute></attributes><axioms /><relationships /><subterms /></term></entry><entry><term id="3551668670746747706" name="LA" value="LA"><domain type="" /><attributes><attribute name="selected" value="false"><domain type="" /></attribute><attribute name="defaultSelected" value="false"><domain type="" /></attribute></attributes><axioms /><relationships /><subterms /></term></entry><entry><term id="2836064331291313088" name="MA" value="MA"><domain type="" /><attributes><attribute name="selected" value="false"><domain type="" /></attribute><attribute name="defaultSelected" value="false"><domain type="" /></attribute></attributes><axioms /><relationships /><subterms /></term></entry><entry><term id="8652877830189132024" name="MB" value="MB"><domain type="" /><attributes><attribute name="selected" value="false"><domain type="" /></attribute><attribute name="defaultSelected" value="false"><domain type="" /></attribute></attributes><axioms /><relationships /><subterms /></term></entry><entry><term id="7924526130462118498" name="MD" value="MD"><domain type="" /><attributes><attribute name="selected" value="false"><domain type="" /></attribute><attribute name="defaultSelected" value="false"><domain type="" /></attribute></attributes><axioms /><relationships /><subterms /></term></entry><entry><term id="1274045343267293927" name="ME" value="ME"><domain type="" /><attributes><attribute name="selected" value="false"><domain type="" /></attribute><attribute name="defaultSelected" value="false"><domain type="" /></attribute></attributes><axioms /><relationships /><subterms /></term></entry><entry><term id="6390200035644891624" name="MI" value="MI"><domain type="" /><attributes><attribute name="selected" value="false"><domain type="" /></attribute><attribute name="defaultSelected" value="false"><domain type="" /></attribute></attributes><axioms /><relationships /><subterms /></term></entry><entry><term id="1878180179361276747" name="MN" value="MN"><domain type="" /><attributes><attribute name="selected" value="false"><domain type="" /></attribute><attribute name="defaultSelected" value="false"><domain type="" /></attribute></attributes><axioms /><relationships /><subterms /></term></entry><entry><term id="6224426281996157087" name="MO" value="MO"><domain type="" /><attributes><attribute name="selected" value="false"><domain type="" /></attribute><attribute name="defaultSelected" value="false"><domain type="" /></attribute></attributes><axioms /><relationships /><subterms /></term></entry><entry><term id="2195800858803439839" name="MS" value="MS"><domain type="" /><attributes><attribute name="selected" value="false"><domain type="" /></attribute><attribute name="defaultSelected" value="false"><domain type="" /></attribute></attributes><axioms /><relationships /><subterms /></term></entry><entry><term id="8580102075302395338" name="MT" value="MT"><domain type="" /><attributes><attribute name="selected" value="false"><domain type="" /></attribute><attribute name="defaultSelected" value="false"><domain type="" /></attribute></attributes><axioms /><relationships /><subterms /></term></entry><entry><term id="1858439662583208703" name="NB" value="NB"><domain type="" /><attributes><attribute name="selected" value="false"><domain type="" /></attribute><attribute name="defaultSelected" value="false"><domain type="" /></attribute></attributes><axioms /><relationships /><subterms /></term></entry><entry><term id="7574710193613431786" name="NC" value="NC"><domain type="" /><attributes><attribute name="selected" value="false"><domain type="" /></attribute><attribute name="defaultSelected" value="false"><domain type="" /></attribute></attributes><axioms /><relationships /><subterms /></term></entry><entry><term id="2921842336925969988" name="ND" value="ND"><domain type="" /><attributes><attribute name="selected" value="false"><domain type="" /></attribute><attribute name="defaultSelected" value="false"><domain type="" /></attribute></attributes><axioms /><relationships /><subterms /></term></entry><entry><term id="4646798136831036134" name="NE" value="NE"><domain type="" /><attributes><attribute name="selected" value="false"><domain type="" /></attribute><attribute name="defaultSelected" value="false"><domain type="" /></attribute></attributes><axioms /><relationships /><subterms /></term></entry><entry><term id="4706392728213502740" name="NH" value="NH"><domain type="" /><attributes><attribute name="selected" value="false"><domain type="" /></attribute><attribute name="defaultSelected" value="false"><domain type="" /></attribute></attributes><axioms /><relationships /><subterms /></term></entry><entry><term id="890968773480633837" name="NJ" value="NJ"><domain type="" /><attributes><attribute name="selected" value="false"><domain type="" /></attribute><attribute name="defaultSelected" value="false"><domain type="" /></attribute></attributes><axioms /><relationships /><subterms /></term></entry><entry><term id="2623241885041909899" name="NL" value="NL"><domain type="" /><attributes><attribute name="selected" value="false"><domain type="" /></attribute><attribute name="defaultSelected" value="false"><domain type="" /></attribute></attributes><axioms /><relationships /><subterms /></term></entry><entry><term id="7381907963610669637" name="NM" value="NM"><domain type="" /><attributes><attribute name="selected" value="false"><domain type="" /></attribute><attribute name="defaultSelected" value="false"><domain type="" /></attribute></attributes><axioms /><relationships /><subterms /></term></entry><entry><term id="6333635960409520372" name="NS" value="NS"><domain type="" /><attributes><attribute name="selected" value="false"><domain type="" /></attribute><attribute name="defaultSelected" value="false"><domain type="" /></attribute></attributes><axioms /><relationships /><subterms /></term></entry><entry><term id="6760480195242406889" name="NT" value="NT"><domain type="" /><attributes><attribute name="selected" value="false"><domain type="" /></attribute><attribute name="defaultSelected" value="false"><domain type="" /></attribute></attributes><axioms /><relationships /><subterms /></term></entry><entry><term id="1318718413869030379" name="NU" value="NU"><domain type="" /><attributes><attribute name="selected" value="false"><domain type="" /></attribute><attribute name="defaultSelected" value="false"><domain type="" /></attribute></attributes><axioms /><relationships /><subterms /></term></entry><entry><term id="7618621742270388393" name="NV" value="NV"><domain type="" /><attributes><attribute name="selected" value="false"><domain type="" /></attribute><attribute name="defaultSelected" value="false"><domain type="" /></attribute></attributes><axioms /><relationships /><subterms /></term></entry><entry><term id="3378283913141197475" name="NY" value="NY"><domain type="" /><attributes><attribute name="selected" value="false"><domain type="" /></attribute><attribute name="defaultSelected" value="false"><domain type="" /></attribute></attributes><axioms /><relationships /><subterms /></term></entry><entry><term id="8261367866143289895" name="OH" value="OH"><domain type="" /><attributes><attribute name="selected" value="false"><domain type="" /></attribute><attribute name="defaultSelected" value="false"><domain type="" /></attribute></attributes><axioms /><relationships /><subterms /></term></entry><entry><term id="6334962179906996477" name="OK" value="OK"><domain type="" /><attributes><attribute name="selected" value="false"><domain type="" /></attribute><attribute name="defaultSelected" value="false"><domain type="" /></attribute></attributes><axioms /><relationships /><subterms /></term></entry><entry><term id="4552580476165348982" name="ON" value="ON"><domain type="" /><attributes><attribute name="selected" value="false"><domain type="" /></attribute><attribute name="defaultSelected" value="false"><domain type="" /></attribute></attributes><axioms /><relationships /><subterms /></term></entry><entry><term id="4067211872433826354" name="OR" value="OR"><domain type="" /><attributes><attribute name="selected" value="false"><domain type="" /></attribute><attribute name="defaultSelected" value="false"><domain type="" /></attribute></attributes><axioms /><relationships /><subterms /></term></entry><entry><term id="2972544244696751263" name="PA" value="PA"><domain type="" /><attributes><attribute name="selected" value="false"><domain type="" /></attribute><attribute name="defaultSelected" value="false"><domain type="" /></attribute></attributes><axioms /><relationships /><subterms /></term></entry><entry><term id="2161164908456351330" name="PE" value="PE"><domain type="" /><attributes><attribute name="selected" value="false"><domain type="" /></attribute><attribute name="defaultSelected" value="false"><domain type="" /></attribute></attributes><axioms /><relationships /><subterms /></term></entry><entry><term id="4928290488727863010" name="PR" value="PR"><domain type="" /><attributes><attribute name="selected" value="false"><domain type="" /></attribute><attribute name="defaultSelected" value="false"><domain type="" /></attribute></attributes><axioms /><relationships /><subterms /></term></entry><entry><term id="4249673151673619591" name="QC" value="QC"><domain type="" /><attributes><attribute name="selected" value="false"><domain type="" /></attribute><attribute name="defaultSelected" value="false"><domain type="" /></attribute></attributes><axioms /><relationships /><subterms /></term></entry><entry><term id="2850617556470465950" name="RI" value="RI"><domain type="" /><attributes><attribute name="selected" value="false"><domain type="" /></attribute><attribute name="defaultSelected" value="false"><domain type="" /></attribute></attributes><axioms /><relationships /><subterms /></term></entry><entry><term id="6435025302617255022" name="SC" value="SC"><domain type="" /><attributes><attribute name="selected" value="false"><domain type="" /></attribute><attribute name="defaultSelected" value="false"><domain type="" /></attribute></attributes><axioms /><relationships /><subterms /></term></entry><entry><term id="2709004017518713520" name="SD" value="SD"><domain type="" /><attributes><attribute name="selected" value="false"><domain type="" /></attribute><attribute name="defaultSelected" value="false"><domain type="" /></attribute></attributes><axioms /><relationships /><subterms /></term></entry><entry><term id="6279516647883370362" name="SK" value="SK"><domain type="" /><attributes><attribute name="selected" value="false"><domain type="" /></attribute><attribute name="defaultSelected" value="false"><domain type="" /></attribute></attributes><axioms /><relationships /><subterms /></term></entry><entry><term id="2784400121403313727" name="TN" value="TN"><domain type="" /><attributes><attribute name="selected" value="false"><domain type="" /></attribute><attribute name="defaultSelected" value="false"><domain type="" /></attribute></attributes><axioms /><relationships /><subterms /></term></entry><entry><term id="8046313633884726067" name="TX" value="TX"><domain type="" /><attributes><attribute name="selected" value="false"><domain type="" /></attribute><attribute name="defaultSelected" value="false"><domain type="" /></attribute></attributes><axioms /><relationships /><subterms /></term></entry><entry><term id="2555699574192908545" name="UT" value="UT"><domain type="" /><attributes><attribute name="selected" value="false"><domain type="" /></attribute><attribute name="defaultSelected" value="false"><domain type="" /></attribute></attributes><axioms /><relationships /><subterms /></term></entry><entry><term id="740680175124041099" name="VA" value="VA"><domain type="" /><attributes><attribute name="selected" value="false"><domain type="" /></attribute><attribute name="defaultSelected" value="false"><domain type="" /></attribute></attributes><axioms /><relationships /><subterms /></term></entry><entry><term id="5479156351590324300" name="VI" value="VI"><domain type="" /><attributes><attribute name="selected" value="false"><domain type="" /></attribute><attribute name="defaultSelected" value="false"><domain type="" /></attribute></attributes><axioms /><relationships /><subterms /></term></entry><entry><term id="4313487378428079400" name="VT" value="VT"><domain type="" /><attributes><attribute name="selected" value="false"><domain type="" /></attribute><attribute name="defaultSelected" value="false"><domain type="" /></attribute></attributes><axioms /><relationships /><subterms /></term></entry><entry><term id="7196549861203122524" name="WA" value="WA"><domain type="" /><attributes><attribute name="selected" value="false"><domain type="" /></attribute><attribute name="defaultSelected" value="false"><domain type="" /></attribute></attributes><axioms /><relationships /><subterms /></term></entry><entry><term id="158863790825935892" name="WI" value="WI"><domain type="" /><attributes><attribute name="selected" value="false"><domain type="" /></attribute><attribute name="defaultSelected" value="false"><domain type="" /></attribute></attributes><axioms /><relationships /><subterms /></term></entry><entry><term id="4407913116771433770" name="WV" value="WV"><domain type="" /><attributes><attribute name="selected" value="false"><domain type="" /></attribute><attribute name="defaultSelected" value="false"><domain type="" /></attribute></attributes><axioms /><relationships /><subterms /></term></entry><entry><term id="6544033175256540015" name="WY" value="WY"><domain type="" /><attributes><attribute name="selected" value="false"><domain type="" /></attribute><attribute name="defaultSelected" value="false"><domain type="" /></attribute></attributes><axioms /><relationships /><subterms /></term></entry><entry><term id="8069828609292629718" name="YT" value="YT"><domain type="" /><attributes><attribute name="selected" value="false"><domain type="" /></attribute><attribute name="defaultSelected" value="false"><domain type="" /></attribute></attributes><axioms /><relationships /><subterms /></term></entry></domain><attributes><attribute name="name" value="/net/timeinc/subs/user/model/Address.state"><domain name="Text" type="text" /></attribute><attribute name="disabled" value="false"><domain name="Boolean" type="boolean" /></attribute><attribute name="type"><domain type="" /></attribute><attribute name="size"><domain name="Positive Integer" type="pinteger" /></attribute><attribute name="multiple"><domain name="Boolean" type="boolean" /></attribute></attributes><axioms /><relationships><relationship name="is child of"><source>State Province:</source><targets></targets></relationship></relationships><subterms /></term><term id="143109757703166718" name="Select:" value="B" class="select"><domain name="Text" type="text"><entry><term id="7681816942114491859" name="-- Credit Debit Card or PayPal --" value="B"><domain type="" /><attributes><attribute name="selected" value="true"><domain type="" /></attribute><attribute name="defaultSelected" value="true"><domain type="" /></attribute></attributes><axioms /><relationships /><subterms /></term></entry><entry><term id="7543729627682558829" name="Visa" value="V"><domain type="" /><attributes><attribute name="selected" value="false"><domain type="" /></attribute><attribute name="defaultSelected" value="false"><domain type="" /></attribute></attributes><axioms /><relationships /><subterms /></term></entry><entry><term id="4490964529135746490" name="MasterCard" value="M"><domain type="" /><attributes><attribute name="selected" value="false"><domain type="" /></attribute><attribute name="defaultSelected" value="false"><domain type="" /></attribute></attributes><axioms /><relationships /><subterms /></term></entry><entry><term id="6544279831826508711" name="American Express" value="A"><domain type="" /><attributes><attribute name="selected" value="false"><domain type="" /></attribute><attribute name="defaultSelected" value="false"><domain type="" /></attribute></attributes><axioms /><relationships /><subterms /></term></entry><entry><term id="8225054167100980445" name="Diner's Club" value="D"><domain type="" /><attributes><attribute name="selected" value="false"><domain type="" /></attribute><attribute name="defaultSelected" value="false"><domain type="" /></attribute></attributes><axioms /><relationships /><subterms /></term></entry><entry><term id="2076717169687803935" name="Discover" value="S"><domain type="" /><attributes><attribute name="selected" value="false"><domain type="" /></attribute><attribute name="defaultSelected" value="false"><domain type="" /></attribute></attributes><axioms /><relationships /><subterms /></term></entry><entry><term id="3236812867492067774" name="PayPal" value="L"><domain type="" /><attributes><attribute name="selected" value="false"><domain type="" /></attribute><attribute name="defaultSelected" value="false"><domain type="" /></attribute></attributes><axioms /><relationships /><subterms /></term></entry></domain><attributes><attribute name="name" value="/net/timeinc/subs/user/model/BillToCustomer.CCInform.type"><domain name="Text" type="text" /></attribute><attribute name="disabled" value="false"><domain name="Boolean" type="boolean" /></attribute><attribute name="type"><domain type="" /></attribute><attribute name="size"><domain name="Positive Integer" type="pinteger" /></attribute><attribute name="multiple"><domain name="Boolean" type="boolean" /></attribute></attributes><axioms><axiom name="onChange">if(this.selectedIndex == 0)clearCC(this.form);if(this.selectedIndex==6)clearCC_fields(this.form);if(this.selectedIndex != 0)setCC(this.form);</axiom></axioms><relationships><relationship name="is child of"><source>Select:</source><targets></targets></relationship></relationships><subterms /></term><term id="1817302837786330911" name="Expiration :" class="group"><domain type="" /><attributes><attribute name="name" value="Expiration__Composition_"><domain type="" /></attribute></attributes><axioms /><relationships><relationship name="is parent of"><source>Expiration :</source><targets>Expiration :</targets></relationship><relationship name="is parent of"><source>Expiration :</source><targets>Expiration :</targets></relationship><relationship name="is child of"><source>Expiration :</source><targets></targets></relationship></relationships><subterms><term id="3574844770546496629" name="Expiration :" value="" class="select"><domain name="Integer" type="integer"><entry><term id="8365553505657924472" name="" value=""><domain type="" /><attributes><attribute name="selected" value="true"><domain type="" /></attribute><attribute name="defaultSelected" value="true"><domain type="" /></attribute></attributes><axioms /><relationships /><subterms /></term></entry><entry><term id="4069253132199631215" name="01" value="01"><domain type="" /><attributes><attribute name="selected" value="false"><domain type="" /></attribute><attribute name="defaultSelected" value="false"><domain type="" /></attribute></attributes><axioms /><relationships /><subterms /></term></entry><entry><term id="5890435901479912478" name="02" value="02"><domain type="" /><attributes><attribute name="selected" value="false"><domain type="" /></attribute><attribute name="defaultSelected" value="false"><domain type="" /></attribute></attributes><axioms /><relationships /><subterms /></term></entry><entry><term id="915541212899266098" name="03" value="03"><domain type="" /><attributes><attribute name="selected" value="false"><domain type="" /></attribute><attribute name="defaultSelected" value="false"><domain type="" /></attribute></attributes><axioms /><relationships /><subterms /></term></entry><entry><term id="4706434348871214601" name="04" value="04"><domain type="" /><attributes><attribute name="selected" value="false"><domain type="" /></attribute><attribute name="defaultSelected" value="false"><domain type="" /></attribute></attributes><axioms /><relationships /><subterms /></term></entry><entry><term id="2834426419699788254" name="05" value="05"><domain type="" /><attributes><attribute name="selected" value="false"><domain type="" /></attribute><attribute name="defaultSelected" value="false"><domain type="" /></attribute></attributes><axioms /><relationships /><subterms /></term></entry><entry><term id="6768163852782441153" name="06" value="06"><domain type="" /><attributes><attribute name="selected" value="false"><domain type="" /></attribute><attribute name="defaultSelected" value="false"><domain type="" /></attribute></attributes><axioms /><relationships /><subterms /></term></entry><entry><term id="3243144059403696000" name="07" value="07"><domain type="" /><attributes><attribute name="selected" value="false"><domain type="" /></attribute><attribute name="defaultSelected" value="false"><domain type="" /></attribute></attributes><axioms /><relationships /><subterms /></term></entry><entry><term id="4512097176914309588" name="08" value="08"><domain type="" /><attributes><attribute name="selected" value="false"><domain type="" /></attribute><attribute name="defaultSelected" value="false"><domain type="" /></attribute></attributes><axioms /><relationships /><subterms /></term></entry><entry><term id="4926822553382937391" name="09" value="09"><domain type="" /><attributes><attribute name="selected" value="false"><domain type="" /></attribute><attribute name="defaultSelected" value="false"><domain type="" /></attribute></attributes><axioms /><relationships /><subterms /></term></entry><entry><term id="4192569246062009757" name="10" value="10"><domain type="" /><attributes><attribute name="selected" value="false"><domain type="" /></attribute><attribute name="defaultSelected" value="false"><domain type="" /></attribute></attributes><axioms /><relationships /><subterms /></term></entry><entry><term id="1892238320878231478" name="11" value="11"><domain type="" /><attributes><attribute name="selected" value="false"><domain type="" /></attribute><attribute name="defaultSelected" value="false"><domain type="" /></attribute></attributes><axioms /><relationships /><subterms /></term></entry><entry><term id="4615738245763501148" name="12" value="12"><domain type="" /><attributes><attribute name="selected" value="false"><domain type="" /></attribute><attribute name="defaultSelected" value="false"><domain type="" /></attribute></attributes><axioms /><relationships /><subterms /></term></entry></domain><attributes><attribute name="name" value="/net/timeinc/subs/user/model/BillToCustomer.CCInform.expirMonth"><domain name="Text" type="text" /></attribute><attribute name="disabled" value="false"><domain name="Boolean" type="boolean" /></attribute><attribute name="type"><domain type="" /></attribute><attribute name="size"><domain name="Positive Integer" type="pinteger" /></attribute><attribute name="multiple"><domain name="Boolean" type="boolean" /></attribute></attributes><axioms /><relationships><relationship name="is child of"><source>Expiration :</source><targets></targets></relationship><relationship name="is child of"><source>Expiration :</source><targets>Expiration :</targets></relationship></relationships><subterms /></term><term id="8313264348182105655" name="Expiration :" value="" class="select"><domain name="Integer" type="integer"><entry><term id="7954860582394921289" name="" value=""><domain type="" /><attributes><attribute name="selected" value="true"><domain type="" /></attribute><attribute name="defaultSelected" value="true"><domain type="" /></attribute></attributes><axioms /><relationships /><subterms /></term></entry><entry><term id="575303733248817135" name="2006" value="06"><domain type="" /><attributes><attribute name="selected" value="false"><domain type="" /></attribute><attribute name="defaultSelected" value="false"><domain type="" /></attribute></attributes><axioms /><relationships /><subterms /></term></entry><entry><term id="7463164023535209387" name="2007" value="07"><domain type="" /><attributes><attribute name="selected" value="false"><domain type="" /></attribute><attribute name="defaultSelected" value="false"><domain type="" /></attribute></attributes><axioms /><relationships /><subterms /></term></entry><entry><term id="2682437666578216286" name="2008" value="08"><domain type="" /><attributes><attribute name="selected" value="false"><domain type="" /></attribute><attribute name="defaultSelected" value="false"><domain type="" /></attribute></attributes><axioms /><relationships /><subterms /></term></entry><entry><term id="1972282784959782334" name="2009" value="09"><domain type="" /><attributes><attribute name="selected" value="false"><domain type="" /></attribute><attribute name="defaultSelected" value="false"><domain type="" /></attribute></attributes><axioms /><relationships /><subterms /></term></entry><entry><term id="5383480744301447723" name="2010" value="10"><domain type="" /><attributes><attribute name="selected" value="false"><domain type="" /></attribute><attribute name="defaultSelected" value="false"><domain type="" /></attribute></attributes><axioms /><relationships /><subterms /></term></entry><entry><term id="6958065499490976994" name="2011" value="11"><domain type="" /><attributes><attribute name="selected" value="false"><domain type="" /></attribute><attribute name="defaultSelected" value="false"><domain type="" /></attribute></attributes><axioms /><relationships /><subterms /></term></entry><entry><term id="3224432481934085091" name="2012" value="12"><domain type="" /><attributes><attribute name="selected" value="false"><domain type="" /></attribute><attribute name="defaultSelected" value="false"><domain type="" /></attribute></attributes><axioms /><relationships /><subterms /></term></entry><entry><term id="6751072953876744565" name="2013" value="13"><domain type="" /><attributes><attribute name="selected" value="false"><domain type="" /></attribute><attribute name="defaultSelected" value="false"><domain type="" /></attribute></attributes><axioms /><relationships /><subterms /></term></entry><entry><term id="3130854958275118385" name="2014" value="14"><domain type="" /><attributes><attribute name="selected" value="false"><domain type="" /></attribute><attribute name="defaultSelected" value="false"><domain type="" /></attribute></attributes><axioms /><relationships /><subterms /></term></entry><entry><term id="2122252104365863876" name="2015" value="15"><domain type="" /><attributes><attribute name="selected" value="false"><domain type="" /></attribute><attribute name="defaultSelected" value="false"><domain type="" /></attribute></attributes><axioms /><relationships /><subterms /></term></entry></domain><attributes><attribute name="name" value="/net/timeinc/subs/user/model/BillToCustomer.CCInform.expirYear"><domain name="Text" type="text" /></attribute><attribute name="disabled" value="false"><domain name="Boolean" type="boolean" /></attribute><attribute name="type"><domain type="" /></attribute><attribute name="size"><domain name="Positive Integer" type="pinteger" /></attribute><attribute name="multiple"><domain name="Boolean" type="boolean" /></attribute></attributes><axioms /><relationships><relationship name="is child of"><source>Expiration :</source><targets></targets></relationship><relationship name="is child of"><source>Expiration :</source><targets>Expiration :</targets></relationship></relationships><subterms /></term></subterms></term></subterms></term></subterms></term></terms></ontology>
