<?xml version="1.0" encoding="UTF-8"?>
<!--This is the 15 Best matching
Use topkmatch.xsd to parse and validate the information (XMLSchema)--><BestMatch CandidateOntology="betus.com" MatchIndex="15" MatchWeight="0.0" TargetOntology="www.gonegambling.com"><MatchedTerms Weight="0.0"><CandidateTerm id="4430546804337089012">text: First Name: (nameFirstEntry)</CandidateTerm><TargetTerm id="7514127152154014954">text: First name: (firstname)</TargetTerm></MatchedTerms><MatchedTerms Weight="0.0"><CandidateTerm id="5539941983687410975">text: Last Name: (nameLastEntry)</CandidateTerm><TargetTerm id="8051079177186210793">text: Last name: (lastname)</TargetTerm></MatchedTerms><MatchedTerms Weight="0.0"><CandidateTerm id="1128698832312819037">text: Phone: (homePhoneEntry)</CandidateTerm><TargetTerm id="1939689705398675244">text: Your email address: (email)</TargetTerm></MatchedTerms><MatchedTerms Weight="0.0"><CandidateTerm id="1334881264221975299">text: Address1: (address1Entry)</CandidateTerm><TargetTerm id="3828245369522153708">text: Address first line: (address1)</TargetTerm></MatchedTerms><MatchedTerms Weight="0.0"><CandidateTerm id="6016536913702881783">text: Address2: (address2Entry)</CandidateTerm><TargetTerm id="4304095247704050814">text: Address second line: (address2)</TargetTerm></MatchedTerms><MatchedTerms Weight="0.0"><CandidateTerm id="6104853713551673630">text: City: (cityEntry)</CandidateTerm><TargetTerm id="3571796259271224270">text: City: (city)</TargetTerm></MatchedTerms><MatchedTerms Weight="0.0"><CandidateTerm id="7821141117108301382">select: State Province: (stateEntry)</CandidateTerm><TargetTerm id="3626062433184689466">text: State Province: (state)</TargetTerm></MatchedTerms><MatchedTerms Weight="0.0"><CandidateTerm id="3336495629886340843">text: Zip Postal Code: (zipEntry)</CandidateTerm><TargetTerm id="2523999099589341398">text: Zip Postal Code: (zip)</TargetTerm></MatchedTerms><MatchedTerms Weight="0.0"><CandidateTerm id="3382482155275055589">select: Country: (countryEntry)</CandidateTerm><TargetTerm id="4667765942821373840">select: Country: (country)</TargetTerm></MatchedTerms><MatchedTerms Weight="0.0"><CandidateTerm id="2964622031611476001">password: Password: (passwordEntry)</CandidateTerm><TargetTerm id="4020985117484305659">password: Choose a password: (password)</TargetTerm></MatchedTerms><MatchedTerms Weight="0.0"><CandidateTerm id="6835430225904441203">password: Confirm Password: (ConfirmPasswordEntry)</CandidateTerm><TargetTerm id="7760551180207746510">password: Confirm password: (confirmpassword)</TargetTerm></MatchedTerms></BestMatch><!--For any questions regarding the Top K Framework please send to:ontobuilder@ie.technion.ac.il-->