<?xml version="1.0" encoding="UTF-8"?> <arizona> <Course Code="127A"><Time>3:00-3:50</Time><Day>MWF</Day><Place>M LNG 350</Place><Instructor>Mercer</Instructor></Course><Course Code="127B"><Time>1:00-1:50</Time><Day>MWF</Day><Place>ECON 110</Place><Instructor>Jacobson</Instructor></Course><Course Code="227"><Time>10:00-10:50</Time><Day>MWF</Day><Place>BIO E 100</Place><Instructor>Mercer</Instructor></Course><Course Code="245"><Time>1:00-1:50</Time><Day>MWF</Day><Place>BIO W 301</Place><Instructor>Reges</Instructor></Course><Course Code="252"><Time>9:30-10:45</Time><Day>TR</Day><Place>KOFFL 218</Place><Instructor>Homer</Instructor></Course><Course Code="296H"><Time>9:30-10:30</Time><Day>R</Day><Place>GLD-S 701</Place><Instructor>Westbrook</Instructor></Course><Course Code="328"><Time>9:00-9:50</Time><Day>F</Day><Place>GLD-S 701</Place><Instructor>Mitchell</Instructor></Course><Course Code="335"><Time>2:00-3:15</Time><Day>TR</Day><Place>KOFFL 218</Place><Instructor>Reges</Instructor></Course><Course Code="345"><Time>2:00-2:50</Time><Day>MWF</Day><Place>CHEM111</Place><Instructor>Westbrook</Instructor></Course><Course Code="346"><Time>2:00-2:50</Time><Day>MWF</Day><Place>CHEM111</Place><Instructor>Westbrook</Instructor></Course><Course Code="352"><Time>3:30-4:45</Time><Day>TR</Day><Place>ILC 130</Place><Instructor>Efrat</Instructor></Course><Course Code="386"><Time>12:30-1:45</Time><Day>TR</Day><Place>EDUC 353</Place><Instructor>Lenards</Instructor></Course><Course Code="387"><Time>11:00-12:15</Time><Day>TR</Day><Place>ILC 119</Place><Instructor>Lenards</Instructor></Course><Course Code="422"><Time>12:30-1:45</Time><Day>TR</Day><Place>ILC 137</Place><Instructor>Homer</Instructor></Course><Course Code="425"><Time>2:00-2:50</Time><Day>MWF</Day><Place>M LNG 311</Place><Instructor>Degermark</Instructor></Course><Course Code="436"><Time>2:00-3:15</Time><Day>TR</Day><Place>GLD-S 701</Place><Instructor>N. Gupta</Instructor></Course><Course Code="445"><Time>9:30-10:45</Time><Day>TR</Day><Place>BIOW301</Place><Instructor>Kobourov</Instructor></Course><Course Code="452"><Time>4:00-4:50</Time><Day>MTWF</Day><Place>M LNG 311</Place><Instructor>Degermark</Instructor></Course><Course Code="477"><Time>3:30-4:45</Time><Day>TR</Day><Place>GLD-S 701</Place><Instructor>Barnard</Instructor></Course><Course Code="492"><Time>3:00-3:50</Time><Day>MF</Day><Place>GLS-S 805</Place><Instructor>Homer</Instructor></Course><Course Code="520"><Time>10:30-11:45</Time><Day>MW</Day><Place>GLD-S 701</Place><Instructor>Collberg</Instructor></Course><Course Code="536"><Time>2:00-3:15</Time><Day>TR</Day><Place>GLD-S 701</Place><Instructor>Gupta, N.</Instructor></Course><Course Code="553"><Time>9:00-10:15</Time><Day>MW</Day><Place>GLD-S 701</Place><Instructor>Debray</Instructor></Course><Course Code="560"><Time>1:30-2:45</Time><Day>MW</Day><Place>GLD-S 701</Place><Instructor>Moon</Instructor></Course><Course Code="573"><Time>12:00-1:15</Time><Day>MW</Day><Place>GLD-S 701</Place><Instructor>Downey</Instructor></Course><Course Code="577"><Time>3:30-4:45</Time><Day>TR</Day><Place>GLD-S 701</Place><Instructor>Barnard</Instructor></Course><Course Code="620"><Time>12:30-1:45</Time><Day>TR</Day><Place>GLD-S 701</Place><Instructor>Fong</Instructor></Course><Course Code="650"><Time>3:00-4:15</Time><Day>MW</Day><Place>GLD-S 701</Place><Instructor>Kececioglu</Instructor></Course><Course Code="695A"><Time>11:00-12:15</Time><Day>TR</Day><Place>GLD-S 701</Place><Instructor>Downey</Instructor></Course> </arizona>