<?xml version="1.0" encoding="UTF-8"?> <asu> <Course Title="100 Principles of Programming with                                  C++. (3)"><Description>Principles of problem                                  solving using C++, algorithm design, structured                                  programming, fundamental algorithms and                                  techniques, and computer systems concepts.                                  Social and ethical responsibility. Lecture, lab.                                  Prerequisite: MAT 170. General Studies: CS.</Description></Course><Course Title="110 Principles of Programming with                                  Java. (3)"><MoreInfo.URL>http://www.eas.asu.edu/~cse110</MoreInfo.URL><Description>Concepts of problem                                  solving using Java, algorithm design, structured                                  programming, fundamental algorithms and                                  techniques, and computer systems concepts.                                  Social and ethical responsibility. Lecture, lab.                                  Prerequisite: MAT 170.</Description></Course><Course Title="120 Digital Design                                  Fundamentals.(3)"><MoreInfo.URL>http://www.eas.asu.edu/~cse120</MoreInfo.URL><Description>Number systems,                                  conversion methods, binary and complement                                  arithmetic, boolean and switching algebra,                                  circuit minimization. ROMs, PLAs, flipflops,                                  synchronous sequential circuits, and register                                  transfer design. Lecture, lab. Cross-listed with                                  EEE 120. Prerequisite: Computer Literacy.</Description></Course><Course Title="180                                  Computer Literacy.(3)"><MoreInfo.URL>http://www.eas.asu.edu/~cse180</MoreInfo.URL><Description>Introduction to general                                  problem-solving approaches using widely                                  available software tools such as database                                  packages, word processors, spreadsheets, and                                  report generators. May be taken for credit on                                  either IBM PC or Macintosh, but not both.                                  Non-majors only. General Studies : CS.</Description></Course><Course Title="181                                  Applied Problem Solving with Visual BASIC.                                  (3)"><MoreInfo.URL>http://www.eas.asu.edu/~cse181</MoreInfo.URL><Description>Introduction to                                  systematic definition of problems, solution                                  formulation, and method validation. Computer                                  solution using Visual BASIC required for                                  projects. Lecture, lab. Non-majors only.                                  Prerequisite: MAT 117. General Studies: CS.</Description></Course><Course Title="185                                  Internet and the World Wide Web. (3)"><MoreInfo.URL>http://www.eas.asu.edu/~cse185</MoreInfo.URL><Description>Fundamental Internet                                  concepts. World Wide Web browsing, searching,                                  publishing, advanced Internet productivity                                  tools.</Description></Course><Course Title="194 Introduction to Engineering Design.">able align=&quot;center&quot; border=0 cellspacing=0 cellpadding=5 width=420&gt; &lt;t<MoreInfo.URL>http://www.eas.asu.edu/~hasancam/courses/Spring-2002/ece194/ece194.html</MoreInfo.URL></Course><Course Title="200 Concepts of Computer                                  Science.(3)"><MoreInfo.URL>http://www.eas.asu.edu/~cse200/</MoreInfo.URL><Description>Overview of algorithms,                                  architecture, languages, computer systems,                                  theory. Problem solving by programming with a                                  high-level language (Java or another) .                                  Prerequisites: One year of high-school                                  programming with Pascal, C++ or Java; or CSE 100                                  or CSE 110. General Studies: CS.</Description></Course><Course Title="210 Object-Oriented Design and                                  Data Structures.(3)"><MoreInfo.URL>http://www.eas.asu.edu/~cse210/</MoreInfo.URL><Description>Object Oriented Design,                                  Static and Dynamic Data Structures (Strings,                                  Stacks, Queues, Binary Trees), Recursion,                                  Searching and Sorting, Professional                                  Responsibility. Prerequisite : CSE 200. General                                  Studies :                                  CS.</Description></Course><Course Title="225 Assembly Language Programming                                  and Microprocessors (Motorola).(4)"><Description>Assembly language                                  programming, including input/output programming                                  and exception/interrupt handling. Register-level                                  computer organization, I/O interfaces,                                  assemblers, and linkers. Motorola-based                                  assignments. Lecture, lab. Cross-listed as EEE                                  225. Credit is allowed for only CSE 225 or EEE                                  225. Prerequisites: CSE 100 (or 110 or 200), 120                                  (or EEE 120).</Description></Course><Course Title="226 Assembly Language Programming                                  and Microprocessors (Intel).(4)"><MoreInfo.URL>http://www.eas.asu.edu/~sserc/226/</MoreInfo.URL><Description>CPU/memory/peripheral                                  device interfaces and programming. System buses,                                  interrupts, serial and parallel I/O, DMA,                                  coprocessors. Intel-based assignments. Lecture,                                  lab. Cross-listed as EEE 226. Credit is allowed                                  for only CSE 226 or EEE 226. Prerequisites: CSE                                  100 (or 110 or 200), 120 (or EEE 120).</Description></Course><Course Title="240 Introduction to Programming                                  Languages.(3)"><MoreInfo.URL>http://www.eas.asu.edu/~cse240/</MoreInfo.URL><Description>Introduces the                                  procedural (C++), applicative (LISP), and                                  declarative (Prolog) languages. Lecture, lab.                                  Prerequisite: CSE 210.</Description></Course><Course Title="300    Intermediate Engineering Design.   (3)">able align=&quot;center&quot; border=0 cellspacing=0 cellpadding=5 width=420&gt; &lt;t<MoreInfo.URL>http://www.eas.asu.edu/~ece300/</MoreInfo.URL></Course><Course Title="310 Data Structures and                                  Algorithms. (3)"><MoreInfo.URL>http://www.eas.asu.edu/~cse310/</MoreInfo.URL><Description>Advanced data                                  structures and algorithms, including stacks,                                  queues, trees (B, B+, AVL), and graphs.                                  Searching for graphs, hashing and external                                  sorting. Prerequiste: CSE 210, MAT 243.</Description></Course><Course Title="330 Computer Organization and                                  Architecture. (3)"><MoreInfo.URL>http://www.eas.asu.edu/~cse330/</MoreInfo.URL><Description>Instruction set                                  architecture, processor performance and design;                                  datapath, control (hardwired, microprogrammed),                                  pipelining, input/output. Memory organization                                  with cache, virtual memory. Prerequisite:                                  CSE/EEE 225 or CSE/EEE 226.</Description></Course><Course Title="340 Principles of Programming                                  Languages. (3)"><MoreInfo.URL>http://www.eas.asu.edu/~cse340/</MoreInfo.URL><Description>Introduction to                                  language design and implementation. Parallel,                                  machine dependent and declarative language                                  features; type theory; specification,                                  recognition, translation, run-time management.                                  Prerequisites: CSE 240, CSE 310, CSE/EEE 225 or                                  226.</Description></Course><Course Title="355 Introduction to Theoretical                                  Computer Science.(3)"><MoreInfo.URL>http://www.eas.asu.edu/~cse355/</MoreInfo.URL><Description>Introduction to formal                                  language theory and automata, Turing machines,                                  decidability/undecidability, recursive function                                  theory, and introduction to complexity theory.                                  Prerequisite: CSE 310.</Description></Course><Course Title="360 Introduction to Software                                  Engineering. (3)"><Description>Software life cycle                                  models; Project management, team development,                                  environments and methodologies; software                                  architectures; quality assurance and standards;                                  legal, ethical issues. Prerequisite: CSE 240 and                                  CSE 210.</Description></Course><Course Title="408                                  Multimedia Information Systems.(3)"><MoreInfo.URL>http://www.eas.asu.edu/~cse408/</MoreInfo.URL><Description>Design, use, and                                  applications of multimedia systems. An                                  introduction to acquisition, compression,                                  storage, retrieval, and presentation of data                                  from different media such as images, text,                                  voice, and alphanumeric. Prerequisite: CSE 310.</Description></Course><Course Title="412 Database Management. (3)"><MoreInfo.URL>http://www.eas.asu.edu/~cse412/</MoreInfo.URL><Description>Introduction to DBMS                                  concepts. Data models and languages. Relational                                  database theory. Database security/ integrity                                  and concurrency. Prerequisite: CSE 310.</Description></Course><Course Title="420 Computer Architecture                                  I. (3)"><Description>Computer architecture.                                  Performance versus cost trade-offs. Instruction                                  set design. Basic processor implementation and                                  pipelining. Prerequisite: CSE 330.</Description></Course><Course Title="421 Microprocessor System Design                                  I.(4)"><MoreInfo.URL>http://www.eas.asu.edu/~cse421/</MoreInfo.URL><Description>Assembly-language                                  programming and logical hardware design of                                  systems using 8-bit microprocessors and                                  micro-controllers. Fundamental concepts of                                  digital system design. Reliability and social,                                  legal implications. Lecture, lab. Prerequisite:                                  CSE/EEE 225.</Description></Course><Course Title="422 Microprocessor System Design                                  II.(4)"><Description>Design of microcomputer                                  systems using contemporary logic and                                  microcomputer system components. Requires                                  assembly language programming. Prerequisite: CSE                                  421.</Description></Course><Course Title="423 Microcomputer System                                  Hardware.(3)"><Description>Information and                                  techniques presented in CSE 422 are used to                                  develop the hardware design of a microprocessor,                                  multiprogramming, microprocessor-based system.                                  Prerequisite: CSE 422. General Studies.</Description></Course><Course Title="428                                  Computer-Aided Processes.(3)"><Description>Hardware and software                                  considerations for computerized manufacturing                                  systems. Specific concentration on automatic                                  inspection, numerical control, robotics, and                                  integrated manufacturing systems. Prerequisite:                                  CSE 330.</Description></Course><Course Title="430 Operating Systems.(3)"><MoreInfo.URL>http://www.eas.asu.edu/~cse430/</MoreInfo.URL><Description>Operating system                                  structure and services, processor scheduling,                                  concurrent processes, synchronization                                  techniques, memory management, virtual memory,                                  input/output, storage management, file systems.                                  Prerequisites: CSE 330, 340.</Description></Course><Course Title="432 Operating System                                  Internals.(3)"><MoreInfo.URL>http://www.eas.asu.edu/~cse432/</MoreInfo.URL><Description>IPC, exception and                                  interrupt processing, memory and thread                                  management, user-level device drivers, and OS                                  servers in a modern microkernel-based OS.                                  Prerequisite: CSE 430.</Description></Course><Course Title="434                                  Computer Networks.(3)"><MoreInfo.URL>http://www.eas.asu.edu/~cse434/</MoreInfo.URL><Description>Physical layer basics;                                  network protocol algorithms; error handling;                                  flow control; multihop routing; network                                  reliability, timing, security; data compression;                                  cryptography fundamentals. Prerequisite: CSE 330</Description></Course><Course Title="438 Systems Programming.(3)"><MoreInfo.URL>http://www.eas.asu.edu/~cse438/</MoreInfo.URL><Description>Design and                                  implementtion of systems programs, including                                  text editors, file utilities, monitors,                                  assemblers, relocating linking loaders, I/O                                  handlers, schedulers, etc. Prerequisite: CSE 421                                  or instructor approval. General Studies: L</Description></Course><Course Title="440 Compiler Construction                                  I. (3)"><MoreInfo.URL>http://www.eas.asu.edu/~cse440/</MoreInfo.URL><Description>Introduction to                                  programming language implementation.                                  Implementation strategies such as compilation,                                  interpretation, and translation. Major                                  compilation phases such as lexical analysis,                                  semantic analysis, optimization, and code                                  generation. Prerequisites: CSE 340, 355.</Description></Course><Course Title="445 Distributed Computing with Java                                  and CORBA.(3)"><MoreInfo.URL>http://www.eas.asu.edu/~cse445/</MoreInfo.URL><Description>Frameworks for                                  distributed software components. Foundations of                                  client-server computing and architectures for                                  distributed object systems. Dynamic discovery                                  and invocation. Prerequisites: CSE 360.</Description></Course><Course Title="446 Client-Server User                                  Interfaces.(3)"><Description>Client-server model for                                  creating window interfaces. Toolkits and                                  libraries such as X11, Microsoft Foundation                                  Classes and Java Abstract Window Toolkit.                                  Prerequisites: CSE 310.</Description></Course><Course Title="450 Design and Analysis of                                  Algorithms.(3)"><Description>Design and analysis of                                  computer algorithms using analytical and                                  empirical methods; complexity measures, design                                  methodologies, and survey of important                                  algorithms. Prerequisite: CSE 310.</Description></Course><Course Title="457 Theory of Formal                                  Languages. (3)"><Description>Theory of grammar,                                  methods of syntactic analysis and specification,                                  types of artificial languages, relationship                                  between formal languages, and automata.                                  Cross-listed as MAT 401. Prerequisite: CSE 355.</Description></Course><Course Title="459                                  Logic for Computing Scientists. (3)"><Description>Propositional logic,                                  syntax and semantics, proof theory vs. model                                  theory, soundness, consistency and completeness,                                  first order logic, logical theories, automated                                  theorem proving, ground resolution, pattern                                  matching unification and resolution, Dijkstras                                  logic, proof obligations, and program proving.                                  Prerequisite: CSE 355.</Description></Course><Course Title="460 Software Analysis and                                  Design. (3)"><Description>Software engineering                                  foundations, formal representations in the                                  software process; use of formalisms in creating                                  a measured and structured working environment.                                  Prerequisite: CSE 360.</Description></Course><Course Title="461 Software Engineering Project                                  I.(3)"><MoreInfo.URL>http://www.eas.asu.edu/~cse461/</MoreInfo.URL><Description>First of 2-course                                  software design sequence. Development planning,                                  management; process modeling; incremental and                                  team development using CASE tools. Prerequisite:                                  CSE 360.</Description></Course><Course Title="462 Software Engineering Project                                  II.(3)"><MoreInfo.URL>http://www.eas.asu.edu/~cse462/</MoreInfo.URL><Description>Second of 2-course                                  software design sequence. Process, product assessment and                                  improvement; incremental and team development                                  using CASE tools. Prerequisite: CSE 461.</Description></Course><Course Title="470                                  Computer Graphics. (3)"><MoreInfo.URL>http://www.eas.asu.edu/~cse470/</MoreInfo.URL><Description>Display devices, data                                  structures, transformation, interactive                                  graphics, 3-dimensional graphics, and hidden                                  line problem. Prerequisites: CSE 310; MAT 342.</Description></Course><Course Title="471 Introduction to Artificial                                  Intelligence.(3)"><Description>State space search,                                  heuristic search, games, knowledge                                  representation techniques, expert systems, and                                  automated reasoning. Prerequisite: CSE 240, 310.</Description></Course><Course Title="473                                  Nonprocedural Programming Languages. (3)"><Description>Functional and logic                                  programming using languages like Lucid and                                  Prolog. Typical applications would be a Screen                                  Editor and an Expert System. Prerequisite: CSE                                  355.</Description></Course><Course Title="476 Introduction to Natural                                  Language Processing. (3)"><MoreInfo.URL>http://www.eas.asu.edu/~cse476/</MoreInfo.URL><Description>Principles of                                  computational linguistics, formal syntax, and                                  semantics, as applied to the design of software                                  with natural (human) language I/O. Prerequisite:                                  CSE 310 or instructor approval.</Description></Course><Course Title="477                                  Introduction to Computer-Aided Geometric                                  Design.(3)"><Description>Introduction to                                  parametric curves and surfaces. Bezier and                                  B-spline interpolation, and approximation                                  techniques. Prerequisites: CSE 210, CSE 470; MAT                                  342.</Description></Course><Course Title="494 Advanced Database                                  Concepts.(3)"><MoreInfo.URL>http://www.eas.asu.edu/~cse494db</MoreInfo.URL><Description>Advanced data modeling,                                  object-oriented databases, and object-relational                                  databases. Web access to databases.                                  Professionalism and ethics in information                                  access. Credit: 3 hours. Prerequisite: CSE 412</Description></Course><Course Title="494 Building and                                  programming mobile robots.(3)"><MoreInfo.URL>http://www.public.asu.edu/~cbaral/cse494-f00/</MoreInfo.URL></Course><Course Title="494                                  Information Retrieval, Mining and Integration on                                  the Internet.(3)"><MoreInfo.URL>http://rakaposhi.eas.asu.edu/cse494/</MoreInfo.URL></Course><Course Title="494 Principles                                  of Information Engineering.(3)"><MoreInfo.URL>http://ceaspub.eas.asu.edu/cse494b/</MoreInfo.URL><Description>Train computer science                                  students to be effective information specialists                                  with an entrepreneurial perspective and                                  managerial outlook.</Description></Course><Course Title="494/598 Wireless                                  Sensor Networks(3)"><MoreInfo.URL>http://shamir.eas.asu.edu/~mcn/cse494sp05.html</MoreInfo.URL><Description>Applications (pervasive                                  computing, health-monitoring, home land                                  security), data dissemination and aggregation,                                  security, localization, time synchronization,                                  energy-efficiency, reliability, programming                                  platforms.</Description></Course><Course Title="494 Real-Time Embedded Systems.                                  (3)"><MoreInfo.URL>http://rts-lab.eas.asu.edu/courses/cse494/</MoreInfo.URL></Course><Course Title="507 Virtual Reality Systems.(3)"><MoreInfo.URL>http://www.eas.asu.edu/~cse507/</MoreInfo.URL><Description>Computer generated 3-D                                  environments, spatial presence of virtual                                  objects, technologies of immersion, tracking                                  systems, simulation of reality. Prerequisites:                                  CSE 408 or CSE 508 or CSE 470 or instructor                                  approval.</Description></Course><Course Title="508 Digital Image Processing.(3)"><MoreInfo.URL>http://www.eas.asu.edu/~cse508/</MoreInfo.URL><Description>Digital image                                  fundamentals, image transforms, image                                  enhancement and restoration techniques, image                                  encoding, and segmentation methods.                                  Prerequisite: EEE 303 or instructor approval.</Description></Course><Course Title="510                                  Database Management System                                  Implementation.(3)"><Description>Implementation of                                  database systems. Data storage, indexing,                                  querying, and retrieval. Query optimization and                                  execution, concurrency control, and transaction                                  management. Prerequisite: CSE 412.</Description></Course><Course Title="512 Distributed Database                                  Systems.(3)"><MoreInfo.URL>http://www.eas.asu.edu/~cse512/</MoreInfo.URL><Description>Distributed database                                  design, query processing, and transaction                                  processing. Distributed database architectures                                  and interoperability. Emerging technology.                                  Prerequisite: CSE 412.</Description></Course><Course Title="513                                  Rules inDatabase Systems.(3)"><MoreInfo.URL>http://www.eas.asu.edu/~cse513/</MoreInfo.URL><Description>Declarative and active                                  rules. Logic as a data model. Evaluation and                                  query optimization. Triggers and ECA rules.                                  Current research topics. Prerequisite: CSE 412.</Description></Course><Course Title="514                                  Object-Oriented Database Systems.(3)"><MoreInfo.URL>http://www.eas.asu.edu/~cse514/</MoreInfo.URL><Description>Object-oriented data                                  modeling, database and language integration,                                  object algebras, extensibility, transactions,                                  object managers, versioning/configuration,                                  active data, nonstandard applications. Research                                  seminar. Prerequisite: CSE 510.</Description></Course><Course Title="515 Multimedia                                  and Web Databases. (3)"><Description>Data models for                                  multimedia and Web data; query processing and                                  optimization for inexact retrieval; advanced                                  indexing, clustering, and search techniques.                                  Prerequisites: CSE 408, 412.</Description></Course><Course Title="517                                  Hardware Design Languages. (3)"><MoreInfo.URL>http://www.eas.asu.edu/~cse517/</MoreInfo.URL><Description>Introduction to                                  hardware design languages using VHDL. Modeling                                  concepts for specification, simulation,                                  synthesis.. Prerequisite: CSE 423 or EEE 425 or                                  consent of instructor.</Description></Course><Course Title="518                                  Synthesis with Hardware Design                                  Languages.(3)"><MoreInfo.URL>http://www.eas.asu.edu/~cse518/</MoreInfo.URL><Description>Modeling VLSI design in                                  hardware design languages for synthesis.                                  Transformation of language-based designs to                                  physical layout. Application of synthesis tools.                                  Prerequisite: CSE 517.</Description></Course><Course Title="520 Computer Architecture II.(3)"><Description>Computer architecture                                  description languages, computer arithmetic,                                  memory-hierarchy design, parallel, vector, and                                  multiprocessors, and input/output..                                  Prerequisites: CSE 420, 430.</Description></Course><Course Title="521 Microprocessor Applications.(4)"><MoreInfo.URL>http://www.eas.asu.edu/~cse521/</MoreInfo.URL><Description>Microprocessor                                  technology and its application to the design of                                  practical digital systems. Hardware, assembly                                  language programming, and interfacing of                                  microprocessor-based systems. Lecture, lab.                                  Prerequisite: CSE 421.</Description></Course><Course Title="523 Microcomputer Systems                                  Software.(3)"><Description>Developing system                                  software for a multiprocessor, multiprogramming,                                  microprocessor-based system using information                                  and techniques presented in CSE 421, 422.                                  Prerequisite: CSE 422.</Description></Course><Course Title="526 Parallel Processing.(3)"><MoreInfo.URL>http://www.eas.asu.edu/~cse526/</MoreInfo.URL><Description>Real and apparent                                  concurrency. Hardware organization of                                  multiprocessors, multiple computer systems,                                  scientific attached processors, and other                                  parallel systems. Prerequisite: CSE 330 or 423.</Description></Course><Course Title="530 Operating System Case Study.(3)"><MoreInfo.URL>http://www.eas.asu.edu/~cse530/</MoreInfo.URL><Description>Study of the design and                                  implementation of a timeshared multiprogramming                                  operating system, with emphasis on the UNIX                                  operating system. Prerequisites: CSE 430;                                  knowledge of C Language.</Description></Course><Course Title="531 Distributed and Multiprocessor                                  Operating Systems.(3)"><MoreInfo.URL>http://cactus.eas.asu.edu/partha/Teaching/531.2002/</MoreInfo.URL><Description>Distributed systems                                  architecture, remote file access, message-based                                  systems, object-based systems, client/server                                  paradigms, distributed algorithms, replication                                  and consistency, and multiprocessor operating                                  systems. Prerequisite: CSE 432 or instructor                                  approval.</Description></Course><Course Title="532 Advanced Operating System                                  Internals.(3)"><MoreInfo.URL>http://www.eas.asu.edu/~cse532/</MoreInfo.URL><Description>Memory, processor,                                  process and communication management, and                                  concurrency control in the Windows NT                                  multiprocessor and distributed operating system                                  kernel and servers. Prerequisite: CSE 530 and                                  either CSE 531 or CSE 536.</Description></Course><Course Title="534 Advanced Computer Networks.(3)"><MoreInfo.URL>http://www.eas.asu.edu/~cse534/</MoreInfo.URL><Description>Advanced network                                  protocols and infrastructure, applications of                                  high-performance networks to distributed                                  systems, high-performance computing and                                  multimedia domains, special features of                                  networks: real-time, security, reliability.                                  Prerequisite: CSE 434.</Description></Course><Course Title="536 Advanced Operating Systems.(3)"><MoreInfo.URL>http://www.eas.asu.edu/~cse536s2/</MoreInfo.URL><Description>Protection and file                                  systems. Communication, processes,                                  synchronization, naming, fault tolerance,                                  security, data replication, and coherence in                                  distributed systems. Real-time systems.                                  Prerequisite: CSE 430.</Description></Course><Course Title="537 ATM Networks.(3)"><Description>Principles of ATM                                  networks, switch architecture, traffic                                  management, call and connection control,                                  routing, internetworking with ATM networks,                                  signaling, and OAM. Prerequisite: CSE 434.</Description></Course><Course Title="539 Applied Cryptography.(3)"><Description>Use of cryptography for                                  secure protocols over networked systems,                                  including signatures, certificates, timestamps,                                  electrons, digital cash, and other multiparty                                  coordination. Prerequisite: CSE 310 or                                  instructor approval.</Description></Course><Course Title="540 Compiler Construction II.(3)"><Description>Formal parsing                                  strategies, optimization techniques, code                                  generation, extensibility and transportability                                  considerations, and recent developments.                                  Prerequisite: CSE 440.</Description></Course><Course Title="545 Programming Language Design.(3)"><Description>Language constructs,                                  extensibility and abstractions, and runtime                                  support. Language design process. Prerequisite:                                  CSE 440.</Description></Course><Course Title="550                                  Combinatorial Algorithms and                                  Intractability.(3)"><Description>Combinatorial                                  algorithms, nondeterministic algorithms, classes                                  P and NP, NP-hard and NP-complete problems, and                                  intractability. Design techniques for fast                                  combinatorial algorithms. Prerequisite: CSE 450.</Description></Course><Course Title="555 Theory of Computation.(3)"><Description>Rigorous treatment of                                  regular languages, context-free languages,                                  Turing machines and decidability, reducibility,                                  and other advanced topics in computability                                  theory. Prerequisite: CSE 355.</Description></Course><Course Title="556                                  Expert Systems.(3)"><Description>Knowledge acquisition                                  and representation, rule-based systems,                                  frame-based system, validation of knowledge                                  bases, inexact reasoning, and expert database                                  systems.Prerequisite CSE 471.</Description></Course><Course Title="562                                  Software Process Automation.(3)"><Description>Software engineering                                  characteristics particular to parallel and                                  distributed systems. Tools and techniques to                                  support software engineering involving parallel                                  processing and distributed systems.                                  Prerequisite: CSE 360.</Description></Course><Course Title="563                                  Software Requirements and                                  Specification. (3)"><Description>Examination of the                                  definitional stage of software development;                                  analysis of specification representations and                                  techniques emphasizing important application                                  issues. Prerequisite: CSE 460.</Description></Course><Course Title="564                                  Software Design. (3)"><MoreInfo.URL>http://www.eas.asu.edu/~cse564/</MoreInfo.URL><Description>Examination of software                                  design issues and techniques. Includes a survey                                  of design representations and a comparison of                                  design methods. Prerequisite: CSE 460.</Description></Course><Course Title="565 Software Verification,                                  Validation and Testing.(3)"><Description>Test planning;                                  requirements-based and code-based testing                                  techniques; tools; reliability models;                                  statistical testing. Prerequisite: CSE 460.</Description></Course><Course Title="566 Software Project, Process and                                  Quality Management.(3)"><Description>Project Management,                                  risk management, configuration management,                                  quality management, simulated project management                                  experience. Prerequisite: CSE 460.</Description></Course><Course Title="570                                  Advanced Computer Graphics I.(3)"><Description>Hidden surface                                  algorithms, lighting models, and shading                                  techniques. User interface design. Animation                                  techniques. Fractals and stochastic models.                                  Raster algorithms. Prerequisite: CSE 470.</Description></Course><Course Title="571                                  Artificial Intelligence.(3)"><MoreInfo.URL>http://www.public.asu.edu/~cbaral/cse571-f99/</MoreInfo.URL><Description>Definitions of                                  intelligence, computer problem solving, game                                  playing, pattern recognition, theorem proving,                                  and semantic information processing;                                  evolutionary systems; heuristic programming.                                  Prerequisite: CSE 471.</Description></Course><Course Title="573 Advanced Computer Graphics II.                                  (3)"><Description>Modeling of natural                                  phenomena: terrain, clouds, fire, water, and                                  trees. Particle systems, deformation of solids,                                  antialiasing, adn volume visualization. Lecture,                                  Lab. Prerequisite: CSE 470.</Description></Course><Course Title="574 Planning and Learning Methods                                  in AI.(3)"><MoreInfo.URL>http://rakaposhi.eas.asu.edu/cse574</MoreInfo.URL><Description>Reasoning about time                                  and action, plan synthesis and execution,                                  improving planning performance, applications to                                  manufacturing intelligent agents. Prerequisite:                                  CSE 471.</Description></Course><Course Title="575                                  Decision-Making Strategies in AI.(3)"><Description>Automatic knowledge                                  acquisition, automatic analysis/synthesis of                                  strategies, distributed planning/ problem                                  solving, casual modeling, predictive                                  human-machine environments. Prerequisite: CSE                                  571.</Description></Course><Course Title="576 Topics in                                  Natural Language Processing.(3)"><Description>Comparative parsing                                  strategies, scooping and reference problems,                                  nonfirst-order logical semantic representations,                                  and discourse structure. Prerequisite: CSE 476.</Description></Course><Course Title="577                                  Advanced Computer-Aided Geometric Design                                  I.(3)"><MoreInfo.URL>http://eros.cagd.eas.asu.edu/~farin/classes/cse577/cse577.html</MoreInfo.URL><Description>General interpolation;                                  review of curve interpolation and approximation;                                  spline curves; visual smoothness of curves;                                  parameterization of curves; introduction to                                  surface interpolation and approximation.                                  Prerequisites: CSE 470 and 477.</Description></Course><Course Title="578                                  Advanced Computer-Aided Geometric Design II.                                  (3)">R class=insideMainBody&gt;                                 578                                  Advanced Computer-Aided Geometric Design II.                                  (3)                                  MORE INFO &lt;/T<MoreInfo.URL>http://eros.cagd.eas.asu.edu/~farin/classes/cse578/cse578.html</MoreInfo.URL><Description>Coons patches and                                  Bezier patches; triangular patches; arbitrarily                                  located data methods; geometry processing of                                  surfaces; higher dimensional surfaces.                                  Prerequisites: CSE 470 and 477.</Description></Course><Course Title="579 NURBs:                                  Nonuniform Rational B-Splines.(3)"><MoreInfo.URL>http://eros.cagd.eas.asu.edu/~farin/classes/cse579/cse579.html</MoreInfo.URL><Description>Projective geometry,                                  NURBs-based modeling, basic theory of conics and                                  rational surfaces, stereographic maps, quadrics,                                  IGES data specification. Prerequisites: CSE 470                                  and 477.</Description></Course><Course Title="591                                  Advanced Topics on Parallel and Distributed                                  Computing. (3)"><MoreInfo.URL>http://www.eas.asu.edu/~cse591os</MoreInfo.URL></Course><Course Title="591 Autonomous                                  Agents: theory and practice. (3)"><MoreInfo.URL>http://www.public.asu.edu/~cbaral/cse591-f01/</MoreInfo.URL></Course><Course Title="591 Computational Algorithms for                                  Systems Biology. (3)"><MoreInfo.URL>http://www.eas.asu.edu/~csedept/courses/591_computational.htm</MoreInfo.URL></Course><Course Title="591                                  Computational Molecular Biology. (3)"><MoreInfo.URL>http://www.public.asu.edu/~cbaral/cse591-s03/</MoreInfo.URL></Course><Course Title="591 Data Mining.                                  (3)"><MoreInfo.URL>http://www.public.asu.edu/~huanliu/cse591.html</MoreInfo.URL></Course><Course Title="591                                  Hardware-Software Co-design. (3)"><MoreInfo.URL>http://cse.asu.edu/~cse591b/</MoreInfo.URL></Course><Course Title="591 Image                                  Processing-II Digital Video processing. (3)"><MoreInfo.URL>http://www.eas.asu.edu/~cse591f/</MoreInfo.URL></Course><Course Title="591 Mobile Ad                                  Hoc Networking  Computing. (3)"><MoreInfo.URL>http://www.public.asu.edu/~syrotiuk/cse591/index.html</MoreInfo.URL></Course><Course Title="591 Mobile                                  Computing. (3)"><MoreInfo.URL>http://shamir.eas.asu.edu/~cse591tv</MoreInfo.URL></Course><Course Title="591 Object                                  Oriented Modeling  Simulation. (3)"><MoreInfo.URL>http://www.eas.asu.edu/~hsarjou/Courses/CSE591fall02.pdf</MoreInfo.URL></Course><Course Title="591 Practical                                  Operating System Internals. (3)"></Course><Course Title="591 Randomized                                  and Approximation Algorithms. (3)"></Course><Course Title="591                                  Semantic Web Mining. (3)"><MoreInfo.URL>http://www.public.asu.edu/~hdavulcu/CSE591_Semantic_Web_Mining.html</MoreInfo.URL></Course> </asu>