<?xml version="1.0" encoding="UTF-8"?> <berkeley> <Course><Code>INFOSYS              202</Code><Name>Information Organization and              Retrieval</Name></Course><Course><Code>Course              Description</Code><SectionCredit>Course              Web Site</SectionCredit><Time>Instructor(s): Davis / Larson</Time><Location>CCN:              42703 (4 units)</Location></Course><Course><Code>INFOSYS              204</Code><Name>Information Users and              Society</Name></Course><Course><Code>Course              Description</Code><SectionCredit>Course              Web Site</SectionCredit><Time>Instructor(s): Downes / Van House</Time><Location>CCN:              42706 (4 units)</Location></Course><Course><Code>Course              Description</Code><SectionCredit>Course Web Site</SectionCredit><Time>Instructor(s): Tygar</Time><Location>CCN: 42709 (3              units)MOT Related Course</Location></Course><Course><Code>INFOSYS              221</Code><Name>Information Policy</Name></Course><Course><Code>Course              Description</Code><SectionCredit>Course              Web Site</SectionCredit><Time>Instructor(s): Braunstein</Time><Location>CCN: 42712 (3              units)</Location></Course><Course><Code>INFOSYS              224</Code><Name>Strategic Computing and              Communications Technology</Name></Course><Course><Code>Course              Description</Code><SectionCredit>Course              Web Site</SectionCredit><Time>Instructor(s): Messerschmitt /              Varian</Time><Location>CCN: 42715 (3 units)MOT Core              Course</Location></Course><Course><Code>INFOSYS              246</Code><Name>Multimedia Information</Name></Course><Course><Code>Course              Description</Code><SectionCredit>Course              Web Site</SectionCredit><Time>Instructor(s): Davis</Time><Location>CCN: 42718 (3              units)</Location></Course><Course><Code>INFOSYS              250</Code><Name>Computer-Based Communications              Systems and Networks</Name></Course><Course><Code>Course              Description</Code><SectionCredit>Course              Web Site</SectionCredit><Time>Instructor(s): Chuang</Time><Location>CCN: 42721 (3              units)MOT Related Course</Location></Course><Course><Code>INFOSYS              255</Code><Name>Foundations of Software              Design</Name></Course><Course><Code>Course              Description</Code><SectionCredit>Course              Web Site</SectionCredit><Time>Instructor(s): Hayes</Time><Location>CCN: 42724              (lecture) /42727 (lab) (4 units)</Location></Course><Course><Code>INFOSYS              290 / Section 2</Code><Name>Effective              Communication and Career Management (the Secrets of              Consulting)</Name></Course><Course><Code>Course              Description</Code><SectionCredit>Course              Web Site</SectionCredit><Time>Instructor(s): Glushko</Time><Location>CCN: 42736 (1              unit)</Location></Course><Course><Code>INFOSYS              290 / Section 3</Code><Name>Document Engineering              for e-Berkeley</Name></Course><Course><Code>Course              Description</Code><SectionCredit>Course              Web Site</SectionCredit><Time>Instructor(s): Glushko / McMullan</Time><Location>CCN:              42739 (1 unit)</Location></Course><Course><Code>INFOSYS              290 / Section 8</Code><Name>Technology              Strategies for Market Dominance</Name></Course><Course><Code>Course              Description</Code><SectionCredit>Course              Web Site</SectionCredit><Time>Instructor(s): Downes</Time><Location>CCN: 42754 (3              units)MOT Related Course</Location></Course><Course><Code>INFOSYS              290 / Section 17</Code><Name>Technology and              Policy</Name></Course><Course><Code>Course              Description</Code><SectionCredit>Course              Web Site</SectionCredit><Time>Instructor(s): Samuelson / Glushko</Time><Location>CCN:              42871 (1 unit)</Location></Course><Course><Code>INFOSYS              295</Code><Name>Doctoral Colloquium</Name></Course><Course><Code>Course              Description</Code><SectionCredit>Course              Web Site</SectionCredit><Time>Instructor(s): Braunstein</Time><Location>CCN: 42763 (1              unit)</Location></Course><Course><Code>INFOSYS              296A / Section 1</Code><Name>Information              Access</Name></Course><Course><Code>Course              Description</Code><SectionCredit>Course              Web Site</SectionCredit><Time>Instructor(s): Buckland / Lynch</Time><Location>CCN:              42766 (3 units)</Location></Course><Course><Code>Course              Description</Code><SectionCredit>Course Web Site</SectionCredit><Time>Instructor(s): Staff</Time><Location>(1-12 units)</Location></Course><Course><Code>Course              Description</Code><SectionCredit>Course Web Site</SectionCredit><Time>Instructor(s): Staff</Time><Location>(1-5 units)</Location></Course><Course><Code>INFOSYS              142AC</Code><Name>Access to American Cultural              Heritages</Name></Course><Course><Code>Course              Description</Code><SectionCredit>Course              Web Site</SectionCredit><Time>Instructor(s): Buckland</Time><Location>CCN: 42702 (3              units)</Location></Course> </berkeley>