<?xml version="1.0" encoding="UTF-8"?> <brown> <Course><Code>CS002</Code><Instructor>&quot;http://www.cs.brown.edu/~dls/&quot; Stanford</Instructor><Title>&quot;http://www.cs.brown.edu/courses/cs002/&quot; Concepts                     Challenges of CS  C hr. MWF 10-11</Title><Room>Salomon 001</Room></Course><Course><Code>CS004</Code><Instructor>&quot;http://www.cs.brown.edu/~ausas/&quot; Usas</Instructor><Title>&quot;http://www.cs.brown.edu/courses/cs004/&quot; Intro to                    Scientific Computing  K hr. T,Th 2:30-4</Title><Room>MacMillan 117</Room></Course><Course><Code>CS016</Code><Instructor>&quot;http://www.cs.brown.edu/~rt/&quot; Tamassia</Instructor><Title>&quot;http://www.cs.brown.edu/courses/cs016/&quot; Intro to                    Algorithms  Data Structures  D hr. MWF 11-12</Title><Room>CIT Lubrano</Room></Course><Course><Code>CS018</Code><Instructor>&quot;http://www.cs.brown.edu/~klein/&quot; Klein</Instructor><Title>&quot;http://www.cs.brown.edu/courses/cs018/&quot; CS: An                    Integrated Approach  J hr. T,Th 1-2:30</Title><Room>CIT 227</Room></Course><Course><Code>CS022</Code><Instructor>&quot;http://www.cs.brown.edu/~anna/&quot; Lysyanskaya</Instructor><Title>&quot;http://www.cs.brown.edu/courses/cs022/&quot; Intro. to                    Discrete Mathematics  B hr. MWF 9-10</Title><Room>CIT 165</Room></Course><Course><Code>CS032</Code><Instructor>&quot;http://www.cs.brown.edu/~spr/&quot; Reiss</Instructor><Title>&quot;http://www.cs.brown.edu/courses/cs032/&quot; Intro. to                    Software Engineering  K hr. T,Th 2:30-4</Title><Room>CIT 165, Labs in Sunlab</Room></Course><Course><Code>CS034</Code><Instructor>&quot;http://www.cs.brown.edu/~er/&quot; Manos                  Renieris</Instructor><Title>&quot;http://www.cs.brown.edu/courses/cs034/&quot; Intro. to                    Systems Programming  THURSDAY ONLY 1-2:30</Title><Room>TBA</Room></Course><Course><Code>CS92</Code><Instructor>&quot;http://www.cs.brown.edu/~rbb/&quot; Blumberg</Instructor><Room>Educational Software Seminar K hr. T,Th 2:30-4</Room></Course><Course><Code>CIT 506</Code></Course><Course><Code>CS138</Code><Instructor>&quot;http://www.cs.brown.edu/~ugur/&quot; Cetintemel</Instructor><Title>&quot;http://www.cs.brown.edu/courses/cs138/&quot; Networked                    Information Systems  I hr. T,Th 10:30-12</Title><Room>CIT 368</Room></Course><Course><Code>CS141</Code><Instructor>&quot;http://www.cs.brown.edu/~amygreen/&quot; Greenwald</Instructor><Title>&quot;http://www.cs.brown.edu/courses/cs141/&quot; Intro. to                    Artificial Intelligence  I hr. T,Th 10:30-12</Title><Room>CIT 227</Room></Course><Course><Code>CS148</Code><Instructor>&quot;http://www.cs.brown.edu/~ec/&quot; Charniak</Instructor><Title>&quot;http://www.cs.brown.edu/courses/cs148/&quot; Building                    Intelligent Robots  H hr. T,Th 9-10:30</Title><Room>CIT 368</Room></Course><Course><Code>CS155</Code><Instructor>&quot;http://www.cs.brown.edu/~eli/&quot; Upfal</Instructor><Title>&quot;http://www.cs.brown.edu/courses/cs155/&quot; Probabilistic                    Methods in CS  J hr. T,Th 1-2:30</Title><Room>CIT 506</Room></Course><Course><Code>CS168</Code><Instructor>&quot;http://www.cs.brown.edu/~twd/&quot; Doeppner</Instructor><Title>&quot;http://www.cs.brown.edu/courses/cs168/&quot; Computer                    Networks  M hr. M 3-5:30</Title><Room>CIT 368</Room></Course><Course><Code>CS181</Code><Instructor>&quot;http://www.cs.brown.edu/~franco/&quot; Preparata</Instructor><Title>&quot;http://www.cs.brown.edu/courses/cs181/&quot; Computational                    Molecular Biology  K hr. T,Th 2:30-4</Title><Room>CIT 368</Room></Course><Course><Code>CS190</Code><Instructor>&quot;http://www.cs.brown.edu/~sk/&quot; Krishnamurthi</Instructor><Title>&quot;http://www.cs.brown.edu/courses/cs190/&quot; Software                    System Design  D hr. MWF 11-12</Title><Room>CIT 368</Room></Course><Course><Code>CS196-9</Code><Instructor>&quot;http://www.cs.brown.edu/~dgd/&quot; Durand</Instructor><Title>&quot;http://www.cs.brown.edu/courses/cs196-9/&quot; Document                    Engineering  H hr. T,Th 9-10:30</Title><Room>CIT 506</Room></Course> </brown>