<?xml version="1.0" encoding="UTF-8"?> <bu> <course><college>CAS</college><courseInfo code="CS        101 A1"><title>Intro to Comp</title><instructor>Long</instructor><schedule><days>TR</days><time>3:30-5PM</time><room>STO B50</room></schedule></courseInfo></course><course><college>CAS</college><courseInfo code="CS 101 B1"><title>Intro to Comp</title><instructor>Stoica</instructor><schedule><days>MWF</days><time>2-3PM</time><room>CAS 211</room></schedule></courseInfo></course><course><college>CAS</college><courseInfo code="CS 101 C1"><title>Intro to Comp</title><instructor>Stoica</instructor><schedule><days>MWF</days><time>12-1PM</time><room>STO B50</room></schedule></courseInfo></course><course><college>CAS</college><courseInfo code="CS 103 A1"><title>Intro to Web Computing</title><instructor>Stoica</instructor><schedule><days>MWF</days><time>3-4PM</time><room>CAS 211</room></schedule></courseInfo></course><course><college>CAS</college><courseInfo code="CS 111      A1"><title>Intro to CSI</title><instructor>Coles</instructor><schedule><days>MWF</days><time>11-12PM</time><room>CAS 313</room></schedule></courseInfo></course><course><college>CAS</college><courseInfo code="CS 111      B1"><title>Intro to CSI</title><instructor>Coles</instructor><schedule><days>MWF</days><time>1-2PM</time><room>CAS 313</room></schedule></courseInfo></course><course><college>CAS</college><courseInfo code="CS 112 A1"><title>Intro to CSII</title><instructor>Itkis</instructor><schedule><days>TR</days><time>11-12:30PM</time><room>MCS 148</room></schedule></courseInfo></course><course><college>CAS</college><courseInfo code="CS 112 B1"><title>Intr to CSII</title><instructor>Gacs</instructor><schedule><days>MWF</days><time>10-11AM</time><room>MCS B23</room></schedule></courseInfo></course><course><college>CAS</college><courseInfo code="CS 210 A1"><title>Comp Sys</title><instructor>Matta</instructor><schedule><days>MWF</days><time>2-3PM</time><room>GCB 207</room></schedule></courseInfo></course><course><college>CAS</college><courseInfo code="CS 211 A1"><title>Obj. Orient. Prog. Paradigms</title><instructor>Devlin</instructor><schedule><days>TR</days><time>5:-6:30PM</time><room>MCS 148</room></schedule></courseInfo></course><course><college>CAS</college><courseInfo code="CS 320 A1"><title>Intro to Prog Lang</title><instructor>Kfoury</instructor><schedule><days>MWF</days><time>9-10AM</time><room>PHO 203</room></schedule></courseInfo></course><course><college>CAS</college><courseInfo code="CS 330      A1"><title>Algorithms</title><instructor>Teng</instructor><schedule><days>TR</days><time>3:30-5PM</time><room>GCB 209</room></schedule></courseInfo></course><course><college>CAS</college><courseInfo code="CS 332 A1"><title>Theory of Comp</title><instructor>Levin</instructor><schedule><days>TR</days><time>3:30-5PM</time><room>CAS 216</room></schedule></courseInfo></course><course><college>CAS</college><courseInfo code="CS 440 A1"><title>Introduction to        Artificial Intelligence</title><instructor>Betke</instructor><schedule><days>TR</days><time>12:30-2PM</time><room>MCS 149</room></schedule></courseInfo></course><course><college>CAS</college><courseInfo code="CS 450 A1"><title>Computer Architecture</title><instructor>Snyder</instructor><schedule><days>MWF</days><time>11-12PM</time><room>MCS 149</room></schedule></courseInfo></course><course><college>CAS</college><courseInfo code="CS 455 A1"><title>Networking</title><instructor>Byers</instructor><schedule><days>TR</days><time>9:30-11AM</time><room>CAS 316</room></schedule></courseInfo></course><course><college>CAS</college><courseInfo code="CS 480 A1"><title>Intro. to Graphics</title><instructor>Sclaroff</instructor><schedule><days>MW</days><time>6-7:30PM</time><room>CAS 313</room></schedule></courseInfo></course><course><college>CAS</college><courseInfo code="CS 520 A1"><title>Programming Languages</title><instructor>Xi</instructor><schedule><days>MWF</days><time>10-11AM</time><room>MCS B31</room></schedule></courseInfo></course><course><college>CAS</college><courseInfo code="CS 535 A1"><title>Complexity</title><instructor>Homer</instructor><schedule><days>TR</days><time>9:30-11AM</time><room>COM 217</room></schedule></courseInfo></course><course><college>CAS</college><courseInfo code="CS 538 A1"><title>Cryptography</title><instructor>Reyzin</instructor><schedule><days>TR</days><time>11-12:30PM</time><room>MCS B33</room></schedule></courseInfo></course><course><college>CAS</college><courseInfo code="CS 552 A1"><title>Operating Systems</title><instructor>West</instructor><schedule><days>MWF</days><time>2-3PM</time><room>CAS 222</room></schedule></courseInfo></course><course><college>CAS</college><courseInfo code="CS 562 A1"><title>Advanced Databases</title><instructor>Kollios</instructor><schedule><days>MWF</days><time>1-2PM</time><room>MCS B29</room></schedule></courseInfo></course><course><college>CAS</college><courseInfo code="CS 591 A1"><title>Seminar</title><instructor>Bestavros</instructor><schedule><days>T</days><time>2-3:30</time><room>SAR 218</room></schedule></courseInfo></course><course><college>GRS</college><courseInfo code="CS 640 A1"><title>Artificial Intelligence</title><instructor>Betke</instructor><schedule><days>TR</days><time>12:30-2PM</time><room>MCS 149</room></schedule></courseInfo></course><course><college>GRS</college><courseInfo code="CS 655 A1"><title>Graduate Introduction to Networking</title><instructor>Byers</instructor><schedule><days>TR</days><time>9:30-11AM</time><room>CAS 316</room></schedule></courseInfo></course><course><college>GRS</college><courseInfo code="CS 680 A1"><title>Graduate Intro. to Graphics</title><instructor>Sclaroff</instructor><schedule><days>MW</days><time>6-7:30PM</time><room>CAS 313</room></schedule></courseInfo></course><course><college>GRS</college><courseInfo code="CS 699 G1"><title>TF Teaching Seminar</title><instructor>Gacs</instructor><schedule><days>W</days><time>12-1pm</time><room>MCS 135</room></schedule></courseInfo></course> </bu>