<?xml version="1.0" encoding="UTF-8"?> <caltech> <Course Number="CS                    1(3-4-2) (P/F)"><Title>Introduction to Computation</Title><Instructor>Brantley/Vanier</Instructor><Schedule><Time>MW                    2:00-2:55</Time><Room>22                    Gates</Room></Schedule></Course><Course Number="Ma/CS                    6a(3-0-6)"><Title>Introduction to Discrete Mathematics</Title><Instructor>Berger</Instructor><Schedule><Time>MWF1:00-1:55</Time><Room>159Sloan</Room></Schedule></Course><Course Number="CS                    11(0-3-0)"><Title>Computer Language Shop</Title><Instructor>Brantley/Vanier</Instructor><Schedule><Time>OM,M                    8:00-8:55pm</Time><Room>74                    Jorgensen</Room></Schedule></Course><Course Number="EE/CS/Mu 17a(P/F)"><Title>Projects                    in Music and Science</Title><Instructor>Boyk</Instructor><Schedule><Time>OM,W                    11:00-12:15</Time><Room>2cWinnetCenter</Room></Schedule></Course><Course Number="EE/CS                    53"><Title>Microprocessor Projects Laboratory</Title><Instructor>George</Instructor><Schedule><Time>OM,W4:00-4:55</Time><Room>070Moore</Room></Schedule></Course><Course Number="EE/CS                    54"><Title>Advanced                    Microprocessor Projects Laboratory</Title><Instructor>George</Instructor><Schedule><Time>OM,W                    4:00-4:55</Time><Room>070Moore</Room></Schedule></Course><Course Number="CS/EE/ME 75a(2-0-1)"><Title>Introduction to Multi-Disciplinary Systems                    Engineering(Pending Approval)</Title><Instructor>Murray/Perona/Burdick/Brantley</Instructor><Schedule><Time>OM,M                    7:00pm-7:25pm</Time><Room>102Steele</Room></Schedule></Course><Course Number="EE/CS                    80a(9-0-0) (G)"><Title>Senior                    Thesis</Title><Instructor>PotterWinfree</Instructor><Schedule><Time>A</Time><Room>A</Room></Schedule></Course><Course Number="CS 81a(P/F)"><Title>Undergraduate Laboratory in Computer Science</Title><Instructor>A</Instructor><Schedule><Time>A</Time><Room>A</Room></Schedule></Course><Course Number="CS                    90 (P/F)"><Title>Undergraduate Research in Computer Science</Title><Instructor>MurrayBrantley</Instructor><Schedule><Time>A</Time><Room>A</Room></Schedule></Course><Course Number="EE/CS                    107a(P/F)"><Title>Projects                    in Music and Science</Title><Instructor>Boyk</Instructor><Schedule><Time>OM,W11:00-12:15</Time><Room>2c                    Winnet</Room></Schedule></Course><Course Number="Ma/CS                    117a(3-0-6)"><Title>Computability Theory</Title><Instructor>Rosendal</Instructor><Schedule><Time>TTh11:00-12:25</Time><Room>257Sloan</Room></Schedule></Course><Course Number="CS/EE/Ma 129a(3-0-6)"><Title>Information and Complexity</Title><Instructor>Abu-Mostafa</Instructor><Schedule><Time>MWF 3:00-                    3:55</Time><Room>070Moore</Room></Schedule></Course><Course Number="CS                    134a(3-3-3)"><Title>Computing                    Systems</Title><Instructor>Hickey</Instructor><Schedule><Time>MWF                    3:00-3:55</Time><Room>74                    Jorgensen</Room></Schedule></Course><Course Number="CS/EE                    145a(3-3-3)"><Title>Networking</Title><Instructor>Low</Instructor><Schedule><Time>TTh10:30-11:55</Time><Room>74                    Jorgensen</Room></Schedule></Course><Course Number="EE/CNS/CS 148(3-0-6)"><Title>Selected                    Topics in Computational Vision</Title><Instructor>Perona</Instructor><Schedule><Time>TTh                    10:30-11:55</Time><Room>102Steele</Room></Schedule></Course><Course Number="CS/CNS/EE 156a(3-0-6)"><Title>Learning                    Systems</Title><Instructor>Abu-Mostafa</Instructor><Schedule><Time>TTh                    2:30-3:55</Time><Room>080Moore</Room></Schedule></Course><Course Number="CS/CNS                    171(3-6-3)"><Title>Introduction to Computer Graphics Laboratory</Title><Instructor>Barr</Instructor><Schedule><Time>MWF10:00-10:55</Time><Room>74                    Jorgensen</Room></Schedule></Course><Course Number="CS 180                    (P/F)"><Title>Master&apos;s Thesis Research</Title><Instructor>A</Instructor><Schedule><Time>A</Time><Room>A</Room></Schedule></Course><Course Number="CS/EE                    181a(3-6-3)"><Title>VLSI                    Design Laboratory</Title><Instructor>Martin</Instructor><Schedule><Time>TTh                    1:15-2:45</Time><Room>74                    Jorgensen</Room></Schedule></Course><Course Number="CNS/Bi/Ph/CS 187(3-0-6) (G)"><Title>Neural                    Computation</Title><Instructor>Winfree</Instructor><Schedule><Time>TTh                    10:30-11:55</Time><Room>080Moore</Room></Schedule></Course><Course Number="Ph/CS                    219a(3-0-6)"><Title>Quantum                    Computation</Title><Instructor>Kitaev</Instructor><Schedule><Time>MW                    9:00-10:25</Time><Room>107                    Downs</Room></Schedule></Course><Course Number="CS                    280(P/F)"><Title>Research                    In Computer Science</Title><Instructor>A</Instructor><Schedule><Time>A</Time><Room>A</Room></Schedule></Course><Course Number="CS                    282a(P/F)"><Title>Reading                    in Computer Science</Title><Instructor>A</Instructor><Schedule><Time>A</Time><Room>A</Room></Schedule></Course> </caltech>