<?xml version="1.0" encoding="UTF-8"?> <cmu> <Course><Code>15-721*</Code><Sec>A</Sec><CourseX-Listed>.</CourseX-Listed><CourseTitle>Database System Design and Implementation</CourseTitle><Lecturer>Ailamaki</Lecturer><Room>WeH 4615A</Room><Day>MWF</Day><Time>1:30 - 2:50</Time><Units>12</Units></Course><Course><Code>15-744*</Code><Sec>A</Sec><CourseX-Listed>.</CourseX-Listed><CourseTitle>Computer Networks</CourseTitle><Lecturer>Zhang</Lecturer><Room>WeH 5409</Room><Day>F</Day><Time>1:30 - 4:20</Time><Units>12</Units></Course><Course><Code>15-750*</Code><Sec>A</Sec><CourseX-Listed>.</CourseX-Listed><CourseTitle>Graduate        Algorithms</CourseTitle><Lecturer>M. Blum</Lecturer><Room>WeH 5409</Room><Day>MWF</Day><Time>10:30 - 11:50</Time><Units>12</Units></Course><Course><Code>15-780*</Code><Sec>A</Sec><CourseX-Listed>16-731</CourseX-Listed><CourseTitle>Advanced AI Concepts</CourseTitle><Lecturer>Atkeson</Lecturer><Room>NSH 1305</Room><Day>TR</Day><Time>1:30 - 2:50</Time><Units>12</Units></Course><Course><Code>15-782</Code><Sec>A</Sec><CourseX-Listed>15-496</CourseX-Listed><CourseTitle>Artificial        Neural Networks</CourseTitle><Lecturer>Touretzky</Lecturer><Room>TBA</Room><Day>MW</Day><Time>3:30 - 4:50</Time><Units>12</Units></Course><Course><Code>15-785</Code><Sec>A</Sec><CourseX-Listed>15-485/ 85-485/785</CourseX-Listed><CourseTitle>Computational        Perception and Scene Analysis</CourseTitle><Lecturer>Lewicki</Lecturer><Room>SH 422</Room><Day>TR</Day><Time>3:00 - 4:20</Time><Units>12</Units></Course><Course><Code>15-802</Code><Sec>A</Sec><CourseX-Listed>10-702</CourseX-Listed><CourseTitle>Statistical Approaches to Learning and Discovery</CourseTitle><Lecturer>Lafferty, Wasserman, Seidenfeld</Lecturer><Room>WeH 5409</Room><Day>MW</Day><Time>12 - 1:20</Time><Units>12</Units></Course><Course><Code>15-812*</Code><Sec>A</Sec><CourseX-Listed>.</CourseX-Listed><CourseTitle>Semantics of Programming Languages</CourseTitle><Lecturer>Brookes</Lecturer><Room>WeH 5409</Room><Day>TR</Day><Time>10:30 - 11:50</Time><Units>12</Units></Course><Course><Code>15-815</Code><Sec>A</Sec><CourseX-Listed>.</CourseX-Listed><CourseTitle>Automated Theorem        Proving</CourseTitle><Lecturer>Pfenning</Lecturer><Room>WeH 4601</Room><Day>TR</Day><Time>10:30 - 11:50</Time><Units>12</Units></Course><Course><Code>15-818</Code><Sec>A4</Sec><CourseX-Listed>.</CourseX-Listed><CourseTitle>Separation        Logic</CourseTitle><Lecturer>Reynolds</Lecturer><Room>WeH 4615A</Room><Day>TR</Day><Time>3:00 - 4:20</Time><Units>6</Units></Course><Course><Code>15-819</Code><Sec>B</Sec><CourseX-Listed>.</CourseX-Listed><CourseTitle>Specification and Verification</CourseTitle><Lecturer>Clarke / Reynolds</Lecturer><Room>WeH 4615A</Room><Day>TR</Day><Time>1:30 - 2:50</Time><Units>12</Units></Course><Course><Code>15-820</Code><Sec>A</Sec><CourseX-Listed>.</CourseX-Listed><CourseTitle>Verification of Concurrent, Reactive,  Real-Time Prgrms</CourseTitle><Lecturer>Clarke</Lecturer><Room>WeH 4601</Room><Day>W</Day><Time>3:30 - 4:50</Time><Units>6</Units></Course><Course><Code>15-820</Code><Sec>B</Sec><CourseX-Listed>.</CourseX-Listed><CourseTitle>Seminar in Software Systems: Queueing Theory and Scheduling</CourseTitle><Lecturer>Harchol-Balter</Lecturer><Room>WeH 8220</Room><Day>T</Day><Time>12:00 - 1:50</Time><Units>6</Units></Course><Course><Code>15-829</Code><Sec>F</Sec><CourseX-Listed>18-732</CourseX-Listed><CourseTitle>Secure Software Systems</CourseTitle><Lecturer>Song/Wing</Lecturer><Room>MW               W</Room><Day>12</Day></Course><Course><Code>15-845</Code><Sec>A</Sec><CourseX-Listed>.</CourseX-Listed><CourseTitle>Current Research Issues in Computer Systems</CourseTitle><Lecturer>Steenkiste</Lecturer><Room>WeH 7220</Room><Day>M</Day><Time>12:00 - 1:20</Time><Units>2</Units></Course><Course><Code>15-859</Code><Sec>A</Sec><CourseX-Listed>.</CourseX-Listed><CourseTitle>Advanced Topics in Theory: Machine Learning Theory</CourseTitle><Lecturer>A. Blum</Lecturer><Room>WeH 5409</Room><Day>TR</Day><Time>1:30 - 2:50</Time><Units>12</Units></Course><Course><Code>15-859</Code><Sec>K</Sec><CourseX-Listed>21-801</CourseX-Listed><CourseTitle>Advanced Topics in Theory: Web Structure and Algorithms</CourseTitle><Lecturer>A. Frieze</Lecturer><Room>WeH 4615A</Room><Day>MW</Day><Time>12:00 - 1:20</Time><Units>12</Units></Course><Course><Code>15-864</Code><Sec>A</Sec><CourseX-Listed>.</CourseX-Listed><CourseTitle>Advanced        Computer Graphics</CourseTitle><Lecturer>James</Lecturer><Room>WeH 4615A</Room><Day>TR</Day><Time>10:30 - 11:50</Time><Units>12</Units></Course><Course><Code>15-887*</Code><Sec>A</Sec><CourseX-Listed>16-830</CourseX-Listed><CourseTitle>Planning, Execution and Learning</CourseTitle><Lecturer>Veloso / Simmons</Lecturer><Room>NSH 3002</Room><Day>MW</Day><Time>1:30 - 2:50</Time><Units>12</Units></Course><Course><Code>15-889</Code><Sec>D</Sec><CourseX-Listed>.</CourseX-Listed><CourseTitle>Building Speech        Recognition Systems</CourseTitle><Lecturer>Baker / Reddy / Singh           TBA</Lecturer><Room>TBA</Room><Day>WeH 5324</Day><Time>12</Time></Course><Course><Code>15-899</Code><Sec>B</Sec><CourseX-Listed>.</CourseX-Listed><CourseTitle>Computational Genomics: From Experimental Data to Systems Biology</CourseTitle><Lecturer>Bar-Joseph</Lecturer><Room>WeH 5409</Room><Day>TR</Day><Time>9:00 - 10:20</Time><Units>12</Units></Course><Course><Code>15-998</Code><Sec>A</Sec><CourseX-Listed>.</CourseX-Listed><CourseTitle>Computer Science Practicum Available to CSD PhD Students        Only</CourseTitle><Lecturer>TBA</Lecturer><Room>N/A</Room><Day>N/A</Day><Time>N/A</Time><Units>1-36</Units></Course> </cmu>