<?xml version="1.0" encoding="UTF-8"?> <columbia> <Course Number="COMS              W1001-1"><Title>Introduction To Computers</Title><Credits>3.0</Credits><Instructor>G. Whalen</Instructor><Details><Date>MW</Date><Time>5:40PM - 6:55PM</Time><Location>614 Schermerhorn</Location></Details></Course><Course Number="COMS              W1003-1"><Title>Introduction To Computer Programming In C(Note:              Students must register for a Lab section COMS W1113) [Webpage]</Title><Credits>3.0</Credits><Instructor>J. Parekh</Instructor><Details><Date>Tu</Date><Time>11:00AM-12:15PM</Time><Location>207 Math Bldg</Location></Details></Course><Course Number="COMS              W1004-1"><Title>Introduction To Computer Programming In              Java(Note: Students must register for a Lab section COMS              W1114) [Webpage]</Title><Credits>3.0</Credits><Instructor>J.Parekh</Instructor><Details><Date>Tu</Date><Time>11:00AM-12:15PM</Time><Location>207 Math Bldg</Location></Details></Course><Course Number="COMS              W1007-1"><Title>Introduction To Computer Science</Title><Credits>3.0</Credits><Instructor>A. Cannon</Instructor><Details><Date>TR</Date><Time>2:40PM-3:55PM</Time><Location>833 Mudd</Location></Details></Course><Course Number="COMS              W1007-2"><Title>Introduction To Computer Science</Title><Credits>3.0</Credits><Instructor>A. Cannon</Instructor><Details><Date>TR</Date><Time>11:00AM-12:15PM</Time><Location>702 Hamilton</Location></Details></Course><Course Number="COMS              W1113-1"><Title>Introduction to Computer Science - Progamming in              C</Title><Credits>0.0</Credits><Instructor>J. Parekh</Instructor><Details><Date>Th</Date><Time>9:10AM-10:25AM</Time><Location>407 Math Bldg</Location></Details></Course><Course Number="COMS              W1113-2"><Title>Introduction to Computer Science - Progamming in              C</Title><Credits>0.0</Credits><Instructor>J. Parekh</Instructor><Details><Date>Th</Date><Time>11:00AM-12:15PM</Time><Location>207 Math Bldg</Location></Details></Course><Course Number="COMS              W1114-1"><Title>Introduction to Computer Science - Programming in              Java</Title><Credits>0.0</Credits><Instructor>J. Parekh</Instructor><Details><Date>Th</Date><Time>9:10AM-10:25AM</Time><Location>252 Eng. Terrace</Location></Details></Course><Course Number="COMS              W1114-2"><Title>Introduction to Computer Science - Programming in              Java</Title><Credits>0.0</Credits><Instructor>J. Parekh</Instructor><Details><Date>Th</Date><Time>11:00AM-12:15PM</Time><Location>407 Math Bldg</Location></Details></Course><Course Number="COMS              W1114-3"><Title>Introduction to Computer Science - Programming in              Java</Title><Credits>0.0</Credits><Instructor>J. Parekh</Instructor><Details><Date>W</Date><Time>7:10PM-8:25PM</Time><Location>558 Schermerhorn Hall</Location></Details></Course><Course Number="COMS              W3101-1"><Title>Programming Language ( C )6 weeks              only--1/26 to 3/1 [Webpage]</Title><Credits>1.0</Credits><Instructor>M. Eaddy</Instructor><Details><Date>M</Date><Time>11:00AM-1:00PM</Time><Location>644 Mudd</Location></Details></Course><Course Number="COMS              W3101-2"><Title>Progamming Language ( C++ ) 6 weeks              only--3/8 to 4/12</Title><Credits>1.0</Credits><Instructor>M. Pearl</Instructor><Details><Date>M</Date><Time>11:00AM-1:00PM</Time><Location>644 Mudd</Location></Details></Course><Course Number="COMS              W3101-3"><Title>Programming Language ( JAVA ) 6 weeks              only-- 3/3 to 4/7</Title><Credits>1.0</Credits><Instructor>P. Gross</Instructor><Details><Date>W</Date><Time>11:00AM-1:00PM</Time><Location>327 Mudd</Location></Details></Course><Course Number="COMS              W3133-1"><Title>Data Structures in C</Title><Credits>3.0</Credits><Instructor>G. Creamer</Instructor><Details><Date>MW</Date><Time>4:10PM - 5:25PM</Time><Location>415 CEPSR</Location></Details></Course><Course Number="COMS              W3137-1"><Title>Data Structures and Algorithms in JAVA</Title><Credits>4.0</Credits><Instructor>S. Hershkop</Instructor><Details><Date>MW</Date><Time>2:40PM - 3:55PM</Time><Location>702 Hamilton</Location></Details></Course><Course Number="COMS              W3139-1"><Title>Honors Data Structures  Algorithms in JAVA              [Webpage]</Title><Credits>4.0</Credits><Instructor>P.Allen</Instructor><Details><Date>MW</Date><Time>2:40PM - 3:55PM</Time><Location>410 International Affairs Bldg</Location></Details></Course><Course Number="COMS              W3157-1"><Title>Advanced Programming(Note:- Students must              register for a Lab Section Coms 3257) [Webpage]</Title><Credits>4.0</Credits><Instructor>E. Sklar</Instructor><Details><Date>M</Date><Time>1:10PM - 2:25PM</Time><Location>207 Mathematics</Location></Details></Course><Course Number="COMS              W3203-1"><Title>Discrete Mathematics: Introduction To Combinatorics              and Graph Theory</Title><Credits>3.0</Credits><Instructor>Z. Grunschlag</Instructor><Details><Date>TR</Date><Time>4:10PM-5:25PM</Time><Location>503 Hamilton</Location></Details></Course><Course Number="COMS              W3210-1"><Title>Scientific Computation, I</Title><Credits>3.0</Credits><Instructor>J. Traub</Instructor><Details><Date>TR</Date><Time>1:10PM-2:25PM</Time><Location>833 Mudd</Location></Details></Course><Course Number="COMS              W3257-1"><Title>Advanced Programming (lab)</Title><Credits>0.0</Credits><Instructor>E. Sklar</Instructor><Details><Date>We</Date><Time>12:25PM-2:25PM</Time><Location>CLIC LAB(486 CSB)</Location></Details></Course><Course Number="COMS              W3257-2"><Title>Advanced Programming (lab)</Title><Credits>0.0</Credits><Instructor>E. Sklar</Instructor><Details><Date>We</Date><Time>12:25PM-2:25PM</Time><Location>CLIC LAB(486 CSB)</Location></Details></Course><Course Number="COMS              W3261-1"><Title>Computability and Models of Computation</Title><Credits>3.0</Credits><Instructor>Z. Grunschlag</Instructor><Details><Date>TR</Date><Time>11:00AM-12:15PM</Time><Location>633 Mudd</Location></Details></Course><Course Number="COMS              W3823-1"><Title>Digital logic</Title><Credits>3.0</Credits><Instructor>P. Belhumeur</Instructor><Details><Date>TR</Date><Time>9:30AM - 10:45AM</Time><Location>253 Eng Terrace</Location></Details></Course><Course Number="COMS              W3824-1"><Title>Computer Organization, I</Title><Credits>3.0</Credits><Instructor>S. Unger</Instructor><Details><Date>TR</Date><Time>2:40PM - 3:55PM</Time><Location>633 Mudd</Location></Details></Course><Course Number="COMS              W3998"><Title>Projects in Computer Science (NOTE:              Students must seek Instructor&apos;s approval before signing up for              projects)</Title><Credits>0.0-3.0</Credits><Instructor></Instructor><Details><Date></Date><Time></Time><Location></Location></Details></Course><Course Number="COMS              W4111-1"><Title>Database Systems [Webpage]</Title><Credits>1.0-3.0</Credits><Instructor>K. Ross</Instructor><Details><Date>MW</Date><Time>1:10PM-2:25PM</Time><Location>535 Mudd</Location></Details></Course><Course Number="COMS              W4115-1"><Title>Programming Languages and Translators [Webpage]</Title><Credits>3.0</Credits><Instructor>A. Aho</Instructor><Details><Date>MW</Date><Time>4:10PM-5:25PM</Time><Location>702 Hamilton</Location></Details></Course><Course Number="COMS              W4118-1"><Title>Operating Systems, I</Title><Credits>3.0</Credits><Instructor>A. Keromytis</Instructor><Details><Date>TR</Date><Time>1:10PM-2:25PM</Time><Location>535 Mudd</Location></Details></Course><Course Number="COMS              W4119-1"><Title>Computer Networks</Title><Credits>3.0</Credits><Instructor>Y. Yemini</Instructor><Details><Date>TR</Date><Time>2:40PM-3:55PM</Time><Location>535 Mudd</Location></Details></Course><Course Number="COMS              W4203-1"><Title>Graph Theory</Title><Credits>3.0</Credits><Instructor>J. Gross</Instructor><Details><Date>MW</Date><Time>1:10PM-2:25PM</Time><Location>833 Mudd</Location></Details></Course><Course Number="COMS              W4236-1"><Title>Introduction To Computational Complexity</Title><Credits>3.0</Credits><Instructor>R. Servedio</Instructor><Details><Date>TR</Date><Time>11:00AM-12:15PM</Time><Location>1127 Mudd</Location></Details></Course><Course Number="COMS              W4241-1"><Title>Numerical Algorithms and Complexity, I [Webpage]</Title><Credits>3.0</Credits><Instructor>A. Papageorgiou</Instructor><Details><Date>TR</Date><Time>1:10PM-2:25PM</Time><Location>327 Mudd</Location></Details></Course><Course Number="COMS              W4701-1"><Title>Artificial Intelligence [Webpage]</Title><Credits>3.0</Credits><Instructor>K. McKeown</Instructor><Details><Date>TR</Date><Time>1:10PM-2:25PM</Time><Location>717 Hamilton</Location></Details></Course><Course Number="COMS              W4761-1"><Title>Computational Genomics [Webpage]</Title><Credits>3.0</Credits><Instructor>C. Leslie</Instructor><Details><Date>M</Date><Time>4:10PM - 6:40PM</Time><Location>535 Mudd</Location></Details></Course><Course Number="COMS              W4771-1"><Title>Machine Learning [Webpage]</Title><Credits>3.0</Credits><Instructor>T. Jebara</Instructor><Details><Date>TR</Date><Time>1:10PM-2:25PM</Time><Location>1127 Mudd</Location></Details></Course><Course Number="COMS              W4825-1"><Title>Digital Systems Design</Title><Credits>3.0</Credits><Instructor>S. Unger</Instructor><Details><Date>TR</Date><Time>11:004AM-12:15PM</Time><Location>233 Mudd</Location></Details></Course><Course Number="COMS              W4840-1"><Title>Embedded System Design</Title><Credits>3.0</Credits><Instructor>Stephen Edwards</Instructor><Details><Date>TR</Date><Time>11:00AM - 12:15PM</Time><Location>834 Mudd</Location></Details></Course><Course Number="COMS              W4861-1"><Title>Computer-Aided Design of Digital Systems</Title><Credits>3.0</Credits><Instructor>S. Nowick</Instructor><Details><Date>TR</Date><Time>2:40PM-3:55PM</Time><Location>825 Mudd</Location></Details></Course><Course Number="COMS              E4901"><Title>Projects in Computer Science(NOTE: Student              must seek Instructor&apos;s approval before signing up for project)</Title><Credits>0.0-3.0</Credits><Instructor></Instructor><Details><Date></Date><Time></Time><Location></Location></Details></Course><Course Number="COMS              W4995-1"><Title>Special Topics In Computer Science, I (Quantum              Computing)</Title><Credits>3.0</Credits><Instructor>H. Wozniakowski</Instructor><Details><Date>Th</Date><Time>4:10PM-6:40PM</Time><Location>535 Mudd</Location></Details></Course><Course Number="COMS              W4995-3"><Title>Special Topics In Computer Science, I (Intro To              Innovation (i2i))</Title><Credits>3.0</Credits><Instructor>Y. Yemini</Instructor><Details><Date>Tu</Date><Time>4:10PM-6:00PM</Time><Location>535 Mudd</Location></Details></Course><Course Number="COMS              W4995-4"><Title>Special Topics In Computer Science, I (Math              Foundations Of Machine Learning)</Title><Credits>3.0</Credits><Instructor>Y. Freund</Instructor><Details><Date>W</Date><Time>10:30AM-1:00PM</Time><Location>214 Pupin</Location></Details></Course><Course Number="COMS              E6111-1"><Title>Advanced Database Systems [Webpage]</Title><Credits>3.0</Credits><Instructor>L. Gravano</Instructor><Details><Date>M</Date><Time>6:10PM-8:00PM</Time><Location>1024 Mudd</Location></Details></Course><Course Number="COMS              E6118-1"><Title>Operating Systems, II [Webpage]</Title><Credits>3.0</Credits><Instructor>J. Nieh</Instructor><Details><Date>Tu</Date><Time>12:35PM-2:25PM</Time><Location>825 Mudd</Location></Details></Course><Course Number="COMS              E6125-1"><Title>Web-enhanced Information Management [Webpage]</Title><Credits>3.0</Credits><Instructor>G. Kaiser</Instructor><Details><Date>Th</Date><Time>11:00AM-12:50PM</Time><Location>644 Mudd</Location></Details></Course><Course Number="COMS              E6176-1"><Title>User Interfaces For Mobile and Wearable              Computing [Webpage]</Title><Credits>3.0</Credits><Instructor>S. Feiner</Instructor><Details><Date>R</Date><Time>12:35PM - 2:25PM</Time><Location>825 Mudd</Location></Details></Course><Course Number="COMS              E6180-1"><Title>Modeling and performance evaluation</Title><Credits>3.0</Credits><Instructor>E. Coffman</Instructor><Details><Date>Tu</Date><Time>6:10PM-8:00PM</Time><Location>386 Eng Terrace</Location></Details></Course><Course Number="COMS              84340-1"><Title>Computer Hardware Design</Title><Credits>3.0</Credits><Instructor>K. Shepard</Instructor><Details><Date>MW</Date><Time>5:30PM - 6:45PM</Time><Location>327 Mudd</Location></Details></Course><Course Number="COMS              86717 (Same as ELEN E6717)"><Title>Information Theory</Title><Credits>3.0</Credits><Instructor>V. Misra</Instructor><Details><Date>Mo</Date><Time>4:10PM - 6:00PM</Time><Location>1024 Mudd</Location></Details></Course><Course Number="COMS              E6732"><Title>Advanced Topics in Vision: COMPUTATIONAL            IMAGING</Title><Credits>3.0</Credits><Instructor>S. Nayar</Instructor><Details><Date>Tu</Date><Time>4:10PM - 6:40 PM</Time><Location>453 CSB Conference Room</Location></Details></Course><Course Number="COMS              E6901"><Title>Projects in Computer Science(NOTE: Student              must seek Instructor&apos;s approval before signing up for project)</Title><Credits>0.0-12.0</Credits><Instructor></Instructor><Details><Date></Date><Time></Time><Location></Location></Details></Course><Course Number="COMS              E6998-2"><Title>Advanced Cryptography</Title><Credits>3.0</Credits><Instructor>T. Malkin</Instructor><Details><Date>We</Date><Time>4:10PM-6:00PM</Time><Location>1127 Mudd</Location></Details></Course><Course Number="COMS              E6998-3"><Title>Topics in Computational Vision and Graphics</Title><Credits>3.0</Credits><Instructor>P. Belhumeur</Instructor><Details><Date>Tu</Date><Time>11:00AM-12:50PM</Time><Location>644 Mudd</Location></Details></Course><Course Number="COMS              E6998-4"><Title>Feedback Control of Computing Systems</Title><Credits>3.0</Credits><Instructor>J. Hellerstein</Instructor><Details><Date>Tu</Date><Time>4:10PM - 6:40PM</Time><Location>253 Eng Terrace</Location></Details></Course><Course Number="COMS              E6998-5"><Title>Adv NLP: Speech Research  Technology              [Webpage]</Title><Credits>3.0</Credits><Instructor>J. Hirschberg</Instructor><Details><Date>We</Date><Time>4:10PM - 6:00PM</Time><Location>825 Mudd</Location></Details></Course><Course Number="COMS              E6998-6"><Title>TBD</Title><Credits>3.0</Credits><Instructor>M. Yannakakis</Instructor><Details><Date>Th</Date><Time>4:10PM - 6:00PM</Time><Location>834 Mudd</Location></Details></Course><Course Number="COMS              E6998-7"><Title>Computational Aspect Of Geometrical Design</Title><Credits>3.0</Credits><Instructor>M. Reed</Instructor><Details><Date>Tu</Date><Time>6:10PM - 8:00PM</Time><Location>224 Pupin</Location></Details></Course><Course Number="COMS              E6998-8"><Title>Video Game Engine Technology</Title><Credits>3.0</Credits><Instructor>D. Sturman</Instructor><Details><Date>W</Date><Time>6:10 - 8:00PM</Time><Location>386 Eng Terrace</Location></Details></Course><Course Number="COMS              E6998-9"><Title>Video Game Design</Title><Credits>3.0</Credits><Instructor>B. Yee</Instructor><Details><Date>M</Date><Time>6:10 - 8:00PM</Time><Location>425 Pupin</Location></Details></Course><Course Number="COMS              E6998-10"><Title>Advance Topics: Network Storage Systems [Webpage]</Title><Credits>3.0</Credits><Instructor>K. Magoutis</Instructor><Details><Date>Tu</Date><Time>6:10PM - 8:00PM</Time><Location>327 Mudd</Location></Details></Course><Course Number="COMS              E9910-1"><Title>Graduate Research I (NOTE: Student must              seek Instructor&apos;s approval before signing up for research course)</Title><Credits>0.0-6/0</Credits><Instructor>Only for Terminal MS students</Instructor><Details><Date></Date><Time></Time><Location></Location></Details></Course><Course Number="COMS              E9911-1"><Title>Graduate Research II(NOTE: Student must              seek Instructor&apos;s approval before signing up for research course)</Title><Credits>0.0-15.0</Credits><Instructor>For MS/PhD and PhD students only</Instructor><Details><Date></Date><Time></Time><Location></Location></Details></Course><Course Number="FOR PhD Students              Only (POST-MS): RESI"><Title>RESIDENCE UNIT (RU)</Title><Credits>001</Credits><Instructor>FOR PhD Students Only (POST-MS)</Instructor><Details><Date></Date><Time></Time><Location></Location></Details></Course><Course Number="FOR PhD Students              Only (POST-MS)"><Title>EXTENDED RESIDENCE UNIT: EXRS</Title><Credits>001</Credits><Instructor>FOR PhDs who have completed 6 RUs</Instructor><Details><Date></Date><Time></Time><Location></Location></Details></Course> </columbia>