<?xml version="1.0" encoding="UTF-8"?> <cornell> <Course>130 CREATING WEB DOCUMENTS         3.0 HRS       S/U OR LET</Course><Course>165 COMPUTING IN THE ARTS          3.0 HRS       S/U OR LET</Course><Course>401 APPL SCIENTI COMP WITH MATLAB  1.0 HRS       S/U ONLY</Course><Course>402 SCIENTIFIC VISUAL WITH MATLAB  1.0 HRS       S/U ONLY</Course><Course>409 DATA STRUC  ALGOR FOR COMP SC 4.0 HRS       S/U OR LET</Course><Course>430 INFORMATION DISCOVERY          3.0 HRS       S/U OR LET</Course><Course>490 INDEPENDENT READING  RESEARCH 4.0 VAR HRS   S/U OR LET</Course><Course>490 INDEPENDENT READING  RESEARCH 4.0 VAR HRS   S/U OR LET</Course><Course>490 INDEPENDENT READING  RESEARCH 4.0 VAR HRS   S/U OR LET</Course><Course>515 CULTURE, LAW,  POL OF THE INT 4.0 HRS       S/U OR LET</Course><Course>518 COMPUTER ANIMATION             4.0 VAR HRS   LET ONLY</Course><Course>630 REPRESENT  ACCESS OF DIG INFO 4.0 HRS       S/U OR LET</Course><Course>790 INDEPENDENT RESEARCH           12.0 VAR HRS  S/U OR LET</Course> </cornell>