<?xml version="1.0" encoding="UTF-8"?> <fsu> <Course><Code>CAP4601</Code><Section>03</Section><ReferenceNo>08232</ReferenceNo><Detail><Title>INTRO ARTIFCL INTELL</Title><Instructor>LACHER,              ROBERT C</Instructor><Seats>3</Seats><SeatsOpen>3</SeatsOpen><Bldg><BldgCode>N/A</BldgCode><Room>N/A</Room><Days>N/A</Days><TimeBegin>N/A</TimeBegin><TimeEnd>N/A</TimeEnd><Comments>Leon, Gadsden, Wakulla County              Residents/Online CS DL Majors</Comments></Bldg></Detail></Course><Course><Code>CAP4601</Code><Section>04</Section><ReferenceNo>08233</ReferenceNo><Detail><Title>INTRO ARTIFCL INTELL</Title><Instructor>LACHER,              ROBERT C</Instructor><Seats>3</Seats><SeatsOpen>3</SeatsOpen><Bldg><BldgCode>N/A</BldgCode><Room>N/A</Room><Days>N/A</Days><TimeBegin>N/A</TimeBegin><TimeEnd>N/A</TimeEnd><Comments>Republic of Panama/Online/CS DL              Majors</Comments></Bldg></Detail></Course><Course><Code>CAP4730</Code><Section>01</Section><ReferenceNo>00317</ReferenceNo><Detail><Title>COMPUTER GRAPHICS</Title><Instructor>BANKS,              DAVID C</Instructor><Seats>25</Seats><SeatsOpen>12</SeatsOpen><Bldg><BldgCode>DSL</BldgCode><Room>0499</Room><Days>T R</Days><TimeBegin>02:00 PM</TimeBegin><TimeEnd>03:15 PM</TimeEnd></Bldg></Detail></Course><Course><Code>CAP5615</Code><Section>01</Section><ReferenceNo>06028</ReferenceNo><Detail><Title>ART NEURAL NETWORKS</Title><Instructor>LIU,              XIUWEN</Instructor><Seats>24</Seats><SeatsOpen>18</SeatsOpen><Bldg><BldgCode>LOV</BldgCode><Room>0103</Room><Days>M W</Days><TimeBegin>12:30 PM</TimeBegin><TimeEnd>01:45 PM</TimeEnd></Bldg></Detail></Course><Course><Code>CDA3101</Code><Section>01</Section><ReferenceNo>00357</ReferenceNo><Detail><Title>COMP ORGANIZATION</Title><Instructor>CHANG,              TEHYIN D</Instructor><Seats>30</Seats><SeatsOpen>0</SeatsOpen><Bldg><BldgCode>LOV</BldgCode><Room>0301</Room><Days>M W F</Days><TimeBegin>12:20 PM</TimeBegin><TimeEnd>01:10 PM</TimeEnd><Comments>COLIST WITH CGS5267 01</Comments></Bldg></Detail></Course><Course><Code>CDA3101</Code><Section>02</Section><ReferenceNo>06013</ReferenceNo><Detail><Title>COMP ORGANIZATION</Title><Instructor>CHANG,              TEHYIN D</Instructor><Seats>30</Seats><SeatsOpen>6</SeatsOpen><Bldg><BldgCode>LOV</BldgCode><Room>0301</Room><Days>M W F</Days><TimeBegin>02:30 PM</TimeBegin><TimeEnd>03:20 PM</TimeEnd><Comments>COLIST WITH CGS5267 01</Comments></Bldg></Detail></Course><Course><Code>CDA4150</Code><Section>01</Section><ReferenceNo>00358</ReferenceNo><Detail><Title>COMP ARCHITECTURE</Title><Instructor>TYSON,              GARY S</Instructor><Seats>20</Seats><SeatsOpen>17</SeatsOpen><Bldg><BldgCode>LOV</BldgCode><Room>0103</Room><Days>T R</Days><TimeBegin>02:00 PM</TimeBegin><TimeEnd>03:15 PM</TimeEnd></Bldg></Detail></Course><Course><Code>CDA5155</Code><Section>01</Section><ReferenceNo>00359</ReferenceNo><Detail><Title>COMP ARCHITECTURE</Title><Instructor>WHALLEY,              DAVID B</Instructor><Seats>30</Seats><SeatsOpen>23</SeatsOpen><Bldg><BldgCode>LOV</BldgCode><Room>0103</Room><Days>M W</Days><TimeBegin>08:00 AM</TimeBegin><TimeEnd>09:15 AM</TimeEnd></Bldg></Detail></Course><Course><Code>CEN4010</Code><Section>01</Section><ReferenceNo>00367</ReferenceNo><Detail><Title>SOFTWARE ENGINEERING</Title><Instructor>GAITROS,              DAVID A</Instructor><Seats>30</Seats><SeatsOpen>8</SeatsOpen><Bldg><BldgCode>LOV</BldgCode><Room>0301</Room><Days>M W F</Days><TimeBegin>10:10 AM</TimeBegin><TimeEnd>11:00 AM</TimeEnd></Bldg></Detail></Course><Course><Code>CEN4012</Code><Section>01</Section><ReferenceNo>00368</ReferenceNo><Detail><Title>SOFTWARE ENG. PROJ.</Title><Instructor>STAFF</Instructor><Seats>0</Seats><SeatsOpen>0</SeatsOpen><Bldg><BldgCode>N/A</BldgCode><Room>N/A</Room><Days>N/A</Days><TimeBegin>N/A</TimeBegin><TimeEnd>N/A</TimeEnd><Comments>MUST HAVE PERMISSION</Comments></Bldg></Detail></Course><Course><Code>CEN5035</Code><Section>01</Section><ReferenceNo>00369</ReferenceNo><Detail><Title>SOFTWARE ENGINEERING</Title><Instructor>STAFF</Instructor><Seats>0</Seats><SeatsOpen>0</SeatsOpen><Bldg><BldgCode>N/A</BldgCode><Room>N/A</Room><Days>N/A</Days><TimeBegin>N/A</TimeBegin><TimeEnd>N/A</TimeEnd></Bldg></Detail></Course><Course><Code>CEN5515</Code><Section>01</Section><ReferenceNo>06052</ReferenceNo><Detail><Title>DATA/COMPUTER COMMUN</Title><Instructor>YUAN,              XIN</Instructor><Seats>24</Seats><SeatsOpen>20</SeatsOpen><Bldg><BldgCode>LOV</BldgCode><Room>0103</Room><Days>T R</Days><TimeBegin>03:35 PM</TimeBegin><TimeEnd>04:50 PM</TimeEnd></Bldg></Detail></Course><Course><Code>CGS2000</Code><Section>01</Section><ReferenceNo>00398</ReferenceNo><Detail><Title>COMP LITERACY TSTNG</Title><Instructor>BALDAUF,              KENNETH J</Instructor><Seats>0</Seats><SeatsOpen>0</SeatsOpen><Bldg><BldgCode>N/A</BldgCode><Room>N/A</Room><Days>N/A</Days><TimeBegin>N/A</TimeBegin><TimeEnd>N/A</TimeEnd></Bldg></Detail></Course><Course><Code>CGS2060</Code><Section>01</Section><ReferenceNo>00399</ReferenceNo><Detail><Title>COMPUTER LITERACY</Title><Instructor>BALDAUF,              KENNETH J</Instructor><Seats>24</Seats><SeatsOpen>1</SeatsOpen><Bldg><BldgCode>FLH</BldgCode><Room>0255</Room><Days>M</Days><TimeBegin>03:35 PM</TimeBegin><TimeEnd>04:50 PM</TimeEnd></Bldg></Detail></Course><Course><Code>CGS2060</Code><Section>02</Section><ReferenceNo>05659</ReferenceNo><Detail><Title>COMPUTER LITERACY</Title><Instructor>BALDAUF,              KENNETH J</Instructor><Seats>24</Seats><SeatsOpen>0</SeatsOpen><Bldg><BldgCode>FLH</BldgCode><Room>0255</Room><Days>M</Days><TimeBegin>03:35 PM</TimeBegin><TimeEnd>04:50 PM</TimeEnd></Bldg></Detail></Course><Course><Code>CGS2060</Code><Section>03</Section><ReferenceNo>05660</ReferenceNo><Detail><Title>COMPUTER LITERACY</Title><Instructor>BALDAUF,              KENNETH J</Instructor><Seats>24</Seats><SeatsOpen>0</SeatsOpen><Bldg><BldgCode>FLH</BldgCode><Room>0255</Room><Days>M</Days><TimeBegin>03:35 PM</TimeBegin><TimeEnd>04:50 PM</TimeEnd></Bldg></Detail></Course><Course><Code>CGS2060</Code><Section>04</Section><ReferenceNo>05661</ReferenceNo><Detail><Title>COMPUTER LITERACY</Title><Instructor>BALDAUF,              KENNETH J</Instructor><Seats>24</Seats><SeatsOpen>0</SeatsOpen><Bldg><BldgCode>FLH</BldgCode><Room>0255</Room><Days>M</Days><TimeBegin>03:35 PM</TimeBegin><TimeEnd>04:50 PM</TimeEnd></Bldg></Detail></Course><Course><Code>CGS2060</Code><Section>05</Section><ReferenceNo>05662</ReferenceNo><Detail><Title>COMPUTER LITERACY</Title><Instructor>BALDAUF,              KENNETH J</Instructor><Seats>24</Seats><SeatsOpen>0</SeatsOpen><Bldg><BldgCode>FLH</BldgCode><Room>0255</Room><Days>M</Days><TimeBegin>03:35 PM</TimeBegin><TimeEnd>04:50 PM</TimeEnd></Bldg></Detail></Course><Course><Code>CGS2060</Code><Section>06</Section><ReferenceNo>05663</ReferenceNo><Detail><Title>COMPUTER LITERACY</Title><Instructor>BALDAUF,              KENNETH J</Instructor><Seats>24</Seats><SeatsOpen>0</SeatsOpen><Bldg><BldgCode>FLH</BldgCode><Room>0255</Room><Days>M</Days><TimeBegin>03:35 PM</TimeBegin><TimeEnd>04:50 PM</TimeEnd></Bldg></Detail></Course><Course><Code>CGS2060</Code><Section>07</Section><ReferenceNo>05664</ReferenceNo><Detail><Title>COMPUTER LITERACY</Title><Instructor>BALDAUF,              KENNETH J</Instructor><Seats>24</Seats><SeatsOpen>0</SeatsOpen><Bldg><BldgCode>FLH</BldgCode><Room>0255</Room><Days>M</Days><TimeBegin>03:35 PM</TimeBegin><TimeEnd>04:50 PM</TimeEnd></Bldg></Detail></Course><Course><Code>CGS2060</Code><Section>08</Section><ReferenceNo>05665</ReferenceNo><Detail><Title>COMPUTER LITERACY</Title><Instructor>BALDAUF,              KENNETH J</Instructor><Seats>24</Seats><SeatsOpen>0</SeatsOpen><Bldg><BldgCode>FLH</BldgCode><Room>0255</Room><Days>M</Days><TimeBegin>03:35 PM</TimeBegin><TimeEnd>04:50 PM</TimeEnd></Bldg></Detail></Course><Course><Code>CGS2060</Code><Section>09</Section><ReferenceNo>05666</ReferenceNo><Detail><Title>COMPUTER LITERACY</Title><Instructor>BALDAUF,              KENNETH J</Instructor><Seats>24</Seats><SeatsOpen>0</SeatsOpen><Bldg><BldgCode>FLH</BldgCode><Room>0255</Room><Days>M</Days><TimeBegin>03:35 PM</TimeBegin><TimeEnd>04:50 PM</TimeEnd></Bldg></Detail></Course><Course><Code>CGS2060</Code><Section>10</Section><ReferenceNo>05667</ReferenceNo><Detail><Title>COMPUTER LITERACY</Title><Instructor>BALDAUF,              KENNETH J</Instructor><Seats>24</Seats><SeatsOpen>1</SeatsOpen><Bldg><BldgCode>FLH</BldgCode><Room>0255</Room><Days>M</Days><TimeBegin>03:35 PM</TimeBegin><TimeEnd>04:50 PM</TimeEnd></Bldg></Detail></Course><Course><Code>CGS2060</Code><Section>11</Section><ReferenceNo>05668</ReferenceNo><Detail><Title>COMPUTER LITERACY</Title><Instructor>BALDAUF,              KENNETH J</Instructor><Seats>24</Seats><SeatsOpen>0</SeatsOpen><Bldg><BldgCode>FLH</BldgCode><Room>0255</Room><Days>W</Days><TimeBegin>03:35 PM</TimeBegin><TimeEnd>04:50 PM</TimeEnd></Bldg></Detail></Course><Course><Code>CGS2060</Code><Section>12</Section><ReferenceNo>05669</ReferenceNo><Detail><Title>COMPUTER LITERACY</Title><Instructor>BALDAUF,              KENNETH J</Instructor><Seats>24</Seats><SeatsOpen>0</SeatsOpen><Bldg><BldgCode>FLH</BldgCode><Room>0255</Room><Days>W</Days><TimeBegin>03:35 PM</TimeBegin><TimeEnd>04:50 PM</TimeEnd></Bldg></Detail></Course><Course><Code>CGS2060</Code><Section>13</Section><ReferenceNo>05670</ReferenceNo><Detail><Title>COMPUTER LITERACY</Title><Instructor>BALDAUF,              KENNETH J</Instructor><Seats>24</Seats><SeatsOpen>0</SeatsOpen><Bldg><BldgCode>FLH</BldgCode><Room>0255</Room><Days>W</Days><TimeBegin>03:35 PM</TimeBegin><TimeEnd>04:50 PM</TimeEnd></Bldg></Detail></Course><Course><Code>CGS2060</Code><Section>14</Section><ReferenceNo>05671</ReferenceNo><Detail><Title>COMPUTER LITERACY</Title><Instructor>BALDAUF,              KENNETH J</Instructor><Seats>24</Seats><SeatsOpen>0</SeatsOpen><Bldg><BldgCode>FLH</BldgCode><Room>0255</Room><Days>W</Days><TimeBegin>03:35 PM</TimeBegin><TimeEnd>04:50 PM</TimeEnd></Bldg></Detail></Course><Course><Code>CGS2060</Code><Section>15</Section><ReferenceNo>05672</ReferenceNo><Detail><Title>COMPUTER LITERACY</Title><Instructor>BALDAUF,              KENNETH J</Instructor><Seats>24</Seats><SeatsOpen>0</SeatsOpen><Bldg><BldgCode>FLH</BldgCode><Room>0255</Room><Days>W</Days><TimeBegin>03:35 PM</TimeBegin><TimeEnd>04:50 PM</TimeEnd></Bldg></Detail></Course><Course><Code>CGS2060</Code><Section>16</Section><ReferenceNo>05673</ReferenceNo><Detail><Title>COMPUTER LITERACY</Title><Instructor>BALDAUF,              KENNETH J</Instructor><Seats>24</Seats><SeatsOpen>0</SeatsOpen><Bldg><BldgCode>FLH</BldgCode><Room>0255</Room><Days>W</Days><TimeBegin>03:35 PM</TimeBegin><TimeEnd>04:50 PM</TimeEnd></Bldg></Detail></Course><Course><Code>CGS2060</Code><Section>17</Section><ReferenceNo>05674</ReferenceNo><Detail><Title>COMPUTER LITERACY</Title><Instructor>BALDAUF,              KENNETH J</Instructor><Seats>24</Seats><SeatsOpen>0</SeatsOpen><Bldg><BldgCode>FLH</BldgCode><Room>0255</Room><Days>W</Days><TimeBegin>03:35 PM</TimeBegin><TimeEnd>04:50 PM</TimeEnd></Bldg></Detail></Course><Course><Code>CGS2060</Code><Section>18</Section><ReferenceNo>05675</ReferenceNo><Detail><Title>COMPUTER LITERACY</Title><Instructor>BALDAUF,              KENNETH J</Instructor><Seats>24</Seats><SeatsOpen>0</SeatsOpen><Bldg><BldgCode>FLH</BldgCode><Room>0255</Room><Days>W</Days><TimeBegin>03:35 PM</TimeBegin><TimeEnd>04:50 PM</TimeEnd></Bldg></Detail></Course><Course><Code>CGS2060</Code><Section>19</Section><ReferenceNo>05676</ReferenceNo><Detail><Title>COMPUTER LITERACY</Title><Instructor>BALDAUF,              KENNETH J</Instructor><Seats>24</Seats><SeatsOpen>2</SeatsOpen><Bldg><BldgCode>FLH</BldgCode><Room>0255</Room><Days>W</Days><TimeBegin>03:35 PM</TimeBegin><TimeEnd>04:50 PM</TimeEnd></Bldg></Detail></Course><Course><Code>CGS2060</Code><Section>20</Section><ReferenceNo>05677</ReferenceNo><Detail><Title>COMPUTER LITERACY</Title><Instructor>BALDAUF,              KENNETH J</Instructor><Seats>24</Seats><SeatsOpen>0</SeatsOpen><Bldg><BldgCode>FLH</BldgCode><Room>0255</Room><Days>W</Days><TimeBegin>03:35 PM</TimeBegin><TimeEnd>04:50 PM</TimeEnd></Bldg></Detail></Course><Course><Code>CGS2060</Code><Section>21</Section><ReferenceNo>05682</ReferenceNo><Detail><Title>COMPUTER LITERACY</Title><Instructor>BALDAUF,              KENNETH J</Instructor><Seats>0</Seats><SeatsOpen>0</SeatsOpen><Bldg><BldgCode>FLH</BldgCode><Room>0255</Room><Days>W</Days><TimeBegin>05:15 PM</TimeBegin><TimeEnd>06:30 PM</TimeEnd></Bldg></Detail></Course><Course><Code>CGS2060</Code><Section>22</Section><ReferenceNo>05683</ReferenceNo><Detail><Title>COMPUTER LITERACY</Title><Instructor>BALDAUF,              KENNETH J</Instructor><Seats>0</Seats><SeatsOpen>0</SeatsOpen><Bldg><BldgCode>FLH</BldgCode><Room>0255</Room><Days>W</Days><TimeBegin>05:15 PM</TimeBegin><TimeEnd>06:30 PM</TimeEnd></Bldg></Detail></Course><Course><Code>CGS2060</Code><Section>23</Section><ReferenceNo>05684</ReferenceNo><Detail><Title>COMPUTER LITERACY</Title><Instructor>BALDAUF,              KENNETH J</Instructor><Seats>0</Seats><SeatsOpen>0</SeatsOpen><Bldg><BldgCode>FLH</BldgCode><Room>0255</Room><Days>W</Days><TimeBegin>05:15 PM</TimeBegin><TimeEnd>06:30 PM</TimeEnd></Bldg></Detail></Course><Course><Code>CGS2060</Code><Section>24</Section><ReferenceNo>05685</ReferenceNo><Detail><Title>COMPUTER LITERACY</Title><Instructor>BALDAUF,              KENNETH J</Instructor><Seats>0</Seats><SeatsOpen>0</SeatsOpen><Bldg><BldgCode>FLH</BldgCode><Room>0255</Room><Days>W</Days><TimeBegin>05:15 PM</TimeBegin><TimeEnd>06:30 PM</TimeEnd></Bldg></Detail></Course><Course><Code>CGS2060</Code><Section>25</Section><ReferenceNo>05686</ReferenceNo><Detail><Title>COMPUTER LITERACY</Title><Instructor>BALDAUF,              KENNETH J</Instructor><Seats>0</Seats><SeatsOpen>0</SeatsOpen><Bldg><BldgCode>FLH</BldgCode><Room>0255</Room><Days>W</Days><TimeBegin>05:15 PM</TimeBegin><TimeEnd>06:30 PM</TimeEnd></Bldg></Detail></Course><Course><Code>CGS2060</Code><Section>26</Section><ReferenceNo>05687</ReferenceNo><Detail><Title>COMPUTER LITERACY</Title><Instructor>BALDAUF,              KENNETH J</Instructor><Seats>0</Seats><SeatsOpen>0</SeatsOpen><Bldg><BldgCode>FLH</BldgCode><Room>0255</Room><Days>W</Days><TimeBegin>05:15 PM</TimeBegin><TimeEnd>06:30 PM</TimeEnd></Bldg></Detail></Course><Course><Code>CGS2060</Code><Section>27</Section><ReferenceNo>05688</ReferenceNo><Detail><Title>COMPUTER LITERACY</Title><Instructor>BALDAUF,              KENNETH J</Instructor><Seats>0</Seats><SeatsOpen>0</SeatsOpen><Bldg><BldgCode>FLH</BldgCode><Room>0255</Room><Days>W</Days><TimeBegin>05:15 PM</TimeBegin><TimeEnd>06:30 PM</TimeEnd></Bldg></Detail></Course><Course><Code>CGS2060</Code><Section>28</Section><ReferenceNo>05689</ReferenceNo><Detail><Title>COMPUTER LITERACY</Title><Instructor>BALDAUF,              KENNETH J</Instructor><Seats>0</Seats><SeatsOpen>0</SeatsOpen><Bldg><BldgCode>FLH</BldgCode><Room>0255</Room><Days>W</Days><TimeBegin>05:15 PM</TimeBegin><TimeEnd>06:30 PM</TimeEnd></Bldg></Detail></Course><Course><Code>CGS2060</Code><Section>29</Section><ReferenceNo>10194</ReferenceNo><Detail><Title>COMP LIT WEBBASED</Title><Instructor>BALDAUF,              KENNETH J</Instructor><Seats>0</Seats><SeatsOpen>0</SeatsOpen><Bldg><BldgCode>N/A</BldgCode><Room>N/A</Room><Days>N/A</Days><TimeBegin>N/A</TimeBegin><TimeEnd>N/A</TimeEnd><Comments>GO TO HTTP://LIT.CS.FSU.EDU</Comments></Bldg></Detail></Course><Course><Code>CGS2100</Code><Section>01</Section><ReferenceNo>00400</ReferenceNo><Detail><Title>MICRO APPL FOR BS/EC</Title><Instructor>MUHAMMAD,              JEAN A</Instructor><Seats>24</Seats><SeatsOpen>1</SeatsOpen><Bldg><BldgCode>FLH</BldgCode><Room>0255</Room><Days>T</Days><TimeBegin>03:35 PM</TimeBegin><TimeEnd>04:50 PM</TimeEnd></Bldg></Detail></Course><Course><Code>CGS2100</Code><Section>02</Section><ReferenceNo>05640</ReferenceNo><Detail><Title>MICRO APPL FOR BS/EC</Title><Instructor>MUHAMMAD,              JEAN A</Instructor><Seats>24</Seats><SeatsOpen>0</SeatsOpen><Bldg><BldgCode>FLH</BldgCode><Room>0255</Room><Days>T</Days><TimeBegin>03:35 PM</TimeBegin><TimeEnd>04:50 PM</TimeEnd></Bldg></Detail></Course><Course><Code>CGS2100</Code><Section>03</Section><ReferenceNo>05641</ReferenceNo><Detail><Title>MICRO APPL FOR BS/EC</Title><Instructor>MUHAMMAD,              JEAN A</Instructor><Seats>24</Seats><SeatsOpen>0</SeatsOpen><Bldg><BldgCode>FLH</BldgCode><Room>0255</Room><Days>T</Days><TimeBegin>03:35 PM</TimeBegin><TimeEnd>04:50 PM</TimeEnd></Bldg></Detail></Course><Course><Code>CGS2100</Code><Section>04</Section><ReferenceNo>05642</ReferenceNo><Detail><Title>MICRO APPL FOR BS/EC</Title><Instructor>MUHAMMAD,              JEAN A</Instructor><Seats>24</Seats><SeatsOpen>0</SeatsOpen><Bldg><BldgCode>FLH</BldgCode><Room>0255</Room><Days>T</Days><TimeBegin>03:35 PM</TimeBegin><TimeEnd>04:50 PM</TimeEnd></Bldg></Detail></Course><Course><Code>CGS2100</Code><Section>05</Section><ReferenceNo>05643</ReferenceNo><Detail><Title>MICRO APPL FOR BS/EC</Title><Instructor>MUHAMMAD,              JEAN A</Instructor><Seats>24</Seats><SeatsOpen>0</SeatsOpen><Bldg><BldgCode>FLH</BldgCode><Room>0255</Room><Days>T</Days><TimeBegin>03:35 PM</TimeBegin><TimeEnd>04:50 PM</TimeEnd></Bldg></Detail></Course><Course><Code>CGS2100</Code><Section>06</Section><ReferenceNo>05644</ReferenceNo><Detail><Title>MICRO APPL FOR BS/EC</Title><Instructor>MUHAMMAD,              JEAN A</Instructor><Seats>24</Seats><SeatsOpen>0</SeatsOpen><Bldg><BldgCode>FLH</BldgCode><Room>0255</Room><Days>T</Days><TimeBegin>03:35 PM</TimeBegin><TimeEnd>04:50 PM</TimeEnd></Bldg></Detail></Course><Course><Code>CGS2100</Code><Section>07</Section><ReferenceNo>05645</ReferenceNo><Detail><Title>MICRO APPL FOR BS/EC</Title><Instructor>MUHAMMAD,              JEAN A</Instructor><Seats>24</Seats><SeatsOpen>0</SeatsOpen><Bldg><BldgCode>FLH</BldgCode><Room>0255</Room><Days>T</Days><TimeBegin>03:35 PM</TimeBegin><TimeEnd>04:50 PM</TimeEnd></Bldg></Detail></Course><Course><Code>CGS2100</Code><Section>08</Section><ReferenceNo>05646</ReferenceNo><Detail><Title>MICRO APPL FOR BS/EC</Title><Instructor>MUHAMMAD,              JEAN A</Instructor><Seats>24</Seats><SeatsOpen>0</SeatsOpen><Bldg><BldgCode>FLH</BldgCode><Room>0255</Room><Days>T</Days><TimeBegin>03:35 PM</TimeBegin><TimeEnd>04:50 PM</TimeEnd></Bldg></Detail></Course><Course><Code>CGS2100</Code><Section>09</Section><ReferenceNo>05647</ReferenceNo><Detail><Title>MICRO APPL FOR BS/EC</Title><Instructor>MUHAMMAD,              JEAN A</Instructor><Seats>24</Seats><SeatsOpen>10</SeatsOpen><Bldg><BldgCode>FLH</BldgCode><Room>0255</Room><Days>T</Days><TimeBegin>03:35 PM</TimeBegin><TimeEnd>04:50 PM</TimeEnd></Bldg></Detail></Course><Course><Code>CGS2100</Code><Section>10</Section><ReferenceNo>05648</ReferenceNo><Detail><Title>MICRO APPL FOR BS/EC</Title><Instructor>MUHAMMAD,              JEAN A</Instructor><Seats>24</Seats><SeatsOpen>18</SeatsOpen><Bldg><BldgCode>FLH</BldgCode><Room>0255</Room><Days>T</Days><TimeBegin>03:35 PM</TimeBegin><TimeEnd>04:50 PM</TimeEnd></Bldg></Detail></Course><Course><Code>CGS2100</Code><Section>11</Section><ReferenceNo>05649</ReferenceNo><Detail><Title>MICRO APPL FOR BS/EC</Title><Instructor>MUHAMMAD,              JEAN A</Instructor><Seats>24</Seats><SeatsOpen>2</SeatsOpen><Bldg><BldgCode>MCH</BldgCode><Room>0302</Room><Days>W</Days><TimeBegin>09:30 AM</TimeBegin><TimeEnd>10:45 AM</TimeEnd></Bldg></Detail></Course><Course><Code>CGS2100</Code><Section>12</Section><ReferenceNo>05650</ReferenceNo><Detail><Title>MICRO APPL FOR BS/EC</Title><Instructor>MUHAMMAD,              JEAN A</Instructor><Seats>24</Seats><SeatsOpen>0</SeatsOpen><Bldg><BldgCode>MCH</BldgCode><Room>0302</Room><Days>W</Days><TimeBegin>11:00 AM</TimeBegin><TimeEnd>12:15 PM</TimeEnd></Bldg></Detail></Course><Course><Code>CGS2100</Code><Section>13</Section><ReferenceNo>05651</ReferenceNo><Detail><Title>MICRO APPL FOR BS/EC</Title><Instructor>MUHAMMAD,              JEAN A</Instructor><Seats>24</Seats><SeatsOpen>0</SeatsOpen><Bldg><BldgCode>MCH</BldgCode><Room>0302</Room><Days>W</Days><TimeBegin>12:30 PM</TimeBegin><TimeEnd>01:45 PM</TimeEnd></Bldg></Detail></Course><Course><Code>CGS2100</Code><Section>14</Section><ReferenceNo>05652</ReferenceNo><Detail><Title>MICRO APPL FOR BS/EC</Title><Instructor>MUHAMMAD,              JEAN A</Instructor><Seats>24</Seats><SeatsOpen>0</SeatsOpen><Bldg><BldgCode>MCH</BldgCode><Room>0302</Room><Days>W</Days><TimeBegin>02:00 PM</TimeBegin><TimeEnd>03:45 PM</TimeEnd></Bldg></Detail></Course><Course><Code>CGS2100</Code><Section>15</Section><ReferenceNo>05653</ReferenceNo><Detail><Title>MICRO APPL FOR BS/EC</Title><Instructor>MUHAMMAD,              JEAN A</Instructor><Seats>24</Seats><SeatsOpen>0</SeatsOpen><Bldg><BldgCode>MCH</BldgCode><Room>0302</Room><Days>W</Days><TimeBegin>05:15 PM</TimeBegin><TimeEnd>06:30 PM</TimeEnd></Bldg></Detail></Course><Course><Code>CGS2100</Code><Section>16</Section><ReferenceNo>05654</ReferenceNo><Detail><Title>MICRO APPL FOR BS/EC</Title><Instructor>MUHAMMAD,              JEAN A</Instructor><Seats>24</Seats><SeatsOpen>0</SeatsOpen><Bldg><BldgCode>MCH</BldgCode><Room>0302</Room><Days>W</Days><TimeBegin>06:45 PM</TimeBegin><TimeEnd>08:00 PM</TimeEnd></Bldg></Detail></Course><Course><Code>CGS2100</Code><Section>17</Section><ReferenceNo>05655</ReferenceNo><Detail><Title>MICRO APPL FOR BS/EC</Title><Instructor>MUHAMMAD,              JEAN A</Instructor><Seats>24</Seats><SeatsOpen>18</SeatsOpen><Bldg><BldgCode>MCH</BldgCode><Room>0302</Room><Days>W</Days><TimeBegin>08:15 PM</TimeBegin><TimeEnd>09:30 PM</TimeEnd></Bldg></Detail></Course><Course><Code>CGS2100</Code><Section>18</Section><ReferenceNo>05656</ReferenceNo><Detail><Title>MICRO APPL FOR BS/EC</Title><Instructor>MUHAMMAD,              JEAN A</Instructor><Seats>24</Seats><SeatsOpen>22</SeatsOpen><Bldg><BldgCode>FLH</BldgCode><Room>0255</Room><Days>R</Days><TimeBegin>03:35 PM</TimeBegin><TimeEnd>04:50 PM</TimeEnd></Bldg></Detail></Course><Course><Code>CGS2100</Code><Section>19</Section><ReferenceNo>05657</ReferenceNo><Detail><Title>MICRO APPL FOR BS/EC</Title><Instructor>MUHAMMAD,              JEAN A</Instructor><Seats>24</Seats><SeatsOpen>17</SeatsOpen><Bldg><BldgCode>FLH</BldgCode><Room>0255</Room><Days>R</Days><TimeBegin>03:35 PM</TimeBegin><TimeEnd>04:50 PM</TimeEnd></Bldg></Detail></Course><Course><Code>CGS2100</Code><Section>20</Section><ReferenceNo>05658</ReferenceNo><Detail><Title>MICRO APPL FOR BS/EC</Title><Instructor>MUHAMMAD,              JEAN A</Instructor><Seats>24</Seats><SeatsOpen>7</SeatsOpen><Bldg><BldgCode>FLH</BldgCode><Room>0255</Room><Days>R</Days><TimeBegin>03:35 PM</TimeBegin><TimeEnd>04:50 PM</TimeEnd></Bldg></Detail></Course><Course><Code>CGS2100</Code><Section>21</Section><ReferenceNo>10195</ReferenceNo><Detail><Title>MICRO APPS WEBBASED</Title><Instructor>BALDAUF,              KENNETH J</Instructor><Seats>0</Seats><SeatsOpen>0</SeatsOpen><Bldg><BldgCode>N/A</BldgCode><Room>N/A</Room><Days>N/A</Days><TimeBegin>N/A</TimeBegin><TimeEnd>N/A</TimeEnd><Comments>GO TO HTTP://LIT.CS.FSU.EDU</Comments></Bldg></Detail></Course><Course><Code>CGS3066</Code><Section>01</Section><ReferenceNo>00401</ReferenceNo><Detail><Title>INTRO/INTERNET TECH</Title><Instructor>STAFF</Instructor><Seats>24</Seats><SeatsOpen>18</SeatsOpen><Bldg><BldgCode>MCH</BldgCode><Room>0128</Room><Days>M W F</Days><TimeBegin>10:10 AM</TimeBegin><TimeEnd>11:00 AM</TimeEnd><Comments>COMMUNITY SERVICE REQUIRE</Comments></Bldg></Detail></Course><Course><Code>CGS3408</Code><Section>01</Section><ReferenceNo>00403</ReferenceNo><Detail><Title>C FOR NONSPECIALISTS</Title><Instructor>FORD,              ANN R</Instructor><Seats>24</Seats><SeatsOpen>19</SeatsOpen><Bldg><BldgCode>MCH</BldgCode><Room>0128</Room><Days>M</Days><TimeBegin>08:00 AM</TimeBegin><TimeEnd>08:50 AM</TimeEnd><Comments>For majors.</Comments></Bldg></Detail></Course><Course><Code>CGS3408</Code><Section>02</Section><ReferenceNo>05789</ReferenceNo><Detail><Title>C FOR NONSPECIALISTS</Title><Instructor>FORD,              ANN R</Instructor><Seats>24</Seats><SeatsOpen>4</SeatsOpen><Bldg><BldgCode>MCH</BldgCode><Room>0128</Room><Days>M</Days><TimeBegin>09:05 AM</TimeBegin><TimeEnd>09:55 AM</TimeEnd><Comments>For majors.</Comments></Bldg></Detail></Course><Course><Code>CGS3408</Code><Section>03</Section><ReferenceNo>05790</ReferenceNo><Detail><Title>C FOR NONSPECIALISTS</Title><Instructor>FORD,              ANN R</Instructor><Seats>24</Seats><SeatsOpen>1</SeatsOpen><Bldg><BldgCode>MCH</BldgCode><Room>0128</Room><Days>M</Days><TimeBegin>11:15 AM</TimeBegin><TimeEnd>12:05 PM</TimeEnd><Comments>For majors.</Comments></Bldg></Detail></Course><Course><Code>CGS3408</Code><Section>04</Section><ReferenceNo>05791</ReferenceNo><Detail><Title>C FOR NONSPECIALISTS</Title><Instructor>FORD,              ANN R</Instructor><Seats>24</Seats><SeatsOpen>1</SeatsOpen><Bldg><BldgCode>MCH</BldgCode><Room>0128</Room><Days>M</Days><TimeBegin>12:20 PM</TimeBegin><TimeEnd>01:10 PM</TimeEnd><Comments>For majors.</Comments></Bldg></Detail></Course><Course><Code>CGS3408</Code><Section>05</Section><ReferenceNo>05792</ReferenceNo><Detail><Title>C FOR NONSPECIALISTS</Title><Instructor>FORD,              ANN R</Instructor><Seats>24</Seats><SeatsOpen>9</SeatsOpen><Bldg><BldgCode>CAR</BldgCode><Room>0101</Room><Days>T R</Days><TimeBegin>02:00 PM</TimeBegin><TimeEnd>03:15 PM</TimeEnd><Comments>Non-Majors</Comments></Bldg></Detail></Course><Course><Code>CGS3408</Code><Section>06</Section><ReferenceNo>05793</ReferenceNo><Detail><Title>C FOR NONSPECIALISTS</Title><Instructor>FORD,              ANN R</Instructor><Seats>24</Seats><SeatsOpen>13</SeatsOpen><Bldg><BldgCode>CAR</BldgCode><Room>0101</Room><Days>T R</Days><TimeBegin>02:00 PM</TimeBegin><TimeEnd>03:15 PM</TimeEnd><Comments>Non-Majors</Comments></Bldg></Detail></Course><Course><Code>CGS3408</Code><Section>07</Section><ReferenceNo>05794</ReferenceNo><Detail><Title>C FOR NONSPECIALISTS</Title><Instructor>FORD,              ANN R</Instructor><Seats>24</Seats><SeatsOpen>13</SeatsOpen><Bldg><BldgCode>CAR</BldgCode><Room>0101</Room><Days>T R</Days><TimeBegin>02:00 PM</TimeBegin><TimeEnd>03:15 PM</TimeEnd><Comments>Non-Majors</Comments></Bldg></Detail></Course><Course><Code>CGS3408</Code><Section>08</Section><ReferenceNo>05795</ReferenceNo><Detail><Title>C FOR NONSPECIALISTS</Title><Instructor>FORD,              ANN R</Instructor><Seats>24</Seats><SeatsOpen>15</SeatsOpen><Bldg><BldgCode>CAR</BldgCode><Room>0101</Room><Days>T R</Days><TimeBegin>02:00 PM</TimeBegin><TimeEnd>03:15 PM</TimeEnd><Comments>Non-Majors</Comments></Bldg></Detail></Course><Course><Code>CGS3408</Code><Section>09</Section><ReferenceNo>05803</ReferenceNo><Detail><Title>C FOR NONSPECIALISTS</Title><Instructor>FORD,              ANN R</Instructor><Seats>24</Seats><SeatsOpen>0</SeatsOpen><Bldg><BldgCode>CAR</BldgCode><Room>0101</Room><Days>T R</Days><TimeBegin>02:00 PM</TimeBegin><TimeEnd>03:15 PM</TimeEnd><Comments>Non-Majors</Comments></Bldg></Detail></Course><Course><Code>CGS3408</Code><Section>10</Section><ReferenceNo>05804</ReferenceNo><Detail><Title>C FOR NONSPECIALISTS</Title><Instructor>FORD,              ANN R</Instructor><Seats>24</Seats><SeatsOpen>20</SeatsOpen><Bldg><BldgCode>CAR</BldgCode><Room>0101</Room><Days>T R</Days><TimeBegin>02:00 PM</TimeBegin><TimeEnd>03:15 PM</TimeEnd><Comments>Non-Majors</Comments></Bldg></Detail></Course><Course><Code>CGS3408</Code><Section>11</Section><ReferenceNo>05805</ReferenceNo><Detail><Title>C FOR NONSPECIALISTS</Title><Instructor>FORD,              ANN R</Instructor><Seats>24</Seats><SeatsOpen>21</SeatsOpen><Bldg><BldgCode>CAR</BldgCode><Room>0101</Room><Days>T R</Days><TimeBegin>02:00 PM</TimeBegin><TimeEnd>03:15 PM</TimeEnd><Comments>Non-Majors</Comments></Bldg></Detail></Course><Course><Code>CGS3460</Code><Section>01</Section><ReferenceNo>00404</ReferenceNo><Detail><Title>FORTRAN/NON SPCLSTS</Title><Instructor>STAFF</Instructor><Seats>0</Seats><SeatsOpen>0</SeatsOpen><Bldg><BldgCode>LOV</BldgCode><Room>0301</Room><Days>M W</Days><TimeBegin>03:35 PM</TimeBegin><TimeEnd>04:50 PM</TimeEnd></Bldg></Detail></Course><Course><Code>CGS3460</Code><Section>02</Section><ReferenceNo>10007</ReferenceNo><Detail><Title>FORTRAN/NON SPCLSTS</Title><Instructor>STAFF</Instructor><Seats>24</Seats><SeatsOpen>18</SeatsOpen><Bldg><BldgCode>LOV</BldgCode><Room>0103</Room><Days>M W</Days><TimeBegin>06:45 PM</TimeBegin><TimeEnd>08:00 PM</TimeEnd></Bldg></Detail></Course><Course><Code>CGS4406</Code><Section>01</Section><ReferenceNo>00406</ReferenceNo><Detail><Title>OBJ ORNT PROG IN C++</Title><Instructor>MYERS,              ROBERT L</Instructor><Seats>21</Seats><SeatsOpen>12</SeatsOpen><Bldg><BldgCode>MCH</BldgCode><Room>0303</Room><Days>M W</Days><TimeBegin>03:35 PM</TimeBegin><TimeEnd>04:50 PM</TimeEnd></Bldg></Detail></Course><Course><Code>CGS4406</Code><Section>02</Section><ReferenceNo>05725</ReferenceNo><Detail><Title>OBJ ORNT PROG IN C++</Title><Instructor>MYERS,              ROBERT L</Instructor><Seats>21</Seats><SeatsOpen>4</SeatsOpen><Bldg><BldgCode>MCH</BldgCode><Room>0303</Room><Days>M W</Days><TimeBegin>03:35 PM</TimeBegin><TimeEnd>04:50 PM</TimeEnd></Bldg></Detail></Course><Course><Code>CGS4406</Code><Section>03</Section><ReferenceNo>05726</ReferenceNo><Detail><Title>OBJ ORNT PROG IN C++</Title><Instructor>MYERS,              ROBERT L</Instructor><Seats>21</Seats><SeatsOpen>13</SeatsOpen><Bldg><BldgCode>MCH</BldgCode><Room>0303</Room><Days>M W</Days><TimeBegin>03:35 PM</TimeBegin><TimeEnd>04:50 PM</TimeEnd></Bldg></Detail></Course><Course><Code>CGS4406</Code><Section>04</Section><ReferenceNo>05745</ReferenceNo><Detail><Title>OBJ ORNT PROG IN C++</Title><Instructor>MYERS,              ROBERT L</Instructor><Seats>24</Seats><SeatsOpen>15</SeatsOpen><Bldg><BldgCode>LOV</BldgCode><Room>0101</Room><Days>M W</Days><TimeBegin>05:15 PM</TimeBegin><TimeEnd>06:30 PM</TimeEnd></Bldg></Detail></Course><Course><Code>CGS4406</Code><Section>05</Section><ReferenceNo>05746</ReferenceNo><Detail><Title>OBJ ORNT PROG IN C++</Title><Instructor>MYERS,              ROBERT L</Instructor><Seats>24</Seats><SeatsOpen>20</SeatsOpen><Bldg><BldgCode>LOV</BldgCode><Room>0101</Room><Days>M W</Days><TimeBegin>05:15 PM</TimeBegin><TimeEnd>06:30 PM</TimeEnd></Bldg></Detail></Course><Course><Code>CGS4406</Code><Section>06</Section><ReferenceNo>05747</ReferenceNo><Detail><Title>OBJ ORNT PROG IN C++</Title><Instructor>MYERS,              ROBERT L</Instructor><Seats>24</Seats><SeatsOpen>21</SeatsOpen><Bldg><BldgCode>LOV</BldgCode><Room>0101</Room><Days>M W</Days><TimeBegin>05:15 PM</TimeBegin><TimeEnd>06:30 PM</TimeEnd></Bldg></Detail></Course><Course><Code>CGS4406</Code><Section>07</Section><ReferenceNo>05748</ReferenceNo><Detail><Title>OBJ ORNT PROG IN C++</Title><Instructor>MYERS,              ROBERT L</Instructor><Seats>24</Seats><SeatsOpen>19</SeatsOpen><Bldg><BldgCode>LOV</BldgCode><Room>0101</Room><Days>M W</Days><TimeBegin>05:15 PM</TimeBegin><TimeEnd>06:30 PM</TimeEnd></Bldg></Detail></Course><Course><Code>CGS4406</Code><Section>08</Section><ReferenceNo>05749</ReferenceNo><Detail><Title>OBJ ORNT PROG IN C++</Title><Instructor>MYERS,              ROBERT L</Instructor><Seats>0</Seats><SeatsOpen>0</SeatsOpen><Bldg><BldgCode>N/A</BldgCode><Room>N/A</Room><Days>N/A</Days><TimeBegin>N/A</TimeBegin><TimeEnd>N/A</TimeEnd></Bldg></Detail></Course><Course><Code>CGS5267</Code><Section>01</Section><ReferenceNo>00408</ReferenceNo><Detail><Title>PRIN OF COMP ORG</Title><Instructor>AGGARWAL,              SUDHIR</Instructor><Seats>7</Seats><SeatsOpen>7</SeatsOpen><Bldg><BldgCode>LOV</BldgCode><Room>0301</Room><Days>M W F</Days><TimeBegin>12:20 PM</TimeBegin><TimeEnd>01:10 PM</TimeEnd><Comments>Recitation Wednesday              11:15-12:05a.m. 30l Love</Comments></Bldg></Detail></Course><Course><Code>CGS5267</Code><Section>02</Section><ReferenceNo>08208</ReferenceNo><Detail><Title>PRINC OF COMP ORG</Title><Instructor>AGGARWAL,              SUDHIR</Instructor><Seats>7</Seats><SeatsOpen>7</SeatsOpen><Bldg><BldgCode>LOV</BldgCode><Room>0301</Room><Days>M W F</Days><TimeBegin>02:30 PM</TimeBegin><TimeEnd>03:20 PM</TimeEnd><Comments>Recitation Wednesday              9:05-9:55a.m. 301 Love</Comments></Bldg></Detail></Course><Course><Code>CGS5409</Code><Section>01</Section><ReferenceNo>*****</ReferenceNo><Detail><Title>OOP C++ NONMAJORS</Title><Instructor>AGGARWAL,              SUDHIR</Instructor><Seats>3</Seats><SeatsOpen>3</SeatsOpen><Bldg><BldgCode>N/A</BldgCode><Room>N/A</Room><Days>N/A</Days><TimeBegin>N/A</TimeBegin><TimeEnd>N/A</TimeEnd><Comments>Meet with CGS4406-01 M W              3:35-4:50p.m., MCH 303, T 9:30-10:45a.m. MCH 128</Comments></Bldg></Detail></Course><Course><Code>CGS5409</Code><Section>02</Section><ReferenceNo>*****</ReferenceNo><Detail><Title>OOP C++ NONMAJORS</Title><Instructor>AGGARWAL,              SUDHIR</Instructor><Seats>3</Seats><SeatsOpen>3</SeatsOpen><Bldg><BldgCode>N/A</BldgCode><Room>N/A</Room><Days>N/A</Days><TimeBegin>N/A</TimeBegin><TimeEnd>N/A</TimeEnd><Comments>Meet with CGS4406-02, M W              3:35-4:50p.m., MCH 303, T 11:00-12:15p.m. MCH 128</Comments></Bldg></Detail></Course><Course><Code>CGS5409</Code><Section>03</Section><ReferenceNo>*****</ReferenceNo><Detail><Title>OOP C++ NONMAJORS</Title><Instructor>AGGARWAL,              SUDHIR</Instructor><Seats>3</Seats><SeatsOpen>3</SeatsOpen><Bldg><BldgCode>N/A</BldgCode><Room>N/A</Room><Days>N/A</Days><TimeBegin>N/A</TimeBegin><TimeEnd>N/A</TimeEnd><Comments>Meet with CGS4406-03, M W              3:35-4:50p.m. MCH 303, T 12:30-1:45p.m. MCH 128</Comments></Bldg></Detail></Course><Course><Code>CGS5425</Code><Section>01</Section><ReferenceNo>00409</ReferenceNo><Detail><Title>DATA STR ALG GEN PRO</Title><Instructor>SRINIVASAN,              ASHOK</Instructor><Seats>3</Seats><SeatsOpen>3</SeatsOpen><Bldg><BldgCode>LOV</BldgCode><Room>0301</Room><Days>T R</Days><TimeBegin>02:00 PM</TimeBegin><TimeEnd>03:15 PM</TimeEnd><Comments>COLIST WITH COP4530-01</Comments></Bldg></Detail></Course><Course><Code>CGS5425</Code><Section>02</Section><ReferenceNo>05946</ReferenceNo><Detail><Title>DATA STR ALG GEN PRO</Title><Instructor>SRINIVASAN,              ASHOK</Instructor><Seats>3</Seats><SeatsOpen>3</SeatsOpen><Bldg><BldgCode>LOV</BldgCode><Room>0301</Room><Days>T R</Days><TimeBegin>03:35 PM</TimeBegin><TimeEnd>04:50 PM</TimeEnd><Comments>COLIST WITH COP4530-01</Comments></Bldg></Detail></Course><Course><Code>CGS5426</Code><Section>01</Section><ReferenceNo>00410</ReferenceNo><Detail><Title>PROG LANG CONCEPTS</Title><Instructor>VAN              ENGELEN, ROBERT A</Instructor><Seats>7</Seats><SeatsOpen>7</SeatsOpen><Bldg><BldgCode>LOV</BldgCode><Room>0101</Room><Days>M W</Days><TimeBegin>03:35 PM</TimeBegin><TimeEnd>04:50 PM</TimeEnd><Comments>Recitation Friday 8-850am LOV              103</Comments></Bldg></Detail></Course><Course><Code>CGS5426</Code><Section>02</Section><ReferenceNo>06926</ReferenceNo><Detail><Title>PROG LANG CONCEPTS</Title><Instructor>VAN              ENGELEN, ROBERT A</Instructor><Seats>7</Seats><SeatsOpen>7</SeatsOpen><Bldg><BldgCode>LOV</BldgCode><Room>0101</Room><Days>M W</Days><TimeBegin>03:35 PM</TimeBegin><TimeEnd>04:50 PM</TimeEnd><Comments>Recitation Friday 9:05-9:55a.m.              Lov 103</Comments></Bldg></Detail></Course><Course><Code>CGS5426</Code><Section>03</Section><ReferenceNo>06927</ReferenceNo><Detail><Title>PROG LANG CONCEPTS</Title><Instructor>VAN              ENGELEN, ROBERT A</Instructor><Seats>7</Seats><SeatsOpen>4</SeatsOpen><Bldg><BldgCode>LOV</BldgCode><Room>0101</Room><Days>M W</Days><TimeBegin>03:35 PM</TimeBegin><TimeEnd>04:50 PM</TimeEnd><Comments>Recitation Friday              10:10-11:00a.m. 103</Comments></Bldg></Detail></Course><Course><Code>CGS5427</Code><Section>01</Section><ReferenceNo>06110</ReferenceNo><Detail><Title>ALGORITHM/DSGN/ANALY</Title><Instructor>LEACH,              STEPHEN P</Instructor><Seats>5</Seats><SeatsOpen>2</SeatsOpen><Bldg><BldgCode>LOV</BldgCode><Room>0301</Room><Days>T R</Days><TimeBegin>11:00 AM</TimeBegin><TimeEnd>12:15 PM</TimeEnd></Bldg></Detail></Course><Course><Code>CGS5428</Code><Section>01</Section><ReferenceNo>08221</ReferenceNo><Detail><Title>RELATIONAL DTBSE THR</Title><Instructor>SCHWARTZ,              DANIEL G</Instructor><Seats>4</Seats><SeatsOpen>2</SeatsOpen><Bldg><BldgCode>LOV</BldgCode><Room>0301</Room><Days>M W</Days><TimeBegin>06:45 PM</TimeBegin><TimeEnd>08:00 PM</TimeEnd><Comments>Recitation Monday 8:00-8:50a.m.              107 MCH</Comments></Bldg></Detail></Course><Course><Code>CGS5428</Code><Section>02</Section><ReferenceNo>08225</ReferenceNo><Detail><Title>RELATIONAL DTBSE THR</Title><Instructor>SCHWARTZ,              DANIEL G</Instructor><Seats>4</Seats><SeatsOpen>4</SeatsOpen><Bldg><BldgCode>LOV</BldgCode><Room>0301</Room><Days>M W</Days><TimeBegin>06:45 PM</TimeBegin><TimeEnd>08:00 PM</TimeEnd><Comments>Recitation Monday 9:05-9:55a.m.              107 MCH</Comments></Bldg></Detail></Course><Course><Code>CGS5429</Code><Section>01</Section><ReferenceNo>00411</ReferenceNo><Detail><Title>INTRO TO COMP THRY</Title><Instructor>LEACH,              STEPHEN P</Instructor><Seats>6</Seats><SeatsOpen>6</SeatsOpen><Bldg><BldgCode>LOV</BldgCode><Room>0301</Room><Days>T R</Days><TimeBegin>12:30 PM</TimeBegin><TimeEnd>01:45 PM</TimeEnd><Comments>COLIST WITH COT4420-01</Comments></Bldg></Detail></Course><Course><Code>CGS5765</Code><Section>01</Section><ReferenceNo>00412</ReferenceNo><Detail><Title>PRINCIPLES OF OS</Title><Instructor>WANG,              AN-I A</Instructor><Seats>2</Seats><SeatsOpen>0</SeatsOpen><Bldg><BldgCode>MCH</BldgCode><Room>0303</Room><Days>T R</Days><TimeBegin>03:35 PM</TimeBegin><TimeEnd>04:50 PM</TimeEnd><Comments>Recitation Friday              12:20pm-1:10p.m. Love 103</Comments></Bldg></Detail></Course><Course><Code>CGS5765</Code><Section>02</Section><ReferenceNo>08218</ReferenceNo><Detail><Title>PRINCIPLES OF OS</Title><Instructor>WANG,              AN-I A</Instructor><Seats>3</Seats><SeatsOpen>0</SeatsOpen><Bldg><BldgCode>MCH</BldgCode><Room>0303</Room><Days>T R</Days><TimeBegin>03:35 PM</TimeBegin><TimeEnd>04:50 PM</TimeEnd><Comments>Recitation Friday 1:25-2:15p.m.              Love 103</Comments></Bldg></Detail></Course><Course><Code>CGS5765</Code><Section>03</Section><ReferenceNo>08219</ReferenceNo><Detail><Title>PRINCIPLES OF OS</Title><Instructor>WANG,              AN-I A</Instructor><Seats>3</Seats><SeatsOpen>3</SeatsOpen><Bldg><BldgCode>MCH</BldgCode><Room>0303</Room><Days>T R</Days><TimeBegin>03:35 PM</TimeBegin><TimeEnd>04:50 PM</TimeEnd><Comments>Recitation Friday 2:30-3:20p.m.              Love 103</Comments></Bldg></Detail></Course><Course><Code>CGS5822</Code><Section>01</Section><ReferenceNo>00413</ReferenceNo><Detail><Title>APPS INFO TECH JAVA</Title><Instructor>STAFF</Instructor><Seats>0</Seats><SeatsOpen>0</SeatsOpen><Bldg><BldgCode>N/A</BldgCode><Room>N/A</Room><Days>N/A</Days><TimeBegin>N/A</TimeBegin><TimeEnd>N/A</TimeEnd><Comments>COLIST CIS4930-03</Comments></Bldg></Detail></Course><Course><Code>CIS3931</Code><Section>01</Section><ReferenceNo>00490</ReferenceNo><Detail><Title>ELEMENTARY JAVA</Title><Instructor>STAFF</Instructor><Seats>24</Seats><SeatsOpen>9</SeatsOpen><Bldg><BldgCode>LOV</BldgCode><Room>0101</Room><Days>M W F</Days><TimeBegin>02:30 PM</TimeBegin><TimeEnd>03:20 PM</TimeEnd></Bldg></Detail></Course><Course><Code>CIS3931</Code><Section>02</Section><ReferenceNo>05690</ReferenceNo><Detail><Title>ELEMENTARY JAVA</Title><Instructor>STAFF</Instructor><Seats>24</Seats><SeatsOpen>14</SeatsOpen><Bldg><BldgCode>LOV</BldgCode><Room>0101</Room><Days>M W F</Days><TimeBegin>02:30 PM</TimeBegin><TimeEnd>03:20 PM</TimeEnd></Bldg></Detail></Course><Course><Code>CIS3931</Code><Section>03</Section><ReferenceNo>05691</ReferenceNo><Detail><Title>advcd comp lit</Title><Instructor>BALDAUF,              KENNETH J</Instructor><Seats>24</Seats><SeatsOpen>23</SeatsOpen><Bldg><BldgCode>FLH</BldgCode><Room>0255</Room><Days>M</Days><TimeBegin>05:15 PM</TimeBegin><TimeEnd>06:30 PM</TimeEnd></Bldg></Detail></Course><Course><Code>CIS3931</Code><Section>04</Section><ReferenceNo>05692</ReferenceNo><Detail><Title>advcd comp lit</Title><Instructor>BALDAUF,              KENNETH J</Instructor><Seats>24</Seats><SeatsOpen>18</SeatsOpen><Bldg><BldgCode>FLH</BldgCode><Room>0255</Room><Days>M</Days><TimeBegin>05:15 PM</TimeBegin><TimeEnd>06:30 PM</TimeEnd></Bldg></Detail></Course><Course><Code>CIS3931</Code><Section>05</Section><ReferenceNo>05693</ReferenceNo><Detail><Title>advcd comp lit</Title><Instructor>BALDAUF,              KENNETH J</Instructor><Seats>24</Seats><SeatsOpen>21</SeatsOpen><Bldg><BldgCode>FLH</BldgCode><Room>0255</Room><Days>M</Days><TimeBegin>05:15 PM</TimeBegin><TimeEnd>06:30 PM</TimeEnd></Bldg></Detail></Course><Course><Code>CIS3931</Code><Section>06</Section><ReferenceNo>05694</ReferenceNo><Detail><Title>advcd comp lit</Title><Instructor>BALDAUF,              KENNETH J</Instructor><Seats>24</Seats><SeatsOpen>20</SeatsOpen><Bldg><BldgCode>FLH</BldgCode><Room>0255</Room><Days>M</Days><TimeBegin>05:15 PM</TimeBegin><TimeEnd>06:30 PM</TimeEnd></Bldg></Detail></Course><Course><Code>CIS3931</Code><Section>07</Section><ReferenceNo>05695</ReferenceNo><Detail><Title>advcd comp lit</Title><Instructor>BALDAUF,              KENNETH J</Instructor><Seats>24</Seats><SeatsOpen>18</SeatsOpen><Bldg><BldgCode>FLH</BldgCode><Room>0255</Room><Days>M</Days><TimeBegin>05:15 PM</TimeBegin><TimeEnd>06:30 PM</TimeEnd></Bldg></Detail></Course><Course><Code>CIS3931</Code><Section>08</Section><ReferenceNo>10525</ReferenceNo><Detail><Title>C++ Programming</Title><Instructor>LEACH,              STEPHEN P</Instructor><Seats>0</Seats><SeatsOpen>0</SeatsOpen><Bldg><BldgCode>MCH</BldgCode><Room>0303</Room><Days>T R</Days><TimeBegin>08:00 AM</TimeBegin><TimeEnd>09:15 AM</TimeEnd></Bldg></Detail></Course><Course><Code>CIS3943</Code><Section>01</Section><ReferenceNo>*****</ReferenceNo><Detail><Title>COMP SCI INTERN</Title><Instructor>STAFF</Instructor><Seats>0</Seats><SeatsOpen>0</SeatsOpen><Bldg><BldgCode>N/A</BldgCode><Room>N/A</Room><Days>N/A</Days><TimeBegin>N/A</TimeBegin><TimeEnd>N/A</TimeEnd></Bldg></Detail></Course><Course><Code>CIS3949</Code><Section>01</Section><ReferenceNo>00492</ReferenceNo><Detail><Title>COOP EDUC WORK EXPER</Title><Instructor>MCDONALD,              JULIETTE L</Instructor><Seats>10</Seats><SeatsOpen>10</SeatsOpen><Bldg><BldgCode>N/A</BldgCode><Room>N/A</Room><Days>N/A</Days><TimeBegin>N/A</TimeBegin><TimeEnd>N/A</TimeEnd></Bldg></Detail></Course><Course><Code>CIS4360</Code><Section>01</Section><ReferenceNo>00493</ReferenceNo><Detail><Title>INTRO COMP SECURITY</Title><Instructor>DESMEDT,              YVO G</Instructor><Seats>24</Seats><SeatsOpen>0</SeatsOpen><Bldg><BldgCode>LOV</BldgCode><Room>0103</Room><Days>T R</Days><TimeBegin>11:00 AM</TimeBegin><TimeEnd>12:15 PM</TimeEnd></Bldg></Detail></Course><Course><Code>CIS4900</Code><Section>01</Section><ReferenceNo>*****</ReferenceNo><Detail><Title>COMPUTER GRAPHICS EX</Title><Instructor>STAFF</Instructor><Seats>0</Seats><SeatsOpen>0</SeatsOpen><Bldg><BldgCode>N/A</BldgCode><Room>N/A</Room><Days>N/A</Days><TimeBegin>N/A</TimeBegin><TimeEnd>N/A</TimeEnd></Bldg></Detail></Course><Course><Code>CIS4930</Code><Section>01</Section><ReferenceNo>00495</ReferenceNo><Detail><Title>Computer Networks</Title><Instructor>GOPALAN,              KARTIK</Instructor><Seats>24</Seats><SeatsOpen>24</SeatsOpen><Bldg><BldgCode>LOV</BldgCode><Room>0103</Room><Days>M W</Days><TimeBegin>05:15 PM</TimeBegin><TimeEnd>06:30 PM</TimeEnd></Bldg></Detail></Course><Course><Code>CIS4930</Code><Section>02</Section><ReferenceNo>05406</ReferenceNo><Detail><Title>CISCO NETWORKING</Title><Instructor>SLODERBECK,              MICHAEL J</Instructor><Seats>15</Seats><SeatsOpen>15</SeatsOpen><Bldg><BldgCode>LOV</BldgCode><Room>0016</Room><Days>T R</Days><TimeBegin>08:00 AM</TimeBegin><TimeEnd>09:15 AM</TimeEnd></Bldg></Detail></Course><Course><Code>CIS4930</Code><Section>03</Section><ReferenceNo>06107</ReferenceNo><Detail><Title>Applied Security</Title><Instructor>YASINSAC,              ALEC F</Instructor><Seats>24</Seats><SeatsOpen>18</SeatsOpen><Bldg><BldgCode>LOV</BldgCode><Room>0301</Room><Days>T R</Days><TimeBegin>09:30 AM</TimeBegin><TimeEnd>10:45 AM</TimeEnd></Bldg></Detail></Course><Course><Code>CIS4930</Code><Section>04</Section><ReferenceNo>06111</ReferenceNo><Detail><Title>SQL SERVER 2000</Title><Instructor>ARNOLD,              ROBERT D</Instructor><Seats>24</Seats><SeatsOpen>22</SeatsOpen><Bldg><BldgCode>LOV</BldgCode><Room>0103</Room><Days>T</Days><TimeBegin>05:15 PM</TimeBegin><TimeEnd>08:00 PM</TimeEnd></Bldg></Detail></Course><Course><Code>CIS4930</Code><Section>05</Section><ReferenceNo>08508</ReferenceNo><Detail><Title>ADVC COMP GRAPHICS</Title><Instructor>BANKS,              DAVID C</Instructor><Seats>12</Seats><SeatsOpen>10</SeatsOpen><Bldg><BldgCode>DSL</BldgCode><Room>0499</Room><Days>T R</Days><TimeBegin>12:30 PM</TimeBegin><TimeEnd>01:45 PM</TimeEnd></Bldg></Detail></Course><Course><Code>CIS4933</Code><Section>01</Section><ReferenceNo>*****</ReferenceNo><Detail><Title>HONORS WORK</Title><Instructor>WANG,              AN-I A</Instructor><Seats>0</Seats><SeatsOpen>0</SeatsOpen><Bldg><BldgCode>N/A</BldgCode><Room>N/A</Room><Days>N/A</Days><TimeBegin>N/A</TimeBegin><TimeEnd>N/A</TimeEnd><Comments>HONORS IN THE MAJOR</Comments></Bldg></Detail></Course><Course><Code>CIS5357</Code><Section>01</Section><ReferenceNo>00497</ReferenceNo><Detail><Title>NETWORK SECURITY</Title><Instructor>DESMEDT,              YVO G</Instructor><Seats>24</Seats><SeatsOpen>12</SeatsOpen><Bldg><BldgCode>LOV</BldgCode><Room>0103</Room><Days>T R</Days><TimeBegin>12:30 PM</TimeBegin><TimeEnd>01:45 PM</TimeEnd></Bldg></Detail></Course><Course><Code>CIS5371</Code><Section>01</Section><ReferenceNo>00498</ReferenceNo><Detail><Title>CRYPTOGRAPHY</Title><Instructor>BURMESTER,              MICHAEL V. D</Instructor><Seats>24</Seats><SeatsOpen>8</SeatsOpen><Bldg><BldgCode>LOV</BldgCode><Room>0103</Room><Days>M W</Days><TimeBegin>02:00 PM</TimeBegin><TimeEnd>03:15 PM</TimeEnd></Bldg></Detail></Course><Course><Code>CIS5406</Code><Section>01</Section><ReferenceNo>00499</ReferenceNo><Detail><Title>SYSTEM ADMINISTRATIO</Title><Instructor>BAUER,              JEFFREY T</Instructor><Seats>21</Seats><SeatsOpen>16</SeatsOpen><Bldg><BldgCode>LOV</BldgCode><Room>0016</Room><Days>T R</Days><TimeBegin>02:00 PM</TimeBegin><TimeEnd>03:15 PM</TimeEnd></Bldg></Detail></Course><Course><Code>CIS5900</Code><Section>01</Section><ReferenceNo>*****</ReferenceNo><Detail><Title>DIR INDIV STUDY</Title><Instructor>STAFF</Instructor><Seats>0</Seats><SeatsOpen>0</SeatsOpen><Bldg><BldgCode>N/A</BldgCode><Room>N/A</Room><Days>N/A</Days><TimeBegin>N/A</TimeBegin><TimeEnd>N/A</TimeEnd></Bldg></Detail></Course><Course><Code>CIS5910</Code><Section>01</Section><ReferenceNo>*****</ReferenceNo><Detail><Title>SUPERVISED RESEARCH</Title><Instructor>STAFF</Instructor><Seats>0</Seats><SeatsOpen>0</SeatsOpen><Bldg><BldgCode>N/A</BldgCode><Room>N/A</Room><Days>N/A</Days><TimeBegin>N/A</TimeBegin><TimeEnd>N/A</TimeEnd></Bldg></Detail></Course><Course><Code>CIS5915</Code><Section>01</Section><ReferenceNo>*****</ReferenceNo><Detail><Title>GRAD SOFTWARE PROJCT</Title><Instructor>STAFF</Instructor><Seats>0</Seats><SeatsOpen>0</SeatsOpen><Bldg><BldgCode>N/A</BldgCode><Room>N/A</Room><Days>N/A</Days><TimeBegin>N/A</TimeBegin><TimeEnd>N/A</TimeEnd></Bldg></Detail></Course><Course><Code>CIS5930</Code><Section>01</Section><ReferenceNo>00503</ReferenceNo><Detail><Title>Computer Graphics</Title><Instructor>BANKS,              DAVID C</Instructor><Seats>15</Seats><SeatsOpen>11</SeatsOpen><Bldg><BldgCode>DSL</BldgCode><Room>0499</Room><Days>T R</Days><TimeBegin>02:00 PM</TimeBegin><TimeEnd>03:15 PM</TimeEnd></Bldg></Detail></Course><Course><Code>CIS5930</Code><Section>02</Section><ReferenceNo>06054</ReferenceNo><Detail><Title>Internet Protoc</Title><Instructor>DUAN,              ZHENHAI</Instructor><Seats>20</Seats><SeatsOpen>20</SeatsOpen><Bldg><BldgCode>LOV</BldgCode><Room>0301</Room><Days>T R</Days><TimeBegin>05:15 PM</TimeBegin><TimeEnd>06:30 PM</TimeEnd></Bldg></Detail></Course><Course><Code>CIS5930</Code><Section>04</Section><ReferenceNo>08076</ReferenceNo><Detail><Title>ADVCD COMP GRAPHICS</Title><Instructor>BANKS,              DAVID C</Instructor><Seats>12</Seats><SeatsOpen>10</SeatsOpen><Bldg><BldgCode>DSL</BldgCode><Room>0499</Room><Days>T R</Days><TimeBegin>12:30 PM</TimeBegin><TimeEnd>01:45 PM</TimeEnd></Bldg></Detail></Course><Course><Code>CIS5930</Code><Section>05</Section><ReferenceNo>10802</ReferenceNo><Detail><Title>special topics</Title><Instructor>STAFF</Instructor><Seats>0</Seats><SeatsOpen>0</SeatsOpen><Bldg><BldgCode>UCD</BldgCode><Room>D1103</Room><Days>T R</Days><TimeBegin>02:00 PM</TimeBegin><TimeEnd>03:15 PM</TimeEnd></Bldg></Detail></Course><Course><Code>CIS5935</Code><Section>01</Section><ReferenceNo>00504</ReferenceNo><Detail><Title>INTRO SEMINAR/RESRCH</Title><Instructor>HAWKES,              LOIS W</Instructor><Seats>45</Seats><SeatsOpen>35</SeatsOpen><Bldg><BldgCode>LOV</BldgCode><Room>0101</Room><Days>M W</Days><TimeBegin>10:10 AM</TimeBegin><TimeEnd>11:00 AM</TimeEnd></Bldg></Detail></Course><Course><Code>CIS5940</Code><Section>01</Section><ReferenceNo>*****</ReferenceNo><Detail><Title>SUPERVISED TEACHING</Title><Instructor>STAFF</Instructor><Seats>0</Seats><SeatsOpen>0</SeatsOpen><Bldg><BldgCode>N/A</BldgCode><Room>N/A</Room><Days>N/A</Days><TimeBegin>N/A</TimeBegin><TimeEnd>N/A</TimeEnd></Bldg></Detail></Course><Course><Code>CIS5970</Code><Section>01</Section><ReferenceNo>*****</ReferenceNo><Detail><Title>THESIS</Title><Instructor>STAFF</Instructor><Seats>0</Seats><SeatsOpen>0</SeatsOpen><Bldg><BldgCode>N/A</BldgCode><Room>N/A</Room><Days>N/A</Days><TimeBegin>N/A</TimeBegin><TimeEnd>N/A</TimeEnd></Bldg></Detail></Course><Course><Code>CIS6900</Code><Section>01</Section><ReferenceNo>*****</ReferenceNo><Detail><Title>Security Researc</Title><Instructor>YASINSAC,              ALEC F</Instructor><Seats>0</Seats><SeatsOpen>0</SeatsOpen><Bldg><BldgCode>N/A</BldgCode><Room>N/A</Room><Days>N/A</Days><TimeBegin>N/A</TimeBegin><TimeEnd>N/A</TimeEnd></Bldg></Detail></Course><Course><Code>CIS6930</Code><Section>01</Section><ReferenceNo>00508</ReferenceNo><Detail><Title>Wireless Network Sec</Title><Instructor>YASINSAC,              ALEC F</Instructor><Seats>15</Seats><SeatsOpen>7</SeatsOpen><Bldg><BldgCode>LOV</BldgCode><Room>0103</Room><Days>T R</Days><TimeBegin>08:00 AM</TimeBegin><TimeEnd>09:15 AM</TimeEnd></Bldg></Detail></Course><Course><Code>CIS6935</Code><Section>01</Section><ReferenceNo>00509</ReferenceNo><Detail><Title>ADV SEM IN COMP SCI</Title><Instructor>TYSON,              GARY S</Instructor><Seats>7</Seats><SeatsOpen>7</SeatsOpen><Bldg><BldgCode>LOV</BldgCode><Room>0208A</Room><Days>T</Days><TimeBegin>11:00 AM</TimeBegin><TimeEnd>12:15 PM</TimeEnd><Comments>CONSENT OF INSTRUCTOR</Comments></Bldg></Detail></Course><Course><Code>CIS6935</Code><Section>02</Section><ReferenceNo>06145</ReferenceNo><Detail><Title>ADV SEM IN COMP SCI</Title><Instructor>STAFF</Instructor><Seats>0</Seats><SeatsOpen>0</SeatsOpen><Bldg><BldgCode>N/A</BldgCode><Room>N/A</Room><Days>N/A</Days><TimeBegin>N/A</TimeBegin><TimeEnd>N/A</TimeEnd><Comments>CONSENT OF INSTRUCTOR</Comments></Bldg></Detail></Course><Course><Code>CIS6935</Code><Section>03</Section><ReferenceNo>06146</ReferenceNo><Detail><Title>ADV SEM IN COMP SCI</Title><Instructor>STAFF</Instructor><Seats>0</Seats><SeatsOpen>0</SeatsOpen><Bldg><BldgCode>N/A</BldgCode><Room>N/A</Room><Days>N/A</Days><TimeBegin>N/A</TimeBegin><TimeEnd>N/A</TimeEnd><Comments>CONSENT OF INSTRUCTOR</Comments></Bldg></Detail></Course><Course><Code>CIS6980</Code><Section>01</Section><ReferenceNo>*****</ReferenceNo><Detail><Title>DISSERTATION</Title><Instructor>WHALLEY,              DAVID B</Instructor><Seats>0</Seats><SeatsOpen>0</SeatsOpen><Bldg><BldgCode>N/A</BldgCode><Room>N/A</Room><Days>N/A</Days><TimeBegin>N/A</TimeBegin><TimeEnd>N/A</TimeEnd></Bldg></Detail></Course><Course><Code>CIS6980</Code><Section>02</Section><ReferenceNo>*****</ReferenceNo><Detail><Title>DISSERTATION</Title><Instructor>DESMEDT,              YVO G</Instructor><Seats>0</Seats><SeatsOpen>0</SeatsOpen><Bldg><BldgCode>N/A</BldgCode><Room>N/A</Room><Days>N/A</Days><TimeBegin>N/A</TimeBegin><TimeEnd>N/A</TimeEnd></Bldg></Detail></Course><Course><Code>CIS8962</Code><Section>01</Section><ReferenceNo>*****</ReferenceNo><Detail><Title>PHD QUALIFYING EXAM</Title><Instructor>YASINSAC,              ALEC F</Instructor><Seats>0</Seats><SeatsOpen>0</SeatsOpen><Bldg><BldgCode>N/A</BldgCode><Room>N/A</Room><Days>N/A</Days><TimeBegin>N/A</TimeBegin><TimeEnd>N/A</TimeEnd></Bldg></Detail></Course><Course><Code>CIS8964</Code><Section>01</Section><ReferenceNo>*****</ReferenceNo><Detail><Title>PRELIM DOCTORAL EXAM</Title><Instructor>AGGARWAL,              SUDHIR</Instructor><Seats>0</Seats><SeatsOpen>0</SeatsOpen><Bldg><BldgCode>N/A</BldgCode><Room>N/A</Room><Days>N/A</Days><TimeBegin>N/A</TimeBegin><TimeEnd>N/A</TimeEnd></Bldg></Detail></Course><Course><Code>CIS8966</Code><Section>01</Section><ReferenceNo>*****</ReferenceNo><Detail><Title>MASTERS COMPREH EXAM</Title><Instructor>STAFF</Instructor><Seats>0</Seats><SeatsOpen>0</SeatsOpen><Bldg><BldgCode>N/A</BldgCode><Room>N/A</Room><Days>N/A</Days><TimeBegin>N/A</TimeBegin><TimeEnd>N/A</TimeEnd></Bldg></Detail></Course><Course><Code>CIS8974</Code><Section>01</Section><ReferenceNo>*****</ReferenceNo><Detail><Title>MS PROJECTS DEFENSE</Title><Instructor>STAFF</Instructor><Seats>0</Seats><SeatsOpen>0</SeatsOpen><Bldg><BldgCode>N/A</BldgCode><Room>N/A</Room><Days>N/A</Days><TimeBegin>N/A</TimeBegin><TimeEnd>N/A</TimeEnd></Bldg></Detail></Course><Course><Code>CIS8976</Code><Section>01</Section><ReferenceNo>*****</ReferenceNo><Detail><Title>MASTERS THESIS DEFNS</Title><Instructor>STAFF</Instructor><Seats>0</Seats><SeatsOpen>0</SeatsOpen><Bldg><BldgCode>N/A</BldgCode><Room>N/A</Room><Days>N/A</Days><TimeBegin>N/A</TimeBegin><TimeEnd>N/A</TimeEnd></Bldg></Detail></Course><Course><Code>CIS8985</Code><Section>01</Section><ReferenceNo>*****</ReferenceNo><Detail><Title>DISSERTATION DEFENSE</Title><Instructor>STAFF</Instructor><Seats>0</Seats><SeatsOpen>0</SeatsOpen><Bldg><BldgCode>N/A</BldgCode><Room>N/A</Room><Days>N/A</Days><TimeBegin>N/A</TimeBegin><TimeEnd>N/A</TimeEnd></Bldg></Detail></Course><Course><Code>COP3252</Code><Section>01</Section><ReferenceNo>00606</ReferenceNo><Detail><Title>ADVCD JAVA</Title><Instructor>STAFF</Instructor><Seats>24</Seats><SeatsOpen>16</SeatsOpen><Bldg><BldgCode>LOV</BldgCode><Room>0101</Room><Days>M W F</Days><TimeBegin>11:15 AM</TimeBegin><TimeEnd>12:05 PM</TimeEnd></Bldg></Detail></Course><Course><Code>COP3252</Code><Section>02</Section><ReferenceNo>05873</ReferenceNo><Detail><Title>ADVCD JAVA</Title><Instructor>STAFF</Instructor><Seats>24</Seats><SeatsOpen>20</SeatsOpen><Bldg><BldgCode>LOV</BldgCode><Room>0101</Room><Days>M W F</Days><TimeBegin>11:15 AM</TimeBegin><TimeEnd>12:05 PM</TimeEnd></Bldg></Detail></Course><Course><Code>COP3330</Code><Section>01</Section><ReferenceNo>00607</ReferenceNo><Detail><Title>OBJECT ORIEND PROGR</Title><Instructor>BAKER,              THEODORE P</Instructor><Seats>24</Seats><SeatsOpen>0</SeatsOpen><Bldg><BldgCode>LOV</BldgCode><Room>0101</Room><Days>M W F</Days><TimeBegin>09:05 AM</TimeBegin><TimeEnd>09:55 AM</TimeEnd></Bldg></Detail></Course><Course><Code>COP3330</Code><Section>03</Section><ReferenceNo>05783</ReferenceNo><Detail><Title>OBJECT ORIEND PROGR</Title><Instructor>BAKER,              THEODORE P</Instructor><Seats>24</Seats><SeatsOpen>14</SeatsOpen><Bldg><BldgCode>LOV</BldgCode><Room>0101</Room><Days>M W F</Days><TimeBegin>09:05 AM</TimeBegin><TimeEnd>09:55 AM</TimeEnd></Bldg></Detail></Course><Course><Code>COP3330</Code><Section>04</Section><ReferenceNo>05784</ReferenceNo><Detail><Title>OBJECT ORIEND PROGR</Title><Instructor>BAKER,              THEODORE P</Instructor><Seats>24</Seats><SeatsOpen>15</SeatsOpen><Bldg><BldgCode>LOV</BldgCode><Room>0101</Room><Days>M W F</Days><TimeBegin>09:05 AM</TimeBegin><TimeEnd>09:55 AM</TimeEnd></Bldg></Detail></Course><Course><Code>COP3330</Code><Section>05</Section><ReferenceNo>05785</ReferenceNo><Detail><Title>OBJECT ORIEND PROGR</Title><Instructor>BAKER,              THEODORE P</Instructor><Seats>24</Seats><SeatsOpen>10</SeatsOpen><Bldg><BldgCode>LOV</BldgCode><Room>0101</Room><Days>M W F</Days><TimeBegin>09:05 AM</TimeBegin><TimeEnd>09:55 AM</TimeEnd></Bldg></Detail></Course><Course><Code>COP3330</Code><Section>07</Section><ReferenceNo>08237</ReferenceNo><Detail><Title>OO PROGRAMMING</Title><Instructor>LACHER,              ROBERT C</Instructor><Seats>3</Seats><SeatsOpen>2</SeatsOpen><Bldg><BldgCode>N/A</BldgCode><Room>N/A</Room><Days>N/A</Days><TimeBegin>N/A</TimeBegin><TimeEnd>N/A</TimeEnd><Comments>Leon, Gadsden, Wakulla County              Residents/Onlise/ CS DL Majors</Comments></Bldg></Detail></Course><Course><Code>COP3330</Code><Section>08</Section><ReferenceNo>08238</ReferenceNo><Detail><Title>OO PROGRAMMING</Title><Instructor>LACHER,              ROBERT C</Instructor><Seats>3</Seats><SeatsOpen>3</SeatsOpen><Bldg><BldgCode>N/A</BldgCode><Room>N/A</Room><Days>N/A</Days><TimeBegin>N/A</TimeBegin><TimeEnd>N/A</TimeEnd><Comments>Republic of Panama/Online/CS DL              Majors</Comments></Bldg></Detail></Course><Course><Code>COP3331</Code><Section>01</Section><ReferenceNo>06106</ReferenceNo><Detail><Title>OO DESIGN  ANALYSIS</Title><Instructor>MYERS,              ROBERT L</Instructor><Seats>24</Seats><SeatsOpen>0</SeatsOpen><Bldg><BldgCode>LOV</BldgCode><Room>0301</Room><Days>M W F</Days><TimeBegin>01:25 PM</TimeBegin><TimeEnd>02:15 PM</TimeEnd></Bldg></Detail></Course><Course><Code>COP3502</Code><Section>01</Section><ReferenceNo>00608</ReferenceNo><Detail><Title>INTRO TO COMP SCI</Title><Instructor>CHANG,              TEHYIN D</Instructor><Seats>24</Seats><SeatsOpen>24</SeatsOpen><Bldg><BldgCode>LOV</BldgCode><Room>0101</Room><Days>M W F</Days><TimeBegin>01:25 PM</TimeBegin><TimeEnd>02:15 PM</TimeEnd><Comments>For Majors</Comments></Bldg></Detail></Course><Course><Code>COP3502</Code><Section>03</Section><ReferenceNo>05422</ReferenceNo><Detail><Title>INTRO TO COMP SCI</Title><Instructor>CHANG,              TEHYIN D</Instructor><Seats>24</Seats><SeatsOpen>22</SeatsOpen><Bldg><BldgCode>LOV</BldgCode><Room>0101</Room><Days>M W F</Days><TimeBegin>01:25 PM</TimeBegin><TimeEnd>02:15 PM</TimeEnd><Comments>For Majors</Comments></Bldg></Detail></Course><Course><Code>COP3502</Code><Section>04</Section><ReferenceNo>05423</ReferenceNo><Detail><Title>INTRO TO COMP SCI</Title><Instructor>CHANG,              TEHYIN D</Instructor><Seats>24</Seats><SeatsOpen>12</SeatsOpen><Bldg><BldgCode>LOV</BldgCode><Room>0101</Room><Days>M W F</Days><TimeBegin>01:25 PM</TimeBegin><TimeEnd>02:15 PM</TimeEnd><Comments>For Majors</Comments></Bldg></Detail></Course><Course><Code>COP3502</Code><Section>05</Section><ReferenceNo>05424</ReferenceNo><Detail><Title>INTRO TO COMP SCI</Title><Instructor>CHANG,              TEHYIN D</Instructor><Seats>24</Seats><SeatsOpen>15</SeatsOpen><Bldg><BldgCode>LOV</BldgCode><Room>0101</Room><Days>M W F</Days><TimeBegin>01:25 PM</TimeBegin><TimeEnd>02:15 PM</TimeEnd><Comments>For Majors</Comments></Bldg></Detail></Course><Course><Code>COP3502</Code><Section>06</Section><ReferenceNo>05425</ReferenceNo><Detail><Title>INTRO TO COMP SCI</Title><Instructor>LEACH,              STEPHEN P</Instructor><Seats>24</Seats><SeatsOpen>19</SeatsOpen><Bldg><BldgCode>LOV</BldgCode><Room>0101</Room><Days>T R</Days><TimeBegin>08:00 AM</TimeBegin><TimeEnd>09:15 AM</TimeEnd><Comments>Non-Majors</Comments></Bldg></Detail></Course><Course><Code>COP3502</Code><Section>07</Section><ReferenceNo>05786</ReferenceNo><Detail><Title>INTRO TO COMP SCI</Title><Instructor>LEACH,              STEPHEN P</Instructor><Seats>24</Seats><SeatsOpen>18</SeatsOpen><Bldg><BldgCode>LOV</BldgCode><Room>0101</Room><Days>T R</Days><TimeBegin>08:00 AM</TimeBegin><TimeEnd>09:15 AM</TimeEnd><Comments>Non-Majors</Comments></Bldg></Detail></Course><Course><Code>COP3502</Code><Section>08</Section><ReferenceNo>05787</ReferenceNo><Detail><Title>INTRO TO COMP SCI</Title><Instructor>LEACH,              STEPHEN P</Instructor><Seats>24</Seats><SeatsOpen>19</SeatsOpen><Bldg><BldgCode>LOV</BldgCode><Room>0101</Room><Days>T R</Days><TimeBegin>08:00 AM</TimeBegin><TimeEnd>09:15 AM</TimeEnd><Comments>Non-Majors</Comments></Bldg></Detail></Course><Course><Code>COP3502</Code><Section>09</Section><ReferenceNo>05788</ReferenceNo><Detail><Title>INTRO TO COMP SCI</Title><Instructor>LEACH,              STEPHEN P</Instructor><Seats>24</Seats><SeatsOpen>20</SeatsOpen><Bldg><BldgCode>LOV</BldgCode><Room>0101</Room><Days>T R</Days><TimeBegin>08:00 AM</TimeBegin><TimeEnd>09:15 AM</TimeEnd><Comments>Non-Majors</Comments></Bldg></Detail></Course><Course><Code>COP3502</Code><Section>10</Section><ReferenceNo>07319</ReferenceNo><Detail><Title>COMPUTER SCIENCE I</Title><Instructor>STOECKLIN,              SARA F</Instructor><Seats>3</Seats><SeatsOpen>3</SeatsOpen><Bldg><BldgCode>N/A</BldgCode><Room>N/A</Room><Days>N/A</Days><TimeBegin>N/A</TimeBegin><TimeEnd>N/A</TimeEnd><Comments>Republic of Panama/Online/CS DL              Majors</Comments></Bldg></Detail></Course><Course><Code>COP3502</Code><Section>12</Section><ReferenceNo>07321</ReferenceNo><Detail><Title>COMPUTER SCIENCE I</Title><Instructor>STOECKLIN,              SARA F</Instructor><Seats>3</Seats><SeatsOpen>3</SeatsOpen><Bldg><BldgCode>N/A</BldgCode><Room>N/A</Room><Days>N/A</Days><TimeBegin>N/A</TimeBegin><TimeEnd>N/A</TimeEnd><Comments>Leon, Gadsden, Wakulla County              Residents/Online/CS DL majors</Comments></Bldg></Detail></Course><Course><Code>COP4020</Code><Section>01</Section><ReferenceNo>00609</ReferenceNo><Detail><Title>PROGRAMMING LANGUAGE</Title><Instructor>VAN              ENGELEN, ROBERT A</Instructor><Seats>24</Seats><SeatsOpen>2</SeatsOpen><Bldg><BldgCode>LOV</BldgCode><Room>0101</Room><Days>M W</Days><TimeBegin>03:35 PM</TimeBegin><TimeEnd>04:50 PM</TimeEnd><Comments>COLIST WITH CGS5426 01</Comments></Bldg></Detail></Course><Course><Code>COP4020</Code><Section>02</Section><ReferenceNo>05618</ReferenceNo><Detail><Title>PROGRAMMING LANGUAGE</Title><Instructor>VAN              ENGELEN, ROBERT A</Instructor><Seats>24</Seats><SeatsOpen>0</SeatsOpen><Bldg><BldgCode>LOV</BldgCode><Room>0101</Room><Days>M W</Days><TimeBegin>03:35 PM</TimeBegin><TimeEnd>04:50 PM</TimeEnd><Comments>COLIST WITH CGS5426 01</Comments></Bldg></Detail></Course><Course><Code>COP4020</Code><Section>03</Section><ReferenceNo>05619</ReferenceNo><Detail><Title>PROGRAMMING LANGUAGE</Title><Instructor>VAN              ENGELEN, ROBERT A</Instructor><Seats>24</Seats><SeatsOpen>0</SeatsOpen><Bldg><BldgCode>LOV</BldgCode><Room>0101</Room><Days>M W</Days><TimeBegin>03:35 PM</TimeBegin><TimeEnd>04:50 PM</TimeEnd><Comments>COLIST WITH CGS5426 01</Comments></Bldg></Detail></Course><Course><Code>COP4530</Code><Section>01</Section><ReferenceNo>00610</ReferenceNo><Detail><Title>DATA STR ALG GEN PRO</Title><Instructor>SRINIVASAN,              ASHOK</Instructor><Seats>24</Seats><SeatsOpen>3</SeatsOpen><Bldg><BldgCode>LOV</BldgCode><Room>0301</Room><Days>T R</Days><TimeBegin>02:00 PM</TimeBegin><TimeEnd>03:15 PM</TimeEnd><Comments>COLIST WITH CGS5425 01</Comments></Bldg></Detail></Course><Course><Code>COP4530</Code><Section>02</Section><ReferenceNo>05945</ReferenceNo><Detail><Title>DATA STR ALG GEN PRO</Title><Instructor>SRINIVASAN,              ASHOK</Instructor><Seats>24</Seats><SeatsOpen>0</SeatsOpen><Bldg><BldgCode>LOV</BldgCode><Room>0301</Room><Days>T R</Days><TimeBegin>03:35 PM</TimeBegin><TimeEnd>04:50 PM</TimeEnd><Comments>COLIST WITH CGS5425 01</Comments></Bldg></Detail></Course><Course><Code>COP4531</Code><Section>01</Section><ReferenceNo>06109</ReferenceNo><Detail><Title>ANALYSIS OF DATA STR</Title><Instructor>LEACH,              STEPHEN P</Instructor><Seats>19</Seats><SeatsOpen>0</SeatsOpen><Bldg><BldgCode>LOV</BldgCode><Room>0301</Room><Days>T R</Days><TimeBegin>11:00 AM</TimeBegin><TimeEnd>12:15 PM</TimeEnd></Bldg></Detail></Course><Course><Code>COP4610</Code><Section>01</Section><ReferenceNo>00611</ReferenceNo><Detail><Title>INTRO OPERATING SYS</Title><Instructor>WANG,              AN-I A</Instructor><Seats>24</Seats><SeatsOpen>0</SeatsOpen><Bldg><BldgCode>MCH</BldgCode><Room>0303</Room><Days>T R</Days><TimeBegin>03:35 PM</TimeBegin><TimeEnd>04:50 PM</TimeEnd><Comments>COLIST WITH CGS5765 01</Comments></Bldg></Detail></Course><Course><Code>COP4610</Code><Section>03</Section><ReferenceNo>05727</ReferenceNo><Detail><Title>INTRO OPERATING SYS</Title><Instructor>WANG,              AN-I A</Instructor><Seats>24</Seats><SeatsOpen>0</SeatsOpen><Bldg><BldgCode>MCH</BldgCode><Room>0303</Room><Days>T R</Days><TimeBegin>03:35 PM</TimeBegin><TimeEnd>04:50 PM</TimeEnd><Comments>COLIST WITH CGS5765 01</Comments></Bldg></Detail></Course><Course><Code>COP4610</Code><Section>04</Section><ReferenceNo>05728</ReferenceNo><Detail><Title>INTRO OPERATING SYS</Title><Instructor>WANG,              AN-I A</Instructor><Seats>24</Seats><SeatsOpen>0</SeatsOpen><Bldg><BldgCode>MCH</BldgCode><Room>0303</Room><Days>T R</Days><TimeBegin>03:35 PM</TimeBegin><TimeEnd>04:50 PM</TimeEnd><Comments>COLIST WITH CGS5765 01</Comments></Bldg></Detail></Course><Course><Code>COP4610</Code><Section>05</Section><ReferenceNo>08255</ReferenceNo><Detail><Title>OPERATING SYSTEMS</Title><Instructor>STOECKLIN,              SARA F</Instructor><Seats>3</Seats><SeatsOpen>3</SeatsOpen><Bldg><BldgCode>N/A</BldgCode><Room>N/A</Room><Days>N/A</Days><TimeBegin>N/A</TimeBegin><TimeEnd>N/A</TimeEnd><Comments>Republic of Panama/Online/CS DL              Majors</Comments></Bldg></Detail></Course><Course><Code>COP4610</Code><Section>06</Section><ReferenceNo>08256</ReferenceNo><Detail><Title>OPERATING SYSTEMS</Title><Instructor>STOECKLIN,              SARA F</Instructor><Seats>3</Seats><SeatsOpen>3</SeatsOpen><Bldg><BldgCode>N/A</BldgCode><Room>N/A</Room><Days>N/A</Days><TimeBegin>N/A</TimeBegin><TimeEnd>N/A</TimeEnd><Comments>Leon, Gadsden, Wakulla County              Residents/Online/CS DL Majors</Comments></Bldg></Detail></Course><Course><Code>COP4613</Code><Section>01</Section><ReferenceNo>00612</ReferenceNo><Detail><Title>REALTIME SYSTEMS</Title><Instructor>STAFF</Instructor><Seats>0</Seats><SeatsOpen>0</SeatsOpen><Bldg><BldgCode>N/A</BldgCode><Room>N/A</Room><Days>N/A</Days><TimeBegin>N/A</TimeBegin><TimeEnd>N/A</TimeEnd><Comments>COLIST WITH CIS5930-03</Comments></Bldg></Detail></Course><Course><Code>COP4710</Code><Section>01</Section><ReferenceNo>06012</ReferenceNo><Detail><Title>DATABASES</Title><Instructor>SCHWARTZ,              DANIEL G</Instructor><Seats>15</Seats><SeatsOpen>10</SeatsOpen><Bldg><BldgCode>LOV</BldgCode><Room>0301</Room><Days>M W</Days><TimeBegin>06:45 PM</TimeBegin><TimeEnd>08:00 PM</TimeEnd></Bldg></Detail></Course><Course><Code>COP4710</Code><Section>02</Section><ReferenceNo>08226</ReferenceNo><Detail><Title>DATABASES</Title><Instructor>SCHWARTZ,              DANIEL G</Instructor><Seats>15</Seats><SeatsOpen>9</SeatsOpen><Bldg><BldgCode>LOV</BldgCode><Room>0301</Room><Days>M W</Days><TimeBegin>06:45 PM</TimeBegin><TimeEnd>08:00 PM</TimeEnd></Bldg></Detail></Course><Course><Code>COP5570</Code><Section>01</Section><ReferenceNo>00613</ReferenceNo><Detail><Title>ADV UNIX PROGRAMMING</Title><Instructor>GOPALAN,              KARTIK</Instructor><Seats>30</Seats><SeatsOpen>12</SeatsOpen><Bldg><BldgCode>LOV</BldgCode><Room>0103</Room><Days>M W</Days><TimeBegin>03:35 PM</TimeBegin><TimeEnd>04:50 PM</TimeEnd></Bldg></Detail></Course><Course><Code>COP5622</Code><Section>01</Section><ReferenceNo>00614</ReferenceNo><Detail><Title>ADVCD TOPIC COMPILAT</Title><Instructor>WHALLEY,              DAVID B</Instructor><Seats>30</Seats><SeatsOpen>29</SeatsOpen><Bldg><BldgCode>LOV</BldgCode><Room>0103</Room><Days>M W</Days><TimeBegin>09:30 AM</TimeBegin><TimeEnd>10:45 AM</TimeEnd></Bldg></Detail></Course><Course><Code>COP5725</Code><Section>01</Section><ReferenceNo>00615</ReferenceNo><Detail><Title>DATABASE SYSTEMS</Title><Instructor>RICCARDI,              GREGORY A</Instructor><Seats>24</Seats><SeatsOpen>21</SeatsOpen><Bldg><BldgCode>LOV</BldgCode><Room>0103</Room><Days>T R</Days><TimeBegin>09:30 AM</TimeBegin><TimeEnd>10:45 AM</TimeEnd></Bldg></Detail></Course><Course><Code>COT4420</Code><Section>01</Section><ReferenceNo>00616</ReferenceNo><Detail><Title>THRY OF COMPUTATION</Title><Instructor>LEACH,              STEPHEN P</Instructor><Seats>25</Seats><SeatsOpen>0</SeatsOpen><Bldg><BldgCode>LOV</BldgCode><Room>0301</Room><Days>T R</Days><TimeBegin>12:30 PM</TimeBegin><TimeEnd>01:45 PM</TimeEnd><Comments>COLIST WITH CGS5429-01</Comments></Bldg></Detail></Course><Course><Code>COT5507</Code><Section>01</Section><ReferenceNo>08667</ReferenceNo><Detail><Title>ANALYTIC METHODS</Title><Instructor>MASCAGNI,              MICHAEL V</Instructor><Seats>20</Seats><SeatsOpen>18</SeatsOpen><Bldg><BldgCode>LOV</BldgCode><Room>0016</Room><Days>T R</Days><TimeBegin>11:00 AM</TimeBegin><TimeEnd>12:15 PM</TimeEnd></Bldg></Detail></Course> </fsu>