<?xml version="1.0" encoding="UTF-8"?> <furman> <Course><Code>CS11A</Code><Instructor>Bryan                                Catron</Instructor><Title>Introduction to Computer Science                              I</Title><Times>Mon-Fri:9-9:50 a.m.</Times><Room>RH106</Room></Course><Course><Title>Lab</Title><Times>Mon:2-4 p.m.</Times><Room>RH203</Room></Course><Course><Code>CS11B</Code><Instructor>Paige                                Meeker</Instructor><Title>Introduction to Computer Science                              I</Title><Times>Mon-Fri:11-11:50 a.m.</Times><Room>RH106</Room></Course><Course><Title>Lab</Title><Times>Thurs:2-4 p.m.</Times><Room>RH201</Room></Course><Course><Code>CS12A</Code><Instructor>Chris                                Healy</Instructor><Title>Introduction to Computer Science                                II</Title><Times>Mon-Fri:1-1:50 p.m.</Times><Room>RH204</Room></Course><Course><Title>Lab</Title><Times>Thurs.:2-4 p.m.</Times><Room>RH203</Room></Course><Course><Code>CS16A</Code><Instructor>Ken                                Abernethy</Instructor><Title>Introduction to Computing</Title><Times>Mon-Fri:8-8:50 a.m.</Times><Room>HH104</Room></Course><Course><Title>Lab</Title><Times>Mon:2-4 p.m.</Times><Room>RH201</Room></Course><Course><Code>CS16B</Code><Instructor>Ken                                Abernethy</Instructor><Title>Introduction to Computing</Title><Times>Mon-Fri:9-9:50 a.m.</Times><Room>HH104</Room></Course><Course><Title>Lab</Title><Times>Mon:4:15-6:15 p.m.</Times><Room>RH201</Room></Course><Course><Code>CS16C</Code><Instructor>Paula                                Gabbert</Instructor><Title>Introduction to Computing</Title><Times>Mon-Fri:10-10:50 a.m.</Times><Room>RH106</Room></Course><Course><Title>Lab</Title><Times>Tues:2-4 p.m.</Times><Room>RH201</Room></Course><Course><Code>CS16D</Code><Instructor>Paula                                Gabbert</Instructor><Title>Introduction to Computing</Title><Times>Mon-Fri:1-1:50 p.m.</Times><Room>RH106</Room></Course><Course><Title>Lab</Title><Times>Wed:2-4 p.m.</Times><Room>RH201</Room></Course><Course><Code>CS16E</Code><Instructor>Bryan                                Catron</Instructor><Title>Introduction to Computing</Title><Times>Mon-Fri:10-10:50 a.m.</Times><Room>RH204</Room></Course><Course><Title>Lab</Title><Times>Tues:4:15-6:15 p.m.</Times><Room>RH201</Room></Course><Course><Code>CS30A</Code><Instructor>Hayden                                Porter</Instructor><Title>Information Structures</Title><Times>Mon-Fri:11-11:50 a.m.</Times><Room>RH204</Room></Course><Course><Title>Lab</Title><Times>Tues:2-4 p.m.</Times><Room>RH203</Room></Course><Course><Code>CS40A</Code><Instructor>Kevin                                Treu</Instructor><Title>Database Management Systems</Title><Times>Mon-Fri:9-9:50 p.m.</Times><Room>RH204</Room></Course><Course><Title>Lab</Title><Times>Wed:2-4 p.m.</Times><Room>RH203</Room></Course><Course><Code>CS11A</Code><Instructor>Hayden                                Porter</Instructor><Title>Introduction to Computer Science                              I</Title><Times>Mon-Fri:12:15-1:30 p.m.</Times><Room>RH204</Room></Course><Course><Title>Lab</Title><Times>Mon.:3:05-5:05 p.m.</Times><Room>RH203</Room></Course><Course><Code>CS16A</Code><Instructor>Tom                                Allen</Instructor><Title>Introduction to Computing</Title><Times>Mon-Fri:8-9:15 a.m.</Times><Room>RH106</Room></Course><Course><Title>Lab</Title><Times>Mon.:3:05-5:05 p.m.</Times><Room>RH201</Room></Course><Course><Code>CS16B</Code><Instructor>Paige                                Meeker</Instructor><Title>Introduction to Computing</Title><Times>Mon-Fri:9:25-10:40 a.m.</Times><Room>RH106</Room></Course><Course><Title>Lab</Title><Times>Tues.:3:05-5:05 p.m.</Times><Room>RH201</Room></Course><Course><Code>CS16C</Code><Instructor>Kevin                                Treu</Instructor><Title>Introduction to Computing</Title><Times>Mon-Fri:10:50-12:05 p.m.</Times><Room>RH106</Room></Course><Course><Title>Lab</Title><Times>Wed.:3:05-5:05 p.m.</Times><Room>RH201</Room></Course><Course><Code>CS16D</Code><Instructor>Ken                                Abernethy</Instructor><Title>Introduction to Computing</Title><Times>Mon-Fri:12:15-1:30 p.m.</Times><Room>HH104</Room></Course><Course><Title>Lab</Title><Times>Tues.:3:05-5:05 p.m.</Times><Room>RH203</Room></Course><Course><Instructor>Paula                                Gabbert</Instructor><Title>Discrete Structures for Computer                                Science</Title><Times>Mon-Fri:9:25-10:40 a.m.</Times><Room>RH204</Room></Course><Course><Instructor>Chris                                Healy</Instructor><Title>Computational Theory</Title><Times>Mon-Fri:10:50-12:05 a.m.</Times><Room>RH204</Room></Course><Course><Code>CS95A</Code><Instructor>Paige                                Meeker</Instructor><Title>3-D Modeling and Animation</Title><Times>Mon-Fri:1:40-2:55 p.m.</Times><Room>RH204</Room></Course><Course><Title>Lab</Title><Times>Thurs.:3:05-5:05 p.m.</Times><Room>RH203</Room></Course><Course><Code>CS11A</Code><Instructor>Bryan                                Catron</Instructor><Title>Introduction to Computer Science                              I</Title><Times>Mon-Fri:11:00-11:50 a.m.</Times><Room>RH204</Room></Course><Course><Title>Lab</Title><Times>Tues.:2-4 p.m.</Times><Room>RH203</Room></Course><Course><Code>CS12A</Code><Instructor>Hayden                                Porter</Instructor><Title>Introduction to Computer Science                                II</Title><Times>Mon-Fri:9-9:50 p.m.</Times><Room>RH204</Room></Course><Course><Title>Lab</Title><Times>Mon.:2-4 p.m.</Times><Room>RH203</Room></Course><Course><Code>CS16A</Code><Instructor>Chris                                Healy</Instructor><Title>Introduction to Computing</Title><Times>Mon-Fri:8-8:50 a.m.</Times><Room>RH106</Room></Course><Course><Title>Lab</Title><Times>Mon:2-4 p.m.</Times><Room>RH201</Room></Course><Course><Code>CS16B</Code><Instructor>Tom                                Allen</Instructor><Title>Introduction to Computing</Title><Times>Mon-Fri:9-9:50 a.m.</Times><Room>RH106</Room></Course><Course><Title>Lab</Title><Times>Tues.:2-4 p.m.</Times><Room>RH201</Room></Course><Course><Code>CS16C</Code><Instructor>Bryan                                Catron</Instructor><Title>Introduction to Computing</Title><Times>Mon-Fri:10-10:50 a.m.</Times><Room>RH106</Room></Course><Course><Title>Lab</Title><Times>Thur:2-4 p.m.</Times><Room>RH201</Room></Course><Course><Code>CS16D</Code><Instructor>Kevin                                Treu</Instructor><Title>Introduction to Computing</Title><Times>Mon-Fri:11-11:50 a.m.</Times><Room>RH106</Room></Course><Course><Title>Lab</Title><Times>Wed:2-4 p.m.</Times><Room>RH201</Room></Course><Course><Code>CS17A</Code><Instructor>Ken                                Abernethy  Kevin                                Treu</Instructor><Title>Introduction to Computing with                                Scripting</Title><Times>Mon-Fri:9-9:50 a.m.</Times><Room>HH104</Room></Course><Course><Title>Lab</Title><Times>Thur.:2-4 p.m.</Times><Room>RH203</Room></Course><Course><Code>CS25A</Code><Instructor>Chris                                Healy</Instructor><Title>Computer Organization</Title><Times>Mon-Fri:10-10:50 a.m.</Times><Room>RH204</Room></Course><Course><Title>Lab</Title><Times>Wed.:4:15-6:15 p.m.</Times><Room>RH203</Room></Course><Course><Code>CS35A</Code><Instructor>Paula                                Gabbert</Instructor><Title>Software Design</Title><Times>Mon-Fri:12-12:50 p.m.</Times><Room>RH204</Room></Course><Course><Title>Lab</Title><Times>Wed.:2-4 p.m.</Times><Room>RH203</Room></Course><Course><Instructor>Hayden                                Porter</Instructor><Title>Seminar in Computer Science</Title><Times>Tues  Thurs:2-4 p.m.</Times><Room>RH100/204</Room></Course> </furman>