<?xml version="1.0" encoding="UTF-8"?> <gatech> <Course><Department>CS</Department><Code>4001</Code><Section>A</Section><Mode>L</Mode><CRN>25727</CRN><Title>Computing  Society</Title><Hours>3</Hours><In>40</In><Max>42</Max><Days>TR</Days><Time>0305-0425pm</Time><Instructor>Rugaber</Instructor><Room>320</Room><Building>Cherry Emerson</Building><Description>Course restricted: Only class JR SR.</Description></Course><Course><Department>CS</Department><Code>4001</Code><Section>B</Section><Mode>L</Mode><CRN>25728</CRN><Title>Computing  Society</Title><Hours>3</Hours><In>41</In><Max>42</Max><Days>MWF</Days><Time>0105-0155pm</Time><Instructor>Shaw</Instructor><Room>101</Room><Building>Coll of Computing</Building><Description>Course restricted: Only class JR SR.</Description></Course><Course><Department>CS</Department><Code>4001</Code><Section>D</Section><Mode>L</Mode><CRN>25740</CRN><Title>Computing  Society</Title><Hours>3</Hours><In>37</In><Max>42</Max><Days>TR</Days><Time>0435-0555pm</Time><Instructor>Harrold</Instructor><Room>S204</Room><Building>Howey (Physics)</Building><Description>Course restricted: Only class JR SR.</Description></Course><Course><Department>CS</Department><Code>4001</Code><Section>RNZ</Section><Mode>LPA</Mode><CRN>25896</CRN><Title>Computing  Society</Title><Hours>3</Hours><In>20</In><Max>40</Max><Days>TBA</Days><Time>TBA</Time><Instructor>Badre</Instructor><Room>TBA</Room><Building></Building><Description>Pacific Study Abroad in New Zealand</Description></Course><Course><Department>CS</Department><Code>4210</Code><Section>A</Section><Mode>LPA</Mode><CRN>21996</CRN><Title>Adv Operating Systems</Title><Hours>3</Hours><In>37</In><Max>42</Max><Days>MWF</Days><Time>0205-0255pm</Time><Instructor>Smaragdakis</Instructor><Room>102</Room><Building>Coll of Computing</Building><Description>Enforced Pre-requisite(s): CS 2200 Or ECE 3055</Description></Course><Course><Department>CS</Department><Code>4220</Code><Section>A</Section><Mode>LPA</Mode><CRN>25778</CRN><Title>Embedded Systems</Title><Hours>3</Hours><In>24</In><Max>27</Max><Days>TR</Days><Time>1205-0125pm</Time><Instructor>Pu</Instructor><Room>320</Room><Building>Cherry Emerson</Building><Description>TBA     TBA     Pu     TBA</Description></Course><Course><Department>CS</Department><Code>4235</Code><Section>A</Section><Mode>LPA</Mode><CRN>23615</CRN><Title>Computer Networking II</Title><Hours>3</Hours><In>39</In><Max>45</Max><Days>TR</Days><Time>0435-0555pm</Time><Instructor>Dovrolis</Instructor><Room>101</Room><Building>Coll of Computing</Building><Description>Enforced Pre-requisite(s): CS 3251</Description></Course><Course><Department>CS</Department><Code>4255</Code><Section>A</Section><Mode>L</Mode><CRN>25779</CRN><Title>Intro-Network Management</Title><Hours>3</Hours><In>37</In><Max>40</Max><Days>TR</Days><Time>0935-1055am</Time><Instructor>Clark</Instructor><Room>101</Room><Building>Coll of Computing</Building><Description>Enforced Pre-requisite(s): CS 3251</Description></Course><Course><Department>CS</Department><Code>4290</Code><Section>A</Section><Mode>LPA</Mode><CRN>20387</CRN><Title>Advanced Computer Org</Title><Hours>3</Hours><In>4</In><Max>10</Max><Days>MWF</Days><Time>0105-0155pm</Time><Instructor>Prvulovic</Instructor><Room>102</Room><Building>Coll of Computing</Building><Description>Enforced Pre-requisite(s): CS 2200</Description></Course><Course><Department>CS</Department><Code>4330</Code><Section>A</Section><Mode>L</Mode><CRN>21831</CRN><Title>Software Applications</Title><Hours>3</Hours><In>11</In><Max>15</Max><Days>TR</Days><Time>0805-0925am</Time><Instructor>Rugaber</Instructor><Room>102</Room><Building>Coll of Computing</Building><Description>TBA     TBA     Rugaber     TBA</Description></Course> </gatech>