<?xml version="1.0" encoding="UTF-8"?> <hku> <Course><CourseSite>http://www.csis.hku.hk/~c1117a/</CourseSite><CourseNo>CSIS1117A</CourseNo><Title>Computer                Programming(without cs background)</Title><Term>1</Term><Instructor><Homepage>http://www.csis.hku.hk/~kwchong/</Homepage><Name>Dr K W            Chong</Name></Instructor></Course><Course><CourseSite>http://www.csis.hku.hk/~c1117b/</CourseSite><CourseNo>CSIS1117B</CourseNo><Title>Computer                Programming(with cs background)</Title><Term>1</Term><Instructor><Homepage>http://www.csis.hku.hk/~kpchan/</Homepage><Name>Dr K P                Chan</Name></Instructor></Course><Course><CourseSite>http://www.csis.hku.hk/~c1118/</CourseSite><CourseNo>CSIS1118</CourseNo><Title>Foundations                of Computer Science</Title><Term>1</Term><Instructor><Homepage>http://www.csis.hku.hk/~chin/</Homepage><Name>Prof F Y L Chin</Name></Instructor></Course><Course><CourseSite>http://www.csis.hku.hk/~c1119a/</CourseSite><CourseNo>CSIS1119A</CourseNo><Title>Introduction                to Data Structures and Algorithms</Title><Term>2</Term><Instructor><Homepage>http://www.csis.hku.hk/~kao/</Homepage><Name>Dr B C M Kao</Name></Instructor></Course><Course><CourseSite>http://www.csis.hku.hk/~c1119b/</CourseSite><CourseNo>CSIS1119B</CourseNo><Title>Introduction                to Data Structures and Algorithms</Title><Term>2</Term><Instructor><Homepage>http://www.csis.hku.hk/~nikos/</Homepage><Name>Dr N                Mamoulis</Name></Instructor></Course><Course><CourseSite>http://www.csis.hku.hk/~c1120/</CourseSite><CourseNo>CSIS1120</CourseNo><Title>Machine                Organization and Assembly Language Programming</Title><Term>2</Term><Instructor><Homepage>http://www.csis.hku.hk/~kpchan/</Homepage><Name>Dr K P Chan</Name></Instructor></Course><Course><CourseSite>http://www.csis.hku.hk/~c1121/</CourseSite><CourseNo>CSIS1121</CourseNo><Title>Discrete                Mathematics(CE1 only)</Title><Term>2</Term><Instructor><Homepage>http://www.csis.hku.hk/~twlam/</Homepage><Name>Dr T W                Lam</Name></Instructor></Course><Course><CourseSite>http://www.csis.hku.hk/~c1127/</CourseSite><CourseNo>CSIS1127</CourseNo><Title>Introduction                to Information Systems</Title><Term>1</Term><Instructor><Homepage>http://www.csis.hku.hk/~atctam/</Homepage><Name>Dr A T C Tam</Name></Instructor></Course><Course><CourseSite>http://www.csis.hku.hk/~c1421/</CourseSite><CourseNo>CSIS1421</CourseNo><Title>Engineering                Mathematics</Title><Term>1</Term><Instructor><Homepage>http://www.csis.hku.hk/~hui/</Homepage><Name>Dr L C K                Hui</Name></Instructor></Course><Course><CourseSite>http://www.csis.hku.hk/~c1501/</CourseSite><CourseNo>CSIS1501</CourseNo><Title>Foundations                of Biocomputing</Title><Term>1</Term><Instructor><Homepage>http://www.csis.hku.hk/~smyiu/</Homepage><Name>Dr S M                Yiu</Name></Instructor></Course><Course><CourseSite>http://www.csis.hku.hk/~c0230a/</CourseSite><CourseNo>CSIS0230A</CourseNo><Title>Principles                of Operating Systems (CSIS  Double)</Title><Term>1</Term><Instructor><Homepage>http://www.csis.hku.hk/~kkto/</Homepage><Name>Dr K K                To</Name></Instructor></Course><Course><CourseSite>http://www.csis.hku.hk/~c0230b/</CourseSite><CourseNo>CSIS0230B</CourseNo><Title>Principles                of Operating Systems (CE  SE)</Title><Term>1</Term><Instructor><Homepage>http://www.csis.hku.hk/~clwang/</Homepage><Name>Dr C L                Wang</Name></Instructor></Course><Course><CourseSite>http://www.csis.hku.hk/~c0231/</CourseSite><CourseNo>CSIS0231</CourseNo><Title>Computer                Architecture</Title><Term>1</Term><Instructor><Homepage>http://www.csis.hku.hk/~qhuo/</Homepage><Name>Dr Q Huo</Name></Instructor></Course><Course><CourseSite>http://www.csis.hku.hk/~c0234a/</CourseSite><CourseNo>CSIS0234A</CourseNo><Title>Computer                and Communication Networks (CSIS  SE)</Title><Term>2</Term><Instructor><Homepage>http://www.csis.hku.hk/~atctam/</Homepage><Name>Dr A T C                Tam</Name></Instructor></Course><Course><CourseSite>http://www.csis.hku.hk/~c0234b/</CourseSite><CourseNo>CSIS0234B</CourseNo><Title>Computer                and Communications Networks (CE, Double  BioInf)</Title><Term>2</Term><Instructor><Homepage>http://www.csis.hku.hk/~kkto/</Homepage><Name>Dr K K                To</Name></Instructor></Course><Course><CourseSite>http://www.csis.hku.hk/~c0250/</CourseSite><CourseNo>CSIS0250</CourseNo><Title>Design                and Analysis of Algorithms</Title><Term>1</Term><Instructor><Homepage>http://www.csis.hku.hk/~hfting/</Homepage><Name>Dr H F Ting</Name></Instructor></Course><Course><CourseSite>http://www.csis.hku.hk/~c0259/</CourseSite><CourseNo>CSIS0259</CourseNo><Title>Principles                of Programming Languages</Title><Term>1</Term><Instructor><Homepage>http://www.csis.hku.hk/~kwchong/</Homepage><Name>Dr K W Chong</Name></Instructor></Course><Course><CourseSite>http://www.csis.hku.hk/~c0278/</CourseSite><CourseNo>CSIS0278A</CourseNo><Title>Introduction                to Database Management Systems (CSIS, SE, Double               CogSc)</Title><Term>1</Term><Instructor><Homepage>http://www.csis.hku.hk/~nikos/</Homepage><Name>Dr N Mamoulis</Name></Instructor></Course><Course><CourseSite>http://www.csis.hku.hk/~c0278/</CourseSite><CourseNo>CSIS0278B</CourseNo><Title>Introduction                to Database Management Systems (BioInf, CE  EEE)</Title><Term>1</Term><Instructor><Homepage>http://www.csis.hku.hk/~dcheung/</Homepage><Name>Dr D Cheung</Name></Instructor></Course><Course><CourseSite>http://www.csis.hku.hk/~c0297a/</CourseSite><CourseNo>CSIS0297A</CourseNo><Title>Introduction                to Software Engineering (SE  Double)</Title><Term>2</Term><Instructor><Homepage>http://www.csis.hku.hk/~georgem/</Homepage><Name>Mr G                Mitcheson</Name></Instructor></Course><Course><CourseSite>http://www.csis.hku.hk/~c0297b/</CourseSite><CourseNo>CSIS0297B</CourseNo><Title>Introduction                to Software Engineering (CSIS, CE  CogSc)</Title><Term>2</Term><Instructor><Homepage>http://www.csis.hku.hk/~georgem/</Homepage><Name>Mr G                Mitcheson</Name></Instructor></Course><Course><CourseSite>http://www.csis.hku.hk/~c0396a/</CourseSite><CourseNo>CSIS0396A</CourseNo><Title>Programming                Methodology  O-O Programming</Title><Term>2</Term><Instructor><Homepage>http://www.csis.hku.hk/~kwchong/</Homepage><Name>Dr K W Chong</Name></Instructor></Course><Course><CourseSite>http://www.csis.hku.hk/~c0396b/</CourseSite><CourseNo>CSIS0396B</CourseNo><Title>Programming                Methodology  O-O Programming (SE  Double)</Title><Term>2</Term><Instructor><Homepage>http://www.csis.hku.hk/~chow/</Homepage><Name>Dr K P Chow</Name></Instructor></Course><Course><CourseSite>http://www.csis.hku.hk/~c0401/</CourseSite><CourseNo>CSIS0401</CourseNo><Title>Analysis                and Design of Software Systems</Title><Term>2</Term><Instructor><Homepage>http://www.csis.hku.hk/~tse/</Homepage><Name>Dr T H                Tse</Name></Instructor></Course><Course><CourseSite>http://www.csis.hku.hk/~c0402/</CourseSite><CourseNo>CSIS0402</CourseNo><Title>System                Architecture and Distributed Computing</Title><Term>2</Term><Instructor><Homepage>http://www.csis.hku.hk/~chow/</Homepage><Name>Dr K P                Chow</Name></Instructor></Course><Course><CourseSite>http://www.csis.hku.hk/~c0403/</CourseSite><CourseNo>CSIS0403</CourseNo><Title>Implementation,                Testing and Maintenance of Software Systems</Title><Term>1</Term><Instructor><Homepage>http://www.csis.hku.hk/~georgem/</Homepage><Name>Mr G Mitcheson</Name></Instructor></Course><Course><CourseSite>http://www.csis.hku.hk/~c0404/</CourseSite><CourseNo>CSIS0404</CourseNo><Title>Software                Quality and Project Management</Title><Term>1</Term><Instructor><Homepage>http://www.csis.hku.hk/~rswtang/</Homepage><Name>Mr R S W Tang</Name></Instructor></Course><Course><CourseSite>http://www.csis.hku.hk/~c0405/</CourseSite><CourseNo>CSIS0405</CourseNo><Title>Professionalism                and Ethics</Title><Term>2</Term><Instructor><Homepage>http://www.csis.hku.hk/~joeleung/</Homepage><Name>Mr J Leung</Name></Instructor></Course><Course><CourseSite>http://www.csis.hku.hk/~c0406/</CourseSite><CourseNo>CSIS0406</CourseNo><Title>Real-time                and Embedded Systems</Title><Term>2</Term><Instructor><Homepage>http://www.csis.hku.hk/~hychung/</Homepage><Name>Dr R H                Y Chung</Name></Instructor></Course><Course><CourseSite>http://www.csis.hku.hk/~c0801/</CourseSite><CourseNo>CSIS0801</CourseNo><Title>Year                Project</Title><Term>1  2</Term><Instructor></Instructor></Course><Course><CourseSite>http://www.csis.hku.hk/~c0802/</CourseSite><CourseNo>CSIS0802</CourseNo><Title>Software                Engineering Project</Title><Term>1  2</Term><Instructor><Homepage>http://www.csis.hku.hk/~georgem/</Homepage><Name>Mr G                Mitcheson</Name></Instructor></Course><Course><CourseSite>http://www.csis.hku.hk/~c0803/</CourseSite><CourseNo>CSIS0803</CourseNo><Title>System                Integration Project</Title><Term>1  2</Term><Instructor><Homepage>http://www.csis.hku.hk/~clyip/</Homepage><Name>Dr C L                Yip</Name></Instructor></Course><Course><CourseSite>http://www.csis.hku.hk/~c0247/</CourseSite><CourseNo>CSIS0247</CourseNo><Title>Topics                in Computer Systems</Title><Term>2</Term><Instructor><Homepage>http://www.csis.hku.hk/~hwchan/</Homepage><Name>Dr H W                Chan</Name></Instructor></Course><Course><CourseSite>http://www.csis.hku.hk/~c0270/</CourseSite><CourseNo>CSIS0270</CourseNo><Title>Artificial                Intelligence (CogSc  others)</Title><Term>2</Term><Instructor><Homepage>http://www.csis.hku.hk/~kkto/</Homepage><Name>Dr K K                To</Name></Instructor></Course><Course><CourseSite>http://www.csis.hku.hk/~c0271/</CourseSite><CourseNo>CSIS0271</CourseNo><Title>Computer                Graphics</Title><Term>2</Term><Instructor><Homepage>http://www.csis.hku.hk/~wenping/</Homepage><Name>Dr W                Wang</Name></Instructor></Course><Course><CourseSite>http://www.csis.hku.hk/~c0311/</CourseSite><CourseNo>CSIS0311</CourseNo><Title>Legal                Aspects of Computing</Title><Term>1</Term><Instructor><Homepage>http://www.csis.hku.hk/~pun/</Homepage><Name>Dr K H                Pun</Name></Instructor></Course><Course><CourseSite>http://www.csis.hku.hk/~c0315/</CourseSite><CourseNo>CSIS0315</CourseNo><Title>Multimedia                Computing and Applications</Title><Term>1</Term><Instructor><Homepage>http://www.csis.hku.hk/~clyip/</Homepage><Name>Dr C L                Yip</Name></Instructor></Course><Course><CourseSite>http://www.csis.hku.hk/~c0317/</CourseSite><CourseNo>CSIS0317</CourseNo><Title>Computer                Vision</Title><Term>2</Term><Instructor><Homepage>http://www.csis.hku.hk/~kykwong/</Homepage><Name>Dr K K Y Wong</Name></Instructor></Course><Course><CourseSite>http://www.csis.hku.hk/~c0320/</CourseSite><CourseNo>CSIS0320</CourseNo><Title>Electronic                Commerce Technology</Title><Term>1</Term><Instructor><Homepage>http://www.csis.hku.hk/~hui/</Homepage><Name>Dr L C K                Hui</Name></Instructor></Course><Course><CourseSite>http://www.csis.hku.hk/~c0322/</CourseSite><CourseNo>CSIS0322</CourseNo><Title>Internet                and World Wide Web (BioInf  others)</Title><Term>2</Term><Instructor><Homepage>http://www.csis.hku.hk/~fcmlau/</Homepage><Name>Dr F C M                Lau</Name></Instructor></Course><Course><CourseSite>http://www.csis.hku.hk/~c0323</CourseSite><CourseNo>CSIS0323</CourseNo><Title>Advanced                Database Systems</Title><Term>2</Term><Instructor><Homepage>http://www.csis.hku.hk/~dcheung/</Homepage><Name>Dr D Cheung</Name></Instructor></Course><Course><CourseSite>http://www.csis.hku.hk/~c0326</CourseSite><CourseNo>CSIS0326</CourseNo><Title>Computational                Molecular Biology (BioInf  others)</Title><Term>1</Term><Instructor><Homepage>http://www.csis.hku.hk/~smyiu/</Homepage><Name>Dr S M                Yiu</Name></Instructor></Course><Course><CourseSite>http://www.csis.hku.hk/~c0407/</CourseSite><CourseNo>CSIS0407</CourseNo><Title>Scientific                Computing</Title><Term>2</Term><Instructor><Homepage>http://www.csis.hku.hk/~wenping/</Homepage><Name>Dr W                Wang</Name></Instructor></Course> </hku>