<?xml version="1.0" encoding="UTF-8"?> <itu> <Yariyil><ismi>2. Yarıyıl</ismi><Ders><Kodu>MAT102</Kodu><Adi>Matematik              II</Adi><Kredisi>4-2</Kredisi><Turu>TB</Turu></Ders><Ders><Kodu>MAT271</Kodu><Adi>Olasılık              ve İstatistik</Adi><Kredisi>3-0</Kredisi><Turu>TB</Turu></Ders><Ders><Kodu>FIZ102E</Kodu><Adi>Fizik              II</Adi><Kredisi>3-0</Kredisi><Turu>TB</Turu></Ders><Ders><Kodu>FIZ102EL</Kodu><Adi>Fizik              II Laboratuarı</Adi><Kredisi>0-2</Kredisi><Turu>TB</Turu></Ders><Ders><Kodu>BLG112</Kodu><Adi>Ayrık              Matematik</Adi><Kredisi>3-0</Kredisi><Turu>TB</Turu></Ders><Ders><Kodu>BIL105E</Kodu><Adi>Bilimsel              ve Mühendislik Hesaplamalarına Giriş</Adi><Kredisi>2-2</Kredisi><Turu>TM</Turu></Ders><Ders><Kodu></Kodu><Adi>İngilizce              II</Adi><Kredisi>3-0</Kredisi><Turu>İTB</Turu></Ders></Yariyil><Yariyil><ismi>4. Yarıyıl</ismi><Ders><Kodu>18-2</Kodu><Adi>TEL252E</Adi><Kredisi>İşaretler              ve Sistemler</Kredisi><Turu>3-0</Turu></Ders><Ders><Kodu>TM</Kodu><Adi>BLG232E</Adi><Kredisi>Algoritma              Analizi</Kredisi><Turu>3-0</Turu></Ders><Ders><Kodu>TM</Kodu><Adi>BLG242</Adi><Kredisi>Lojik              Devreleri Laboratuarı</Kredisi><Turu>0-2</Turu></Ders><Ders><Kodu>TM</Kodu><Adi>BLG212</Adi><Kredisi>Mikroişlemci              Sistemleri</Kredisi><Turu>3-0</Turu></Ders><Ders><Kodu>MT</Kodu><Adi>BLG222</Adi><Kredisi>Bilgisayar              Organizasyonu</Kredisi><Turu>3-0</Turu></Ders><Ders><Kodu>MT</Kodu><Adi>ELE322</Adi><Kredisi>Sayısal              Elektronik Devreleri</Kredisi><Turu>3-0</Turu></Ders><Ders><Kodu>MT</Kodu><Adi></Adi><Kredisi>Seçime              Bağlı Ders I (TM)</Kredisi><Turu>3-0</Turu></Ders><Ders><Kodu>TM</Kodu></Ders></Yariyil><Yariyil><ismi>6. Yarıyıl</ismi><Ders><Kodu>BLG312</Kodu><Adi>Bilgisayar              İşletim Sistemleri</Adi><Kredisi>3-0</Kredisi><Turu>MT</Turu></Ders><Ders><Kodu>BLG322</Kodu><Adi>Bilgisayar              Mimarisi</Adi><Kredisi>3-0</Kredisi><Turu>MT</Turu></Ders><Ders><Kodu>BLG332E</Kodu><Adi>Nesneye              Dayalı Programlama</Adi><Kredisi>3-0</Kredisi><Turu>MT</Turu></Ders><Ders><Kodu>BLG342</Kodu><Adi>Mikroişlemci              Uygulamaları Laboratuarı</Adi><Kredisi>0-2</Kredisi><Turu>MT</Turu></Ders><Ders><Kodu>TUR102</Kodu><Adi>Türkçe              II</Adi><Kredisi>2-0</Kredisi><Turu>İTB</Turu></Ders><Ders><Kodu></Kodu><Adi>Seçime              Bağlı Ders III (TM)</Adi><Kredisi>3-0</Kredisi><Turu>TM</Turu></Ders><Ders><Kodu></Kodu><Adi>Seçime              Bağlı Ders II (İTB)</Adi><Kredisi>3-0</Kredisi><Turu>İTB</Turu></Ders></Yariyil><Yariyil><ismi>8. Yarıyıl</ismi><Ders><Kodu>BLG412</Kodu><Adi>Bilişim              Etiği</Adi><Kredisi>1-0</Kredisi><Turu>MT</Turu></Ders><Ders><Kodu>BLG492</Kodu><Adi>Bitirme              Ödevi</Adi><Kredisi>0-6</Kredisi><Turu>MT</Turu></Ders><Ders><Kodu>EKO101</Kodu><Adi>Ekonomi</Adi><Kredisi>3-0</Kredisi><Turu>İTB</Turu></Ders><Ders><Kodu>ATA102</Kodu><Adi>Atatürk              İlkeleri ve İnkılap Tarihi II</Adi><Kredisi>2-0</Kredisi><Turu>İTB</Turu></Ders><Ders><Kodu></Kodu><Adi>Seçime              Bağlı Ders IV (TM)</Adi><Kredisi>3-0</Kredisi><Turu>TM</Turu></Ders><Ders><Kodu></Kodu><Adi>Seçime              Bağlı Ders III (MT)</Adi><Kredisi>2-0</Kredisi><Turu>MT</Turu></Ders><Ders><Kodu></Kodu><Adi>İngilizce              Seçime Bağlı Ders II (MT)</Adi><Kredisi>2-0</Kredisi><Turu>MT</Turu></Ders></Yariyil> </itu>