<?xml version="1.0" encoding="UTF-8"?> <ksu> <Course Number="CIS015"><Title>Sem/Undergraduate</Title><Details><Credits>00</Credits><Section>A</Section><Type>IND</Type><RefNo>34990</RefNo><Days>M</Days><Time>4:30 p.m.</Time><Room>DUR 1073</Room><Instructor>Shea, William E</Instructor></Details></Course><Course Number="CIS101"><Title>Intro Inform Tech</Title><Details><Credits>01</Credits><Section>A</Section><Type>LEC</Type><RefNo>35000</RefNo><Days>M</Days><Time>2:30 p.m.</Time><Room>UM 105</Room><Instructor>Shea, William E</Instructor></Details><Details><Credits>01</Credits><Section>B</Section><Type>LEC</Type><RefNo>35010</RefNo><Days>M</Days><Time>3:30 p.m.</Time><Room>UM 105</Room><Instructor>Shea, William E</Instructor></Details><Details><Credits></Credits><Section>01</Section><Type>QZ</Type><RefNo>35020</RefNo><Days>M</Days><Time>7:30</Time><Room>N 021</Room><Instructor>Shea, William E</Instructor></Details><Details><Credits></Credits><Section>02</Section><Type>QZ</Type><RefNo>35030</RefNo><Days>M</Days><Time>8:30</Time><Room>N 021</Room><Instructor>Shea, William E</Instructor></Details><Details><Credits></Credits><Section>03</Section><Type>QZ</Type><RefNo>35040</RefNo><Days>M</Days><Time>9:30</Time><Room>N 021</Room><Instructor>Shea, William E</Instructor></Details><Details><Credits></Credits><Section>04</Section><Type>QZ</Type><RefNo>35050</RefNo><Days>M</Days><Time>10:30</Time><Room>N 021</Room><Instructor>Shea, William E</Instructor></Details><Details><Credits></Credits><Section>05</Section><Type>QZ</Type><RefNo>35060</RefNo><Days>M</Days><Time>12:30 p.m.</Time><Room>N 021</Room><Instructor>Shea, William E</Instructor></Details><Details><Credits></Credits><Section>06</Section><Type>QZ</Type><RefNo>35070</RefNo><Days>M</Days><Time>1:30 p.m.</Time><Room>N 021</Room><Instructor>Shea, William E</Instructor></Details><Details><Credits></Credits><Section>07</Section><Type>QZ</Type><RefNo>35080</RefNo><Days>M</Days><Time>2:30 p.m.</Time><Room>N 021</Room><Instructor>Shea, William E</Instructor></Details><Details><Credits></Credits><Section>08</Section><Type>QZ</Type><RefNo>35090</RefNo><Days>M</Days><Time>3:30 p.m.</Time><Room>N 021</Room><Instructor>Shea, William E</Instructor></Details><Details><Credits></Credits><Section>08A</Section><Type>QZ</Type><RefNo>35095</RefNo><Days>M</Days><Time>4:30 p.m.</Time><Room>N 021</Room><Instructor>Shea, William E</Instructor></Details><Details><Credits></Credits><Section>08B</Section><Type>QZ</Type><RefNo>35096</RefNo><Days>M</Days><Time>7:00 p.m.</Time><Room>N 021</Room><Instructor>Shea, William E</Instructor></Details><Details><Credits></Credits><Section>09</Section><Type>QZ</Type><RefNo>35100</RefNo><Days>T</Days><Time>7:30</Time><Room>N 021</Room><Instructor>Shea, William E</Instructor></Details><Details><Credits></Credits><Section>10</Section><Type>QZ</Type><RefNo>35110</RefNo><Days>T</Days><Time>8:30</Time><Room>N 021</Room><Instructor>Shea, William E</Instructor></Details><Details><Credits></Credits><Section>11</Section><Type>QZ</Type><RefNo>35120</RefNo><Days>T</Days><Time>9:30</Time><Room>N 021</Room><Instructor>Shea, William E</Instructor></Details><Details><Credits></Credits><Section>12</Section><Type>QZ</Type><RefNo>35130</RefNo><Days>T</Days><Time>10:30</Time><Room>N 021</Room><Instructor>Shea, William E</Instructor></Details><Details><Credits></Credits><Section>13</Section><Type>QZ</Type><RefNo>35140</RefNo><Days>T</Days><Time>12:30 p.m.</Time><Room>N 021</Room><Instructor>Shea, William E</Instructor></Details><Details><Credits></Credits><Section>14</Section><Type>QZ</Type><RefNo>35150</RefNo><Days>T</Days><Time>1:30 p.m.</Time><Room>N 021</Room><Instructor>Shea, William E</Instructor></Details><Details><Credits></Credits><Section>15</Section><Type>QZ</Type><RefNo>35160</RefNo><Days>T</Days><Time>2:30 p.m.</Time><Room>N 021</Room><Instructor>Shea, William E</Instructor></Details><Details><Credits></Credits><Section>16</Section><Type>QZ</Type><RefNo>35170</RefNo><Days>T</Days><Time>3:30 p.m.</Time><Room>N 021</Room><Instructor>Shea, William E</Instructor></Details><Details><Credits></Credits><Section>16A</Section><Type>QZ</Type><RefNo>35175</RefNo><Days>T</Days><Time>4:30 p.m.</Time><Room>N 021</Room><Instructor>Shea, William E</Instructor></Details><Details><Credits></Credits><Section>17</Section><Type>QZ</Type><RefNo>35180</RefNo><Days>W</Days><Time>7:30</Time><Room>N 021</Room><Instructor>Shea, William E</Instructor></Details><Details><Credits></Credits><Section>18</Section><Type>QZ</Type><RefNo>35190</RefNo><Days>W</Days><Time>8:30</Time><Room>N 021</Room><Instructor>Shea, William E</Instructor></Details><Details><Credits></Credits><Section>19</Section><Type>QZ</Type><RefNo>35200</RefNo><Days>W</Days><Time>9:30</Time><Room>N 021</Room><Instructor>Shea, William E</Instructor></Details><Details><Credits></Credits><Section>20</Section><Type>QZ</Type><RefNo>35210</RefNo><Days>W</Days><Time>10:30</Time><Room>N 021</Room><Instructor>Shea, William E</Instructor></Details><Details><Credits></Credits><Section>21</Section><Type>QZ</Type><RefNo>35220</RefNo><Days>W</Days><Time>12:30 p.m.</Time><Room>N 021</Room><Instructor>Shea, William E</Instructor></Details><Details><Credits></Credits><Section>22</Section><Type>QZ</Type><RefNo>35230</RefNo><Days>W</Days><Time>1:30 p.m.</Time><Room>N 021</Room><Instructor>Shea, William E</Instructor></Details><Details><Credits></Credits><Section>23</Section><Type>QZ</Type><RefNo>35240</RefNo><Days>W</Days><Time>2:30 p.m.</Time><Room>N 021</Room><Instructor>Shea, William E</Instructor></Details><Details><Credits></Credits><Section>24</Section><Type>QZ</Type><RefNo>35250</RefNo><Days>W</Days><Time>3:30 p.m.</Time><Room>N 021</Room><Instructor>Shea, William E</Instructor></Details><Details><Credits></Credits><Section>24A</Section><Type>QZ</Type><RefNo>35255</RefNo><Days>W</Days><Time>4:30 p.m.</Time><Room>N 021</Room><Instructor>Shea, William E</Instructor></Details><Details><Credits></Credits><Section>24B</Section><Type>QZ</Type><RefNo>35256</RefNo><Days>W</Days><Time>7:00 p.m.</Time><Room></Room><Instructor>Shea, William E</Instructor></Details></Course><Course Number="CIS102"><Title>Intro Pc/Spreadsheet</Title><Details><Credits>01</Credits><Section>A</Section><Type>LEC</Type><RefNo>35340</RefNo><Days>M</Days><Time>2:30 p.m.</Time><Room>UM 105</Room><Instructor>Shea, William E</Instructor></Details><Details><Credits>01</Credits><Section>B</Section><Type>LEC</Type><RefNo>35350</RefNo><Days>M</Days><Time>3:30 p.m.</Time><Room>UM 105</Room><Instructor>Shea, William E</Instructor></Details><Details><Credits></Credits><Section>01</Section><Type>QZ</Type><RefNo>35360</RefNo><Days>M</Days><Time>7:30</Time><Room>N 021</Room><Instructor>Shea, William E</Instructor></Details><Details><Credits></Credits><Section>02</Section><Type>QZ</Type><RefNo>35370</RefNo><Days>M</Days><Time>8:30</Time><Room>N 021</Room><Instructor>Shea, William E</Instructor></Details><Details><Credits></Credits><Section>03</Section><Type>QZ</Type><RefNo>35380</RefNo><Days>M</Days><Time>9:30</Time><Room>N 021</Room><Instructor>Shea, William E</Instructor></Details><Details><Credits></Credits><Section>04</Section><Type>QZ</Type><RefNo>35390</RefNo><Days>M</Days><Time>10:30</Time><Room>N 021</Room><Instructor>Shea, William E</Instructor></Details><Details><Credits></Credits><Section>05</Section><Type>QZ</Type><RefNo>35400</RefNo><Days>M</Days><Time>12:30 p.m.</Time><Room>N 021</Room><Instructor>Shea, William E</Instructor></Details><Details><Credits></Credits><Section>06</Section><Type>QZ</Type><RefNo>35410</RefNo><Days>M</Days><Time>1:30 p.m.</Time><Room>N 021</Room><Instructor>Shea, William E</Instructor></Details><Details><Credits></Credits><Section>07</Section><Type>QZ</Type><RefNo>35420</RefNo><Days>M</Days><Time>2:30 p.m.</Time><Room>N 021</Room><Instructor>Shea, William E</Instructor></Details><Details><Credits></Credits><Section>08</Section><Type>QZ</Type><RefNo>35430</RefNo><Days>M</Days><Time>3:30 p.m.</Time><Room>N 021</Room><Instructor>Shea, William E</Instructor></Details><Details><Credits></Credits><Section>08A</Section><Type>QZ</Type><RefNo>35435</RefNo><Days>M</Days><Time>4:30 p.m.</Time><Room>N 021</Room><Instructor>Shea, William E</Instructor></Details><Details><Credits></Credits><Section>09</Section><Type>QZ</Type><RefNo>35440</RefNo><Days>T</Days><Time>7:30</Time><Room>N 021</Room><Instructor>Shea, William E</Instructor></Details><Details><Credits></Credits><Section>10</Section><Type>QZ</Type><RefNo>35450</RefNo><Days>T</Days><Time>8:30</Time><Room>N 021</Room><Instructor>Shea, William E</Instructor></Details><Details><Credits></Credits><Section>11</Section><Type>QZ</Type><RefNo>35460</RefNo><Days>T</Days><Time>9:30</Time><Room>N 021</Room><Instructor>Shea, William E</Instructor></Details><Details><Credits></Credits><Section>12</Section><Type>QZ</Type><RefNo>35470</RefNo><Days>T</Days><Time>10:30</Time><Room>N 021</Room><Instructor>Shea, William E</Instructor></Details><Details><Credits></Credits><Section>13</Section><Type>QZ</Type><RefNo>35480</RefNo><Days>T</Days><Time>12:30 p.m.</Time><Room>N 021</Room><Instructor>Shea, William E</Instructor></Details><Details><Credits></Credits><Section>14</Section><Type>QZ</Type><RefNo>35490</RefNo><Days>T</Days><Time>1:30 p.m.</Time><Room>N 021</Room><Instructor>Shea, William E</Instructor></Details><Details><Credits></Credits><Section>15</Section><Type>QZ</Type><RefNo>35500</RefNo><Days>T</Days><Time>2:30 p.m.</Time><Room>N 021</Room><Instructor>Shea, William E</Instructor></Details><Details><Credits></Credits><Section>16</Section><Type>QZ</Type><RefNo>35510</RefNo><Days>T</Days><Time>3:30 p.m.</Time><Room>N 021</Room><Instructor>Shea, William E</Instructor></Details><Details><Credits></Credits><Section>16A</Section><Type>QZ</Type><RefNo>35515</RefNo><Days>T</Days><Time>4:30 p.m.</Time><Room>N 021</Room><Instructor>Shea, William E</Instructor></Details><Details><Credits></Credits><Section>17</Section><Type>QZ</Type><RefNo>35520</RefNo><Days>W</Days><Time>7:30</Time><Room>N 021</Room><Instructor>Shea, William E</Instructor></Details><Details><Credits></Credits><Section>18</Section><Type>QZ</Type><RefNo>35530</RefNo><Days>W</Days><Time>8:30</Time><Room>N 021</Room><Instructor>Shea, William E</Instructor></Details><Details><Credits></Credits><Section>19</Section><Type>QZ</Type><RefNo>35540</RefNo><Days>W</Days><Time>9:30</Time><Room>N 021</Room><Instructor>Shea, William E</Instructor></Details><Details><Credits></Credits><Section>20</Section><Type>QZ</Type><RefNo>35550</RefNo><Days>W</Days><Time>10:30</Time><Room>N 021</Room><Instructor>Shea, William E</Instructor></Details><Details><Credits></Credits><Section>21</Section><Type>QZ</Type><RefNo>35560</RefNo><Days>W</Days><Time>12:30 p.m.</Time><Room>N 021</Room><Instructor>Shea, William E</Instructor></Details><Details><Credits></Credits><Section>22</Section><Type>QZ</Type><RefNo>35570</RefNo><Days>W</Days><Time>1:30 p.m.</Time><Room>N 021</Room><Instructor>Shea, William E</Instructor></Details><Details><Credits></Credits><Section>23</Section><Type>QZ</Type><RefNo>35580</RefNo><Days>W</Days><Time>2:30 p.m.</Time><Room>N 021</Room><Instructor>Shea, William E</Instructor></Details><Details><Credits></Credits><Section>24</Section><Type>QZ</Type><RefNo>35590</RefNo><Days>W</Days><Time>3:30 p.m.</Time><Room>N 021</Room><Instructor>Shea, William E</Instructor></Details><Details><Credits></Credits><Section>25A</Section><Type>QZ</Type><RefNo>35695</RefNo><Days>W</Days><Time>4:30 p.m.</Time><Room>N 021</Room><Instructor>Shea, William E</Instructor></Details></Course><Course Number="CIS103"><Title>Intro Pc/Database</Title><Details><Credits>01</Credits><Section>A</Section><Type>LEC</Type><RefNo>35700</RefNo><Days>M</Days><Time>2:30 p.m.</Time><Room>UM 105</Room><Instructor>Shea, William E</Instructor></Details><Details><Credits>01</Credits><Section>B</Section><Type>LEC</Type><RefNo>35710</RefNo><Days>M</Days><Time>3:30 p.m.</Time><Room>UM 105</Room><Instructor>Shea, William E</Instructor></Details><Details><Credits></Credits><Section>01</Section><Type>QZ</Type><RefNo>35720</RefNo><Days>M</Days><Time>8:30</Time><Room>N 021</Room><Instructor>Shea, William E</Instructor></Details><Details><Credits></Credits><Section>02</Section><Type>QZ</Type><RefNo>35730</RefNo><Days>M</Days><Time>9:30</Time><Room>N 021</Room><Instructor>Shea, William E</Instructor></Details><Details><Credits></Credits><Section>03</Section><Type>QZ</Type><RefNo>35740</RefNo><Days>M</Days><Time>10:30</Time><Room>N 021</Room><Instructor>Shea, William E</Instructor></Details><Details><Credits></Credits><Section>04</Section><Type>QZ</Type><RefNo>35750</RefNo><Days>M</Days><Time>12:30 p.m.</Time><Room>N 021</Room><Instructor>Shea, William E</Instructor></Details><Details><Credits></Credits><Section>05</Section><Type>QZ</Type><RefNo>35760</RefNo><Days>M</Days><Time>1:30 p.m.</Time><Room>N 021</Room><Instructor>Shea, William E</Instructor></Details><Details><Credits></Credits><Section>06</Section><Type>QZ</Type><RefNo>35770</RefNo><Days>M</Days><Time>2:30 p.m.</Time><Room>N 021</Room><Instructor>Shea, William E</Instructor></Details><Details><Credits></Credits><Section>07</Section><Type>QZ</Type><RefNo>35780</RefNo><Days>M</Days><Time>3:30 p.m.</Time><Room>N 021</Room><Instructor>Shea, William E</Instructor></Details><Details><Credits></Credits><Section>08</Section><Type>QZ</Type><RefNo>35790</RefNo><Days>T</Days><Time>8:30</Time><Room>N 021</Room><Instructor>Shea, William E</Instructor></Details><Details><Credits></Credits><Section>09</Section><Type>QZ</Type><RefNo>35800</RefNo><Days>T</Days><Time>9:30</Time><Room>N 021</Room><Instructor>Shea, William E</Instructor></Details><Details><Credits></Credits><Section>10</Section><Type>QZ</Type><RefNo>35810</RefNo><Days>T</Days><Time>10:30</Time><Room>N 021</Room><Instructor>Shea, William E</Instructor></Details><Details><Credits></Credits><Section>11</Section><Type>QZ</Type><RefNo>35820</RefNo><Days>T</Days><Time>12:30 p.m.</Time><Room>N 021</Room><Instructor>Shea, William E</Instructor></Details><Details><Credits></Credits><Section>12</Section><Type>QZ</Type><RefNo>35830</RefNo><Days>T</Days><Time>1:30 p.m.</Time><Room>N 021</Room><Instructor>Shea, William E</Instructor></Details><Details><Credits></Credits><Section>13</Section><Type>QZ</Type><RefNo>35840</RefNo><Days>T</Days><Time>2:30 p.m.</Time><Room>N 021</Room><Instructor>Shea, William E</Instructor></Details><Details><Credits></Credits><Section>14</Section><Type>QZ</Type><RefNo>35850</RefNo><Days>T</Days><Time>3:30 p.m.</Time><Room>N 021</Room><Instructor>Shea, William E</Instructor></Details><Details><Credits></Credits><Section>15</Section><Type>QZ</Type><RefNo>35860</RefNo><Days>W</Days><Time>8:30</Time><Room>N 021</Room><Instructor>Shea, William E</Instructor></Details><Details><Credits></Credits><Section>16</Section><Type>QZ</Type><RefNo>35870</RefNo><Days>W</Days><Time>9:30</Time><Room>N 021</Room><Instructor>Shea, William E</Instructor></Details><Details><Credits></Credits><Section>17</Section><Type>QZ</Type><RefNo>35880</RefNo><Days>W</Days><Time>10:30</Time><Room>N 021</Room><Instructor>Shea, William E</Instructor></Details><Details><Credits></Credits><Section>18</Section><Type>QZ</Type><RefNo>35890</RefNo><Days>W</Days><Time>12:30 p.m.</Time><Room>N 021</Room><Instructor>Shea, William E</Instructor></Details><Details><Credits></Credits><Section>19</Section><Type>QZ</Type><RefNo>35900</RefNo><Days>W</Days><Time>1:30 p.m.</Time><Room>N 021</Room><Instructor>Shea, William E</Instructor></Details><Details><Credits></Credits><Section>20</Section><Type>QZ</Type><RefNo>35910</RefNo><Days>W</Days><Time>2:30 p.m.</Time><Room>N 021</Room><Instructor>Shea, William E</Instructor></Details><Details><Credits></Credits><Section>21</Section><Type>QZ</Type><RefNo>35920</RefNo><Days>W</Days><Time>3:30 p.m.</Time><Room>N 021</Room><Instructor>Shea, William E</Instructor></Details></Course><Course Number="CIS104"><Title>Intro Pc/Word Prcssn</Title><Details><Credits>01</Credits><Section>A</Section><Type>LEC</Type><RefNo>36000</RefNo><Days>M</Days><Time>2:30 p.m.</Time><Room>UM 105</Room><Instructor>Shea, William E</Instructor></Details><Details><Credits>01</Credits><Section>B</Section><Type>LEC</Type><RefNo>36010</RefNo><Days>M</Days><Time>3:30 p.m.</Time><Room>UM 105</Room><Instructor>Shea, William E</Instructor></Details><Details><Credits></Credits><Section>01</Section><Type>QZ</Type><RefNo>36020</RefNo><Days>M</Days><Time>8:30</Time><Room>N 021</Room><Instructor>Shea, William E</Instructor></Details><Details><Credits></Credits><Section>02</Section><Type>QZ</Type><RefNo>36030</RefNo><Days>M</Days><Time>9:30</Time><Room>N 021</Room><Instructor>Shea, William E</Instructor></Details><Details><Credits></Credits><Section>03</Section><Type>QZ</Type><RefNo>36040</RefNo><Days>M</Days><Time>10:30</Time><Room>N 021</Room><Instructor>Shea, William E</Instructor></Details><Details><Credits></Credits><Section>04</Section><Type>QZ</Type><RefNo>36050</RefNo><Days>M</Days><Time>12:30 p.m.</Time><Room>N 021</Room><Instructor>Shea, William E</Instructor></Details><Details><Credits></Credits><Section>05</Section><Type>QZ</Type><RefNo>36060</RefNo><Days>M</Days><Time>1:30 p.m.</Time><Room>N 021</Room><Instructor>Shea, William E</Instructor></Details><Details><Credits></Credits><Section>06</Section><Type>QZ</Type><RefNo>36070</RefNo><Days>M</Days><Time>2:30 p.m.</Time><Room>N 021</Room><Instructor>Shea, William E</Instructor></Details><Details><Credits></Credits><Section>07</Section><Type>QZ</Type><RefNo>36080</RefNo><Days>M</Days><Time>3:30 p.m.</Time><Room>N 021</Room><Instructor>Shea, William E</Instructor></Details><Details><Credits></Credits><Section>08</Section><Type>QZ</Type><RefNo>36090</RefNo><Days>T</Days><Time>8:30</Time><Room>N 021</Room><Instructor>Shea, William E</Instructor></Details><Details><Credits></Credits><Section>09</Section><Type>QZ</Type><RefNo>36100</RefNo><Days>T</Days><Time>9:30</Time><Room>N 021</Room><Instructor>Shea, William E</Instructor></Details><Details><Credits></Credits><Section>10</Section><Type>QZ</Type><RefNo>36110</RefNo><Days>T</Days><Time>10:30</Time><Room>N 021</Room><Instructor>Shea, William E</Instructor></Details><Details><Credits></Credits><Section>11</Section><Type>QZ</Type><RefNo>36120</RefNo><Days>T</Days><Time>12:30 p.m.</Time><Room>N 021</Room><Instructor>Shea, William E</Instructor></Details><Details><Credits></Credits><Section>12</Section><Type>QZ</Type><RefNo>36130</RefNo><Days>T</Days><Time>1:30 p.m.</Time><Room>N 021</Room><Instructor>Shea, William E</Instructor></Details><Details><Credits></Credits><Section>13</Section><Type>QZ</Type><RefNo>36140</RefNo><Days>T</Days><Time>2:30 p.m.</Time><Room>N 021</Room><Instructor>Shea, William E</Instructor></Details><Details><Credits></Credits><Section>14</Section><Type>QZ</Type><RefNo>36150</RefNo><Days>T</Days><Time>3:30 p.m.</Time><Room>N 021</Room><Instructor>Shea, William E</Instructor></Details><Details><Credits></Credits><Section>15</Section><Type>QZ</Type><RefNo>36160</RefNo><Days>W</Days><Time>8:30</Time><Room>N 021</Room><Instructor>Shea, William E</Instructor></Details><Details><Credits></Credits><Section>16</Section><Type>QZ</Type><RefNo>36170</RefNo><Days>W</Days><Time>9:30</Time><Room>N 021</Room><Instructor>Shea, William E</Instructor></Details><Details><Credits></Credits><Section>17</Section><Type>QZ</Type><RefNo>36180</RefNo><Days>W</Days><Time>10:30</Time><Room>N 021</Room><Instructor>Shea, William E</Instructor></Details><Details><Credits></Credits><Section>18</Section><Type>QZ</Type><RefNo>36190</RefNo><Days>W</Days><Time>12:30 p.m.</Time><Room>N 021</Room><Instructor>Shea, William E</Instructor></Details><Details><Credits></Credits><Section>19</Section><Type>QZ</Type><RefNo>36200</RefNo><Days>W</Days><Time>1:30 p.m.</Time><Room>N 021</Room><Instructor>Shea, William E</Instructor></Details><Details><Credits></Credits><Section>20</Section><Type>QZ</Type><RefNo>36210</RefNo><Days>W</Days><Time>2:30 p.m.</Time><Room>N 021</Room><Instructor>Shea, William E</Instructor></Details><Details><Credits></Credits><Section>21</Section><Type>QZ</Type><RefNo>36220</RefNo><Days>W</Days><Time>3:30 p.m.</Time><Room>N 021</Room><Instructor>Shea, William E</Instructor></Details></Course><Course Number="CIS105"><Title>Intro Programming</Title><Details><Credits>01</Credits><Section>A</Section><Type>LAB</Type><RefNo>36300</RefNo><Days>F</Days><Time>8:30</Time><Room>N 021</Room><Instructor>Shea, William E</Instructor></Details><Details><Credits>01</Credits><Section>B</Section><Type>LAB</Type><RefNo>36310</RefNo><Days>F</Days><Time>11:30</Time><Room>N 021</Room><Instructor>Shea, William E</Instructor></Details><Details><Credits>01</Credits><Section>C</Section><Type>LAB</Type><RefNo>36320</RefNo><Days>F</Days><Time>2:30 p.m.</Time><Room>N 021</Room><Instructor>Shea, William E</Instructor></Details></Course><Course Number="CIS111"><Title>Fund Programming</Title><Details><Credits>03</Credits><Section>A</Section><Type>LAB</Type><RefNo>36330</RefNo><Days>F</Days><Time>9:30-11:20</Time><Room>N 021</Room><Instructor>Shea, William E</Instructor></Details><Details><Credits>03</Credits><Section>B</Section><Type>LAB</Type><RefNo>36340</RefNo><Days>F</Days><Time>12:30-2:20P</Time><Room>N 021</Room><Instructor>Shea, William E</Instructor></Details></Course><Course Number="CIS200"><Title>Fund Software Dsgn</Title><Details><Credits>04</Credits><Section>A</Section><Type>LAB</Type><RefNo>36350</RefNo><Days>U</Days><Time>9:30-11:20</Time><Room>S 054</Room><Instructor>Forgie, Cynthia C</Instructor></Details><Details><Credits></Credits><Section></Section><Type>LEC</Type><RefNo></RefNo><Days>MTW</Days><Time>2:30 p.m.</Time><Room>DUR 1073</Room><Instructor></Instructor></Details><Details><Credits>04</Credits><Section>B</Section><Type>LAB</Type><RefNo>36360</RefNo><Days>U</Days><Time>11:30-1:20</Time><Room>N 016</Room><Instructor>Forgie, Cynthia C</Instructor></Details><Details><Credits></Credits><Section></Section><Type>LEC</Type><RefNo></RefNo><Days>MTW</Days><Time>2:30 p.m.</Time><Room>DUR 1073</Room><Instructor></Instructor></Details><Details><Credits>04</Credits><Section>C</Section><Type>LAB</Type><RefNo>36370</RefNo><Days>U</Days><Time>1:30-3:20P</Time><Room>N 016</Room><Instructor>Forgie, Cynthia C</Instructor></Details><Details><Credits></Credits><Section></Section><Type>LEC</Type><RefNo></RefNo><Days>MTW</Days><Time>2:30 p.m.</Time><Room>DUR 1073</Room><Instructor></Instructor></Details><Details><Credits>04</Credits><Section>D</Section><Type>LAB</Type><RefNo>36380</RefNo><Days>F</Days><Time>7:30-9:20</Time><Room>N 016</Room><Instructor>Forgie, Cynthia C</Instructor></Details><Details><Credits></Credits><Section></Section><Type>LEC</Type><RefNo></RefNo><Days>MTW</Days><Time>2:30 p.m.</Time><Room>DUR 1073</Room><Instructor></Instructor></Details><Details><Credits>04</Credits><Section>E</Section><Type>LAB</Type><RefNo>36390</RefNo><Days>F</Days><Time>12:30-2:20P</Time><Room>S 054</Room><Instructor>Forgie, Cynthia C</Instructor></Details><Details><Credits></Credits><Section></Section><Type>LEC</Type><RefNo></RefNo><Days>MTW</Days><Time>2:30 p.m.</Time><Room>DUR 1073</Room><Instructor></Instructor></Details><Details><Credits>04</Credits><Section>F</Section><Type>LAB</Type><RefNo>36400</RefNo><Days>F</Days><Time>12:30-2:20P</Time><Room>N 016</Room><Instructor>Forgie, Cynthia C</Instructor></Details><Details><Credits></Credits><Section></Section><Type>LEC</Type><RefNo></RefNo><Days>MTW</Days><Time>2:30 p.m.</Time><Room>DUR 1073</Room><Instructor></Instructor></Details></Course><Course Number="CIS208"><Title>C Language Laboratry</Title><Details><Credits>01</Credits><Section>A</Section><Type>LAB</Type><RefNo>36410</RefNo><Days>MW</Days><Time>10:30</Time><Room>N 127</Room><Instructor>Wallentine, Virg</Instructor></Details></Course><Course Number="CIS209"><Title>C Programming/Engg</Title><Details><Credits>03</Credits><Section>A</Section><Type>LAB</Type><RefNo>36420</RefNo><Days>M</Days><Time>8:30-10:10</Time><Room>S 054</Room><Instructor>Neilsen, Mitchell L</Instructor></Details><Details><Credits></Credits><Section></Section><Type>REC</Type><RefNo></RefNo><Days>M</Days><Time>11:30-12:20</Time><Room>N 122</Room><Instructor></Instructor></Details><Details><Credits>03</Credits><Section>B</Section><Type>LAB</Type><RefNo>36430</RefNo><Days>M</Days><Time>2:30-4:10P</Time><Room>S 054</Room><Instructor>Neilsen, Mitchell L</Instructor></Details><Details><Credits></Credits><Section></Section><Type>REC</Type><RefNo></RefNo><Days>M</Days><Time>11:30-12:20</Time><Room>N 122</Room><Instructor></Instructor></Details><Details><Credits>03</Credits><Section>C</Section><Type>LAB</Type><RefNo>36440</RefNo><Days>W</Days><Time>8:30-10:10</Time><Room>S 054</Room><Instructor>Neilsen, Mitchell L</Instructor></Details><Details><Credits></Credits><Section></Section><Type>REC</Type><RefNo></RefNo><Days>M</Days><Time>11:30-12:20</Time><Room>N 122</Room><Instructor></Instructor></Details><Details><Credits>03</Credits><Section>D</Section><Type>LAB</Type><RefNo>36450</RefNo><Days>W</Days><Time>2:30-4:10P</Time><Room>S 054</Room><Instructor>Neilsen, Mitchell L</Instructor></Details><Details><Credits></Credits><Section></Section><Type>REC</Type><RefNo></RefNo><Days>M</Days><Time>11:30-12:20</Time><Room>N 122</Room><Instructor></Instructor></Details></Course><Course Number="CIS300"><Title>Data/Program Struct</Title><Details><Credits>03</Credits><Section>A</Section><Type>REC</Type><RefNo>36460</RefNo><Days>MWF</Days><Time>1:30 p.m.</Time><Room>T 101</Room><Instructor>Schmidt, David A</Instructor></Details></Course><Course Number="CIS301"><Title>Log Foundatn/Progrmg</Title><Details><Credits>03</Credits><Section>A</Section><Type>REC</Type><RefNo>36470</RefNo><Days>MWF</Days><Time>10:30</Time><Room>N 122</Room><Instructor>Amtoft, Torben</Instructor></Details></Course><Course Number="CIS362"><Title>Intro Business Prog</Title><Details><Credits>03</Credits><Section>A</Section><Type>REC</Type><RefNo>36480</RefNo><Days>MWF</Days><Time>7:30</Time><Room>N 127</Room><Instructor>Kinsler, Les</Instructor></Details></Course><Course Number="CIS450"><Title>Cmptr Arch/Organiztn</Title><Details><Credits>03</Credits><Section>A</Section><Type>REC</Type><RefNo>36490</RefNo><Days>MWF</Days><Time>12:30 p.m.</Time><Room>N 122</Room><Instructor>Mizuno, Masaaki</Instructor></Details></Course><Course Number="CIS499"><Title>Honors Res/Thesis</Title><Details><Credits>V</Credits><Section>A</Section><Type>IND</Type><RefNo>36500</RefNo><Days></Days><Time>Wallentine, Virg</Time></Details></Course><Course Number="CIS501"><Title>Software Arch/Design</Title><Details><Credits>03</Credits><Section>A</Section><Type>REC</Type><RefNo>36510</RefNo><Days>TU</Days><Time>8:05-9:20</Time><Room>DUF 1107</Room><Instructor>Hankley, William J</Instructor></Details></Course><Course Number="CIS505"><Title>Intro Program Lang</Title><Details><Credits>03</Credits><Section>A</Section><Type>REC</Type><RefNo>36520</RefNo><Days>MWF</Days><Time>2:30 p.m.</Time><Room>N 122</Room><Instructor>Banerjee, Anindya</Instructor></Details></Course><Course Number="CIS520"><Title>Operating Systems</Title><Details><Credits>03</Credits><Section>A</Section><Type>REC</Type><RefNo>36530</RefNo><Days>MWF</Days><Time>9:30</Time><Room>N 016</Room><Instructor>Andresen, Daniel A</Instructor></Details></Course><Course Number="CIS525"><Title>Telecomm/Data Commun</Title><Details><Credits>03</Credits><Section>A</Section><Type>REC</Type><RefNo>36540</RefNo><Days>MWF</Days><Time>8:30</Time><Room>N 122</Room><Instructor>Neilsen, Mitchell L</Instructor></Details></Course><Course Number="CIS540"><Title>Software Engr Proj 1</Title><Details><Credits>03</Credits><Section>A</Section><Type>LAB</Type><RefNo>36550</RefNo><Days>U</Days><Time>9:30-11:20</Time><Room>N 016</Room><Instructor>Gustafson, David A</Instructor></Details><Details><Credits></Credits><Section></Section><Type>LEC</Type><RefNo></RefNo><Days>TU</Days><Time>12:30-1:45P</Time><Room>DUR 1073</Room><Instructor></Instructor></Details><Details><Credits>03</Credits><Section>B</Section><Type>LAB</Type><RefNo>36560</RefNo><Days>U</Days><Time>3:30-5:20P</Time><Room>N 016</Room><Instructor>Gustafson, David A</Instructor></Details><Details><Credits></Credits><Section></Section><Type>LEC</Type><RefNo></RefNo><Days>TU</Days><Time>12:30-1:45P</Time><Room>DUR 1073</Room><Instructor></Instructor></Details><Details><Credits>03</Credits><Section>C</Section><Type>LAB</Type><RefNo>36570</RefNo><Days>F</Days><Time>9:30-11:20</Time><Room>N 016</Room><Instructor>Gustafson, David A</Instructor></Details><Details><Credits></Credits><Section></Section><Type>LEC</Type><RefNo></RefNo><Days>TU</Days><Time>12:30-1:45P</Time><Room>DUR 1073</Room><Instructor></Instructor></Details><Details><Credits>03</Credits><Section>D</Section><Type>LAB</Type><RefNo>36580</RefNo><Days>F</Days><Time>11:30-1:20</Time><Room>N 016</Room><Instructor>Gustafson, David A</Instructor></Details><Details><Credits></Credits><Section></Section><Type>LEC</Type><RefNo></RefNo><Days>TU</Days><Time>12:30-1:45P</Time><Room>DUR 1073</Room><Instructor></Instructor></Details><Details><Credits>03</Credits><Section>E</Section><Type>LAB</Type><RefNo>36590</RefNo><Days>F</Days><Time>1:30-3:20P</Time><Room>N 016</Room><Instructor>Gustafson, David A</Instructor></Details><Details><Credits></Credits><Section></Section><Type>LEC</Type><RefNo></RefNo><Days>TU</Days><Time>12:30-1:45P</Time><Room>DUR 1073</Room><Instructor></Instructor></Details></Course><Course Number="CIS543"><Title>Software Dsgn Proj</Title><Details><Credits>03</Credits><Section>A</Section><Type>LAB</Type><RefNo>36591</RefNo><Days>U</Days><Time>9:30-11:20</Time><Room>N 016</Room><Instructor>Gustafson, David A</Instructor></Details><Details><Credits></Credits><Section></Section><Type>LEC</Type><RefNo></RefNo><Days>TU</Days><Time>12:30-1:45P</Time><Room>DUR 1073</Room><Instructor></Instructor></Details><Details><Credits>03</Credits><Section>B</Section><Type>LAB</Type><RefNo>36592</RefNo><Days>U</Days><Time>3:30-5:20P</Time><Room>N 016</Room><Instructor>Gustafson, David A</Instructor></Details><Details><Credits></Credits><Section></Section><Type>LEC</Type><RefNo></RefNo><Days>TU</Days><Time>12:30-1:45P</Time><Room>DUR 1073</Room><Instructor></Instructor></Details><Details><Credits>03</Credits><Section>C</Section><Type>LAB</Type><RefNo>36593</RefNo><Days>F</Days><Time>9:30-11:20</Time><Room>N 016</Room><Instructor>Gustafson, David A</Instructor></Details><Details><Credits></Credits><Section></Section><Type>LEC</Type><RefNo></RefNo><Days>TU</Days><Time>12:30-1:45P</Time><Room>DUR 1073</Room><Instructor></Instructor></Details><Details><Credits>03</Credits><Section>D</Section><Type>LAB</Type><RefNo>36594</RefNo><Days>F</Days><Time>11:30-1:20</Time><Room>N 016</Room><Instructor>Gustafson, David A</Instructor></Details><Details><Credits></Credits><Section></Section><Type>LEC</Type><RefNo></RefNo><Days>TU</Days><Time>12:30-1:45P</Time><Room>DUR 1073</Room><Instructor></Instructor></Details><Details><Credits>03</Credits><Section>E</Section><Type>LAB</Type><RefNo>36595</RefNo><Days>F</Days><Time>1:30-3:20P</Time><Room>N 016</Room><Instructor>Gustafson, David A</Instructor></Details><Details><Credits></Credits><Section></Section><Type>LEC</Type><RefNo></RefNo><Days>TU</Days><Time>12:30-1:45P</Time><Room>DUR 1073</Room><Instructor></Instructor></Details></Course><Course Number="CIS560"><Title>Database Syst Concep</Title><Details><Credits>03</Credits><Section>A</Section><Type>REC</Type><RefNo>36600</RefNo><Days>TU</Days><Time>2:30-3:45P</Time><Room>N 127</Room><Instructor>Hankley, William J</Instructor></Details></Course><Course Number="CIS570"><Title>Intro Formal Lang Th</Title><Details><Credits>03</Credits><Section>A</Section><Type>REC</Type><RefNo>36610</RefNo><Days>TU</Days><Time>9:30-10:45</Time><Room>N 122</Room><Instructor>Stoughton, Allen</Instructor></Details></Course><Course Number="CIS575"><Title>Intro Algorithm Anly</Title><Details><Credits>03</Credits><Section>A</Section><Type>REC</Type><RefNo>36620</RefNo><Days>TU</Days><Time>8:05-9:20</Time><Room>N 122</Room><Instructor>Howell, Rodney R</Instructor></Details></Course><Course Number="CIS621"><Title>Real-Time Prog Fund</Title><Details><Credits>01</Credits><Section>A</Section><Type>REC</Type><RefNo>36630</RefNo><Days>TU</Days><Time>11:00-12:15</Time><Room>N 122</Room><Instructor>Mizuno, Masaaki</Instructor></Details></Course><Course Number="CIS622"><Title>Real-Time Oper Systm</Title><Details><Credits>01</Credits><Section>A</Section><Type>REC</Type><RefNo>36640</RefNo><Days>TU</Days><Time>11:00-12:15</Time><Room>N 122</Room><Instructor>Mizuno, Masaaki</Instructor></Details></Course><Course Number="CIS690"><Title>Implementatn Project</Title><Details><Credits>03</Credits><Section>A</Section><Type>REC</Type><RefNo>36650</RefNo><Days></Days><Time>Wallentine, Virg</Time><Room></Room></Details></Course><Course Number="CIS706"><Title>Translator Design 1</Title><Details><Credits>03</Credits><Section>A</Section><Type>REC</Type><RefNo>36660</RefNo><Days>TU</Days><Time>11:30-12:45</Time><Room>N 127</Room><Instructor>Schmidt, David A</Instructor></Details></Course><Course Number="CIS720"><Title>Adv Operating System</Title><Details><Credits>03</Credits><Section>A</Section><Type>REC</Type><RefNo>36670</RefNo><Days>TU</Days><Time>2:30-3:45P</Time><Room>N 122</Room><Instructor>Mizuno, Masaaki</Instructor></Details></Course><Course Number="CIS730"><Title>Artificial Intellign</Title><Details><Credits>03</Credits><Section>A</Section><Type>REC</Type><RefNo>36680</RefNo><Days>MWF</Days><Time>1:30 p.m.</Time><Room>N 127</Room><Instructor>Hsu, William Henry</Instructor></Details></Course><Course Number="CIS740"><Title>Software Engineering</Title><Details><Credits>03</Credits><Section>A</Section><Type>REC</Type><RefNo>36690</RefNo><Days>MWF</Days><Time>12:30 p.m.</Time><Room>N 127</Room><Instructor>Deloach, Scott A</Instructor></Details></Course><Course Number="CIS764"><Title>Database Design</Title><Details><Credits>03</Credits><Section>A</Section><Type>REC</Type><RefNo>36700</RefNo><Days>TU</Days><Time>9:30-10:45</Time><Room>N 127</Room><Instructor>Hankley, William J</Instructor></Details></Course><Course Number="CIS775"><Title>Analysis/Algorithms</Title><Details><Credits>03</Credits><Section>A</Section><Type>REC</Type><RefNo>36710</RefNo><Days>TU</Days><Time>1:05-2:20P</Time><Room>N 127</Room><Instructor>Howell, Rodney R</Instructor></Details></Course><Course Number="CIS798"><Title>Top/Current Robotics</Title><Details><Credits>V</Credits><Section>C</Section><Type>REC</Type><RefNo>09441</RefNo><Days>N 234</Days><Time>Gustafson, David A</Time></Details></Course><Course Number="CIS798"><Title>Top/Computer Science</Title><Details><Credits>V</Credits><Section>A</Section><Type>REC</Type><RefNo>36720</RefNo><Days>N 234</Days><Time>Wallentine, Virg</Time><Room></Room></Details></Course><Course Number="CIS798"><Title>Top/Robotics</Title><Details><Credits>V</Credits><Section>B</Section><Type>REC</Type><RefNo>36730</RefNo><Days>N 024</Days><Time>Gustafson, David A</Time><Room></Room></Details></Course><Course Number="CIS806"><Title>Semantics Prog Lang</Title><Details><Credits>03</Credits><Section>A</Section><Type>REC</Type><RefNo>36731</RefNo><Days></Days><Time>Stoughton, Allen</Time><Room></Room></Details></Course><Course Number="CIS825"><Title>Top/Distributed Sysm</Title><Details><Credits>03</Credits><Section>A</Section><Type>REC</Type><RefNo>36735</RefNo><Days>TU</Days><Time>4:05-5:20P</Time><Room>N 127</Room><Instructor>Singh, Gurdip</Instructor></Details></Course><Course Number="CIS841"><Title>Verificatn/Validatn</Title><Details><Credits>03</Credits><Section>A</Section><Type>REC</Type><RefNo>36740</RefNo><Days>TU</Days><Time>8:05-9:20</Time><Room>N 127</Room><Instructor>Gustafson, David A</Instructor></Details></Course><Course Number="CIS842"><Title>Spec/Verif React Sys</Title><Details><Credits>03</Credits><Section>A</Section><Type>REC</Type><RefNo>36741</RefNo><Days>TU</Days><Time>4:05-5:20P</Time><Room>N 236</Room><Instructor>Hatcliff, John</Instructor></Details></Course><Course Number="CIS890"><Title>Top/Lang Based Sec</Title><Details><Credits>03</Credits><Section>A</Section><Type>REC</Type><RefNo>36750</RefNo><Days></Days><Time>Banerjee, Anindya</Time><Room></Room></Details></Course><Course Number="CIS890"><Title>Top/Computer Science</Title><Details><Credits>V</Credits><Section>B</Section><Type>IND</Type><RefNo>36760</RefNo><Days></Days><Time>Wallentine, Virg</Time><Room></Room></Details></Course><Course Number="CIS895"><Title>Mse Project</Title><Details><Credits>V</Credits><Section>A</Section><Type>IND</Type><RefNo>36770</RefNo><Days></Days><Time>Wallentine, Virg</Time><Room></Room></Details></Course><Course Number="CIS897"><Title>Sem/Grad Computer Sc</Title><Details><Credits>01</Credits><Section>A</Section><Type>SEM</Type><RefNo>36780</RefNo><Days></Days><Time>Wallentine, Virg</Time><Room></Room></Details></Course><Course Number="CIS898"><Title>MS Report</Title><Details><Credits>V</Credits><Section>A</Section><Type>RSH</Type><RefNo>36790</RefNo><Days></Days><Time>Wallentine, Virg</Time><Room></Room></Details></Course><Course Number="CIS899"><Title>MS Research</Title><Details><Credits>V</Credits><Section>A</Section><Type>RSH</Type><RefNo>36800</RefNo><Days></Days><Time>Wallentine, Virg</Time><Room></Room></Details></Course><Course Number="CIS990"><Title>Research Topics</Title><Details><Credits>03</Credits><Section>A</Section><Type>LEC</Type><RefNo>36810</RefNo><Days></Days><Time>Wallentine, Virg</Time><Room></Room></Details></Course><Course Number="CIS999"><Title>PhD Research</Title><Details><Credits>V</Credits><Section>A</Section><Type>RSH</Type><RefNo>36820</RefNo><Days></Days><Time>Wallentine, Virg</Time><Room></Room></Details></Course><Course Number="CIS101"><Title>Intro Inform Tech</Title><Details><Credits>01</Credits><Section>90D</Section><Type>LEC</Type><RefNo>91550</RefNo><Days>OFF CAMP</Days><Time>Staff</Time><Room></Room><Instructor></Instructor></Details><Details><Credits>01</Credits><Section>90C</Section><Type>LEC</Type><RefNo>91680</RefNo><Days>WWW CE</Days><Time>Shea, William E</Time><Room></Room><Instructor></Instructor></Details><Details><Credits>01</Credits><Section>90B</Section><Type>LEC</Type><RefNo>96100</RefNo><Days>TU</Days><Time>5:30-7:55P</Time><Room>N 021</Room><Instructor>Pednekar, Madhura S</Instructor></Details><Details><Credits></Credits><Section></Section><Type>LEC</Type><RefNo></RefNo><Days>S</Days><Time>8:30-10:30</Time><Room>N 021</Room><Instructor>Pednekar, Madhura S</Instructor></Details><Details><Credits>01</Credits><Section>90A</Section><Type>LEC</Type><RefNo>96502</RefNo><Days>TU</Days><Time>5:30-7:55P</Time><Room>N 021</Room><Instructor>Pednekar, Madhura S</Instructor></Details><Details><Credits></Credits><Section></Section><Type>LEC</Type><RefNo></RefNo><Days>S</Days><Time>8:30-10:30</Time><Room>N 021</Room><Instructor>Pednekar, Madhura S</Instructor></Details></Course><Course Number="CIS102"><Title>Intro Pc/Spreadsheet</Title><Details><Credits>01</Credits><Section>90D</Section><Type>LEC</Type><RefNo>91551</RefNo><Days>OFF CAMP</Days><Time>Staff</Time><Room></Room><Instructor></Instructor></Details><Details><Credits>01</Credits><Section>90C</Section><Type>LEC</Type><RefNo>91681</RefNo><Days>WWW CE</Days><Time>Shea, William E</Time><Room></Room><Instructor></Instructor></Details><Details><Credits>01</Credits><Section>90B</Section><Type>LEC</Type><RefNo>96101</RefNo><Days>TU</Days><Time>5:30-7:55P</Time><Room>N 021</Room><Instructor>Pednekar, Madhura S</Instructor></Details><Details><Credits></Credits><Section></Section><Type>LEC</Type><RefNo></RefNo><Days>S</Days><Time>8:30-10:30</Time><Room>N 021</Room><Instructor>Pednekar, Madhura S</Instructor></Details><Details><Credits>01</Credits><Section>90A</Section><Type>LEC</Type><RefNo>96503</RefNo><Days>TU</Days><Time>5:30-7:55P</Time><Room>N 021</Room><Instructor>Pednekar, Madhura S</Instructor></Details><Details><Credits></Credits><Section></Section><Type>LEC</Type><RefNo></RefNo><Days>S</Days><Time>8:30-10:30</Time><Room>F 009</Room><Instructor>Pednekar, Madhura S</Instructor></Details></Course><Course Number="CIS103"><Title>Intro Pc/Database</Title><Details><Credits>01</Credits><Section>90D</Section><Type>LEC</Type><RefNo>91552</RefNo><Days>OFF CAMP</Days><Time>Staff</Time><Room></Room><Instructor></Instructor></Details><Details><Credits>01</Credits><Section>90C</Section><Type>LEC</Type><RefNo>91682</RefNo><Days>WWW CE</Days><Time>Shea, William E</Time><Room></Room><Instructor></Instructor></Details><Details><Credits>01</Credits><Section>90B</Section><Type>LEC</Type><RefNo>96102</RefNo><Days>TU</Days><Time>5:30-7:55P</Time><Room>N 021</Room><Instructor>Pednekar, Madhura S</Instructor></Details><Details><Credits></Credits><Section></Section><Type>LEC</Type><RefNo></RefNo><Days>S</Days><Time>8:30-10:30</Time><Room>N 021</Room><Instructor>Pednekar, Madhura S</Instructor></Details><Details><Credits>01</Credits><Section>90A</Section><Type>LEC</Type><RefNo>96504</RefNo><Days>TU</Days><Time>5:30-7:55P</Time><Room>N 021</Room><Instructor>Pednekar, Madhura S</Instructor></Details><Details><Credits></Credits><Section></Section><Type>LEC</Type><RefNo></RefNo><Days>S</Days><Time>8:30-10:30</Time><Room>N 021</Room><Instructor>Pednekar, Madhura S</Instructor></Details></Course><Course Number="CIS104"><Title>Intro Pc/Word Prcssn</Title><Details><Credits>01</Credits><Section>90D</Section><Type>LEC</Type><RefNo>91553</RefNo><Days>OFF CAMP</Days><Time>Staff</Time><Room></Room><Instructor></Instructor></Details><Details><Credits>01</Credits><Section>90C</Section><Type>LEC</Type><RefNo>91683</RefNo><Days>WWW CE</Days><Time>Shea, William E</Time><Room></Room><Instructor></Instructor></Details><Details><Credits>01</Credits><Section>90B</Section><Type>LEC</Type><RefNo>96103</RefNo><Days>TU</Days><Time>5:30-7:55P</Time><Room>N 021</Room><Instructor>Pednekar, Madhura S</Instructor></Details><Details><Credits></Credits><Section></Section><Type>LEC</Type><RefNo></RefNo><Days>S</Days><Time>8:30-10:30</Time><Room>N 021</Room><Instructor>Pednekar, Madhura S</Instructor></Details><Details><Credits>01</Credits><Section>90A</Section><Type>LEC</Type><RefNo>96505</RefNo><Days>TU</Days><Time>5:30-7:55P</Time><Room>N 021</Room><Instructor>Pednekar, Madhura S</Instructor></Details><Details><Credits></Credits><Section></Section><Type>LEC</Type><RefNo></RefNo><Days>S</Days><Time>8:30-10:30</Time><Room>N 021</Room><Instructor>Pednekar, Madhura S</Instructor></Details></Course><Course Number="CIS105"><Title>Intro Programming</Title><Details><Credits>01</Credits><Section>90A</Section><Type>LEC</Type><RefNo>91684</RefNo><Days>WWW CE</Days><Time>Shea, William E</Time><Room></Room></Details></Course><Course Number="CIS111"><Title>Fund Programming</Title><Details><Credits>03</Credits><Section>90A</Section><Type>LEC</Type><RefNo>91685</RefNo><Days>WWW CE</Days><Time>Shea, William E</Time><Room></Room></Details></Course><Course Number="CIS730"><Title>Artificial Intellign</Title><Details><Credits>03</Credits><Section>90A</Section><Type>REC</Type><RefNo>91630</RefNo><Days>WWW CE</Days><Time>Hsu, William Henry</Time><Room></Room></Details></Course><Course Number="CIS740"><Title>Software Engineering</Title><Details><Credits>03</Credits><Section>90A</Section><Type>LEC</Type><RefNo>91632</RefNo><Days>WWW CE</Days><Time>Deloach, Scott A</Time><Room></Room></Details></Course><Course Number="CIS764"><Title>Database Design</Title><Details><Credits>03</Credits><Section>90A</Section><Type>REC</Type><RefNo>91634</RefNo><Days>WWW CE</Days><Time>Hankley, William J</Time><Room></Room><Instructor></Instructor></Details></Course><Course Number="CIS841"><Title>Verificatn/Validatn</Title><Details><Credits>03</Credits><Section>90A</Section><Type>REC</Type><RefNo>91636</RefNo><Days>WWW CE</Days><Time>Gustafson, David A</Time><Room></Room></Details></Course><Course Number="CIS842"><Title>Spec/Verif React Sys</Title><Details><Credits>03</Credits><Section>90A</Section><Type>REC</Type><RefNo>91638</RefNo><Days>WWW CE</Days><Time>Hatcliff, John</Time><Room></Room></Details></Course><Course Number="CIS895"><Title>Mse Project</Title><Details><Credits>V</Credits><Section>90A</Section><Type>IND</Type><RefNo>91646</RefNo><Days>DIS EDUC</Days><Time>Wallentine, Virg</Time><Room></Room></Details></Course> </ksu>