<?xml version="1.0" encoding="UTF-8"?> <metu> <Course Code="5710500"><Name>Master              Thesis</Name><CreditInformation>Non-Credit</CreditInformation><DetailedInformation>http://www.ceng.metu.edu.tr/course/index.php?course=500</DetailedInformation></Course><Course Code="5710530"><Name>Computer              Networks and Communications</Name><CreditInformation>(3-0) 3</CreditInformation><DetailedInformation>http://www.ceng.metu.edu.tr/course/index.php?course=530</DetailedInformation><HomePage>http://www.ceng.metu.edu.tr/~cosar/ceng530.html</HomePage></Course><Course><Name></Name></Course><Course Code="5710531"><Name>Adv. Computer              Architecture</Name><CreditInformation>(3-0) 3</CreditInformation><DetailedInformation>http://www.ceng.metu.edu.tr/course/index.php?course=531</DetailedInformation></Course><Course Code="5710532"><Name>Distributed              Computing Systems</Name><CreditInformation>(3-0) 3</CreditInformation><DetailedInformation>http://www.ceng.metu.edu.tr/course/index.php?course=532</DetailedInformation></Course><Course Code="5710534"><Name>Operating              Systems</Name><Prerequiste>Consent of Instructor</Prerequiste><CreditInformation>(3-0) 3</CreditInformation><DetailedInformation>http://www.ceng.metu.edu.tr/course/index.php?course=534</DetailedInformation></Course><Course Code="5710535"><Name>Performance              Evaluation of Parallel System</Name><Prerequiste>Consent of Instructor</Prerequiste><CreditInformation>Non-Credit</CreditInformation><DetailedInformation>http://www.ceng.metu.edu.tr/course/index.php?course=535</DetailedInformation></Course><Course Code="5710536"><Name>Advanced              UNIX</Name><Prerequiste>Consent of Instructor</Prerequiste><CreditInformation>(3-0) 3</CreditInformation><DetailedInformation>http://www.ceng.metu.edu.tr/course/index.php?course=536</DetailedInformation></Course><Course Code="5710540"><Name>Programming              Languages</Name><Prerequiste>Consent of the Department</Prerequiste><CreditInformation>(3-0) 3</CreditInformation><DetailedInformation>http://www.ceng.metu.edu.tr/course/index.php?course=540</DetailedInformation></Course><Course Code="5710545"><Name>Software              Quality Assurance (SQA) and Testing</Name><CreditInformation>(3-0) 3</CreditInformation><DetailedInformation>http://www.ceng.metu.edu.tr/course/index.php?course=545</DetailedInformation></Course><Course Code="5710546"><Name>Object-Oriented              Programming Languages and Systems</Name><CreditInformation>(3-0) 3</CreditInformation><DetailedInformation>http://www.ceng.metu.edu.tr/course/index.php?course=546</DetailedInformation><HomePage>http://www.ceng.metu.edu.tr/courses/ceng546</HomePage></Course><Course><Name></Name></Course><Course Code="5710550"><Name>Logic and              Databases</Name><Prerequiste>5710352              or 5710553              or Consent of the Instructor</Prerequiste><CreditInformation>(3-0) 3</CreditInformation><DetailedInformation>http://www.ceng.metu.edu.tr/course/index.php?course=550</DetailedInformation></Course><Course Code="5710551"><Name>System              Development with Abstract Design</Name><CreditInformation>(3-0) 3</CreditInformation><DetailedInformation>http://www.ceng.metu.edu.tr/course/index.php?course=551</DetailedInformation></Course><Course Code="5710553"><Name>Database              Management Systems</Name><Prerequiste>5710351              or Equivalent</Prerequiste><CreditInformation>(3-0) 3</CreditInformation><DetailedInformation>http://www.ceng.metu.edu.tr/course/index.php?course=553</DetailedInformation><HomePage>http://www.ceng.metu.edu.tr/~nihan/contents553.html</HomePage></Course><Course><Name></Name></Course><Course Code="5710555"><Name>Object-Oriented              Database Systems</Name><CreditInformation>(3-0) 3</CreditInformation><DetailedInformation>http://www.ceng.metu.edu.tr/course/index.php?course=555</DetailedInformation></Course><Course Code="5710556"><Name>Distributed              Database Management Systems</Name><CreditInformation>(3-0) 3</CreditInformation><DetailedInformation>http://www.ceng.metu.edu.tr/course/index.php?course=556</DetailedInformation></Course><Course Code="5710557"><Name>Object Oriented              Analysis and Design of Information Systems</Name><CreditInformation>(3-0) 3</CreditInformation><DetailedInformation>http://www.ceng.metu.edu.tr/course/index.php?course=557</DetailedInformation></Course><Course Code="5710558"><Name>Structured              Systems Development and CASE Tools</Name><CreditInformation>(3-0) 3</CreditInformation><DetailedInformation>http://www.ceng.metu.edu.tr/course/index.php?course=558</DetailedInformation></Course><Course Code="5710559"><Name>Data Security              and Protection</Name><Prerequiste>Consent of the Instructor</Prerequiste><CreditInformation>(3-0) 3</CreditInformation><DetailedInformation>http://www.ceng.metu.edu.tr/course/index.php?course=559</DetailedInformation></Course><Course Code="5710561"><Name>Artificial              Intelligence</Name><CreditInformation>(3-0) 3</CreditInformation><DetailedInformation>http://www.ceng.metu.edu.tr/course/index.php?course=561</DetailedInformation><HomePage>http://www.ceng.metu.edu.tr/~esin/ceng561</HomePage></Course><Course><Name></Name></Course><Course Code="5710562"><Name>Machine              Learning</Name><CreditInformation>(3-0) 3</CreditInformation><DetailedInformation>http://www.ceng.metu.edu.tr/course/index.php?course=562</DetailedInformation><HomePage>http://www.ceng.metu.edu.tr/~alpaslan/course/ceng562/ceng_562.html</HomePage></Course><Course><Name></Name></Course><Course Code="5710563"><Name>Computational              Linguistics - I</Name><CreditInformation>(3-0) 3</CreditInformation><DetailedInformation>http://www.ceng.metu.edu.tr/course/index.php?course=563</DetailedInformation><HomePage>http://www.ceng.metu.edu.tr/~bozsahin/nli/ceng563</HomePage></Course><Course><Name></Name></Course><Course Code="5710564"><Name>Pattern              Recognition</Name><CreditInformation>(3-0) 3</CreditInformation><DetailedInformation>http://www.ceng.metu.edu.tr/course/index.php?course=564</DetailedInformation><HomePage>http://www.ceng.metu.edu.tr/courses/ceng564</HomePage></Course><Course><Name></Name></Course><Course Code="5710565"><Name>Theory of              Computation</Name><Prerequiste>5710280              or Consent of the Instructor</Prerequiste><CreditInformation>(3-0) 3</CreditInformation><DetailedInformation>http://www.ceng.metu.edu.tr/course/index.php?course=565</DetailedInformation><HomePage>http://www.ceng.metu.edu.tr/~polat/ceng565/565.html</HomePage></Course><Course><Name></Name></Course><Course Code="5710566"><Name>Image              Processing</Name><CreditInformation>(3-0) 3</CreditInformation><DetailedInformation>http://www.ceng.metu.edu.tr/course/index.php?course=566</DetailedInformation><HomePage>http://www.ceng.metu.edu.tr/~sibel/ceng566/</HomePage></Course><Course><Name></Name></Course><Course Code="5710567"><Name>Design and              Analysis of Algorithms</Name><Prerequiste>5710315              or equivalent</Prerequiste><CreditInformation>(3-0) 3</CreditInformation><DetailedInformation>http://www.ceng.metu.edu.tr/course/index.php?course=567</DetailedInformation><HomePage>http://www.ceng.metu.edu.tr/~semra/nli/ceng567</HomePage></Course><Course><Name></Name></Course><Course Code="5710568"><Name>Knowledge              Engineering</Name><CreditInformation>(3-0) 3</CreditInformation><DetailedInformation>http://www.ceng.metu.edu.tr/course/index.php?course=568</DetailedInformation><HomePage>http://www.ceng.metu.edu.tr/courses/ceng568</HomePage></Course><Course><Name></Name></Course><Course Code="5710569"><Name>Neurocomputing</Name><CreditInformation>(3-0) 3</CreditInformation><DetailedInformation>http://www.ceng.metu.edu.tr/course/index.php?course=569</DetailedInformation></Course><Course Code="5710571"><Name>Numerical              Analysis - I</Name><Prerequiste>5710371              or equivalent</Prerequiste><CreditInformation>(3-0) 3</CreditInformation><DetailedInformation>http://www.ceng.metu.edu.tr/course/index.php?course=571</DetailedInformation></Course><Course Code="5710572"><Name>Numerical              Analysis - II</Name><Prerequiste>5710571              or equivalent</Prerequiste><CreditInformation>(3-0) 3</CreditInformation><DetailedInformation>http://www.ceng.metu.edu.tr/course/index.php?course=572</DetailedInformation></Course><Course Code="5710573"><Name>Symbolic              Algebraic Computation</Name><CreditInformation>(3-0) 3</CreditInformation><DetailedInformation>http://www.ceng.metu.edu.tr/course/index.php?course=573</DetailedInformation></Course><Course Code="5710574"><Name>Statistical              Data Analysis</Name><CreditInformation>(3-0) 3</CreditInformation><DetailedInformation>http://www.ceng.metu.edu.tr/course/index.php?course=574</DetailedInformation></Course><Course Code="5710575"><Name>Simulation              Modeling And Analysis</Name><CreditInformation>(3-0) 3</CreditInformation><DetailedInformation>http://www.ceng.metu.edu.tr/course/index.php?course=575</DetailedInformation></Course><Course Code="5710576"><Name>Numerical              Methods in Optimization</Name><CreditInformation>(3-0) 3</CreditInformation><DetailedInformation>http://www.ceng.metu.edu.tr/course/index.php?course=576</DetailedInformation></Course><Course Code="5710577"><Name>Parallel              Computing</Name><CreditInformation>(3-0) 3</CreditInformation><DetailedInformation>http://www.ceng.metu.edu.tr/course/index.php?course=577</DetailedInformation><HomePage>http://www.ceng.metu.edu.tr/courses/ceng577</HomePage></Course><Course><Name></Name></Course><Course Code="5710580"><Name>Distributed              Artificial Intelligence</Name><Prerequiste>5710462              or 5710562</Prerequiste><CreditInformation>(3-0) 3</CreditInformation><DetailedInformation>http://www.ceng.metu.edu.tr/course/index.php?course=580</DetailedInformation></Course><Course Code="5710581"><Name>Automated              Reasoning</Name><CreditInformation>(3-0) 3</CreditInformation><DetailedInformation>http://www.ceng.metu.edu.tr/course/index.php?course=581</DetailedInformation><HomePage>http://www.ceng.metu.edu.tr/~alpaslan/nli/ceng581/index.html</HomePage></Course><Course><Name></Name></Course><Course Code="5710582"><Name>Advanced Neural              Modeling</Name><Prerequiste>5710569              or equivalent or Consent of the Department</Prerequiste><CreditInformation>(3-0) 3</CreditInformation><DetailedInformation>http://www.ceng.metu.edu.tr/course/index.php?course=582</DetailedInformation></Course><Course Code="5710583"><Name>Computer              Vision</Name><Prerequiste>5710466              or 5710566              or equivalent</Prerequiste><CreditInformation>(3-0) 3</CreditInformation><DetailedInformation>http://www.ceng.metu.edu.tr/course/index.php?course=583</DetailedInformation><HomePage>http://www.ceng.metu.edu.tr/~volkan/c583.html</HomePage></Course><Course><Name></Name></Course><Course Code="5710584"><Name>Cognitive              Aspects of Natural Language Processing</Name><CreditInformation>(3-0) 3</CreditInformation><DetailedInformation>http://www.ceng.metu.edu.tr/course/index.php?course=584</DetailedInformation><HomePage>http://www.lcsl.metu.edu.tr/~bozsahin/nli/ceng584/</HomePage></Course><Course><Name></Name></Course><Course Code="5710590"><Name>Graduation              Project</Name><CreditInformation>(4-0) 4</CreditInformation><DetailedInformation>http://www.ceng.metu.edu.tr/course/index.php?course=590</DetailedInformation></Course> </metu>