<?xml version="1.0" encoding="UTF-8"?> <nyu> <Course><No>G22.1144-001</No><Name>C-PAC II</Name><Instructor>Lewis</Instructor><CallNo>30144</CallNo><Days>TR</Days><Time>7:00pm-8:50pm</Time><Room>102 WWH</Room></Course><Course><No>G22.1170-001</No><Name>Fundamental Algorithms -                    Lecture</Name><Instructor>Siegel</Instructor><CallNo>30145</CallNo><Days>M</Days><Time>5:00pm-6:50pm</Time><Room>109 WWH</Room></Course><Course><No>G22.1170-002</No><Name>Fundamental Algorithms -                    Recitation</Name><Instructor>Siegel</Instructor><CallNo>31157</CallNo><Days>W</Days><Time>6:00pm-6:50pm</Time><Room>109 WWH</Room></Course><Course><No>G22.2110-001</No><Name>Programming Languages -                    Lecture</Name><Instructor>Dewar</Instructor><CallNo>30146</CallNo><Days>T</Days><Time>7:00pm-9:00pm</Time><Room>101 WWH</Room></Course><Course><No>G22.2110-002</No><Name>Programming Languages -                    Recitation</Name><Instructor>Dewar</Instructor><CallNo>31158</CallNo><Days>W</Days><Time>5:00pm-6:00pm</Time><Room>109 WWH</Room></Course><Course><No>Scientific Computing</No><Name>Chen</Name><Instructor>30147</Instructor><CallNo>R</CallNo><Days>7:10pm-9:00pm</Days><Time>1302 WWH</Time></Course><Course><No>G22.2130-001</No><Name>Compilers  Computer Languages</Name><Instructor>Schonberg</Instructor><CallNo>30148</CallNo><Days>R</Days><Time>5:00pm-6:50pm</Time><Room>109 WWH</Room></Course><Course><No>G22.2250-001</No><Name>Operating Systems</Name><Instructor>Gottlieb</Instructor><CallNo>30149</CallNo><Days>T</Days><Time>5:00pm-6:50pm</Time><Room>109 WWH</Room></Course><Course><No>G22.2280-001</No><Name>User Interfaces</Name><Instructor>Poelman</Instructor><CallNo>30150</CallNo><Days>M</Days><Time>7:00pm-9:00pm</Time><Room>109 WWH</Room></Course><Course><No>Numerical Methods II</No><Name>Holland</Name><Instructor>30151</Instructor><CallNo>R</CallNo><Days>5:10pm-7:00pm</Days><Time>101 WWH</Time></Course><Course><No>G22.2433-001</No><Name>Database Systems</Name><Instructor>Kedem</Instructor><CallNo>30152</CallNo><Days>T</Days><Time>7:00pm-9:00pm</Time><Room>109 WWH</Room></Course><Course><No>G22.2560-001</No><Name>Artificial Intelligence</Name><Instructor>Davis</Instructor><CallNo>30153</CallNo><Days>R</Days><Time>5:00pm-6:50pm</Time><Room>101 WWH</Room></Course><Course><No>G22.2591-001</No><Name>Advanced Natural Language Processing</Name><Instructor>Grishman</Instructor><CallNo>31159</CallNo><Days>M</Days><Time>5:00pm-6:50pm</Time><Room>102 WWH</Room></Course><Course><No>Finite Element Methods</No><Name>Widlund</Name><Instructor>31104</Instructor><CallNo>M</CallNo><Days>3:15pm-5:10pm</Days><Time>813 WWH</Time></Course><Course><No>G22.3033-001</No><Name>Applied Cryptography  Security</Name><Instructor>Kedem</Instructor><CallNo>30157</CallNo><Days>T</Days><Time>5:00pm-6:50pm</Time><Room>101 WWH</Room></Course><Course><No>G22.3033-002</No><Name>Geometric Modeling</Name><Instructor>Zorin</Instructor><CallNo>30158</CallNo><Days>W</Days><Time>7:00pm-9:00pm</Time><Room>1221 719BWY</Room></Course><Course><No>G22.3033-003</No><Name>Logic  Verification</Name><Instructor>Barrett</Instructor><CallNo>30159</CallNo><Days>W</Days><Time>1:15pm-3:15pm</Time><Room>709 719BWY</Room></Course><Course><No>G22.3033-004</No><Name>Experiments in Motion Capture</Name><Instructor>Bregler</Instructor><CallNo>30160</CallNo><Days>W</Days><Time>5:00pm-6:50pm</Time><Room>1221 719BWY</Room></Course><Course><No>G22.3033-005</No><Name>Algorithms and the Internet</Name><Instructor>Cole</Instructor><CallNo>30161</CallNo><Days>W</Days><Time>5:00pm-6:50pm</Time><Room>102 WWH</Room></Course><Course><No>Random Graphs</No><Name>Spencer</Name><Instructor>30162</Instructor><CallNo>T</CallNo><Days>5:00pm-6:50pm</Days><Time>513 WWH</Time></Course><Course><No>G22.3033-007</No><Name>Adaptive Software Engineering</Name><Instructor>Franchitti</Instructor><CallNo>30163</CallNo><Days>M</Days><Time>7:00pm-9:00pm</Time><Room>101 WWH</Room></Course><Course><No>G22.3033-008</No><Name>Internet/Intranet Programming</Name><Instructor>A.Goldberg</Instructor><CallNo>30164</CallNo><Days>T</Days><Time>5:00pm-7:00pm</Time><Room>102 WWH</Room></Course><Course><No>G22.3033-009</No><Name>Distributed Programming</Name><Instructor>Zaringhalam</Instructor><CallNo>31160</CallNo><Days>W</Days><Time>7:00pm-9:00pm</Time><Room>102 WWH</Room></Course><Course><No>G22.3033-012</No><Name>Rapid Visualization</Name><Instructor>Zamchick/Amento</Instructor><CallNo>30167</CallNo><Days>R</Days><Time>7:00pm-9:00pm</Time><Room>101 WWH</Room></Course><Course><No>G22.3033-013</No><Name>Values Embodied in Information                     Communication Technologies</Name><Instructor>Nissenbaum</Instructor><CallNo>31537</CallNo><Days>T</Days><Time>3:30-4:45</Time><Room>25 W 4 St, rm C-10</Room></Course><Course><No>G22.3033-014</No><Name>Machine Learning  Pattern Recognition</Name><Instructor>LeCun</Instructor><CallNo>31395</CallNo><Days>W</Days><Time>5:00pm-6:50pm</Time><Room>101</Room></Course><Course><No>G22.3033-015</No><Name>Special Topics in Animation Production</Name><Instructor>Bregler</Instructor><CallNo>31394*</CallNo><Days>M</Days><Time>5:00pm-6:50pm</Time><Room>1221 719BWY</Room></Course><Course><No>G22.3033-016</No><Name>Program Analysis</Name><Instructor>Pnueli</Instructor><CallNo>31403</CallNo><Days>M</Days><Time>5:00pm-6:50pm</Time><Room>101</Room></Course><Course><No>G22.3033-017</No><Name>Adv Tops in Reactive Verification</Name><Instructor>Pnueli</Instructor><CallNo>31404</CallNo><Days>R</Days><Time>5:00pm-6:50pm</Time><Room>513</Room></Course><Course><No>G22.3130-001</No><Name>Honors Compilers (4 pts)</Name><Instructor>Dewar</Instructor><CallNo>30171</CallNo><Days>MW</Days><Time>3:30pm-4:45pm</Time><Room>401 WWH</Room></Course><Course><No>G22.3250-001</No><Name>Honors OS (4 pts)</Name><Instructor>Grimm</Instructor><CallNo>30172</CallNo><Days>TR</Days><Time>3:30pm-4:45pm</Time><Room>101 WWH</Room></Course><Course><No>G22.3350-001</No><Name>Honors Theory (4 points)</Name><Instructor>Dodis</Instructor><CallNo>30173</CallNo><Days>TR</Days><Time>2:00pm-3:15pm</Time><Room>613 WWH</Room></Course><Course><No>G22.3812-001</No><Name>Info. Technology Projects</Name><Instructor>A.Goldberg</Instructor><CallNo>30174*</CallNo><Days>R</Days><Time>5:00pm-8:00pm</Time><Room>402 WWH</Room></Course><Course><No>G22.3813-001</No><Name>Advanced Lab - Comp. Sci.</Name><Instructor>staff</Instructor><CallNo>30175**</CallNo><Days></Days><Time></Time><Room></Room></Course><Course><No>G22.3813-002</No><Name>Advanced Lab - Comp. Sci.</Name><Instructor>staff</Instructor><CallNo>30176**</CallNo><Days></Days><Time></Time><Room></Room></Course><Course><No>G22.3813-003</No><Name>Advanced Lab - Comp. Sci.</Name><Instructor>staff</Instructor><CallNo>30177**</CallNo><Days></Days><Time></Time><Room></Room></Course><Course><No>G22.3813-004</No><Name>Advanced Lab - Comp. Sci.</Name><Instructor>staff</Instructor><CallNo>30178**</CallNo><Days></Days><Time></Time><Room></Room></Course><Course><No>G22.3840-001</No><Name>Master&apos;s Thesis Research</Name><Instructor>staff</Instructor><CallNo>30179*</CallNo><Days></Days><Time></Time><Room></Room></Course><Course><No>G22.3860-001</No><Name>PhD Thesis Research</Name><Instructor>staff</Instructor><CallNo>30180**</CallNo><Days></Days><Time></Time><Room></Room></Course><Course><No>G22.3862-001</No><Name>PhD Thesis Research</Name><Instructor>staff</Instructor><CallNo>30181**</CallNo><Days></Days><Time></Time><Room></Room></Course><Course><No>G22.3864-001</No><Name>PhD Thesis Research</Name><Instructor>staff</Instructor><CallNo>30182**</CallNo><Days></Days><Time></Time><Room></Room></Course><Course><No>G22.3866-001</No><Name>PhD Thesis Research</Name><Instructor>staff</Instructor><CallNo>30183**</CallNo><Days></Days><Time></Time><Room></Room></Course><Course><No>G47.4747-001</No><Name>Maintenance of Matriculation</Name><Instructor>MS students</Instructor><CallNo>30489</CallNo><Days></Days><Time></Time><Room></Room></Course><Course><No>G47.4747-004</No><Name>Maintenance of Matriculation</Name><Instructor>PhD students***</Instructor><CallNo>31378</CallNo><Days></Days><Time></Time><Room></Room></Course> </nyu>