<?xml version="1.0" encoding="UTF-8"?> <penn> <Course Number="CSE 097S"><Title>ENGR        1ST-YR SMNR</Title><Credits>1.0</Credits><Classes><RefNo>365998</RefNo><Section>001</Section><Limit>20</Limit><SeatsOpen>0</SeatsOpen><Times>T 04:15P - 05:30P</Times><Place>025 DEIKE</Place><Instructor>CORAOR, LEE DAVID</Instructor></Classes><Classes><RefNo>366001</RefNo><Section>002</Section><Limit>20</Limit><SeatsOpen>0</SeatsOpen><Times>R 04:15P - 05:30P</Times><Place>002 DEIKE</Place><Instructor></Instructor></Classes></Course><Course Number="CSE 103"><Title>INTRO        PRGMG TECH</Title><Credits>4.0</Credits><Classes><RefNo>329191</RefNo><Section>001</Section><Limit>36</Limit><SeatsOpen>0</SeatsOpen><Times>M W F 08:00A - 08:50AM        09:05A - 11:00A</Times><Place>113 IST116        IST</Place><Instructor>QUICK, SUSAN L</Instructor></Classes><Classes><RefNo>329194</RefNo><Section>002</Section><Limit>45</Limit><SeatsOpen>0</SeatsOpen><Times>M W F 08:00A - 08:50AW        11:15A - 01:10P</Times><Place>113 IST116        IST</Place><Instructor>QUICK, SUSAN L</Instructor></Classes><Classes><RefNo>329197</RefNo><Section>003</Section><Limit>50</Limit><SeatsOpen>20</SeatsOpen><Times>M W F 08:00A - 08:50AF        09:05A - 11:00A</Times><Place>113 IST116        IST</Place><Instructor>QUICK, SUSAN L</Instructor></Classes></Course><Course Number="CSE 103H"><Title>INTRO        PRGMG TECH</Title><Credits>4.0</Credits><Classes><RefNo>386881</RefNo><Section>001</Section><Limit>25</Limit><SeatsOpen>18</SeatsOpen><Times>M W 09:05A - 11:00AF 09:05A        - 09:55A</Times><Place>222 IST222        IST</Place><Instructor>SHAFFER, STEVEN CA</Instructor></Classes></Course><Course Number="CSE 120"><Title>INTERMED PROGRMG</Title><Credits>3.0</Credits><Classes><RefNo>329203</RefNo><Section>001</Section><Limit>50</Limit><SeatsOpen>28</SeatsOpen><Times>M F 01:25P - 02:15PM 02:30P        - 04:25P</Times><Place>113 IST116        IST</Place><Instructor>VERBANEC, ALAN CAR</Instructor></Classes><Classes><RefNo>329206</RefNo><Section>002</Section><Limit>50</Limit><SeatsOpen>13</SeatsOpen><Times>M F 01:25P - 02:15PW 02:30P        - 04:25P</Times><Place>113 IST116        IST</Place><Instructor>VERBANEC, ALAN CAR</Instructor></Classes></Course><Course Number="CSE 260"><Title>DISCRETE MATH/CS</Title><Credits>3.0</Credits><Classes><RefNo>329209</RefNo><Section>001</Section><Limit>85</Limit><SeatsOpen>9</SeatsOpen><Times>M W F 03:35P - 04:25P</Times><Place>207S HEND-S</Place><Instructor>GOLDSTINE, JONATHA</Instructor></Classes></Course><Course Number="CSE 271"><Title>INTRO        DIGITAL SYS</Title><Credits>3.0</Credits><Classes><RefNo>329215</RefNo><Section>001</Section><Limit>90</Limit><SeatsOpen>0</SeatsOpen><Times>M W F 10:10A - 11:00A</Times><Place>160 WILLARD</Place><Instructor></Instructor></Classes><Classes><RefNo>329218</RefNo><Section>002</Section><Limit>90</Limit><SeatsOpen>11</SeatsOpen><Times>M W F 11:15A - 12:05P</Times><Place>062 WILLARD</Place><Instructor></Instructor></Classes><Classes><RefNo>329221</RefNo><Section>003</Section><Limit>90</Limit><SeatsOpen>19</SeatsOpen><Times>M W F 12:20P - 01:10P</Times><Place>220 HAMMOND</Place><Instructor></Instructor></Classes><Classes><RefNo>329224</RefNo><Section>004</Section><Limit>80</Limit><SeatsOpen>63</SeatsOpen><Times>M W F 09:05A - 09:55A</Times><Place>160 WILLARD</Place><Instructor></Instructor></Classes></Course><Course Number="CSE 275"><Title>DIGITAL DESIGN LAB</Title><Credits>1.0</Credits><Classes><RefNo>329227</RefNo><Section>001</Section><Limit>20</Limit><SeatsOpen>2</SeatsOpen><Times>W 11:15A - 01:10PAPPT</Times><Place>310 E        E WEST</Place><Instructor></Instructor></Classes><Classes><RefNo>329230</RefNo><Section>002</Section><Limit>20</Limit><SeatsOpen>11</SeatsOpen><Times>F 08:00A - 09:55AAPPT</Times><Place>310 E        E WEST</Place><Instructor></Instructor></Classes><Classes><RefNo>329233</RefNo><Section>003</Section><Limit>20</Limit><SeatsOpen>15</SeatsOpen><Times>F 11:15A - 01:10PAPPT</Times><Place>310 E        E WEST</Place><Instructor></Instructor></Classes><Classes><RefNo>329236</RefNo><Section>004</Section><Limit>20</Limit><SeatsOpen>8</SeatsOpen><Times>W 08:00A - 09:55AAPPT</Times><Place>310 E        E WEST</Place><Instructor></Instructor></Classes><Classes><RefNo>329239</RefNo><Section>005</Section><Limit>20</Limit><SeatsOpen>0</SeatsOpen><Times>M 11:15A - 01:10PAPPT</Times><Place>310 E        E WEST</Place><Instructor></Instructor></Classes><Classes><RefNo>329242</RefNo><Section>006</Section><Limit>20</Limit><SeatsOpen>0</SeatsOpen><Times>M 02:30P - 04:25PAPPT</Times><Place>310 E        E WEST</Place><Instructor></Instructor></Classes><Classes><RefNo>329245</RefNo><Section>007</Section><Limit>20</Limit><SeatsOpen>0</SeatsOpen><Times>F 02:30P - 04:25PAPPT</Times><Place>310 E        E WEST</Place><Instructor></Instructor></Classes><Classes><RefNo>329248</RefNo><Section>008</Section><Limit>20</Limit><SeatsOpen>4</SeatsOpen><Times>M 08:00A - 09:55AAPPT</Times><Place>310 E        E WEST</Place><Instructor></Instructor></Classes></Course><Course Number="CSE 296"><Title>INDEP        STUDIES</Title><Credits>1.0 -    18.0</Credits><Classes><RefNo>329251</RefNo><Section>001</Section><Limit>0</Limit><SeatsOpen>0</SeatsOpen><Times>APPT</Times><Place>111C IST</Place><Instructor></Instructor></Classes></Course><Course Number="CSE 331"><Title>COMP        ORG  DESIGN</Title><Credits>3.0</Credits><Classes><RefNo>329254</RefNo><Section>001</Section><Limit>95</Limit><SeatsOpen>11</SeatsOpen><Times>T R 11:15A - 12:30P</Times><Place>220 HAMMOND</Place><Instructor>PAKZAD, SIMIN</Instructor></Classes><Classes><RefNo>329257</RefNo><Section>002</Section><Limit>95</Limit><SeatsOpen>65</SeatsOpen><Times>T R 01:00P - 02:15P</Times><Place>220 HAMMOND</Place><Instructor>PAKZAD, SIMIN</Instructor></Classes></Course><Course Number="CSE 411"><Title>OPERATING SYS</Title><Credits>3.0</Credits><Classes><RefNo>329260</RefNo><Section>001</Section><Limit>85</Limit><SeatsOpen>29</SeatsOpen><Times>M W F 12:20P - 01:10P</Times><Place>135 REBER</Place><Instructor>HELLER, DON ERIC</Instructor></Classes><Classes><RefNo>329263</RefNo><Section>002</Section><Limit>85</Limit><SeatsOpen>2</SeatsOpen><Times>M W F 01:25P - 02:15P</Times><Place>220 HAMMOND</Place><Instructor>HELLER, DON ERIC</Instructor></Classes></Course><Course Number="CSE 418"><Title>CMP        GRAPHICS</Title><Credits>3.0</Credits><Classes><RefNo>329266</RefNo><Section>001</Section><Limit>79</Limit><SeatsOpen>0</SeatsOpen><Times>M W F 11:15A - 12:05P</Times><Place>258 WILLARD</Place><Instructor>BHAT, KABEKODE V</Instructor></Classes></Course><Course Number="CSE 420W"><Title>SOFTWARE DSGN METH</Title><Credits>3.0</Credits><Classes><RefNo>329269</RefNo><Section>001</Section><Limit>45</Limit><SeatsOpen>0</SeatsOpen><Times>T R 09:45A - 11:00A</Times><Place>106 BOUCKE</Place><Instructor>SHAFFER, STEVEN CA</Instructor></Classes></Course><Course Number="CSE 428"><Title>PROG        LANG CONCEPTS</Title><Credits>3.0</Credits><Classes><RefNo>329272</RefNo><Section>001</Section><Limit>65</Limit><SeatsOpen>34</SeatsOpen><Times>M W F 10:10A - 11:00A</Times><Place>104 RACKLEY</Place><Instructor>CHRISTMAN, ROGER G</Instructor></Classes><Classes><RefNo>365608</RefNo><Section>002</Section><Limit>65</Limit><SeatsOpen>18</SeatsOpen><Times>M W F 12:20P - 01:10P</Times><Place>104 RACKLEY</Place><Instructor>CHRISTMAN, ROGER G</Instructor></Classes></Course><Course Number="CSE 428H"><Title>PROG        LANG CONCEPTS</Title><Credits>3.0</Credits><Classes><RefNo>386875</RefNo><Section>001</Section><Limit>20</Limit><SeatsOpen>0</SeatsOpen><Times>M W F 12:20P - 01:10P</Times><Place>203 LEONHARD</Place><Instructor>HANNAN, JOHN JOSEP</Instructor></Classes></Course><Course Number="CSE 430W"><Title>CSE        PROJECT DSGN</Title><Credits>3.0</Credits><Classes><RefNo>329275</RefNo><Section>001</Section><Limit>50</Limit><SeatsOpen>15</SeatsOpen><Times>T 11:15A - 02:15PR 01:00P -        02:15P</Times><Place>323E HH        DEV-E213 BUCKHOUT</Place><Instructor>DUNN, DENNIS F</Instructor></Classes></Course><Course Number="CSE 431"><Title>INTRO        COMP ARCH</Title><Credits>3.0</Credits><Classes><RefNo>329278</RefNo><Section>001</Section><Limit>75</Limit><SeatsOpen>48</SeatsOpen><Times>T R 08:00A - 09:15A</Times><Place>113 IST</Place><Instructor>IRWIN, MARY JANE</Instructor></Classes><Classes><RefNo>329281</RefNo><Section>002</Section><Limit>80</Limit><SeatsOpen>1</SeatsOpen><Times>T R 09:45A - 11:00A</Times><Place>111 BOUCKE</Place><Instructor>IRWIN, MARY JANE</Instructor></Classes></Course><Course Number="CSE 447"><Title>DIG        INTEGRATED CRT</Title><Credits>3.0</Credits><Classes><RefNo>329284</RefNo><Section>001</Section><Limit>24</Limit><SeatsOpen>7</SeatsOpen><Times>T R 01:00P - 02:15PAPPT</Times><Place>225 E        E WEST</Place><Instructor>CROSKEY, CHARLES L</Instructor></Classes></Course><Course Number="CSE 451"><Title>NUMER        COMPUTATIONS</Title><Credits>3.0</Credits><Classes><RefNo>329287</RefNo><Section>001</Section><Limit>20</Limit><SeatsOpen>1</SeatsOpen><Times>M W F 11:15A - 12:05P</Times><Place>113 THOMAS</Place><Instructor></Instructor></Classes><Classes><RefNo>329290</RefNo><Section>002</Section><Limit>20</Limit><SeatsOpen>0</SeatsOpen><Times>M W F 12:20P - 01:10P</Times><Place>109 BOUCKE</Place><Instructor></Instructor></Classes></Course><Course Number="CSE 455"><Title>INTRO        NUM ANLY I</Title><Credits>3.0</Credits><Classes><RefNo>329293</RefNo><Section>001</Section><Limit>15</Limit><SeatsOpen>0</SeatsOpen><Times>M W 12:20P - 01:10PF 12:20P        - 01:10P</Times><Place>371 WILLARD370        WILLARD</Place><Instructor>BARLOW, JESSE LOUI</Instructor></Classes></Course><Course Number="CSE 457"><Title>CONCUR        SCTFC CMPTG</Title><Credits>3.0</Credits><Classes><RefNo>329296</RefNo><Section>001</Section><Limit>30</Limit><SeatsOpen>0</SeatsOpen><Times>T R 04:15P - 05:30P</Times><Place>105 OSMOND</Place><Instructor>PLASSMANN, PAUL EU</Instructor></Classes></Course><Course Number="CSE 458"><Title>COMM        NETWORKS</Title><Credits>3.0</Credits><Classes><RefNo>329299</RefNo><Section>001</Section><Limit>30</Limit><SeatsOpen>1</SeatsOpen><Times>M W F 03:35P - 04:25P</Times><Place>106 CHAM</Place><Instructor>METZNER, JOHN JACO</Instructor></Classes><Classes><RefNo>329302</RefNo><Section>002</Section><Limit>30</Limit><SeatsOpen>19</SeatsOpen><Times>M W F 04:40P - 05:30P</Times><Place>106 CHAM</Place><Instructor>METZNER, JOHN JACO</Instructor></Classes></Course><Course Number="CSE 465"><Title>DATA        STRUCTURES</Title><Credits>3.0</Credits><Classes><RefNo>329305</RefNo><Section>001</Section><Limit>100</Limit><SeatsOpen>47</SeatsOpen><Times>M W F 01:25P - 02:15P</Times><Place>158 WILLARD</Place><Instructor>FURER, MARTIN PIUS</Instructor></Classes><Classes><RefNo>329308</RefNo><Section>002</Section><Limit>100</Limit><SeatsOpen>45</SeatsOpen><Times>M W F 02:30P - 03:20P</Times><Place>158 WILLARD</Place><Instructor>FURER, MARTIN PIUS</Instructor></Classes></Course><Course Number="CSE 467"><Title>FACT         PRIMALITY</Title><Credits>3.0</Credits><Classes><RefNo>329311</RefNo><Section>001</Section><Limit>15</Limit><SeatsOpen>0</SeatsOpen><Times>M W F 09:05A - 09:55A</Times><Place>311 BOUCKE</Place><Instructor></Instructor></Classes></Course><Course Number="CSE 468"><Title>AUTOMATA,LANG,COMP</Title><Credits>3.0</Credits><Classes><RefNo>329314</RefNo><Section>001</Section><Limit>30</Limit><SeatsOpen>6</SeatsOpen><Times>M W F 04:40P - 05:30P</Times><Place>325 WHITMORE</Place><Instructor>BERMAN, PIOTR</Instructor></Classes></Course><Course Number="CSE 471"><Title>LOG        DESIGN DIG SYS</Title><Credits>3.0</Credits><Classes><RefNo>329317</RefNo><Section>001</Section><Limit>60</Limit><SeatsOpen>26</SeatsOpen><Times>T R 01:00P - 02:15P</Times><Place>205S HEND-S</Place><Instructor>CHOI, KYUSUN</Instructor></Classes><Classes><RefNo>329320</RefNo><Section>002</Section><Limit>60</Limit><SeatsOpen>48</SeatsOpen><Times>T R 04:15P - 05:30P</Times><Place>220 HAMMOND</Place><Instructor>CHOI, KYUSUN</Instructor></Classes></Course><Course Number="CSE 472"><Title>MICROS         EMBED SYS</Title><Credits>3.0</Credits><Classes><RefNo>329323</RefNo><Section>001</Section><Limit>100</Limit><SeatsOpen>51</SeatsOpen><Times>M W F 03:35P - 04:25P</Times><Place>060 WILLARD</Place><Instructor>CORAOR, LEE DAVID</Instructor></Classes></Course><Course Number="CSE 477"><Title>VLSI        DIG CRT</Title><Credits>3.0</Credits><Classes><RefNo>329326</RefNo><Section>001</Section><Limit>50</Limit><SeatsOpen>33</SeatsOpen><Times>T R 02:30P - 03:45PAPPT</Times><Place>118 THOMAS</Place><Instructor>NARAYANAN, VIJAYKR</Instructor></Classes></Course><Course Number="CSE 481"><Title>ARTFICIAL INTEL I</Title><Credits>3.0</Credits><Classes><RefNo>329329</RefNo><Section>001</Section><Limit>80</Limit><SeatsOpen>0</SeatsOpen><Times>T R 02:30P - 03:45P</Times><Place>117 OSMOND</Place><Instructor>SHAFFER, STEVEN CA</Instructor></Classes></Course><Course Number="CSE 485"><Title>DIGITAL IMAGE PROC</Title><Credits>3.0</Credits><Classes><RefNo>329332</RefNo><Section>001</Section><Limit>30</Limit><SeatsOpen>0</SeatsOpen><Times>T R 06:30P - 07:45P</Times><Place>075 WILLARD</Place><Instructor></Instructor></Classes></Course><Course Number="CSE 486"><Title>COMPUTER VISION I</Title><Credits>3.0</Credits><Classes><RefNo>329335</RefNo><Section>001</Section><Limit>45</Limit><SeatsOpen>0</SeatsOpen><Times>M W F 11:15A - 12:05P</Times><Place>260 WILLARD</Place><Instructor>CAMPS, OCTAVIA I</Instructor></Classes></Course><Course Number="CSE 494H"><Title>SR        HONORS THESIS</Title><Credits>1.0 -    6.0</Credits><Classes><RefNo>329338</RefNo><Section>001</Section><Limit>0</Limit><SeatsOpen>0</SeatsOpen><Times>APPT</Times><Place>111C IST</Place><Instructor></Instructor></Classes></Course><Course Number="CSE 496"><Title>INDEP        STUDIES</Title><Credits>1.0 -    18.0</Credits><Classes><RefNo>329341</RefNo><Section>001</Section><Limit>0</Limit><SeatsOpen>0</SeatsOpen><Times>APPT</Times><Place>111C IST</Place><Instructor></Instructor></Classes></Course><Course Number="CSE 497A"><Title>FUNCTIONAL VERIFIC</Title><Credits>3.0</Credits><Classes><RefNo>408313</RefNo><Section>001</Section><Limit>25</Limit><SeatsOpen>18</SeatsOpen><Times>T R 08:00A - 09:15A</Times><Place>225 E        E WEST</Place><Instructor></Instructor></Classes></Course><Course Number="CSE 497B"><Title>NETWORK SECURITY</Title><Credits>3.0</Credits><Classes><RefNo>395428</RefNo><Section>001</Section><Limit>30</Limit><SeatsOpen>0</SeatsOpen><Times>T R 04:15P - 05:30P</Times><Place>116 EES        BL</Place><Instructor></Instructor></Classes></Course><Course Number="CSE 511"><Title>OPER        SYST DESIGN</Title><Credits>3.0</Credits><Classes><RefNo>329344</RefNo><Section>001</Section><Limit>45</Limit><SeatsOpen>31</SeatsOpen><Times>T R 01:00P - 02:15P</Times><Place>121 EES        BL</Place><Instructor>SIVASUBRAMANIAM, A</Instructor></Classes></Course><Course Number="CSE 513"><Title>DISTRIBUTED SYSTEM</Title><Credits>3.0</Credits><Classes><RefNo>365350</RefNo><Section>001</Section><Limit>40</Limit><SeatsOpen>26</SeatsOpen><Times>T R 02:30P - 03:20P</Times><Place>251 WILLARD</Place><Instructor>CAO, GUOHONG</Instructor></Classes></Course><Course Number="CSE 514"><Title>CMPTR        NETWORKS</Title><Credits>3.0</Credits><Classes><RefNo>455842</RefNo><Section>002</Section><Limit>30</Limit><SeatsOpen>21</SeatsOpen><Times>T R 02:30P - 03:45P</Times><Place>106 WARTIK</Place><Instructor>KESIDIS, GEORGE</Instructor></Classes></Course><Course Number="CSE 520"><Title>SCI OF        COMP PRGMNG</Title><Credits>4.0</Credits><Classes><RefNo>365503</RefNo><Section>001</Section><Limit>30</Limit><SeatsOpen>26</SeatsOpen><Times>T R 01:00P - 02:15P</Times><Place>371 WILLARD</Place><Instructor>HANNAN, JOHN JOSEP</Instructor></Classes></Course><Course Number="CSE 530"><Title>FUND        COMP ARCH</Title><Credits>3.0</Credits><Classes><RefNo>329353</RefNo><Section>001</Section><Limit>40</Limit><SeatsOpen>13</SeatsOpen><Times>T R 09:45A - 11:00A</Times><Place>251 WILLARD</Place><Instructor>HURSON, ALI R</Instructor></Classes></Course><Course Number="CSE 539"><Title>TOPICS        COMP ARCH</Title><Credits>3.0</Credits><Classes><RefNo>367156</RefNo><Section>001</Section><Limit>30</Limit><SeatsOpen>25</SeatsOpen><Times>T R 02:30P - 03:45P</Times><Place>210 THOMAS</Place><Instructor>KANDEMIR, MAHMUT T</Instructor></Classes></Course><Course Number="CSE 542"><Title>DATABASE SYS II</Title><Credits>3.0</Credits><Classes><RefNo>368845</RefNo><Section>001</Section><Limit>35</Limit><SeatsOpen>21</SeatsOpen><Times>T R 09:45A - 11:00A</Times><Place>303 WILLARD</Place><Instructor>LEE, WANG CHIEN</Instructor></Classes></Course><Course Number="CSE 543"><Title>COMPUTER SECURITY</Title><Credits>3.0</Credits><Classes><RefNo>366694</RefNo><Section>001</Section><Limit>40</Limit><SeatsOpen>0</SeatsOpen><Times>T R 11:15A - 12:30P</Times><Place>109 WILLARD</Place><Instructor></Instructor></Classes></Course><Course Number="CSE 550"><Title>NUM        LINEAR ALGEBRA</Title><Credits>3.0</Credits><Classes><RefNo>368854</RefNo><Section>001</Section><Limit>30</Limit><SeatsOpen>20</SeatsOpen><Times>T R 02:30P - 03:45P</Times><Place>109 WALKER</Place><Instructor>BARLOW, JESSE LOUI</Instructor></Classes></Course><Course Number="CSE 565"><Title>ALGORITHM ANLY</Title><Credits>3.0</Credits><Classes><RefNo>329368</RefNo><Section>001</Section><Limit>48</Limit><SeatsOpen>31</SeatsOpen><Times>M W F 10:10A - 11:00A</Times><Place>121 EES        BL</Place><Instructor>BERMAN, PIOTR</Instructor></Classes></Course><Course Number="CSE 578"><Title>CAD        TOOLS</Title><Credits>3.0</Credits><Classes><RefNo>368824</RefNo><Section>001</Section><Limit>35</Limit><SeatsOpen>21</SeatsOpen><Times>T R 11:15A - 12:30P</Times><Place>106 WARTIK</Place><Instructor>XIE, YUAN</Instructor></Classes></Course><Course Number="CSE 583"><Title>PATTERN RECOGNITN</Title><Credits>3.0</Credits><Classes><RefNo>329371</RefNo><Section>001</Section><Limit>24</Limit><SeatsOpen>10</SeatsOpen><Times>T R 06:30P - 07:45P</Times><Place>119 EES        BL</Place><Instructor></Instructor></Classes></Course><Course Number="CSE 590"><Title>COLLOQUIUM</Title><Credits>1.0 -    3.0</Credits><Classes><RefNo>329377</RefNo><Section>001</Section><Limit>94</Limit><SeatsOpen>63</SeatsOpen><Times>R 04:00P - 05:30PAPPT</Times><Place>113 IST</Place><Instructor></Instructor></Classes></Course><Course Number="CSE 591"><Title>RESEARCH IN CSE</Title><Credits>1.0</Credits><Classes><RefNo>329380</RefNo><Section>001</Section><Limit>10</Limit><SeatsOpen>8</SeatsOpen><Times>APPT</Times><Place>111C IST</Place><Instructor></Instructor></Classes></Course><Course Number="CSE 594"><Title>RESEARCH TOPICS</Title><Credits>1.0 -    15.0</Credits><Classes><RefNo>329383</RefNo><Section>001</Section><Limit>10</Limit><SeatsOpen>10</SeatsOpen><Times>APPT</Times><Place>111C IST</Place><Instructor></Instructor></Classes></Course><Course Number="CSE 596"><Title>INDIVIDUAL STUDIES</Title><Credits>1.0 -    9.0</Credits><Classes><RefNo>329386</RefNo><Section>001</Section><Limit>0</Limit><SeatsOpen>0</SeatsOpen><Times>APPT</Times><Place>111C IST</Place><Instructor></Instructor></Classes></Course><Course Number="CSE 597A"><Title>THEORY        SEMINAR</Title><Credits>1.0</Credits><Classes><RefNo>444169</RefNo><Section>001</Section><Limit>20</Limit><SeatsOpen>17</SeatsOpen><Times>APPT</Times><Place>111C IST</Place><Instructor></Instructor></Classes></Course><Course Number="CSE 597B"><Title>APP        CRYPTOGRAPHY</Title><Credits>3.0</Credits><Classes><RefNo>449356</RefNo><Section>001</Section><Limit>15</Limit><SeatsOpen>6</SeatsOpen><Times>APPT</Times><Place>111C IST</Place><Instructor></Instructor></Classes></Course><Course Number="CSE 598A"><Title>MOBILE        NETWORKING</Title><Credits>3.0</Credits><Classes><RefNo>395437</RefNo><Section>001</Section><Limit>30</Limit><SeatsOpen>22</SeatsOpen><Times>T R 02:30P - 03:45P</Times><Place>118 EES        BL</Place><Instructor>LAPORTA, THOMAS F</Instructor></Classes></Course><Course Number="CSE 598F"><Title>BIOINFORMATICS I</Title><Credits>3.0</Credits><Classes><RefNo>455170</RefNo><Section>001</Section><Limit>15</Limit><SeatsOpen>14</SeatsOpen><Times>T R 02:30P - 03:45P</Times><Place>111 BOUCKE</Place><Instructor></Instructor></Classes></Course><Course Number="CSE 600"><Title>THESIS        RESEARCH</Title><Credits>1.0 -    15.0</Credits><Classes><RefNo>329389</RefNo><Section>001</Section><Limit>0</Limit><SeatsOpen>0</SeatsOpen><Times>APPT</Times><Place>111C IST</Place><Instructor></Instructor></Classes></Course><Course Number="CSE 601"><Title>PH.D        DIS FULL-TIME</Title><Credits>0.0</Credits><Classes><RefNo>329392</RefNo><Section>001</Section><Limit>0</Limit><SeatsOpen>0</SeatsOpen><Times>APPT</Times><Place>111C IST</Place><Instructor></Instructor></Classes></Course><Course Number="CSE 610"><Title>THES        RES OFF CMPUS</Title><Credits>1.0 -    15.0</Credits><Classes><RefNo>329395</RefNo><Section>001</Section><Limit>0</Limit><SeatsOpen>0</SeatsOpen><Times>APPT</Times><Place>111C IST</Place><Instructor></Instructor></Classes></Course> </penn>