<?xml version="1.0" encoding="UTF-8"?> <rit> <Course><CourseNo>4003-204</CourseNo><Title>Ap                    Java</Title><Section SectionNo="Section                    29"><Link></Link><Credits>4-8</Credits><Instructor>TBA</Instructor><Time>TBA</Time><Building>TBA</Building><Room>TBA</Room></Section></Course><Course><CourseNo>4003-231</CourseNo><Title>Computer                    Science I</Title><Section SectionNo="Section                    01"><Link></Link><Credits>4</Credits><Instructor>Michael Van Wie</Instructor><Days>M                                                T                                                W</Days><Time>9:00AM - 9:50AM</Time><Building>70</Building><Room>3435</Room></Section><Section SectionNo="Section                    02"><Link></Link><Credits>4</Credits><Instructor>Michael Van Wie</Instructor><Days>M                                                T                                                W</Days><Time>10:00AM - 10:50AM</Time><Building>00</Building><Room></Room></Section><Section SectionNo="Section                    03"><Link></Link><Credits>4</Credits><Instructor>James Heliotis</Instructor><Days>M                                                T                                                W</Days><Time>2:00PM - 2:50PM</Time><Building>70</Building><Room>3435</Room></Section><Section SectionNo="Section                    04"><Link></Link><Credits>4</Credits><Instructor>Paul Tymann</Instructor><Days>M                                                T                                                W</Days><Time>11:00AM - 11:50AM</Time><Building>00</Building><Room></Room></Section><Section SectionNo="Section                    05"><Link></Link><Credits>4</Credits><Instructor>Sean Strout</Instructor><Days>M                                                T                                                W</Days><Time>4:00PM - 4:50PM</Time><Building>70</Building><Room>3435</Room></Section><Section SectionNo="Section                    06"><Link></Link><Credits>4</Credits><Instructor>Nan Schaller</Instructor><Days>M                                                T                                                W</Days><Time>11:00AM - 11:50AM</Time><Building>70</Building><Room>3445</Room></Section><Section SectionNo="Section                    07"><Link></Link><Credits>4</Credits><Instructor>Benjamin Steele</Instructor><Days>M                                                T                                                W</Days><Time>5:00PM - 5:50PM</Time><Building>70</Building><Room>3445</Room></Section><Section SectionNo="Section                    09"><Link></Link><Credits>4</Credits><Instructor>Vladimir Misic</Instructor><Days>M                                                T                                                W</Days><Time>4:00PM - 4:50PM</Time><Building>70</Building><Room>3445</Room></Section><Section SectionNo="Section                    10"><Link></Link><Credits>4</Credits><Instructor>Roxanne Canosa</Instructor><Days>M                                                T                                                W</Days><Time>8:00AM - 8:50AM</Time><Building>70</Building><Room>3435</Room></Section><Section SectionNo="Section                    12"><Link></Link><Credits>4</Credits><Instructor>Vladimir Misic</Instructor><Days>M                                                T                                                W</Days><Time>3:00PM - 3:50PM</Time><Building>70</Building><Room>3435</Room></Section><Section SectionNo="Section                    14"><Link></Link><Credits>4</Credits><Instructor>Philip White</Instructor><Days>M                                                T                                                W</Days><Time>10:00AM - 10:50AM</Time><Building>70</Building><Room>3560</Room></Section><Section SectionNo="Section                    15"><Link></Link><Credits>4</Credits><Instructor>James Heliotis</Instructor><Days>T                                                                       R</Days><Time>2:00PM - 3:50PM</Time><Building>13</Building><Room>1380</Room></Section><Section SectionNo="Section                    16"><Link></Link><Credits>4</Credits><Instructor>Rhys Price Jones</Instructor><Days>M                                                                       W</Days><Time>2:00PM - 3:50PM</Time><Building>70</Building><Room>ICL6</Room></Section><Section SectionNo="Section                    17"><Link></Link><Credits>4</Credits><Instructor>Trudy Howles</Instructor><Days>M                                                                                              R</Days><Time>12:00PM - 1:50PM</Time><Building>70</Building><Room>1530</Room></Section><Section SectionNo="Section                    18"><Link></Link><Credits>4</Credits><Instructor>Sean Strout</Instructor><Days>T                                                                       R</Days><Time>12:00PM - 1:50PM</Time><Building>13</Building><Room>1380</Room></Section><Section SectionNo="Section                    19"><Link></Link><Credits>4</Credits><Instructor>Christopher Homan</Instructor><Days>M                                                                                              R</Days><Time>12:00PM - 1:50PM</Time><Building>70</Building><Room>1550</Room></Section><Section SectionNo="Section                    32"><Link></Link><Credits>0</Credits><Instructor>Sean Strout</Instructor><Days>F</Days><Time>10:00AM - 11:50AM</Time><Building>70</Building><Room>ICL1</Room></Section><Section SectionNo="Section                    33"><Link></Link><Credits>0</Credits><Instructor>TBA</Instructor><Days>R</Days><Time>10:00AM - 11:50AM</Time><Building>70</Building><Room>ICL2</Room></Section><Section SectionNo="Section                    34"><Link></Link><Credits>0</Credits><Instructor>TBA</Instructor><Days>R</Days><Time>4:00PM - 5:50PM</Time><Building>70</Building><Room>ICL1</Room></Section><Section SectionNo="Section                    35"><Link></Link><Credits>0</Credits><Instructor>TBA</Instructor><Days>R</Days><Time>2:00PM - 3:50PM</Time><Building>70</Building><Room>ICL1</Room></Section><Section SectionNo="Section                    36"><Link></Link><Credits>0</Credits><Instructor>Roxanne Canosa</Instructor><Days>F</Days><Time>10:00AM - 11:50AM</Time><Building>70</Building><Room>ICL2</Room></Section><Section SectionNo="Section                    37"><Link></Link><Credits>0</Credits><Instructor>TBA</Instructor><Days>F</Days><Time>2:00PM - 3:50PM</Time><Building>70</Building><Room>ICL1</Room></Section><Section SectionNo="Section                    38"><Link></Link><Credits>0</Credits><Instructor>Vladimir Misic</Instructor><Days>R</Days><Time>8:00AM - 9:50AM</Time><Building>70</Building><Room>ICL2</Room></Section><Section SectionNo="Section                    39"><Link></Link><Credits>0</Credits><Instructor>Vladimir Misic</Instructor><Days>R</Days><Time>8:00AM - 9:50AM</Time><Building>70</Building><Room>ICL1</Room></Section><Section SectionNo="Section                    40"><Link></Link><Credits>0</Credits><Instructor>Nan Schaller</Instructor><Days>R</Days><Time>8:00AM - 9:50AM</Time><Building>70</Building><Room>ICL4</Room></Section><Section SectionNo="Section                    41"><Link></Link><Credits>0</Credits><Instructor>Nan Schaller</Instructor><Days>R</Days><Time>8:00AM - 9:50AM</Time><Building>70</Building><Room>ICL3</Room></Section><Section SectionNo="Section                    42"><Link></Link><Credits>0</Credits><Instructor>Nan Schaller</Instructor><Days>R</Days><Time>10:00AM - 11:50AM</Time><Building>70</Building><Room>ICL4</Room></Section><Section SectionNo="Section                    43"><Link></Link><Credits>0</Credits><Instructor>Vladimir Misic</Instructor><Days>R</Days><Time>10:00AM - 11:50AM</Time><Building>70</Building><Room>ICL3</Room></Section><Section SectionNo="Section                    44"><Link></Link><Credits>0</Credits><Instructor>Michael Van Wie</Instructor><Days>R</Days><Time>10:00AM - 11:50AM</Time><Building>70</Building><Room>ICL1</Room></Section><Section SectionNo="Section                    45"><Link></Link><Credits>0</Credits><Instructor>TBA</Instructor><Days>R</Days><Time>10:00AM - 11:50AM</Time><Building>70</Building><Room>ICL5</Room></Section><Section SectionNo="Section                    46"><Link></Link><Credits>0</Credits><Instructor>TBA</Instructor><Days>R</Days><Time>12:00PM - 1:50PM</Time><Building>00</Building><Room></Room></Section><Section SectionNo="Section                    47"><Link></Link><Credits>0</Credits><Instructor>TBA</Instructor><Days>F</Days><Time>4:00PM - 5:50PM</Time><Building>00</Building><Room></Room></Section><Section SectionNo="Section                    48"><Link></Link><Credits>0</Credits><Instructor>TBA</Instructor><Days>M</Days><Time>10:00AM - 11:50AM</Time><Building>00</Building><Room></Room></Section><Section SectionNo="Section                    49"><Link></Link><Credits>0</Credits><Instructor>TBA</Instructor><Days>M</Days><Time>10:00AM - 11:50AM</Time><Building>00</Building><Room></Room></Section><Section SectionNo="Section                    50"><Link></Link><Credits>0</Credits><Instructor>TBA</Instructor><Days>R</Days><Time>2:00PM - 3:50PM</Time><Building>70</Building><Room>ICL2</Room></Section><Section SectionNo="Section                    51"><Link></Link><Credits>0</Credits><Instructor>James Heliotis</Instructor><Days>R</Days><Time>2:00PM - 3:50PM</Time><Building>70</Building><Room>ICL3</Room></Section><Section SectionNo="Section                    52"><Link></Link><Credits>0</Credits><Instructor>TBA</Instructor><Days>R</Days><Time>2:00PM - 3:50PM</Time><Building>70</Building><Room>ICL4</Room></Section><Section SectionNo="Section                    53"><Link></Link><Credits>0</Credits><Instructor>TBA</Instructor><Days>R</Days><Time>2:00PM - 3:50PM</Time><Building>70</Building><Room>ICL5</Room></Section><Section SectionNo="Section                    54"><Link></Link><Credits>0</Credits><Instructor>Benjamin Steele</Instructor><Days>R</Days><Time>4:00PM - 5:50PM</Time><Building>70</Building><Room>ICL2</Room></Section><Section SectionNo="Section                    55"><Link></Link><Credits>0</Credits><Instructor>TBA</Instructor><Days>R</Days><Time>4:00PM - 5:50PM</Time><Building>70</Building><Room>ICL3</Room></Section><Section SectionNo="Section                    56"><Link></Link><Credits>0</Credits><Instructor>TBA</Instructor><Days>R</Days><Time>4:00PM - 5:50PM</Time><Building>70</Building><Room>ICL4</Room></Section><Section SectionNo="Section                    57"><Link></Link><Credits>0</Credits><Instructor>TBA</Instructor><Days>F</Days><Time>8:00AM - 9:50AM</Time><Building>70</Building><Room>ICL5</Room></Section><Section SectionNo="Section                    58"><Link></Link><Credits>0</Credits><Instructor>Christopher Homan</Instructor><Days>F</Days><Time>12:00PM - 1:50PM</Time><Building>70</Building><Room>ICL1</Room></Section><Section SectionNo="Section                    59"><Link></Link><Credits>0</Credits><Instructor>Christopher Homan</Instructor><Days>F</Days><Time>12:00PM - 1:50PM</Time><Building>70</Building><Room>ICL2</Room></Section><Section SectionNo="Section                    60"><Link></Link><Credits>0</Credits><Instructor>Roxanne Canosa</Instructor><Days>F</Days><Time>8:00AM - 9:50AM</Time><Building>70</Building><Room>ICL3</Room></Section><Section SectionNo="Section                    61"><Link></Link><Credits>0</Credits><Instructor>Roxanne Canosa</Instructor><Days>F</Days><Time>8:00AM - 9:50AM</Time><Building>70</Building><Room>ICL4</Room></Section><Section SectionNo="Section                    62"><Link></Link><Credits>0</Credits><Instructor>Sean Strout</Instructor><Days>F</Days><Time>12:00PM - 1:50PM</Time><Building>13</Building><Room>1380</Room></Section><Section SectionNo="Section                    63"><Link></Link><Credits>0</Credits><Instructor>Trudy Howles</Instructor><Days>F</Days><Time>12:00PM - 1:50PM</Time><Building>70</Building><Room>ICL6</Room></Section><Section SectionNo="Section                    65"><Link></Link><Credits>0</Credits><Instructor>James Heliotis</Instructor><Days>F</Days><Time>2:00PM - 3:50PM</Time><Building>13</Building><Room>1380</Room></Section><Section SectionNo="Section                    66"><Link></Link><Credits>0</Credits><Instructor>Rhys Price Jones</Instructor><Days>F</Days><Time>2:00PM - 3:50PM</Time><Building>70</Building><Room>ICL6</Room></Section><Section SectionNo="Section                    67"><Link></Link><Credits>0</Credits><Instructor>TBA</Instructor><Days>F</Days><Time>2:00PM - 3:50PM</Time><Building>70</Building><Room>ICL4</Room></Section><Section SectionNo="Section                    68"><Link></Link><Credits>0</Credits><Instructor>TBA</Instructor><Days>F</Days><Time>2:00PM - 3:50PM</Time><Building>70</Building><Room>ICL5</Room></Section><Section SectionNo="Section                    69"><Link></Link><Credits>0</Credits><Instructor>TBA</Instructor><Days>F</Days><Time>2:00PM - 3:50PM</Time><Building>70</Building><Room>ICL2</Room></Section><Section SectionNo="Section                    70"><Link></Link><Credits>4</Credits><Instructor>Robert Duncan</Instructor><Days>T</Days><Time>6:00PM - 7:50PM</Time><Building>70</Building><Room>3445</Room></Section><Section SectionNo="Section                    85"><Link></Link><Credits>0</Credits><Instructor>Robert Duncan</Instructor><Days>R</Days><Time>7:00PM - 8:50PM</Time><Building>70</Building><Room>ICL1</Room></Section><Section SectionNo="Section                    86"><Link></Link><Credits>0</Credits><Instructor>Robert Duncan</Instructor><Days>R</Days><Time>7:00PM - 8:50PM</Time><Building>70</Building><Room>ICL2</Room></Section></Course><Course><CourseNo>4003-232</CourseNo><Title>Computer                    Science 2</Title><Section SectionNo="Section                    01"><Link></Link><Credits>4</Credits><Instructor>Jessica Bayliss</Instructor><Days>M                                                T                                                W</Days><Time>9:00AM - 9:50AM</Time><Building>70</Building><Room>3445</Room></Section><Section SectionNo="Section                    41"><Link></Link><Credits>0</Credits><Instructor>Jessica Bayliss</Instructor><Days>F</Days><Time>8:00AM - 9:50AM</Time><Building>70</Building><Room>ICL1</Room></Section><Section SectionNo="Section                    42"><Link></Link><Credits>0</Credits><Instructor>Jessica Bayliss</Instructor><Days>F</Days><Time>8:00AM - 9:50AM</Time><Building>70</Building><Room>ICL2</Room></Section></Course><Course><CourseNo>4003-233</CourseNo><Title>Computer                    Science 3</Title><Section SectionNo="Section                    01"><Link></Link><Credits>4</Credits><Instructor>Carl Reynolds</Instructor><Days>M                                                T                                                                       R</Days><Time>10:00AM - 10:50AM</Time><Building>70</Building><Room>1445</Room></Section><Section SectionNo="Section                    41"><Link></Link><Credits>0</Credits><Instructor>Joe Geigel</Instructor><Days>W</Days><Time>10:00AM - 11:50AM</Time><Building>70</Building><Room>ICL1</Room></Section><Section SectionNo="Section                    42"><Link></Link><Credits>0</Credits><Instructor>Joe Geigel</Instructor><Days>W</Days><Time>10:00AM - 11:50AM</Time><Building>70</Building><Room>ICL2</Room></Section><Section SectionNo="Section                    43"><Link></Link><Credits>0</Credits><Instructor>Joe Geigel</Instructor><Days>W</Days><Time>10:00AM - 11:50AM</Time><Building>70</Building><Room>ICL3</Room></Section><Section SectionNo="Section                    70"><Link></Link><Credits>4</Credits><Instructor>Paul Tymann</Instructor><Days>M</Days><Time>6:00PM - 7:50PM</Time><Building>70</Building><Room>3445</Room></Section><Section SectionNo="Section                    85"><Link></Link><Credits>0</Credits><Instructor>TBA</Instructor><Days>W</Days><Time>7:00PM - 8:50PM</Time><Building>70</Building><Room>ICL1</Room></Section><Section SectionNo="Section                    86"><Link></Link><Credits>0</Credits><Instructor>TBA</Instructor><Days>W</Days><Time>7:00PM - 8:50PM</Time><Building>70</Building><Room>ICL2</Room></Section></Course><Course><CourseNo>4003-234</CourseNo><Title>Accelerated                    Comp Sci I</Title><Section SectionNo="Section                    01"><Link></Link><Credits>4</Credits><Instructor>Paul Tymann</Instructor><Days>M                                                                       W                                                R</Days><Time>10:00AM - 10:50AM</Time><Building>00</Building><Room></Room></Section><Section SectionNo="Section                    02"><Link></Link><Credits>4</Credits><Instructor>Philip White</Instructor><Days>M                                                                       W                                                R</Days><Time>11:00AM - 11:50AM</Time><Building>00</Building><Room></Room></Section><Section SectionNo="Section                    41"><Link></Link><Credits>0</Credits><Instructor>Paul Tymann</Instructor><Days>T</Days><Time>10:00AM - 11:50AM</Time><Building>00</Building><Room></Room></Section><Section SectionNo="Section                    42"><Link></Link><Credits>0</Credits><Instructor>Paul Tymann</Instructor><Days>T</Days><Time>10:00AM - 11:50AM</Time><Building>00</Building><Room></Room></Section><Section SectionNo="Section                    44"><Link></Link><Credits>0</Credits><Instructor>Paul Tymann</Instructor><Days>T</Days><Time>10:00AM - 11:50AM</Time><Building>00</Building><Room></Room></Section><Section SectionNo="Section                    45"><Link></Link><Credits>0</Credits><Instructor>Philip White</Instructor><Days>T</Days><Time>2:00PM - 3:50PM</Time><Building>00</Building><Room></Room></Section><Section SectionNo="Section                    46"><Link></Link><Credits>0</Credits><Instructor>Philip White</Instructor><Days>T</Days><Time>2:00PM - 3:50PM</Time><Building>00</Building><Room></Room></Section></Course><Course><CourseNo>4003-236</CourseNo><Title>Cs For                    Ap Students</Title><Section SectionNo="Section                    01"><Link></Link><Credits>4</Credits><Instructor>Paul Tymann</Instructor><Days>M                                                                       W                                                R</Days><Time>10:00AM - 10:50AM</Time><Building>70</Building><Room>1455</Room></Section><Section SectionNo="Section                    41"><Link></Link><Credits>0</Credits><Instructor>Paul Tymann</Instructor><Days>T</Days><Time>10:00AM - 11:50AM</Time><Building>70</Building><Room>ICL3</Room></Section><Section SectionNo="Section                    42"><Link></Link><Credits>0</Credits><Instructor>Paul Tymann</Instructor><Days>T</Days><Time>10:00AM - 11:50AM</Time><Building>70</Building><Room>ICL4</Room></Section><Section SectionNo="Section                    44"><Link></Link><Credits>0</Credits><Instructor>Paul Tymann</Instructor><Days>T</Days><Time>10:00AM - 11:50AM</Time><Building>70</Building><Room>ICL5</Room></Section></Course><Course><CourseNo>4003-263</CourseNo><Title>Comp Sci                    For Transfers</Title><Section SectionNo="Section                    01"><Link></Link><Credits>5</Credits><Instructor>Trudy Howles</Instructor><Days>T                                                                       R</Days><Time>10:00AM - 11:50AM</Time><Building>13</Building><Room>1370</Room></Section><Section SectionNo="Section                    41"><Link></Link><Credits>0</Credits><Instructor>Trudy Howles</Instructor><Days>W</Days><Time>8:00AM - 9:50AM</Time><Building>70</Building><Room>ICL1</Room></Section><Section SectionNo="Section                    42"><Link></Link><Credits>0</Credits><Instructor>TBA</Instructor><Days>W</Days><Time>8:00AM - 9:50AM</Time><Building>70</Building><Room>ICL2</Room></Section><Section SectionNo="Section                    43"><Link></Link><Credits>0</Credits><Instructor>TBA</Instructor><Days>T</Days><Time>4:00PM - 5:50PM</Time><Building>70</Building><Room>ICL3</Room></Section><Section SectionNo="Section                    44"><Link></Link><Credits>0</Credits><Instructor>TBA</Instructor><Days>T</Days><Time>4:00PM - 5:50PM</Time><Building>70</Building><Room>ICL4</Room></Section><Section SectionNo="Section                    70"><Link></Link><Credits>5</Credits><Instructor>Robert Duncan</Instructor><Days>M                                                                       W</Days><Time>6:00PM - 7:50PM</Time><Building>70</Building><Room>3455</Room></Section><Section SectionNo="Section                    85"><Link></Link><Credits>0</Credits><Instructor>Robert Duncan</Instructor><Days>W</Days><Time>8:00PM - 9:50PM</Time><Building>70</Building><Room>ICL3</Room></Section></Course><Course><CourseNo>4003-319</CourseNo><Title>Scientific                    Applications</Title><Section SectionNo="Section                    01"><Link></Link><Credits>4</Credits><Instructor>Fereydoun Kazemian</Instructor><Days>M                                                T                                                W                                                R</Days><Time>11:00AM - 11:50AM</Time><Building>00</Building><Room></Room></Section><Section SectionNo="Section                    70"><Link></Link><Credits>4</Credits><Instructor>Fereydoun Kazemian</Instructor><Days>T                                                                       R</Days><Time>6:00PM - 7:50PM</Time><Building>00</Building><Room></Room></Section></Course><Course><CourseNo>4003-334</CourseNo><Title>Computer                    Science 4</Title><Section SectionNo="Section                    01"><Link></Link><Credits>4</Credits><Instructor>Sean Strout</Instructor><Days>M                                                T                                                                       R</Days><Time>10:00AM - 10:50AM</Time><Building>70</Building><Room>1610</Room></Section><Section SectionNo="Section                    02"><Link></Link><Credits>4</Credits><Instructor>Sidney Marshall</Instructor><Days>M                                                T                                                                       R</Days><Time>9:00AM - 9:50AM</Time><Building>70</Building><Room>3560</Room></Section><Section SectionNo="Section                    04"><Link></Link><Credits>4</Credits><Instructor>Sidney Marshall</Instructor><Days>M                                                T                                                                       R</Days><Time>3:00PM - 3:50PM</Time><Building>70</Building><Room>1610</Room></Section><Section SectionNo="Section                    05"><Link></Link><Credits>4</Credits><Instructor>James Heliotis</Instructor><Days>M                                                T                                                                       R</Days><Time>11:00AM - 11:50AM</Time><Building>70</Building><Room>1445</Room></Section><Section SectionNo="Section                    06"><Link></Link><Credits>4</Credits><Instructor>Roxanne Canosa</Instructor><Days>M                                                T                                                                       R</Days><Time>2:00PM - 2:50PM</Time><Building>70</Building><Room>1610</Room></Section><Section SectionNo="Section                    41"><Link></Link><Credits>0</Credits><Instructor>TBA</Instructor><Days>W</Days><Time>4:00PM - 5:50PM</Time><Building>70</Building><Room>ICL1</Room></Section><Section SectionNo="Section                    43"><Link></Link><Credits>0</Credits><Instructor>Sidney Marshall</Instructor><Days>W</Days><Time>2:00PM - 3:50PM</Time><Building>70</Building><Room>ICL1</Room></Section><Section SectionNo="Section                    44"><Link></Link><Credits>0</Credits><Instructor>TBA</Instructor><Days>W</Days><Time>2:00PM - 3:50PM</Time><Building>70</Building><Room>ICL2</Room></Section><Section SectionNo="Section                    45"><Link></Link><Credits>0</Credits><Instructor>TBA</Instructor><Days>W</Days><Time>2:00PM - 3:50PM</Time><Building>70</Building><Room>ICL3</Room></Section><Section SectionNo="Section                    46"><Link></Link><Credits>0</Credits><Instructor>Sidney Marshall</Instructor><Days>W</Days><Time>2:00PM - 3:50PM</Time><Building>70</Building><Room>ICL4</Room></Section><Section SectionNo="Section                    47"><Link></Link><Credits>0</Credits><Instructor>TBA</Instructor><Days>W</Days><Time>2:00PM - 3:50PM</Time><Building>70</Building><Room>ICL5</Room></Section><Section SectionNo="Section                    48"><Link></Link><Credits>0</Credits><Instructor>James Heliotis</Instructor><Days>W</Days><Time>10:00AM - 11:50AM</Time><Building>70</Building><Room>ICL4</Room></Section><Section SectionNo="Section                    49"><Link></Link><Credits>0</Credits><Instructor>TBA</Instructor><Days>W</Days><Time>10:00AM - 11:50AM</Time><Building>70</Building><Room>ICL5</Room></Section><Section SectionNo="Section                    50"><Link></Link><Credits>0</Credits><Instructor>TBA</Instructor><Days>W</Days><Time>4:00PM - 5:50PM</Time><Building>70</Building><Room>ICL2</Room></Section><Section SectionNo="Section                    51"><Link></Link><Credits>0</Credits><Instructor>TBA</Instructor><Days>W</Days><Time>6:00PM - 7:50PM</Time><Building>70</Building><Room>ICL3</Room></Section><Section SectionNo="Section                    52"><Link></Link><Credits>0</Credits><Instructor>Roxanne Canosa</Instructor><Days>W</Days><Time>4:00PM - 5:50PM</Time><Building>70</Building><Room>ICL4</Room></Section><Section SectionNo="Section                    53"><Link></Link><Credits>0</Credits><Instructor>Roxanne Canosa</Instructor><Days>W</Days><Time>4:00PM - 5:50PM</Time><Building>70</Building><Room>ICL5</Room></Section><Section SectionNo="Section                    54"><Link></Link><Credits>0</Credits><Instructor>Sean Strout</Instructor><Days>W</Days><Time>12:00PM - 1:50PM</Time><Building>70</Building><Room>ICL4</Room></Section><Section SectionNo="Section                    55"><Link></Link><Credits>0</Credits><Instructor>Sean Strout</Instructor><Days>W</Days><Time>12:00PM - 1:50PM</Time><Building>70</Building><Room>ICL3</Room></Section><Section SectionNo="Section                    56"><Link></Link><Credits>0</Credits><Instructor>Sean Strout</Instructor><Days>W</Days><Time>12:00PM - 1:50PM</Time><Building>70</Building><Room>ICL5</Room></Section><Section SectionNo="Section                    85"><Link></Link><Credits>0</Credits><Instructor>Matthew Healy</Instructor><Days>T</Days><Time>7:00PM - 8:50PM</Time><Building>70</Building><Room>ICL1</Room></Section><Section SectionNo="Section                    86"><Link></Link><Credits>0</Credits><Instructor>Matthew Healy</Instructor><Days>T</Days><Time>7:00PM - 8:50PM</Time><Building>70</Building><Room>ICL2</Room></Section></Course><Course><CourseNo>4003-341</CourseNo><Title>Prof                    Communications</Title><Section SectionNo="Section                    01"><Link></Link><Credits>4</Credits><Instructor>Henry Etlinger</Instructor><Days>M                                                T                                                W                                                R</Days><Time>9:00AM - 9:50AM</Time><Building>70</Building><Room>2690</Room></Section><Section SectionNo="Section                    02"><Link></Link><Credits>4</Credits><Instructor>Henry Etlinger</Instructor><Days>M                                                T                                                W                                                R</Days><Time>11:00AM - 11:50AM</Time><Building>70</Building><Room>2690</Room></Section><Section SectionNo="Section                    03"><Link></Link><Credits>4</Credits><Instructor>Trudy Howles</Instructor><Days>T                                                                       R</Days><Time>8:00AM - 9:50AM</Time><Building>70</Building><Room>1610</Room></Section><Section SectionNo="Section                    04"><Link></Link><Credits>4</Credits><Instructor>Rajendra Raj</Instructor><Days>M                                                                       W</Days><Time>4:00PM - 5:50PM</Time><Building>70</Building><Room>2690</Room></Section><Section SectionNo="Section                    05"><Link></Link><Credits>4</Credits><Instructor>Michael Van Wie</Instructor><Days>M                                                T                                                W                                                R</Days><Time>11:00AM - 11:50AM</Time><Building>70</Building><Room>3455</Room></Section><Section SectionNo="Section                    70"><Link></Link><Credits>4</Credits><Instructor>William Childs</Instructor><Days>M                                                                       W</Days><Time>6:00PM - 7:50PM</Time><Building>70</Building><Room>2690</Room></Section></Course><Course><CourseNo>4003-345</CourseNo><Title>Comp                    Organization</Title><Section SectionNo="Section                    01"><Link></Link><Credits>4</Credits><Instructor>Philip White</Instructor><Days>M                                                                       W</Days><Time>2:00PM - 3:50PM</Time><Building>70</Building><Room>2690</Room></Section><Section SectionNo="Section                    70"><Link></Link><Credits>4</Credits><Instructor>Warren Carithers</Instructor><Days>T                                                                       R</Days><Time>6:00PM - 7:50PM</Time><Building>13</Building><Room>1360</Room></Section></Course><Course><CourseNo>4003-380</CourseNo><Title>Intro To                    Cs Theory</Title><Section SectionNo="Section                    01"><Link></Link><Credits>4</Credits><Instructor>Fereydoun Kazemian</Instructor><Days>T                                                                       R</Days><Time>2:00PM - 3:50PM</Time><Building>70</Building><Room>2690</Room></Section><Section SectionNo="Section                    02"><Link></Link><Credits>4</Credits><Instructor>Peter Anderson</Instructor><Days>M                                                                       W</Days><Time>4:00PM - 5:50PM</Time><Building>70</Building><Room>3560</Room></Section><Section SectionNo="Section                    03"><Link></Link><Credits>4</Credits><Instructor>Joe Geigel</Instructor><Days>T                                                                       R</Days><Time>2:00PM - 3:50PM</Time><Building>70</Building><Room>3560</Room></Section></Course><Course><CourseNo>4003-406</CourseNo><Title>Systems                    Programming I</Title><Section SectionNo="Section                    01"><Link></Link><Credits>4</Credits><Instructor>Warren Carithers</Instructor><Days>T                                                                       R</Days><Time>4:00PM - 5:50PM</Time><Building>70</Building><Room>1610</Room></Section></Course><Course><CourseNo>4003-420</CourseNo><Title>Data                    Comm  Networks I</Title><Section SectionNo="Section                    01"><Link></Link><Credits>4</Credits><Instructor>Leonid Reznik</Instructor><Days>M                                                                       W</Days><Time>12:00PM - 1:50PM</Time><Building>70</Building><Room>3445</Room></Section><Section SectionNo="Section                    70"><Link></Link><Credits>4</Credits><Instructor>Narayan Kulkarni</Instructor><Days>M                                                                       W</Days><Time>8:00PM - 9:50PM</Time><Building>70</Building><Room>3445</Room></Section><Section SectionNo="Section                    71"><Link></Link><Credits>4</Credits><Instructor>TBA</Instructor><Days>T                                                                       R</Days><Time>6:00PM - 7:50PM</Time><Building>70</Building><Room>1610</Room></Section></Course><Course><CourseNo>4003-440</CourseNo><Title>Operating                    Systems I</Title><Section SectionNo="Section                    01"><Link></Link><Credits>4</Credits><Instructor>TBA</Instructor><Days>M                                                                       W</Days><Time>8:00AM - 9:50AM</Time><Building>70</Building><Room>3455</Room></Section><Section SectionNo="Section                    02"><Link></Link><Credits>4</Credits><Instructor>Warren Carithers</Instructor><Days>M                                                T                                                W                                                R</Days><Time>10:00AM - 10:50AM</Time><Building>70</Building><Room>2690</Room></Section><Section SectionNo="Section                    70"><Link></Link><Credits>4</Credits><Instructor>Carl Reynolds</Instructor><Days>M                                                                       W</Days><Time>6:00PM - 7:50PM</Time><Building>70</Building><Room>3560</Room></Section></Course><Course><CourseNo>4003-450</CourseNo><Title>Prog                    Language Concepts</Title><Section SectionNo="Section                    01"><Link></Link><Credits>4</Credits><Instructor>Sidney Marshall</Instructor><Days>M                                                T                                                W                                                R</Days><Time>2:00PM - 2:50PM</Time><Building>70</Building><Room>2590</Room></Section><Section SectionNo="Section                    02"><Link></Link><Credits>4</Credits><Instructor>Sean Strout</Instructor><Days>M                                                T                                                W                                                R</Days><Time>3:00PM - 3:50PM</Time><Building>70</Building><Room>3445</Room></Section><Section SectionNo="Section                    70"><Link></Link><Credits>4</Credits><Instructor>Jessica Bayliss</Instructor><Days>M                                                                       W</Days><Time>6:00PM - 7:50PM</Time><Building>70</Building><Room>2590</Room></Section></Course><Course><CourseNo>4003-455</CourseNo><Title>Artificial                    Intelligence</Title><Section SectionNo="Section                    70"><Link></Link><Credits>4</Credits><Instructor>Leonid Reznik</Instructor><Days>M                                                                       W</Days><Time>6:00PM - 7:50PM</Time><Building>70</Building><Room>1455</Room></Section></Course><Course><CourseNo>4003-482</CourseNo><Title>Cryptography</Title><Section SectionNo="Section                    70"><Link></Link><Credits>4</Credits><Instructor>Christopher Homan</Instructor><Days>T                                                                       R</Days><Time>8:00PM - 9:50PM</Time><Building>70</Building><Room>3445</Room></Section></Course><Course><CourseNo>4003-485</CourseNo><Title>Data                    Base Concepts</Title><Section SectionNo="Section                    70"><Link></Link><Credits>4</Credits><Instructor>Vladimir Misic</Instructor><Days>T                                                                       R</Days><Time>6:00PM - 7:50PM</Time><Building>70</Building><Room>1455</Room></Section></Course><Course><CourseNo>4003-499</CourseNo><Title>Computer                    Science Co-op</Title><Section SectionNo="Section                    01"><Link></Link><Credits>0</Credits><Instructor>Henry Etlinger</Instructor><Time>TBA</Time><Building>TBA</Building><Room>TBA</Room></Section></Course><Course><CourseNo>4003-520</CourseNo><Title>Comp                    Architecture</Title><Section SectionNo="Section                    01"><Link></Link><Credits>4</Credits><Instructor>Philip White</Instructor><Days>T                                                                       R</Days><Time>4:00PM - 5:50PM</Time><Building>70</Building><Room>3560</Room></Section></Course><Course><CourseNo>4003-541</CourseNo><Title>Data                    Comm  Networks II</Title><Section SectionNo="Section                    01"><Link></Link><Credits>4</Credits><Instructor>Alan Kaminsky</Instructor><Days>T                                                                       R</Days><Time>2:00PM - 3:50PM</Time><Building>70</Building><Room>3455</Room></Section></Course><Course><CourseNo>4003-570</CourseNo><Title>Computer                    Graphics I</Title><Section SectionNo="Section                    01"><Link></Link><Credits>4</Credits><Instructor>Nan Schaller</Instructor><Days>M                                                                       W</Days><Time>4:00PM - 5:50PM</Time><Building>70</Building><Room>3455</Room></Section><Section SectionNo="Section                    70"><Link></Link><Credits>4</Credits><Instructor>Nan Schaller</Instructor><Days>M                                                                       W</Days><Time>6:00PM - 7:50PM</Time><Building>00</Building><Room></Room></Section></Course><Course><CourseNo>4003-571</CourseNo><Title>Comp                    Graphics II</Title><Section SectionNo="Section                    01"><Link></Link><Credits>4</Credits><Instructor>Joe Geigel</Instructor><Days>M                                                                       W</Days><Time>4:00PM - 5:50PM</Time><Building>70</Building><Room>1455</Room></Section></Course><Course><CourseNo>4003-590</CourseNo><Title>Seminar                    In Computer Sci</Title><Section SectionNo="Section                    01"><Link></Link><Credits>0-4</Credits><Instructor>Jessica Bayliss</Instructor><Days>F</Days><Time>2:00PM - 3:50PM</Time><Building>70</Building><Room>1620</Room></Section><Section SectionNo="Section                    03"><Link></Link><Credits>0-4</Credits><Instructor>Stanislaw Radziszowski</Instructor><Days>T                                                                       R</Days><Time>4:00PM - 5:50PM</Time><Building>70</Building><Room>2590</Room></Section><Section SectionNo="Section                    04"><Link></Link><Credits>4</Credits><Instructor>Ankur Teredesai</Instructor><Days>T                                                                       R</Days><Time>2:00PM - 3:50PM</Time><Building>06</Building><Room>3215</Room></Section><Section SectionNo="Section                    05"><Link></Link><Credits>0-4</Credits><Instructor>Roger Gaborski</Instructor><Days>T                                                                       R</Days><Time>10:00AM - 11:50AM</Time><Building>70</Building><Room>1435</Room></Section><Section SectionNo="Section                    07"><Link></Link><Credits>0-4</Credits><Instructor>Alan Kaminsky</Instructor><Days>T                                                                       R</Days><Time>4:00PM - 5:50PM</Time><Building>70</Building><Room>2690</Room></Section><Section SectionNo="Section                    70"><Link></Link><Credits>4</Credits><Instructor>Axel Schreiner</Instructor><Days>M                                                                       W</Days><Time>6:00PM - 7:50PM</Time><Building>70</Building><Room>1610</Room></Section></Course><Course><CourseNo>4003-599</CourseNo><Title>Independent                    Study</Title><Section SectionNo="Section                    01"><Link></Link><Credits>1-4</Credits><Instructor>Henry Etlinger</Instructor><Time>TBA</Time><Building>TBA</Building><Room>TBA</Room></Section></Course><Course><CourseNo>4003-707</CourseNo><Title>Advanced                    Programming</Title><Section SectionNo="Section                    01"><Link></Link><Credits>4</Credits><Instructor>Hans-peter Bischof</Instructor><Days>M                                                                       W</Days><Time>10:00AM - 11:50AM</Time><Building>70</Building><Room>2455</Room></Section></Course><Course><CourseNo>4003-709</CourseNo><Title>Prog                    Language Concepts</Title><Section SectionNo="Section                    01"><Link></Link><Credits>4</Credits><Instructor>Sidney Marshall</Instructor><Days>M                                                T                                                W                                                R</Days><Time>2:00PM - 2:50PM</Time><Building>70</Building><Room>2590</Room></Section><Section SectionNo="Section                    02"><Link></Link><Credits>4</Credits><Instructor>Sean Strout</Instructor><Days>M                                                T                                                W                                                R</Days><Time>3:00PM - 3:50PM</Time><Building>70</Building><Room>3445</Room></Section><Section SectionNo="Section                    70"><Link></Link><Credits>4</Credits><Instructor>Jessica Bayliss</Instructor><Days>M                                                                       W</Days><Time>6:00PM - 7:50PM</Time><Building>70</Building><Room>2590</Room></Section></Course><Course><CourseNo>4003-710</CourseNo><Title>Comp                    Organization</Title><Section SectionNo="Section                    01"><Link></Link><Credits>4</Credits><Instructor>Philip White</Instructor><Days>M                                                                       W</Days><Time>2:00PM - 3:50PM</Time><Building>70</Building><Room>2690</Room></Section><Section SectionNo="Section                    70"><Link></Link><Credits>4</Credits><Instructor>Warren Carithers</Instructor><Days>T                                                                       R</Days><Time>6:00PM - 7:50PM</Time><Building>13</Building><Room>1360</Room></Section></Course> </rit>