<?xml version="1.0" encoding="UTF-8"?> <stanford> <Course><CourseCode>cs106A</CourseCode><CourseName>Programming              Methodology</CourseName><Instructor>Shackelford</Instructor><DayTime>MTWTh              11:00</DayTime><Room>Gates              B03</Room></Course><Course><CourseCode>cs106X</CourseCode><CourseName>Programming Methodology and              Abstractions (Accelerated)</CourseName><Instructor>Manus/Jimenez</Instructor><DayTime>MTWTh              1:15</DayTime><Room>Gates              B03</Room></Course><Course><CourseCode>cs121</CourseCode><CourseName>Introduction to Artificial              Intelligence</CourseName><Instructor>Kenthapadi</Instructor><DayTime>TTh              9:00-10:50</DayTime><Room>Gates              B03</Room></Course><Course><CourseCode>cs137</CourseCode><CourseName>Introduction to Scientific              Computing</CourseName><Instructor>Lambers</Instructor><DayTime>TTh              3:10-5:00</DayTime><Room>McCull              115</Room></Course><Course><CourseCode>cs143</CourseCode><CourseName>Compilers</CourseName><Instructor>Back</Instructor><DayTime>MWF              10:30-11:45</DayTime><Room>Gates              B01</Room></Course><Course><CourseCode>cs148</CourseCode><CourseName>Introductory Computer              Graphics</CourseName><Instructor>Walker</Instructor><DayTime>TTh              11:00-12:50</DayTime><Room>Gates              B01</Room></Course><Course><CourseCode>cs161</CourseCode><CourseName>Design and Analysis of              Algorithms</CourseName><Instructor>Cain</Instructor><DayTime>MWF              9:00-10:15</DayTime><Room>Gates              B03</Room></Course><Course><CourseCode>cs191</CourseCode><CourseName>Senior            Project</CourseName><Instructor>(none              listed)</Instructor><DayTime>by              arrangement</DayTime><Room></Room></Course><Course><CourseCode>cs192</CourseCode><CourseName>Programming Service              Project</CourseName><Instructor>(none              listed)</Instructor><DayTime>by              arrangement</DayTime><Room></Room></Course><Course><CourseCode>cs193D</CourseCode><CourseName>C++ and Object-Oriented              Programming</CourseName><Instructor>Neumann</Instructor><DayTime>MW              4:15-6:05</DayTime><Room>McCull              115</Room></Course><Course><CourseCode>cs193J</CourseCode><CourseName>Programming in              Java</CourseName><Instructor>Kumar</Instructor><DayTime>TTh              4:15-6:05</DayTime><Room>Gates              B01</Room></Course><Course><CourseCode>cs193W</CourseCode><CourseName>Microsoft Windows              Programming</CourseName><Instructor>Young</Instructor><DayTime>TTh              2:15-4:05</DayTime><Room>Gates              B03</Room></Course><Course><CourseCode>cs199</CourseCode><CourseName>Independent              Work</CourseName><Instructor>(none              listed)</Instructor><DayTime>by              arrangement</DayTime><Room></Room></Course><Course><CourseCode>cs199P</CourseCode><CourseName>Independent              Work</CourseName><Instructor>(none              listed)</Instructor><DayTime>by              arrangement</DayTime><Room></Room></Course><Course><CourseCode>cs245</CourseCode><CourseName>Database System              Principles</CourseName><Instructor>Cooper/Raghava</Instructor><DayTime>MW              1:15-3:05</DayTime><Room>Gates              B01</Room></Course><Course><CourseCode>cs390A</CourseCode><CourseName>Curricular Practical              Training</CourseName><Instructor>Motwani</Instructor><DayTime>by              arrangement</DayTime><Room></Room></Course><Course><CourseCode>cs390B</CourseCode><CourseName>Curricular Practical              Training</CourseName><Instructor>Motwani</Instructor><DayTime>by              arrangement</DayTime><Room></Room></Course><Course><CourseCode>cs390C</CourseCode><CourseName>Curricular Practical              Training</CourseName><Instructor>Motwani</Instructor><DayTime>by              arrangement</DayTime><Room></Room></Course><Course><CourseCode>cs393</CourseCode><CourseName>Computer              Laboratory</CourseName><Instructor>(none              listed)</Instructor><DayTime>by              arrangement</DayTime><Room></Room></Course><Course><CourseCode>cs395</CourseCode><CourseName>Independent Database              Project</CourseName><Instructor>(none              listed)</Instructor><DayTime>by              arrangement</DayTime><Room></Room></Course><Course><CourseCode>cs399</CourseCode><CourseName>Independent              Project</CourseName><Instructor>(none              listed)</Instructor><DayTime>by              arrangement</DayTime><Room></Room></Course><Course><CourseCode>cs399P</CourseCode><CourseName>Independent              Project</CourseName><Instructor>(none              listed)</Instructor><DayTime>by              arrangement</DayTime><Room></Room></Course><Course><CourseCode>cs499</CourseCode><CourseName>Advanced Reading and              Research</CourseName><Instructor>(none              listed)</Instructor><DayTime>by              arrangement</DayTime><Room></Room></Course><Course><CourseCode>cs801</CourseCode><CourseName>TGR  Project</CourseName><Instructor>(none              listed)</Instructor><DayTime>by              arrangement</DayTime><Room></Room></Course><Course><CourseCode>cs802</CourseCode><CourseName>TGR              Dissertation</CourseName><Instructor>(none              listed)</Instructor><DayTime>by              arrangement</DayTime></Course> </stanford>