<?xml version="1.0" encoding="UTF-8"?> <toronto> <course No="CSC 2103/407" level="cross-listed" offeredTerm="Fall 2003"><title>Software Architecture and Design</title><instructor Name="Matthew Zaleski" Email="matz@cdf.cs.toronto.edu"></instructor><location>BA1170</location><coursewebsite>http://www.cs.toronto.edu/~matz/instruct/csc407/</coursewebsite><prereq>CSC340H (Information Systems Analysis and Design), CSC378H (Data Structures and Algorithm Analysis)</prereq><text>Design Patterns: Elements of Reusable Object-Oriented Software, Gamma et. al. Addison-Wesley (Professional Computing Series), 1995 ISBN 0-201-63361-2</text></course><course No="CSC 2104/465" level="cross-listed" offeredTerm="Fall 2003"><title>Formal Methods of Program Design</title><instructor Name="E.C.R. Hehner" Email="hehner@cs.toronto.edu"></instructor><location>BA5224</location><coursewebsite>http://www.cs.toronto.edu/~hehner/csc465/</coursewebsite><text>E.C.R. Hehner, A Practical Theory of Programming, second edition, Springer, 2003</text></course><course No="CSC 2105/408" level="cross-listed" offeredTerm="Fall 2003"><title>Software Engineering</title><instructor Name="David Wortman" Email="dw@cdf.toronto.edu"></instructor><location>BA 1180</location><coursewebsite>http://www.cdf.toronto.edu/~csc408h/fall/</coursewebsite><prereq>CSC340, CSC378, or equivalent</prereq><text>Hans van Vliet, Software Engineering - Principles and Practice (2nd ed.), John Wiley, 2000.</text></course><course No="CSC 2108" level="graduate" offeredTerm="Fall 2003"><title>Automated Verification</title><instructor Name="Marsha Chechik" Email="chechik@cs.toronto.edu"></instructor><location>Pratt 266</location><coursewebsite>http://www.cs.toronto.edu/~chechik/courses03/csc2108/</coursewebsite><prereq>Graduate standing or permission of instructor. Experience with model-checking and other formal methods, although helpful, is not necessary. However, the course assumes familiarity with basic computer science concepts: relations and functions; boolean and first-order logic (from undergrad discrete-math course), and finite-state machines. You are also expected to have basic knowledge of concurrency. The course includes a number of theoretical and engineering aspects.</prereq><text>&apos;Model Checking&apos;, by Clarke, Grumberg, Peled, 1999, MIT Press.</text></course><course No="CSC 2204/468" level="cross-listed" offeredTerm="Fall 2003"><title>Operating Systems</title><instructor Name="G. S. Graham" Email="gsg@cs.toronto.edu"></instructor><location>BA 1170</location><coursewebsite>http://www.cs.toronto.edu/~gsg/468/</coursewebsite><prereq>CSC258H1, CSC209H1/knowledge of concurrent programming</prereq><text>Applied Operating System Concepts (Windows XP Update), A. Silberschatz, P. B. GAlvin and G. Gagne, Wiley (2003).</text></course><course No="CSC 2209/458" level="cross-listed" offeredTerm="Fall 2003/2004"><title>Computer Networks</title><instructor Name="P. Marbach" Email="marbach@cs.toronto.edu"></instructor><location>BA 1240</location><coursewebsite>http://www.cs.toronto.edu/~marbach/csc458_F03.html</coursewebsite><prereq>CSC258H, 354H/364H/372H/378H/ECE385H, STA250H/255H/257H/(80% in STA220H/ECO220Y)</prereq><text>Layered network architecture, ARQ retransmission strategies, delay models for data networks, multiaccess communication, routing, congestion control, addressing.</text></course><course No="CSC 2221" level="graduate" offeredTerm="Fall 2003"><title>Topics in the Theory of Distributed Systems</title><instructor Name="Sam Toueg" Email="sam@cs.toronto.edu"></instructor><instructor Name="Vassos Hadzilacos" Email="vassos@cs.toronto.edu"></instructor><location>BA 1200</location><coursewebsite>http://www.cs.toronto.edu/~vassos/teaching/2221/</coursewebsite></course><course No="CSC 2228" level="graduate" offeredTerm="Fall 2003"><title>Topics in Mobile and Pervasive Computing</title><instructor Name="Eyal De Lara" Email="delara@cs.toronto.edu"></instructor><location>BA 5256</location><coursewebsite>http://www.cs.toronto.edu/~delara/courses/csc2228/</coursewebsite><prereq>Basic understanding of operating system principles and knowledge of network programming</prereq></course><course No="CSC 2306/456" level="cross-listed" offeredTerm="Fall 2003"><title>High-Performance Scientific Computing</title><instructor Name="Christina C. Christara" Email="ccc@cs.toronto.edu"></instructor><location>LM 155</location><coursewebsite>http://www.cs.toronto.edu/~ccc/Courses/cs456-2306.html</coursewebsite><prereq>Elementary calculus: Taylor series, Rolle&apos;s theorem, mean value theorem, graphs of functions, continuity, convergence, de l&apos; Hospital&apos;s rule, etc.</prereq></course><course No="CSC 2307" level="graduate" offeredTerm="Fall 2003"><title>Numerical Software</title><instructor Name="Ken Jackson" Email="krj@cs.toronto.edu"></instructor><location>BA 2155</location><coursewebsite>http://www.cs.toronto.edu/~krj/courses/2307/</coursewebsite><prereq>Any previous numerical methods, numerical analysis, or scientific computing course.</prereq><text>The Engineering of Numerical Software, by Webb Miller, Prentice-Hall, 1984. Republished by the Custom Printing Dept., UofT Bookstore.</text></course><course No="CSC 2401" level="graduate" offeredTerm="Fall 2003/2004"><title>Introduction to Computational Complexity</title><instructor Name="Allan Borodin" Email="bor@cs.toronto.edu"></instructor><location>GB 412</location><coursewebsite>http://www.cs.toronto.edu/~bor/2401f03/index.html</coursewebsite><text>Theory of Computational Complexity, Ding-Zhu Du and Ker-I KO</text></course><course No="CSC 2404/438" level="cross-listed" offeredTerm="Fall 2003/2004"><title>Computability and Logic</title><instructor Name="S. Cook" Email="sacook@cs.toronto.edu"></instructor><location>BA 2156</location><coursewebsite>http://www.cs.toronto.edu/~sacook/csc438h/</coursewebsite><prereq>CSC 364/MAT247</prereq></course><course No="CSC 2405/448" level="cross-listed" offeredTerm="Fall 2003/2004"><title>Automata Theory</title><instructor Name="Toniann Pitassi" Email="toni@cs.toronto.edu"></instructor><location>SS 1072</location><coursewebsite>http://www.cs.toronto.edu/~toni/Courses/448-2003/CS448.html</coursewebsite><prereq>Some knowledge of computability theory is recommended.</prereq><text>Introduction to the Theory of Computation, by Michael Sipser</text></course><course No="CSC 2414" level="graduate" offeredTerm="Fall 2003/2004"><title>Expander graphs and their Applications</title><instructor Name="Shlomo Hoory" Email="shlomoh@cs.toronto.edu"></instructor><location>HA 316</location><coursewebsite>http://www.cs.toronto.edu/~shlomoh/ExpandersF03.html</coursewebsite><prereq>This course has no prerequisites.</prereq></course><course No="CSC 2416" level="graduate" offeredTerm="Fall 2003/2004"><title>Machine Learning Theory</title><instructor Name="Toniann Pitassi" Email="toni@cs.toronto.edu"></instructor><location>GB 220</location><coursewebsite>http://www.cs.toronto.edu/~toni/Courses/MLTheory/ML.html</coursewebsite><prereq>The only prerequisite for this course is the equivalent of CS364 (undergraduate  		complexity</prereq><text>An Introduction to Computational Learning Theory by Kearns and Vazirani.</text></course><course No="CSC 2423" level="graduate" offeredTerm="Fall 2003/2004"><title>Finite Model Theory and Descriptive Complexity</title><instructor Name="Leonid Libkin" Email="libkin@cs.toronto.edu"></instructor><location>BA 2135</location><coursewebsite>http://www.cs.toronto.edu/~libkin/csc2423/f03/</coursewebsite><prereq>being familiar with the basic notions of  		first-order propositional and predicate logic (if you  		took an undergrad logic.</prereq><text>L. Libkin, Elements of Finite Model Theory, 293pp, 1st draft</text></course><course No="CSC 2429" level="graduate" offeredTerm="Fall 2003/2004"><title>Dynamic Data Structure</title><instructor Name="Faith Fich" Email="fich@cs.toronto.edu"></instructor><location>GB 412</location><coursewebsite>http://www.cs.toronto.edu/~fich/DDS.html</coursewebsite><prereq>A good undergraduate course in data structures (that focussed on correctness and complexity).</prereq></course><course No="CSC 2501/485" level="cross-listed" offeredTerm="Fall 2003/2004"><title>Introduction to Computational Linguistics</title><instructor Name="Suzanne Stevenson" Email="suzanne@cs.toronto.edu"></instructor><location>SS 2129</location><coursewebsite>http://www.cs.toronto.edu/~suzanne/2501/</coursewebsite><prereq>a course in AI, knowledge of LISP, or Prolog; or a major in Linguistics; or permission of the instructor.</prereq><text>Jurafsky, Daniel, Martin, James H. Speech and Language Processing. Prentice-Hall, 2000.</text></course><course No="CSC 2502/486" level="cross-listed" offeredTerm="Fall 2003/2004"><title>Introduction to Knowledge Representation</title><instructor Name="Hector Levesque" Email="hector@cs.toronto.edu"></instructor><location>SS 2130</location><coursewebsite>http://www.cs.toronto.edu/~hector/Courses/2502F03/</coursewebsite><prereq>a course in AI and working knowledge of LISP and PROLOG</prereq><text>A hardcopy of the text for the course, a draft of a book by Brachman and Levesque, will be distributed in class.</text></course><course No="CSC 2503/487" level="cross-listed" offeredTerm="Fall 2003/2004"><title>Computational Vision I</title><instructor Name="Allan Jepson" Email="jepson@cs.toronto.edu"></instructor><location>UC 85</location><coursewebsite>http://www.cs.toronto.edu/~jepson/csc2503/</coursewebsite><prereq>MAT235 and CSC324, or equivalents</prereq><text>E. Trucco and A. Verri, Introductory Techniques for 3D Computer Vision, Prentice-Hall, 1998 (ISBN 0-13-261108-2).</text></course><course No="CSC 2504/418" level="cross-listed" offeredTerm="Fall 2003/2004"><title>Computer Graphics</title><instructor Name="Tina Nicholl" Email="tnicholl@cdf.toronto.edu"></instructor><location>BA 1190</location><coursewebsite>http://www.cdf.toronto.edu/~tnicholl/csc418/syllabus.htm</coursewebsite><prereq>proficiency in C, and preferably C++.</prereq><text>F.S. Hill, Jr. Computer Graphics Using OpenGL, Second Edition, Prentice Hall, 2001.</text></course><course No="CSC 2504/418" level="cross-listed" offeredTerm="Fall 2003/2004"><title>Computer Graphics</title><instructor Name="Karan Singh" Email="karan@dgp.toronto.edu"></instructor><location>BA 1180</location><coursewebsite>http://www.dgp.toronto.edu/~karan/courses/csc418/fall_2003/syllabus.html</coursewebsite><prereq>proficiency in C, and preferably C++.</prereq><text>F.S. Hill, Jr. Computer Graphics Using OpenGL, Second Edition, Prentice Hall, 2001.</text></course><course No="CSC 2514/428" level="cross-listed" offeredTerm="Fall 2003/2004"><title>Human-Computer Interaction</title><instructor Name="Ravin Balakrishnan" Email="ravin@dgp.toronto.edu"></instructor><location>BA 1210</location><coursewebsite>http://www.dgp.toronto.edu/~ravin/courses/csc428f2003/</coursewebsite><prereq>CSC318/324/372/378</prereq></course><course No="CSC 2515" level="graduate" offeredTerm="Fall 2003/2004"><title>Machine Learning</title><instructor Name="Sam Roweis" Email="roweis@cs.toronto.edu"></instructor><location>HA 316</location><coursewebsite>http://www.cs.toronto.edu/~roweis/csc2515/info.html</coursewebsite><text>Elements of Statistical Learning, Hastie, Tibsshirani, Friedman.</text></course><course No="CSC 2519" level="graduate" offeredTerm="Fall 2003/2004"><title>Natural Language Semantics</title><instructor Name="Gerald Penn" Email="gpenn@cs.toronto.edu"></instructor><location>BA 2135</location><coursewebsite>http://www.cs.toronto.edu/~gpenn/csc2519/</coursewebsite></course><course No="CSC 2521" level="graduate" offeredTerm="Fall 2003/2004"><title>Topics in Computer Graphics: Machine Learning</title><instructor Name="Aaron Hertzmann" Email="hertzman@dgp.toronto.edu"></instructor><location>SS 1080</location><coursewebsite>http://www.dgp.toronto.edu/~hertzman/courses/csc2521/fall_2003/</coursewebsite><prereq>CS grads or instructor permission</prereq><text>Information Theory, Inference, and Learning Algorithms, by David MacKay</text></course><course No="CSC 2524" level="graduate" offeredTerm="Fall 2003/2004"><title>Topic in Interactive Computing</title><instructor Name="Ravin Balakrishnan" Email="ravin@dgp.toronto.edu"></instructor><location>BA 2587</location><coursewebsite>http://www.dgp.toronto.edu/~ravin/courses/csc2524f2003/</coursewebsite></course><course No="CSC 2525" level="graduate" offeredTerm="Fall 2003/2004"><title>Querying peer-to-peer databases</title><instructor Name="Renee Miller" Email="miller@cs.toronto.edu"></instructor><location>BA 5256</location><coursewebsite>http://www.cs.toronto.edu/~miller/2525/</coursewebsite></course><course No="CSC 2541" level="graduate" offeredTerm="Fall 2003/2004"><title>Topics in Machine Learning</title><instructor Name="Richard Zemel" Email="zemel@cs.toronto.edu"></instructor><location>BA 2135</location><coursewebsite>http://www.cs.toronto.edu/~zemel/Courses/csc2541.html</coursewebsite></course><course No="CSC 2103/407" level="cross-listed" offeredTerm="Winter 2003/2004"><title>Software Architecture And Design</title><instructor Name="Mathew Zaleski" Email="matz@cdf.toronto.edu"></instructor><location>BA 1170</location><prereq>CSC340H (Information Systems Analysis and Design), CSC378H (Data Structures and Algorithm Analysis).</prereq></course><course No="CSC 2106" level="graduate" offeredTerm="Winter 2003/2004"><title>Requirement Engineering</title><instructor Name="Steve Easterbrook" Email="sme@cs.toronto.edu"></instructor><location>UC 69</location><prereq>CSC408 or permission of the instructor.</prereq></course><course No="CSC 2105/408" level="cross-listed" offeredTerm="Winter 2003/2004"><title>Software Engineering</title><instructor Name="David Wortman" Email="dw@cs.toronto.edu"></instructor><prereq>CSC340, CSC378, or equivalent</prereq></course><course No="CSC 2107/488" level="cross-listed" offeredTerm="Winter 2003/2004"><title>Language Processors</title><instructor Name="David Wortman" Email="dw@cs.toronto.edu"></instructor><prereq>Courses in data structures and programming languages.</prereq></course><course No="CSC 2206" level="graduate" offeredTerm="Winter 2003/2004"><title>Computer System Modelling</title><instructor Name="Peter Marbach" Email="marbach@cs.toronto.edu"></instructor><location>KP 213</location><prereq>Solid knowledge of basic probability theory.</prereq></course><course No="CSC 2209/458" level="cross-listed" offeredTerm="Winter 2003/2004"><title>Computer Networks</title><instructor Name="Peter Marbach" Email="marbach@cs.toronto.edu"></instructor></course><course No="CSC 2302" level="graduate" offeredTerm="Winter 2003/2004"><title>Initial Value Methods For ODEs</title><instructor Name="Wayne Enright" Email="enright@cs.toronto.edu"></instructor><location>BA 2179</location></course><course No="CSC 2321" level="graduate" offeredTerm="Winter 2003/2004"><title>Matrix Calculations</title><instructor Name="Christina Christara" Email="ccc@cs.toronto.edu"></instructor><location>BL 327</location><prereq>calculus, numerical linear algebra, interpolation, some knowledge of PDEs, programming preferably in FORTRAN.</prereq></course><course No="CSC 2410" level="graduate" offeredTerm="Winter 2003/2004"><title>Algorithms in Graph Theory</title><instructor Name="Avner Magen" Email="avner@cs.toronto.edu"></instructor><location>WE 74</location></course><course No="CSC 2415" level="graduate" offeredTerm="Winter 2003/2004"><title>Theoretical Aspects of Concurrent Programming</title><instructor Name="Sam Toueg" Email="sam@cs.toronto.edu"></instructor><instructor Name="Vassos Hadzilacos" Email="vassos@cs.toronto.edu"></instructor><location>WE 75</location><prereq>This course will be concerned with various aspects of the theory underlying parallel architectures and concurrent programming. The following is a tentative list of topics: formalisms for expressing concurrency including flow expressions, path expressions, Petri nets; relative power of synchronization primitives; critical section solutions; the database consistency problem; language features for concurrent programming; e.g. monitors; proving the correctness of concurrent programs; mapping concurrent programs onto parallel architectures.</prereq></course><course No="CSC 2426" level="graduate" offeredTerm="Winter 2003/2004"><title>Topics in Cryptography</title><instructor Name="Charles Rackoff" Email="rackoff@cs.toronto.edu"></instructor><prereq>An introduction to cryptography including rigorous definitions of security, a presentation of the number theoretic background, and applications of number theory to various cryptographic problems.</prereq></course><course No="CSC 2427" level="graduate" offeredTerm="Winter 2003/2004"><title>Topics in Graph Theory</title><instructor Name="Michael Molloy" Email="molloy@cs.toronto.edu"></instructor><location>UC 257</location></course><course No="CSC 2506/412" level="cross" offeredTerm="Winter 2003/2004"><title>Probabilistic Reasoning</title><instructor Name="Sam Roweis" Email="roweis@cs.toronto.edu"></instructor></course><course No="CSC 2504/418" level="cross-listed" offeredTerm="Winter 2003/2004"><title>Computer Graphics</title><instructor Name="Demetri Terzopoulos" Email="dt@cs.toronto.edu"></instructor><prereq>proficiency in C, and preferably C++.</prereq></course><course No="CSC 2504/418" level="cross-listed" offeredTerm="Winter 2003/2004"><title>Computer Graphics</title><instructor Name="Aaron Hertzmann" Email="hertzman@cs.toronto.edu"></instructor><prereq>proficiency in C, and preferably C++.</prereq></course><course No="CSC 2510" level="graduate" offeredTerm="Winter 2003/2004"><title>Conceptual Modeling</title><instructor Name="John Mylopoulos" Email="jm@cs.toronto.edu"></instructor></course><course No="CSC 2509" level="graduate" offeredTerm="Winter 2003/2004"><title>Data Management Systems</title><instructor Name="Anthony Bonner" Email="bonner@cs.toronto.edu"></instructor><location>SS 1083</location></course><course No="CSC 2511/401" level="cross-listed" offeredTerm="Winter 2003/2004"><title>Natural Language Computing</title><instructor Name="Gerald Penn" Email="gpenn@cs.toronto.edu"></instructor><prereq>csc228, sta220/250/257 or equivalents</prereq></course><course No="CSC 2512" level="graduate" offeredTerm="Winter 2003/2004"><title>Constraint Satisfaction Problems</title><instructor Name="Fahiem Bacchus" Email="fbacchus@cs.toronto.edu"></instructor><prereq>an introductory AI course (CSC384 or equivalent) or permission of the instructor</prereq></course><course No="CSC 2520" level="graduate" offeredTerm="Winter 2003/2004"><title>The Computational Lexicon</title><instructor Name="Suzanne Stevenson" Email="suzanne@cs.toronto.edu"></instructor></course><course No="CSC 2521" level="graduate" offeredTerm="Winter 2003/2004"><title>Topics in Computer Graphics: Artificial Life</title><instructor Name="Demetri Terzopoulos" Email="dt@cs.toronto.edu"></instructor><location>MS 2290</location></course><course No="CSC 2523" level="graduate" offeredTerm="Winter 2003/2004"><title>Computational Vision II</title><instructor Name="Sven Dickinson" Email="sven@cs.toronto.edu"></instructor><location>WB 258</location><prereq>CSC484 or equivalent, and CSC2503</prereq></course><course No="CSC 2527/454" level="cross-listed" offeredTerm="Winter 2003/2004"><title>The Business of Software</title><instructor Name="TBA"></instructor><location>TBA</location><prereq>CSC2204 (Operating Systems) or equivalent</prereq></course><course No="CSC 2528" level="graduate" offeredTerm="Winter 2003/2004"><title>Topics in Computational Linguistics</title><instructor Name="Graeme Hirst"></instructor><location>UC 248</location><prereq>CSC2501(485) or permission of instructor  Possible Preparatory Reading: Review the papers in recent issues of Computational Linguistics, and Proceedings of the annual conferences of the Association for Computational Linguistics.</prereq></course><course No="CSC 2529" level="graduate" offeredTerm="Winter 2003/2004"><title>Computer Animation</title><instructor Name="Karan Singh" Email="karan@cs.toronto.edu"></instructor><location>BA 2159</location></course><course No="CSC 2530" level="graduate" offeredTerm="Winter 2003/2004"><title>Visual Modeling</title><instructor Name="Kyros Kutulakos" Email="kyros@cs.toronto.edu"></instructor><location>BA 5287</location><prereq>CSC2503, 2504, or permission of instructor.</prereq></course><course No="CSC 2535" level="graduate" offeredTerm="Winter 2003/2004"><title>Computation in Neural Networks</title><instructor Name="Geoffrey Hinton" Email="hinton@cs.toronto.edu"></instructor><location>KP 113</location><prereq>Some knowledge of calculus and linear algebra.</prereq></course> </toronto>