<?xml version="1.0" encoding="UTF-8"?> <ucla> <Course><Title>COM SCI 19              FIAT LUX FRSHMN SEM</Title><CourseInfo CourseID="187057200"><Type>SEM</Type><Section>1</Section><Days>T</Days><TimeBegin>4:00P</TimeBegin><TimeEnd>5:50P</TimeEnd><Bldg>BOELTER</Bldg><Room>4413</Room></CourseInfo></Course><Course><Title>COM SCI 31              INTRO TO COM SCI 1</Title><CourseInfo CourseID="Crs              Info"><Type>LEC</Type><Section>1</Section><Days>MW</Days><TimeBegin>10:00A</TimeBegin><TimeEnd>11:50A</TimeEnd><Bldg>FRANZ</Bldg><Room>2258A</Room></CourseInfo><CourseInfo CourseID="187093201"><Type>DIS</Type><Section>1A</Section><Days>TBA</Days><TimeBegin></TimeBegin><TimeEnd></TimeEnd><Bldg></Bldg><Room></Room></CourseInfo><CourseInfo CourseID="187093202"><Type>DIS</Type><Section>1B</Section><Days>F</Days><TimeBegin>2:00P</TimeBegin><TimeEnd>3:50P</TimeEnd><Bldg>BOELTER</Bldg><Room>5272</Room></CourseInfo><CourseInfo CourseID="Crs              Info"><Type>LEC</Type><Section>2</Section><Days>MW</Days><TimeBegin>10:00A</TimeBegin><TimeEnd>11:50A</TimeEnd><Bldg>KNUDSEN</Bldg><Room>1240B</Room></CourseInfo><CourseInfo CourseID="187093211"><Type>DIS</Type><Section>2A</Section><Days>F</Days><TimeBegin>4:00P</TimeBegin><TimeEnd>5:50P</TimeEnd><Bldg>BOELTER</Bldg><Room>5264</Room></CourseInfo><CourseInfo CourseID="187093212"><Type>DIS</Type><Section>2B</Section><Days>TBA</Days><TimeBegin></TimeBegin><TimeEnd></TimeEnd><Bldg></Bldg><Room></Room></CourseInfo><CourseInfo CourseID="Crs              Info"><Type>LEC</Type><Section>3</Section><Days>MW</Days><TimeBegin>2:00P</TimeBegin><TimeEnd>3:50P</TimeEnd><Bldg>FRANZ</Bldg><Room>2258A</Room></CourseInfo><CourseInfo CourseID="187093221"><Type>DIS</Type><Section>3A</Section><Days>F</Days><TimeBegin>2:00P</TimeBegin><TimeEnd>3:50P</TimeEnd><Bldg>BOELTER</Bldg><Room>5420</Room></CourseInfo><CourseInfo CourseID="187093222"><Type>DIS</Type><Section>3B</Section><Days>F</Days><TimeBegin>4:00P</TimeBegin><TimeEnd>5:50P</TimeEnd><Bldg>BOELTER</Bldg><Room>9436</Room></CourseInfo><CourseInfo CourseID="Crs              Info"><Type>LEC</Type><Section>4</Section><Days>MW</Days><TimeBegin>4:00P</TimeBegin><TimeEnd>5:50P</TimeEnd><Bldg>BOELTER</Bldg><Room>2444</Room></CourseInfo><CourseInfo CourseID="187093231"><Type>DIS</Type><Section>4A</Section><Days>F</Days><TimeBegin>8:00A</TimeBegin><TimeEnd>9:50A</TimeEnd><Bldg>BOELTER</Bldg><Room>5272</Room></CourseInfo><CourseInfo CourseID="187093232"><Type>DIS</Type><Section>4B</Section><Days>F</Days><TimeBegin>12:00P</TimeBegin><TimeEnd>1:50P</TimeEnd><Bldg>ROYCE</Bldg><Room>156</Room></CourseInfo></Course><Course><Title>COM SCI 33              COMPUTER ORGANIZATN</Title><CourseInfo CourseID="Crs              Info"><Type>LEC</Type><Section>1</Section><Days>MW</Days><TimeBegin>2:00P</TimeBegin><TimeEnd>3:50P</TimeEnd><Bldg>MS</Bldg><Room>5200</Room></CourseInfo><CourseInfo CourseID="187101201"><Type>DIS</Type><Section>1A</Section><Days>F</Days><TimeBegin>8:00A</TimeBegin><TimeEnd>9:50A</TimeEnd><Bldg>ROYCE</Bldg><Room>156</Room></CourseInfo><CourseInfo CourseID="187101202"><Type>DIS</Type><Section>1B</Section><Days>F</Days><TimeBegin>12:00P</TimeBegin><TimeEnd>1:50P</TimeEnd><Bldg>BOELTER</Bldg><Room>5272</Room></CourseInfo><CourseInfo CourseID="187101210"><Type>LEC</Type><Section>2</Section><Days>MW</Days><TimeBegin>4:00P</TimeBegin><TimeEnd>5:50P</TimeEnd><Bldg>FRANZ</Bldg><Room></Room></CourseInfo><CourseInfo CourseID="187101211"><Type>DIS</Type><Section>2A</Section><Days>F</Days><TimeBegin>8:00A</TimeBegin><TimeEnd>9:50A</TimeEnd><Bldg>BOELTER</Bldg><Room></Room></CourseInfo><CourseInfo CourseID="187101212"><Type>DIS</Type><Section>2B</Section><Days>F</Days><TimeBegin>12:00P</TimeBegin><TimeEnd>1:50P</TimeEnd><Bldg>BOELTER</Bldg><Room></Room></CourseInfo></Course><Course><Title>COM SCI M51A              LOGC DSGN-DGTL SSTM</Title><CourseInfo CourseID="Crs              Info"><Type>LEC</Type><Section>1</Section><Days>TR</Days><TimeBegin>8:00A</TimeBegin><TimeEnd>9:50A</TimeEnd><Bldg>BOELTER</Bldg><Room>2444</Room></CourseInfo><CourseInfo CourseID="187154201"><Type>DIS</Type><Section>1A</Section><Days>F</Days><TimeBegin>2:00P</TimeBegin><TimeEnd>3:50P</TimeEnd><Bldg>BOELTER</Bldg><Room>9436</Room></CourseInfo><CourseInfo CourseID="187154202"><Type>DIS</Type><Section>1B</Section><Days>F</Days><TimeBegin>4:00P</TimeBegin><TimeEnd>5:50P</TimeEnd><Bldg>BOELTER</Bldg><Room>5440</Room></CourseInfo><CourseInfo CourseID="Crs              Info"><Type>LEC</Type><Section>2</Section><Days>TR</Days><TimeBegin>6:00P</TimeBegin><TimeEnd>7:50P</TimeEnd><Bldg>BOELTER</Bldg><Room>5249</Room></CourseInfo><CourseInfo CourseID="187154211"><Type>DIS</Type><Section>2A</Section><Days>F</Days><TimeBegin>10:00A</TimeBegin><TimeEnd>11:50A</TimeEnd><Bldg>BOELTER</Bldg><Room>9436</Room></CourseInfo><CourseInfo CourseID="187154212"><Type>DIS</Type><Section>2B</Section><Days>F</Days><TimeBegin>8:00A</TimeBegin><TimeEnd>9:50A</TimeEnd><Bldg>BOELTER</Bldg><Room>9436</Room></CourseInfo><CourseInfo CourseID="Crs              Info"><Type>LEC</Type><Section>3</Section><Days>MW</Days><TimeBegin>2:00P</TimeBegin><TimeEnd>3:50P</TimeEnd><Bldg>BOELTER</Bldg><Room>2760</Room></CourseInfo><CourseInfo CourseID="187154221"><Type>DIS</Type><Section>3A</Section><Days>F</Days><TimeBegin>12:00P</TimeBegin><TimeEnd>1:50P</TimeEnd><Bldg>BOELTER</Bldg><Room>5436</Room></CourseInfo><CourseInfo CourseID="187154222"><Type>DIS</Type><Section>3B</Section><Days>F</Days><TimeBegin>8:00A</TimeBegin><TimeEnd>9:50A</TimeEnd><Bldg>BOELTER</Bldg><Room>5436</Room></CourseInfo></Course><Course><Title>COM SCI 111              OPERATNG SSTMS PRIN</Title><CourseInfo CourseID="Crs              Info"><Type>LEC</Type><Section>1</Section><Days>TR</Days><TimeBegin>2:00P</TimeBegin><TimeEnd>3:50P</TimeEnd><Bldg>FRANZ</Bldg><Room>2258A</Room></CourseInfo><CourseInfo CourseID="187336201"><Type>DIS</Type><Section>1A</Section><Days>F</Days><TimeBegin>12:00P</TimeBegin><TimeEnd>1:50P</TimeEnd><Bldg>BOELTER</Bldg><Room>5280</Room></CourseInfo><CourseInfo CourseID="187336202"><Type>DIS</Type><Section>1B</Section><Days>F</Days><TimeBegin>2:00P</TimeBegin><TimeEnd>3:50P</TimeEnd><Bldg>BOELTER</Bldg><Room>5422</Room></CourseInfo><CourseInfo CourseID="Crs              Info"><Type>LEC</Type><Section>2</Section><Days>MW</Days><TimeBegin>4:00P</TimeBegin><TimeEnd>5:50P</TimeEnd><Bldg>GEOLOGY</Bldg><Room>4660</Room></CourseInfo><CourseInfo CourseID="187336211"><Type>DIS</Type><Section>2A</Section><Days>F</Days><TimeBegin>4:00P</TimeBegin><TimeEnd>5:50P</TimeEnd><Bldg>BOELTER</Bldg><Room>5249</Room></CourseInfo></Course><Course><Title>COM SCI 112              COM SYS MDLG FNDMTL</Title><CourseInfo CourseID="Crs              Info"><Type>LEC</Type><Section>1</Section><Days>MW</Days><TimeBegin>12:00P</TimeBegin><TimeEnd>1:50P</TimeEnd><Bldg>GEOLOGY</Bldg><Room>3656</Room></CourseInfo><CourseInfo CourseID="187338201"><Type>DIS</Type><Section>1A</Section><Days>F</Days><TimeBegin>2:00P</TimeBegin><TimeEnd>3:50P</TimeEnd><Bldg>BOELTER</Bldg><Room>2444</Room></CourseInfo><CourseInfo CourseID="Crs              Info"><Type>LEC</Type><Section>2</Section><Days>MW</Days><TimeBegin>10:00A</TimeBegin><TimeEnd>11:50A</TimeEnd><Bldg>DODD</Bldg><Room>167</Room></CourseInfo><CourseInfo CourseID="187338211"><Type>DIS</Type><Section>2A</Section><Days>F</Days><TimeBegin>12:00P</TimeBegin><TimeEnd>1:50P</TimeEnd><Bldg>BOELTER</Bldg><Room>2444</Room></CourseInfo></Course><Course><Title>COM SCI 117              NETWRK-PHYSCL LAYER</Title><CourseInfo CourseID="187344200"><Type>LEC</Type><Section>1</Section><Days>TR</Days><TimeBegin>2:00P</TimeBegin><TimeEnd>3:50P</TimeEnd><Bldg>BOELTER</Bldg><Room>9436</Room></CourseInfo></Course><Course><Title>COM SCI 118              CMPTR NTWRK FNDMNTL</Title><CourseInfo CourseID="Crs              Info"><Type>LEC</Type><Section>1</Section><Days>TR</Days><TimeBegin>12:00P</TimeBegin><TimeEnd>1:50P</TimeEnd><Bldg>BOELTER</Bldg><Room>5249</Room></CourseInfo><CourseInfo CourseID="187350201"><Type>DIS</Type><Section>1A</Section><Days>F</Days><TimeBegin>10:00A</TimeBegin><TimeEnd>11:50A</TimeEnd><Bldg>BOELTER</Bldg><Room>2760</Room></CourseInfo><CourseInfo CourseID="187350202"><Type>DIS</Type><Section>1B</Section><Days>F</Days><TimeBegin>12:00P</TimeBegin><TimeEnd>1:50P</TimeEnd><Bldg>ROYCE</Bldg><Room>154</Room></CourseInfo><CourseInfo CourseID="Crs              Info"><Type>LEC</Type><Section>2</Section><Days>TR</Days><TimeBegin>8:00A</TimeBegin><TimeEnd>9:50A</TimeEnd><Bldg>BOELTER</Bldg><Room>5249</Room></CourseInfo><CourseInfo CourseID="187350211"><Type>DIS</Type><Section>2A</Section><Days>F</Days><TimeBegin>4:00P</TimeBegin><TimeEnd>5:50P</TimeEnd><Bldg>BOELTER</Bldg><Room>2444</Room></CourseInfo><CourseInfo CourseID="187350212"><Type>DIS</Type><Section>2B</Section><Days>F</Days><TimeBegin>2:00P</TimeBegin><TimeEnd>3:50P</TimeEnd><Bldg>BOELTER</Bldg><Room>5440</Room></CourseInfo></Course><Course><Title>COM SCI 131              PROGRAMMING LANGS</Title><CourseInfo CourseID="187510201"><Type>LEC</Type><Section>1</Section><Days>MW</Days><TimeBegin>10:00A</TimeBegin><TimeEnd>11:50A</TimeEnd><Bldg>DODD</Bldg><Room>175</Room></CourseInfo><CourseInfo CourseID="187510202"><Type>LEC</Type><Section>2</Section><Days>TR</Days><TimeBegin>2:00P</TimeBegin><TimeEnd>3:50P</TimeEnd><Bldg>BOELTER</Bldg><Room>2760</Room></CourseInfo></Course><Course><Title>COM SCI 132              COMPILER CONSTRCTN</Title><CourseInfo CourseID="Crs              Info"><Type>LEC</Type><Section>1</Section><Days>MW</Days><TimeBegin>2:00P</TimeBegin><TimeEnd>3:50P</TimeEnd><Bldg>BOELTER</Bldg><Room>5440</Room></CourseInfo><CourseInfo CourseID="187545201"><Type>DIS</Type><Section>1A</Section><Days>F</Days><TimeBegin>2:00P</TimeBegin><TimeEnd>3:50P</TimeEnd><Bldg>MS</Bldg><Room>5225</Room></CourseInfo><CourseInfo CourseID="187545202"><Type>DIS</Type><Section>1B</Section><Days>F</Days><TimeBegin>10:00A</TimeBegin><TimeEnd>11:50A</TimeEnd><Bldg>BOELTER</Bldg><Room>5272</Room></CourseInfo></Course><Course><Title>COM SCI 143              DATABASE SYSTEMS</Title><CourseInfo CourseID="Crs              Info"><Type>LEC</Type><Section>1</Section><Days>TR</Days><TimeBegin>2:00P</TimeBegin><TimeEnd>3:50P</TimeEnd><Bldg>PUB POL</Bldg><Room>1246</Room></CourseInfo><CourseInfo CourseID="187590201"><Type>LAB</Type><Section>1A</Section><Days>F</Days><TimeBegin>2:00P</TimeBegin><TimeEnd>3:50P</TimeEnd><Bldg>BOELTER</Bldg><Room>5273</Room></CourseInfo><CourseInfo CourseID="187590202"><Type>LAB</Type><Section>1B</Section><Days>F</Days><TimeBegin>8:00A</TimeBegin><TimeEnd>9:50A</TimeEnd><Bldg>MS</Bldg><Room>6229</Room></CourseInfo><CourseInfo CourseID="Crs              Info"><Type>LEC</Type><Section>2</Section><Days>MW</Days><TimeBegin>4:00P</TimeBegin><TimeEnd>5:50P</TimeEnd><Bldg>GEOLOGY</Bldg><Room>3656</Room></CourseInfo><CourseInfo CourseID="187590211"><Type>LAB</Type><Section>2A</Section><Days>F</Days><TimeBegin>2:00P</TimeBegin><TimeEnd>3:50P</TimeEnd><Bldg>GEOLOGY</Bldg><Room>4645</Room></CourseInfo><CourseInfo CourseID="187590212"><Type>LAB</Type><Section>2B</Section><Days>F</Days><TimeBegin>8:00A</TimeBegin><TimeEnd>9:50A</TimeEnd><Bldg>GEOLOGY</Bldg><Room>4645</Room></CourseInfo></Course><Course><Title>COM SCI              M151B COMPUTR SYSTMS ARCH</Title><CourseInfo CourseID="Crs              Info"><Type>LEC</Type><Section>1</Section><Days>MW</Days><TimeBegin>2:00P</TimeBegin><TimeEnd>3:50P</TimeEnd><Bldg>BOELTER</Bldg><Room>5249</Room></CourseInfo><CourseInfo CourseID="187650201"><Type>DIS</Type><Section>1A</Section><Days>F</Days><TimeBegin>2:00P</TimeBegin><TimeEnd>3:50P</TimeEnd><Bldg>GEOLOGY</Bldg><Room>3656</Room></CourseInfo><CourseInfo CourseID="187650202"><Type>DIS</Type><Section>1B</Section><Days>F</Days><TimeBegin>4:00P</TimeBegin><TimeEnd>5:50P</TimeEnd><Bldg>BOELTER</Bldg><Room>2760</Room></CourseInfo><CourseInfo CourseID="Crs              Info"><Type>LEC</Type><Section>2</Section><Days>TR</Days><TimeBegin>2:00P</TimeBegin><TimeEnd>3:50P</TimeEnd><Bldg>BOELTER</Bldg><Room>5440</Room></CourseInfo><CourseInfo CourseID="187650211"><Type>DIS</Type><Section>2A</Section><Days>F</Days><TimeBegin>12:00P</TimeBegin><TimeEnd>1:50P</TimeEnd><Bldg>BOELTER</Bldg><Room>9436</Room></CourseInfo><CourseInfo CourseID="187650212"><Type>DIS</Type><Section>2B</Section><Days>F</Days><TimeBegin>8:00A</TimeBegin><TimeEnd>9:50A</TimeEnd><Bldg>BOELTER</Bldg><Room>5280</Room></CourseInfo></Course><Course><Title>COM SCI              M152A DIGITAL DESIGN LAB</Title><CourseInfo CourseID="187686201"><Type>LAB</Type><Section>1</Section><Days>MW</Days><TimeBegin>12:00P</TimeBegin><TimeEnd>1:50P</TimeEnd><Bldg>BOELTER</Bldg><Room>3815</Room></CourseInfo><CourseInfo CourseID="187686202"><Type>LAB</Type><Section>2</Section><Days>MW</Days><TimeBegin>2:00P</TimeBegin><TimeEnd>3:50P</TimeEnd><Bldg>BOELTER</Bldg><Room>3815</Room></CourseInfo><CourseInfo CourseID="187686203"><Type>LAB</Type><Section>3</Section><Days>TR</Days><TimeBegin>4:00P</TimeBegin><TimeEnd>5:50P</TimeEnd><Bldg>BOELTER</Bldg><Room>3815</Room></CourseInfo><CourseInfo CourseID="187686204"><Type>LAB</Type><Section>4</Section><Days>MW</Days><TimeBegin>6:00P</TimeBegin><TimeEnd>7:50P</TimeEnd><Bldg>BOELTER</Bldg><Room>3815</Room></CourseInfo></Course><Course><Title>COM SCI              M152B DGTL DSGN PROJ LAB</Title><CourseInfo CourseID="187689200"><Type>LAB</Type><Section>1</Section><Days>MWF</Days><TimeBegin>10:00A</TimeBegin><TimeEnd>11:50A</TimeEnd><Bldg>BOELTER</Bldg><Room>3256S</Room></CourseInfo><CourseInfo CourseID="187689210"><Type>LAB</Type><Section>2</Section><Days>TRF</Days><TimeBegin>12:00P</TimeBegin><TimeEnd>1:50P</TimeEnd><Bldg>BOELTER</Bldg><Room>3256S</Room></CourseInfo><CourseInfo CourseID="187689220"><Type>LAB</Type><Section>3</Section><Days>TRF</Days><TimeBegin>8:00A</TimeBegin><TimeEnd>9:50A</TimeEnd><Bldg>ROLFE</Bldg><Room>3134</Room></CourseInfo><CourseInfo CourseID="187689230"><Type>LAB</Type><Section>4</Section><Days>MWF</Days><TimeBegin>2:00P</TimeBegin><TimeEnd>3:50P</TimeEnd><Bldg>BOELTER</Bldg><Room>3256S</Room></CourseInfo></Course><Course><Title>COM SCI 161              ARTIFICL INTELLIGNC</Title><CourseInfo CourseID="Crs              Info"><Type>LEC</Type><Section>1</Section><Days>TR</Days><TimeBegin>8:00A</TimeBegin><TimeEnd>9:50A</TimeEnd><Bldg>BOELTER</Bldg><Room>2760</Room></CourseInfo><CourseInfo CourseID="187696201"><Type>DIS</Type><Section>1A</Section><Days>F</Days><TimeBegin>10:00A</TimeBegin><TimeEnd>11:50A</TimeEnd><Bldg>BOELTER</Bldg><Room>5252</Room></CourseInfo><CourseInfo CourseID="187696202"><Type>DIS</Type><Section>1B</Section><Days>F</Days><TimeBegin>4:00P</TimeBegin><TimeEnd>5:50P</TimeEnd><Bldg>BOELTER</Bldg><Room>5273</Room></CourseInfo><CourseInfo CourseID="Crs              Info"><Type>LEC</Type><Section>2</Section><Days>TR</Days><TimeBegin>4:00P</TimeBegin><TimeEnd>5:50P</TimeEnd><Bldg>WGYOUNG</Bldg><Room>2200</Room></CourseInfo><CourseInfo CourseID="187696211"><Type>DIS</Type><Section>2A</Section><Days>F</Days><TimeBegin>2:00P</TimeBegin><TimeEnd>3:50P</TimeEnd><Bldg>ROYCE</Bldg><Room>154</Room></CourseInfo><CourseInfo CourseID="187696212"><Type>DIS</Type><Section>2B</Section><Days>F</Days><TimeBegin>12:00P</TimeBegin><TimeEnd>1:50P</TimeEnd><Bldg>BOELTER</Bldg><Room>5252</Room></CourseInfo></Course><Course><Title>COM SCI 174A              INTRO-COMP GRAPHICS</Title><CourseInfo CourseID="187720200"><Type>LEC</Type><Section>1</Section><Days>MW</Days><TimeBegin>4:00P</TimeBegin><TimeEnd>5:50P</TimeEnd><Bldg>MS</Bldg><Room>5200</Room></CourseInfo><CourseInfo CourseID="187720201"><Type>LAB</Type><Section>1A</Section><Days>F</Days><TimeBegin>12:00P</TimeBegin><TimeEnd>1:50P</TimeEnd><Bldg>HERSHEY</Bldg><Room>1651</Room></CourseInfo><CourseInfo CourseID="187720202"><Type>LAB</Type><Section>1B</Section><Days>F</Days><TimeBegin>8:00A</TimeBegin><TimeEnd>9:50A</TimeEnd><Bldg>ROLFE</Bldg><Room>3126</Room></CourseInfo></Course><Course><Title>COM SCI 180              ALGORITHMSCOMPLXTY</Title><CourseInfo CourseID="Crs              Info"><Type>LEC</Type><Section>1</Section><Days>MW</Days><TimeBegin>8:00A</TimeBegin><TimeEnd>9:50A</TimeEnd><Bldg>BOELTER</Bldg><Room>5440</Room></CourseInfo><CourseInfo CourseID="187780201"><Type>DIS</Type><Section>1A</Section><Days>F</Days><TimeBegin>8:00A</TimeBegin><TimeEnd>9:50A</TimeEnd><Bldg>BOELTER</Bldg><Room>5252</Room></CourseInfo><CourseInfo CourseID="187780202"><Type>DIS</Type><Section>1B</Section><Days>F</Days><TimeBegin>2:00P</TimeBegin><TimeEnd>3:50P</TimeEnd><Bldg>BOELTER</Bldg><Room>5252</Room></CourseInfo><CourseInfo CourseID="Crs              Info"><Type>LEC</Type><Section>2</Section><Days>TR</Days><TimeBegin>10:00A</TimeBegin><TimeEnd>11:50A</TimeEnd><Bldg>FRANZ</Bldg><Room>2258A</Room></CourseInfo><CourseInfo CourseID="187780211"><Type>DIS</Type><Section>2A</Section><Days>F</Days><TimeBegin>10:00A</TimeBegin><TimeEnd>11:50A</TimeEnd><Bldg>ROYCE</Bldg><Room>154</Room></CourseInfo><CourseInfo CourseID="187780212"><Type>DIS</Type><Section>2B</Section><Days>F</Days><TimeBegin>4:00P</TimeBegin><TimeEnd>5:50P</TimeEnd><Bldg>BOELTER</Bldg><Room>5280</Room></CourseInfo></Course><Course><Title>COM SCI 181              FORML LANGSAUTOMTA</Title><CourseInfo CourseID="Crs              Info"><Type>LEC</Type><Section>1</Section><Days>MW</Days><TimeBegin>12:00P</TimeBegin><TimeEnd>1:50P</TimeEnd><Bldg>KNUDSEN</Bldg><Room>1200B</Room></CourseInfo><CourseInfo CourseID="187787201"><Type>DIS</Type><Section>1A</Section><Days>F</Days><TimeBegin>12:00P</TimeBegin><TimeEnd>1:50P</TimeEnd><Bldg>DODD</Bldg><Room>167</Room></CourseInfo><CourseInfo CourseID="187787202"><Type>DIS</Type><Section>1B</Section><Days>F</Days><TimeBegin>12:00P</TimeBegin><TimeEnd>1:50P</TimeEnd><Bldg>PUB POL</Bldg><Room>2250</Room></CourseInfo><CourseInfo CourseID="187787203"><Type>DIS</Type><Section>1C</Section><Days>F</Days><TimeBegin>12:00P</TimeBegin><TimeEnd>1:50P</TimeEnd><Bldg>BOELTER</Bldg><Room></Room></CourseInfo></Course><Course><Title>COM SCI              M186A CYBERNETICSBIOMED</Title><CourseInfo CourseID="187816200"><Type>LEC</Type><Section>1</Section><Days>F</Days><TimeBegin>2:00P</TimeBegin><TimeEnd>3:50P</TimeEnd><Bldg>BOELTER</Bldg><Room>5264</Room></CourseInfo></Course><Course><Title>COM SCI              M186B MDLNGSMLTN-BIO SYS</Title><CourseInfo CourseID="Crs              Info"><Type>LEC</Type><Section>1</Section><Days>MW</Days><TimeBegin>2:00P</TimeBegin><TimeEnd>3:50P</TimeEnd><Bldg>BOELTER</Bldg><Room>5436</Room></CourseInfo><CourseInfo CourseID="187817201"><Type>DIS</Type><Section>1A</Section><Days>F</Days><TimeBegin>11:00A</TimeBegin><TimeEnd>12:50P</TimeEnd><Bldg>BOELTER</Bldg><Room>3760</Room></CourseInfo></Course><Course><Title>COM SCI 201              COMPUTR SCIENCE SEM</Title><CourseInfo CourseID="587005200"><Type>SEM</Type><Section>1</Section><Days>TR</Days><TimeBegin>4:00P</TimeBegin><TimeEnd>5:50P</TimeEnd><Bldg>BOELTER</Bldg><Room>3400</Room></CourseInfo></Course><Course><Title>COM SCI 211              WIRELESSMOBILE</Title><CourseInfo CourseID="587067200"><Type>LEC</Type><Section>1</Section><Days>MW</Days><TimeBegin>2:00P</TimeBegin><TimeEnd>3:50P</TimeEnd><Bldg>BOELTER</Bldg><Room>5273</Room></CourseInfo></Course><Course><Title>COM SCI 218              ADV COMPUTER NTWRKS</Title><CourseInfo CourseID="587111200"><Type>LEC</Type><Section>1</Section><Days>MW</Days><TimeBegin>8:00A</TimeBegin><TimeEnd>9:50A</TimeEnd><Bldg>BOELTER</Bldg><Room>5264</Room></CourseInfo></Course><Course><Title>COM SCI 239              CMPTR PROG LANGSYS</Title><CourseInfo CourseID="587232201"><Type>LEC</Type><Section>1</Section><Days>MW</Days><TimeBegin>2:00P</TimeBegin><TimeEnd>3:50P</TimeEnd><Bldg>BOELTER</Bldg><Room>5420</Room></CourseInfo><CourseInfo CourseID="587232202"><Type>LEC</Type><Section>2</Section><Days>W</Days><TimeBegin>4:00P</TimeBegin><TimeEnd>5:50P</TimeEnd><Bldg>KNUDSEN</Bldg><Room>1200B</Room></CourseInfo><CourseInfo CourseID="587232203"><Type>LEC</Type><Section>3</Section><Days>MW</Days><TimeBegin>2:00P</TimeBegin><TimeEnd>3:50P</TimeEnd><Bldg>MS</Bldg><Room>7608</Room></CourseInfo><CourseInfo CourseID="587232204"><Type>LEC</Type><Section>4</Section><Days>TBA</Days><TimeBegin></TimeBegin><TimeEnd></TimeEnd><Bldg></Bldg><Room></Room></CourseInfo></Course><Course><Title>COM SCI 241A              OBJT-ORNTSMNT DTBS</Title><CourseInfo CourseID="587242200"><Type>LEC</Type><Section>1</Section><Days>MW</Days><TimeBegin>10:00A</TimeBegin><TimeEnd>11:50A</TimeEnd><Bldg>BOELTER</Bldg><Room>5272</Room></CourseInfo></Course><Course><Title>COM SCI 244A              DISTRIBTD DATABASE</Title><CourseInfo CourseID="587264200"><Type>LEC</Type><Section>1</Section><Days>MW</Days><TimeBegin>10:00A</TimeBegin><TimeEnd>11:50A</TimeEnd><Bldg>BOELTER</Bldg><Room>5273</Room></CourseInfo></Course><Course><Title>COM SCI 249              CUR TOP-DATA STRCTR</Title><CourseInfo CourseID="587294200"><Type>LEC</Type><Section>1</Section><Days>MW</Days><TimeBegin>10:00A</TimeBegin><TimeEnd>11:50A</TimeEnd><Bldg>MOORE</Bldg><Room>1003</Room></CourseInfo></Course><Course><Title>COM SCI 251A              ADVANCED COMPU ARCH</Title><CourseInfo CourseID="587306200"><Type>LEC</Type><Section>1</Section><Days>MW</Days><TimeBegin>10:00A</TimeBegin><TimeEnd>11:50A</TimeEnd><Bldg>BOELTER</Bldg><Room>5420</Room></CourseInfo></Course><Course><Title>COM SCI              M258A DSGN-VLSI CIRCTSYS</Title><CourseInfo CourseID="587356200"><Type>LEC</Type><Section>1</Section><Days>MW</Days><TimeBegin>2:00P</TimeBegin><TimeEnd>3:50P</TimeEnd><Bldg>KNUDSEN</Bldg><Room>1240B</Room></CourseInfo></Course><Course><Title>COM SCI 258G              DIGITAL SYSTEMS</Title><CourseInfo CourseID="587354200"><Type>LEC</Type><Section>1</Section><Days>MW</Days><TimeBegin>4:00P</TimeBegin><TimeEnd>5:50P</TimeEnd><Bldg>BOELTER</Bldg><Room>5272</Room></CourseInfo></Course><Course><Title>COM SCI 259              COMPTR SCI-SYS DSGN</Title><CourseInfo CourseID="587357200"><Type>LEC</Type><Section>1</Section><Days>TR</Days><TimeBegin>2:00P</TimeBegin><TimeEnd>3:50P</TimeEnd><Bldg>BOELTER</Bldg><Room>4413</Room></CourseInfo></Course><Course><Title>COM SCI 263C              ANIMATS-BASED MDLNG</Title><CourseInfo CourseID="587382200"><Type>LEC</Type><Section>1</Section><Days>TR</Days><TimeBegin>10:00A</TimeBegin><TimeEnd>11:50A</TimeEnd><Bldg>BOELTER</Bldg><Room>5280</Room></CourseInfo></Course><Course><Title>COM SCI 264A              AUTO REASN THRYAPP</Title><CourseInfo CourseID="587387200"><Type>LEC</Type><Section>1</Section><Days>TR</Days><TimeBegin>10:00A</TimeBegin><TimeEnd>11:50A</TimeEnd><Bldg>BOELTER</Bldg><Room>5272</Room></CourseInfo></Course><Course><Title>COM SCI 268              MACHINE PERCEPTION</Title><CourseInfo CourseID="587405200"><Type>LEC</Type><Section>1</Section><Days>TR</Days><TimeBegin>2:00P</TimeBegin><TimeEnd>3:50P</TimeEnd><Bldg>BOELTER</Bldg><Room>5272</Room></CourseInfo></Course><Course><Title>COM SCI 269              ARTIFICL INTELLIGNC</Title><CourseInfo CourseID="587410200"><Type>SEM</Type><Section>1</Section><Days>M</Days><TimeBegin>6:00P</TimeBegin><TimeEnd>7:50P</TimeEnd><Bldg>BOELTER</Bldg><Room>4413</Room></CourseInfo></Course><Course><Title>COM SCI              M276A PATTERN RECOGNITION</Title><CourseInfo CourseID="587456200"><Type>LEC</Type><Section>1</Section><Days>MW</Days><TimeBegin>12:30P</TimeBegin><TimeEnd>1:45P</TimeEnd><Bldg>WGYOUNG</Bldg><Room>1044</Room></CourseInfo></Course><Course><Title>COM SCI 288S              THEORETICAL COM SCI</Title><CourseInfo CourseID="587538200"><Type>SEM</Type><Section>1</Section><Days>F</Days><TimeBegin>12:00P</TimeBegin><TimeEnd>1:50P</TimeEnd><Bldg>ROLFE</Bldg><Room>3127</Room></CourseInfo></Course><Course><Title>COM SCI 298              RSRCH SEM-CMPTR SCI</Title><CourseInfo CourseID="587581201"><Type>SEM</Type><Section>1</Section><Days>UNSCHED</Days><TimeBegin></TimeBegin><TimeEnd></TimeEnd><Bldg></Bldg><Room></Room></CourseInfo><CourseInfo CourseID="587581202"><Type>SEM</Type><Section>2</Section><Days>UNSCHED</Days><TimeBegin></TimeBegin><TimeEnd></TimeEnd><Bldg></Bldg><Room></Room></CourseInfo><CourseInfo CourseID="587581203"><Type>SEM</Type><Section>3</Section><Days>F</Days><TimeBegin>2:00P</TimeBegin><TimeEnd>3:50P</TimeEnd><Bldg>MS</Bldg><Room>7608</Room></CourseInfo><CourseInfo CourseID="587581204"><Type>SEM</Type><Section>4</Section><Days>UNSCHED</Days><TimeBegin></TimeBegin><TimeEnd></TimeEnd><Bldg></Bldg><Room></Room></CourseInfo><CourseInfo CourseID="587581205"><Type>SEM</Type><Section>5</Section><Days>UNSCHED</Days><TimeBegin></TimeBegin><TimeEnd></TimeEnd><Bldg></Bldg><Room></Room></CourseInfo><CourseInfo CourseID="587581206"><Type>SEM</Type><Section>6</Section><Days>UNSCHED</Days><TimeBegin></TimeBegin><TimeEnd></TimeEnd><Bldg></Bldg><Room></Room></CourseInfo><CourseInfo CourseID="587581207"><Type>SEM</Type><Section>7</Section><Days>UNSCHED</Days><TimeBegin></TimeBegin><TimeEnd></TimeEnd><Bldg></Bldg><Room></Room></CourseInfo><CourseInfo CourseID="587581208"><Type>SEM</Type><Section>8</Section><Days>UNSCHED</Days><TimeBegin></TimeBegin><TimeEnd></TimeEnd><Bldg></Bldg><Room></Room></CourseInfo><CourseInfo CourseID="587581209"><Type>SEM</Type><Section>9</Section><Days>UNSCHED</Days><TimeBegin></TimeBegin><TimeEnd></TimeEnd><Bldg></Bldg><Room></Room></CourseInfo></Course><Course><Title>COM SCI 375              TCHNG APRNTC PRCTCM</Title><CourseInfo CourseID="587620200"><Type>SEM</Type><Section>1</Section><Days>UNSCHED</Days><TimeBegin></TimeBegin><TimeEnd></TimeEnd><Bldg></Bldg><Room></Room></CourseInfo></Course><Course><Title>COM SCI 495              TA TRAINING SEMINAR</Title><CourseInfo CourseID="587770200"><Type>SEM</Type><Section>1</Section><Days>TR</Days><TimeBegin>12:00P</TimeBegin><TimeEnd>1:50P</TimeEnd><Bldg>BOELTER</Bldg><Room>5252</Room></CourseInfo></Course> </ucla>