<?xml version="1.0" encoding="UTF-8"?> <ucsd> <Course><Number>CSE                    200</Number><Title>Computability  Complexity</Title><Fall2003>-</Fall2003><Winter2004>Bellare</Winter2004><Spring2004>-</Spring2004></Course><Course><Number>CSE                    201A</Number><Title>Advanced Complexity</Title><Fall2003>-</Fall2003><Winter2004>-</Winter2004><Spring2004>Impagliazzo</Spring2004></Course><Course><Number>CSE                    202</Number><Title>Algorithms and Analysis</Title><Fall2003>Paturi (PhD)</Fall2003><Winter2004>Hu (MS)</Winter2004><Spring2004>Impagliazzo</Spring2004></Course><Course><Number>CSE                    203A</Number><Title>Advanced Algorithms</Title><Fall2003>-</Fall2003><Winter2004>Impagliazzo</Winter2004><Spring2004>-</Spring2004></Course><Course><Number>CSE                    204A</Number><Title>Combinatorial optimization</Title><Fall2003>-</Fall2003><Winter2004>-</Winter2004><Spring2004>Hu</Spring2004></Course><Course><Number>CSE                    205A</Number><Title>Logic in Computer Science</Title><Fall2003>-</Fall2003><Winter2004>-</Winter2004><Spring2004>-</Spring2004></Course><Course><Number>CSE                    206A</Number><Title>Lattice Algorithms and                    Applications</Title><Fall2003>-</Fall2003><Winter2004>Micciancio</Winter2004><Spring2004>-</Spring2004></Course><Course><Number>CSE                    206B</Number><Title>Algorithms in Computational                    Biology</Title><Fall2003>-</Fall2003><Winter2004>-</Winter2004><Spring2004>Pevzner</Spring2004></Course><Course><Number>CSE                    207</Number><Title>Modern Cryptography</Title><Fall2003>-</Fall2003><Winter2004>-</Winter2004><Spring2004>Bellare</Spring2004></Course><Course><Number>CSE                    208</Number><Title>Advanced Cryptography</Title><Fall2003>-</Fall2003><Winter2004>-</Winter2004><Spring2004>Micciancio</Spring2004></Course><Course><Number>CSE                    209A</Number><Title>Top/Sem: Alg,Complexity                     Logic</Title><Fall2003>-</Fall2003><Winter2004>-</Winter2004><Spring2004>-</Spring2004></Course><Course><Number>CSE                    209B</Number><Title>Top/Sem: Cryptography</Title><Fall2003>-</Fall2003><Winter2004>-</Winter2004><Spring2004>-</Spring2004></Course><Course><Number>CSE                    210</Number><Title>Principles of Software                  Engineering</Title><Fall2003>-</Fall2003><Winter2004>-</Winter2004><Spring2004>Griswold</Spring2004></Course><Course><Number>CSE                    211</Number><Title>Software Testing   Analysis</Title><Fall2003>Cancelled</Fall2003><Winter2004>-</Winter2004><Spring2004>-</Spring2004></Course><Course><Number>CSE                    218</Number><Title>Adv Topics: Software                  Engineering</Title><Fall2003>Griswold</Fall2003><Winter2004>Krueger</Winter2004><Spring2004>-</Spring2004></Course><Course><Number>CSE                    221</Number><Title>Operating Systems</Title><Fall2003>Voelker (PhD)/ Savage (MS)</Fall2003><Winter2004>-</Winter2004><Spring2004>-</Spring2004></Course><Course><Number>CSE                    222A</Number><Title>Computer Communication  Networks</Title><Fall2003>-</Fall2003><Winter2004>Vahdat</Winter2004><Spring2004>-</Spring2004></Course><Course><Number>CSE                    222B</Number><Title>Internet Algorithmics</Title><Fall2003>-</Fall2003><Winter2004>-</Winter2004><Spring2004>Canc</Spring2004></Course><Course><Number>CSE                    223A</Number><Title>Principles of Distributed                  Systems</Title><Fall2003>-</Fall2003><Winter2004>Marzullo</Winter2004><Spring2004>-</Spring2004></Course><Course><Number>CSE                    223B</Number><Title>Dist. Computing and Systems</Title><Fall2003>-</Fall2003><Winter2004>-</Winter2004><Spring2004>Snoeren</Spring2004></Course><Course><Number>CSE                    224</Number><Title>Computer System Performance                    Evaluation</Title><Fall2003>-</Fall2003><Winter2004>Pasquale</Winter2004><Spring2004>-</Spring2004></Course><Course><Number>CSE                    225</Number><Title>High Perf Dist Comptg                   Grids</Title><Fall2003>-</Fall2003><Winter2004>-</Winter2004><Spring2004>Chien</Spring2004></Course><Course><Number>CSE                    226</Number><Title>Storage Systems</Title><Fall2003>-</Fall2003><Winter2004>Burkhard</Winter2004><Spring2004>-</Spring2004></Course><Course><Number>CSE                    227</Number><Title>Computer Security</Title><Fall2003>-</Fall2003><Winter2004>-</Winter2004><Spring2004>-</Spring2004></Course><Course><Number>CSE                    228</Number><Title>Multimedia Systems</Title><Fall2003>-</Fall2003><Winter2004>-</Winter2004><Spring2004>Rangan</Spring2004></Course><Course><Number>CSE                    229A</Number><Title>Top/Sem: Computer Systems</Title><Fall2003>-</Fall2003><Winter2004>-</Winter2004><Spring2004>-</Spring2004></Course><Course><Number>CSE                    229B</Number><Title>Top/Sem: Networks                     Communication</Title><Fall2003>-</Fall2003><Winter2004>-</Winter2004><Spring2004>-</Spring2004></Course><Course><Number>CSE                    229C</Number><Title>Top/Sem: Computer Security</Title><Fall2003>-</Fall2003><Winter2004>-</Winter2004><Spring2004>-</Spring2004></Course><Course><Number>CSE                    230</Number><Title>Principles Programming                  Languages</Title><Fall2003>-</Fall2003><Winter2004>-</Winter2004><Spring2004>-</Spring2004></Course><Course><Number>CSE                    231</Number><Title>Advanced Compiler Design</Title><Fall2003>Ferrante</Fall2003><Winter2004>-</Winter2004><Spring2004>-</Spring2004></Course><Course><Number>CSE                    232</Number><Title>Principles of Data Base  Systems</Title><Fall2003>-</Fall2003><Winter2004>Yannis</Winter2004><Spring2004>-</Spring2004></Course><Course><Number>CSE                    232B</Number><Title>Database System Implementation</Title><Fall2003>-</Fall2003><Winter2004>-</Winter2004><Spring2004>Deutsch</Spring2004></Course><Course><Number>CSE                    233</Number><Title>Database Theory</Title><Fall2003>-</Fall2003><Winter2004>-</Winter2004><Spring2004>Vianu</Spring2004></Course><Course><Number>CSE                    237A</Number><Title>Intro to Embedded Computing</Title><Fall2003>-</Fall2003><Winter2004>-</Winter2004><Spring2004>Gupta</Spring2004></Course><Course><Number>CSE                    238</Number><Title>Topics Prog Lang Design                     Implem</Title><Fall2003>-</Fall2003><Winter2004>-</Winter2004><Spring2004>-</Spring2004></Course><Course><Number>CSE                    240A</Number><Title>Principles of Computer                    Architecture</Title><Fall2003>Calder</Fall2003><Winter2004>Orailoglu</Winter2004><Spring2004>-</Spring2004></Course><Course><Number>CSE                    240B</Number><Title>Advanced Computer Architecture</Title><Fall2003>-</Fall2003><Winter2004>-</Winter2004><Spring2004>Calder</Spring2004></Course><Course><Number>CSE                    241A</Number><Title>Intro to Computing Circuitry</Title><Fall2003>-</Fall2003><Winter2004>See ECE 260B</Winter2004><Spring2004>-</Spring2004></Course><Course><Number>CSE                    242A</Number><Title>Integrated Circuit Layout                    Automation</Title><Fall2003>-</Fall2003><Winter2004>-</Winter2004><Spring2004>Cheng</Spring2004></Course><Course><Number>CSE                    243A</Number><Title>Synthesis Methodologies in VLSI                    CAD</Title><Fall2003>-</Fall2003><Winter2004>Orailoglu</Winter2004><Spring2004>-</Spring2004></Course><Course><Number>CSE                    244A</Number><Title>VLSI Test</Title><Fall2003>-</Fall2003><Winter2004>Friedman</Winter2004><Spring2004>-</Spring2004></Course><Course><Number>CSE                    244B</Number><Title>Testable  Fault-Tolerant Hardware                    Des</Title><Fall2003>-</Fall2003><Winter2004>-</Winter2004><Spring2004>-</Spring2004></Course><Course><Number>CSE                    245</Number><Title>Comp Aided Circuit Simulation                     Verif</Title><Fall2003>-</Fall2003><Winter2004>Cheng</Winter2004><Spring2004>-</Spring2004></Course><Course><Number>CSE                    246</Number><Title>Comp Arithmetic Algs  Hardware                    Des</Title><Fall2003>-</Fall2003><Winter2004>Cheng</Winter2004><Spring2004>-</Spring2004></Course><Course><Number>CSE                    247</Number><Title>Applic Specific  Reconfig Comp                    Arch</Title><Fall2003>-</Fall2003><Winter2004>-</Winter2004><Spring2004>-</Spring2004></Course><Course><Number>CSE                    248</Number><Title>Alg  Optimization Found VLSI                    CAD</Title><Fall2003>-</Fall2003><Winter2004>-</Winter2004><Spring2004>Kahng</Spring2004></Course><Course><Number>CSE                    249A</Number><Title>Top/Sem: Computer Architecture</Title><Fall2003>-</Fall2003><Winter2004>-</Winter2004><Spring2004>-</Spring2004></Course><Course><Number>CSE                    249B</Number><Title>Top/Sem: VLSI</Title><Fall2003>-</Fall2003><Winter2004>-</Winter2004><Spring2004>-</Spring2004></Course><Course><Number>CSE                    249C</Number><Title>Top/Sem: CAD</Title><Fall2003>-</Fall2003><Winter2004>-</Winter2004><Spring2004>-</Spring2004></Course><Course><Number>CSE                    250A</Number><Title>Artificial Intelligence I</Title><Fall2003>-</Fall2003><Winter2004>-</Winter2004><Spring2004>-</Spring2004></Course><Course><Number>CSE                    250B</Number><Title>Artificial Intelligence II</Title><Fall2003>_</Fall2003><Winter2004>-</Winter2004><Spring2004>Dasgupta</Spring2004></Course><Course><Number>CSE                    252A</Number><Title>Computer Vision</Title><Fall2003>-</Fall2003><Winter2004>Kriegman</Winter2004><Spring2004>-</Spring2004></Course><Course><Number>CSE                    252B</Number><Title>Computer Vision II</Title><Fall2003>-</Fall2003><Winter2004>-</Winter2004><Spring2004>Belongie</Spring2004></Course><Course><Number>CSE                    252C</Number><Title>Selected Topics in Vision                     Learning</Title><Fall2003>Belongie</Fall2003><Winter2004>-</Winter2004><Spring2004>-</Spring2004></Course><Course><Number>CSE                    253</Number><Title>Neural Networks</Title><Fall2003>-</Fall2003><Winter2004>-</Winter2004><Spring2004>-</Spring2004></Course><Course><Number>CSE                    254</Number><Title>Machine Learning</Title><Fall2003>-</Fall2003><Winter2004>-</Winter2004><Spring2004>Elkan</Spring2004></Course><Course><Number>CSE                    255</Number><Title>Intelligent Systems</Title><Fall2003>-</Fall2003><Winter2004>-</Winter2004><Spring2004>-</Spring2004></Course><Course><Number>CSE                    256</Number><Title>Statistical Natural Lang Proc</Title><Fall2003>-</Fall2003><Winter2004>-</Winter2004><Spring2004>Cottrell</Spring2004></Course><Course><Number>CSE                    257</Number><Title>Computational Biology</Title><Fall2003>-</Fall2003><Winter2004>-</Winter2004><Spring2004>-</Spring2004></Course><Course><Number>CSE                    257A</Number><Title>Biomolecular Seq  Structure                    Analy</Title><Fall2003>-</Fall2003><Winter2004>Pevzner</Winter2004><Spring2004>-</Spring2004></Course><Course><Number>CSE                    258A</Number><Title>Connectionists Natural  Language</Title><Fall2003>-</Fall2003><Winter2004>-</Winter2004><Spring2004>-</Spring2004></Course><Course><Number>CSE                    259</Number><Title>Seminar Artificial Intellgnce</Title><Fall2003>Cottrell</Fall2003><Winter2004>Cottrell</Winter2004><Spring2004>Cottrell</Spring2004></Course><Course><Number>CSE                    260</Number><Title>Parallel Computation</Title><Fall2003>Baden</Fall2003><Winter2004>-</Winter2004><Spring2004>-</Spring2004></Course><Course><Number>CSE                    261</Number><Title>Parallel  Distributed                    Computation</Title><Fall2003>-</Fall2003><Winter2004>-</Winter2004><Spring2004>-</Spring2004></Course><Course><Number>CSE                    262</Number><Title>Sys Supp Appl Par Computing</Title><Fall2003>-</Fall2003><Winter2004>-</Winter2004><Spring2004>-</Spring2004></Course><Course><Number>CSE                    267</Number><Title>Computer Graphics, New</Title><Fall2003>-</Fall2003><Winter2004>-</Winter2004><Spring2004>-</Spring2004></Course><Course><Number>CSE                    268A</Number><Title>Topics in Parallel Computing</Title><Fall2003>-</Fall2003><Winter2004>-</Winter2004><Spring2004>-</Spring2004></Course><Course><Number>CSE                    268C</Number><Title>Topics High-Performance Prog</Title><Fall2003>-</Fall2003><Winter2004>-</Winter2004><Spring2004>-</Spring2004></Course><Course><Number>CSE                    269</Number><Title>Seminar Parallel Computing</Title><Fall2003>-</Fall2003><Winter2004>-</Winter2004><Spring2004>-</Spring2004></Course><Course><Number>CSE                    270</Number><Title>Statistics  Prob                    Manufacturing</Title><Fall2003>-</Fall2003><Winter2004>-</Winter2004><Spring2004>-</Spring2004></Course><Course><Number>CSE                    271</Number><Title>User Intrface Des: Soc  Tech                    Issues</Title><Fall2003>-</Fall2003><Winter2004>-</Winter2004><Spring2004>Goguen</Spring2004></Course><Course><Number>CSE                    272</Number><Title>Adv. Appearance Modeling</Title><Fall2003>Jensen</Fall2003><Winter2004>-</Winter2004><Spring2004>-</Spring2004></Course><Course><Number>CSE                    275</Number><Title>Social Aspects Tech.                   Science</Title><Fall2003>Goguen</Fall2003><Winter2004>-</Winter2004><Spring2004>-</Spring2004></Course><Course><Number>CSE                    268D</Number><Title>Social Aspects Tech  Sci</Title><Fall2003>-</Fall2003><Winter2004>-</Winter2004><Spring2004>-</Spring2004></Course><Course><Number>CSE                    290</Number><Title>Seminar in CSE</Title><Fall2003>-</Fall2003><Winter2004>-</Winter2004><Spring2004>-</Spring2004></Course><Course><Number>CSE                    291</Number><Title>Topics in CSE</Title><Fall2003>Bafna, Genomic Alg.</Fall2003><Winter2004>Elkan</Winter2004><Spring2004>Ludaescer, Process                Integration</Spring2004></Course><Course><Number>CSE                    292</Number><Title>Faculty Research Seminar</Title><Fall2003>Bafna</Fall2003><Winter2004>Jensen</Winter2004><Spring2004>-</Spring2004></Course><Course><Number>CSE                    294</Number><Title>Research Mtg: Systems Seminar</Title><Fall2003>Voelker</Fall2003><Winter2004>Snoeren</Winter2004><Spring2004>Staff</Spring2004></Course><Course><Number>CSE                    294</Number><Title>Research Mtg: Reliable Sys.                    Synthesis</Title><Fall2003>Orailoglu</Fall2003><Winter2004>Orailoglu</Winter2004><Spring2004>Staff</Spring2004></Course><Course><Number>CSE                    294</Number><Title>Research Mtg: Database</Title><Fall2003>Deutsch</Fall2003><Winter2004>-</Winter2004><Spring2004>-</Spring2004></Course><Course><Number>CSE                    294</Number><Title>Research Mtg: Meaning and                    Component</Title><Fall2003>-</Fall2003><Winter2004>-</Winter2004><Spring2004>Goguen</Spring2004></Course><Course><Number>CSE                    599</Number><Title>Teaching Methods in CS</Title><Fall2003>Kube and Dasgupta</Fall2003><Winter2004>-</Winter2004></Course> </ucsd>