<?xml version="1.0" encoding="UTF-8"?> <ufl> <course code="CAP 4680" title="Knowledge-Based System: Theory and Practice."><prereq>CAP 4621.</prereq><credit>3</credit><description>Concepts, theory and various applications for knowledge-based (expert) systems, reasoning schemes, knowledge representation, knowledge-based system tools, building knowledge bases, knowledge acquisition, reasoning under certainty and inexact reasoning.</description><section><sectioncode>3653X</sectioncode><instructor>DANKEL II</instructor><time day="M W F" period="7"><building bldg="CSE" room="E221"></building></time></section></course><course code="CAP 4730" title="Computational Structures in Computer Graphics."><prereq>COP 3530.</prereq><credit>3</credit><description>A study of the major topics in computer graphics; display and output technology; two and three dimensional manipulations; space curves and surfaces; hidden surface removal and shading models.</description><section><sectioncode>7118X</sectioncode><instructor>PETERS</instructor><time day="T" period="5-6"><building bldg="CSE" room="E119"></building><building bldg="CSE" room="E119"></building></time></section></course><course code="CAP 5635" title="ARTIF INTEL CONCEPTS"><credit>3</credit><section><sectioncode>8328X</sectioncode><instructor>DANKEL II</instructor><time day="M W F" period="5"><building bldg="CSE" room="E107"></building><building bldg="" room=""></building></time></section></course><course code="CAP 5705" title="COMPUTER GRAPHICS"><credit>3</credit><section><sectioncode>1158X</sectioncode><instructor>PETERS</instructor><time day="T" period="5-6"><building bldg="CSE" room="E119"></building><building bldg="CSE" room="E119"></building></time></section></course><course code="CAP 6516" title="MEDICAL IMAGE ANALY"><credit>3</credit><section><sectioncode>3321X</sectioncode><instructor>VEMURI</instructor><time day="M W F" period="8"><building bldg="FLG" room="275"></building></time></section></course><course code="CAP 6610" title="MACHINE LEARNING"><credit>3</credit><section><sectioncode>6991X</sectioncode><instructor>FU</instructor><time day="M W F" period="6"><building bldg="CSE" room="E107"></building><building bldg="" room=""></building></time></section></course><course code="CAP 6685" title="EXPERT SYSTEMS"><credit>3</credit><section><sectioncode>8332X</sectioncode><instructor>DANKEL II</instructor><time day="M W F" period="7"><building bldg="CSE" room="E107"></building><building bldg="" room=""></building></time></section></course><course code="CDA 3101" title="Introduction to Computer Organization."><prereq>CIS 3020 and MAC 2233, MAC 2311 or MAC 3472.</prereq><credit>3</credit><description>Organization of computing systems. Logical basis of computer structure. Machine representation of instructions and data, flow of control, and basic machine instructions. Assembly language programming. GR-M</description><section><sectioncode>5408X</sectioncode><instructor>YILMAZ</instructor><time day="M W F" period="3"><building bldg="CSE" room="A101"></building><building bldg="CSE" room="E221"></building><building bldg="CSE" room="A101"></building><building bldg="ROL" room="205"></building><building bldg="CSE" room="A101"></building><building bldg="CSE" room="E221"></building><building bldg="CSE" room="A101"></building><building bldg="CSE" room="E221"></building></time></section></course><course code="CDA 5155" title="COMPU ARCHITECT PRIN"><credit>3</credit><section><sectioncode>1049X</sectioncode><instructor>PEIR</instructor><time day="T" period="5-6"><building bldg="CSE" room="E107"></building><building bldg="CSE" room="E107"></building><building bldg="" room=""></building></time></section></course><course code="CEN 3031" title="Introduction to Software Engineering."><prereq>COP 3530.</prereq><credit>3</credit><description>Topics include software planning, specifications, coding, testing and maintenance. Students gain experience in the team approach to large system development. GR-M</description><section><sectioncode>1492X</sectioncode><instructor>RAO</instructor><time day="T" period="8"><building bldg="MCCC" room="100"></building><building bldg="MCCC" room="100"></building><building bldg="CSE" room="E116"></building><building bldg="MCCC" room="100"></building><building bldg="MCCC" room="100"></building><building bldg="CSE" room="E116"></building><building bldg="MCCC" room="100"></building><building bldg="MCCC" room="100"></building><building bldg="CSE" room="E116"></building><building bldg="MCCC" room="100"></building><building bldg="MCCC" room="100"></building><building bldg="CSE" room="E116"></building><building bldg="MCCC" room="100"></building><building bldg="MCCC" room="100"></building><building bldg="CSE" room="E116"></building><building bldg="MCCC" room="100"></building><building bldg="MCCC" room="100"></building><building bldg="CSE" room="E116"></building><building bldg="MCCC" room="100"></building><building bldg="MCCC" room="100"></building><building bldg="CSE" room="E116"></building></time></section></course><course code="CEN 3534" title="Advanced Problem Solving Using Computer Software."><prereq>CGS 2531; MAC 2311 or MAC 3472.</prereq><credit>3</credit><description>A comprehensive approach to problem solving using computer software. Topics include advance spreadsheet analysis , simulations, decision information, and forecasting, database management including queries, relationships and the use of page objects for interactive reporting, advanced customization, macros development, and programming in Visual Basic. Topics also include evaluation of operating systems, document development, Web design and the Internet. (M) GR-M.</description><section><sectioncode>7124X</sectioncode><instructor>DESIMONE</instructor><time day="M W F" period="3"><building bldg="MCCA" room="1142"></building></time></section></course><course code="CEN 4500C" title="Computer Network Fundamentals."><prereq>COP 3530, CDA 3101 and COP 4600.</prereq><credit>4</credit><description>This course covers problems in design and analysis of computer networks. While some effort focuses on low level protocols, most of the course is devoted to higher level protocols at the medium access, network and transport layers. Students should be familiar with graph theory and basic probability. GR-M</description><section><sectioncode>1053Z</sectioncode><instructor>SMALL</instructor><time day="T" period="4"><building bldg="CSE" room="E119"></building><building bldg="CSE" room="E119"></building></time></section></course><course code="CEN 5035" title="SOFTWARE ENGINEERING"><credit>3</credit><section><sectioncode>2413X</sectioncode><instructor>THEBAUT</instructor><time day="M W F" period="7"><building bldg="CSE" room="E118"></building><building bldg="" room=""></building></time></section></course><course code="CGS 2414" title="Computer Programming Using JAVA."><prereq>MAC 1147 or equivalent.</prereq><credit>3</credit><description>This course provides an in-depth treatment of computer programming using JAVA. Problems related to a variety of disciplines are solved. An introduction to the basic concepts of software and hardware is provided. Students will develop a variety of stand-alone applications and applets.</description><section><sectioncode>3557X</sectioncode><instructor>STILLWELL</instructor><time day="T" period="10"><building bldg="CAR" room="AUD"></building><building bldg="CAR" room="AUD"></building><building bldg="LIT" room="121"></building><building bldg="CAR" room="AUD"></building><building bldg="CAR" room="AUD"></building><building bldg="LIT" room="121"></building><building bldg="CAR" room="AUD"></building><building bldg="CAR" room="AUD"></building><building bldg="CSE" room="E221"></building><building bldg="CAR" room="AUD"></building><building bldg="CAR" room="AUD"></building><building bldg="FAC" room="120"></building><building bldg="CAR" room="AUD"></building><building bldg="CAR" room="AUD"></building><building bldg="LIT" room="121"></building></time></section></course><course code="CGS 2420" title="Computer Programming Using FORTRAN."><prereq>MAC 1147 or equivalent.</prereq><credit>3</credit><description>An in-depth treatment of computer programming using FORTRAN. Problems related to a variety of disciplines are solved. An introduction to the basic concepts of software and hardware is provided. (M) GR-M</description><section><sectioncode>1058X</sectioncode><instructor>SELFRIDGE</instructor><time day="M W F" period="5"><building bldg="FLI" room="13"></building></time></section></course><course code="CGS 2470" title="INTRO COMPU ARCHITECT"><credit>3</credit><section><sectioncode>9374X</sectioncode><instructor>SCHMALZ</instructor><time day="T" period="10"><building bldg="CSE" room="E220"></building><building bldg="CSE" room="E220"></building></time></section></course><course code="CGS 2531" title="PROB SOLV COMPU SOFTW"><credit>3</credit><section><sectioncode>1064X</sectioncode><instructor>FOSTER</instructor><time day="M W F" period="2"><building bldg="TUR" room="L011"></building><building bldg="LIT" room="101"></building><building bldg="LIT" room="109"></building><building bldg="TUR" room="L011"></building><building bldg="TUR" room="L011"></building><building bldg="TUR" room="L011"></building><building bldg="CSE" room="A101"></building><building bldg="CSE" room="A101"></building><building bldg="TUR" room="L011"></building><building bldg="TUR" room="L011"></building></time></section></course><course code="CGS 3063" title="COMPU AND MOD SOCIETY"><credit>3</credit><section><sectioncode>1055X</sectioncode><instructor>HASKINS</instructor><time day="T" period="8-9"><building bldg="CSE" room="A101"></building><building bldg="CSE" room="A101"></building><building bldg="CSE" room="A101"></building><building bldg="CSE" room="A101"></building></time></section></course><course code="CGS 3065" title="LEGAL AND SOCIAL ISSUES"><credit>3</credit><section><sectioncode>4895X</sectioncode><instructor>HASKINS</instructor><time day="T" period="2-3"><building bldg="CSE" room="E221"></building><building bldg="CSE" room="E221"></building><building bldg="CSE" room="E220"></building><building bldg="CSE" room="E220"></building></time></section></course><course code="CGS 3066" title="NAVIGAT THE INTERNET"><credit>3</credit><section><sectioncode>7897X</sectioncode><instructor>MAYRON</instructor><time day="M W" period="2"><building bldg="CSE" room="E121"></building><building bldg="TUR" room="2322"></building><building bldg="CSE" room="E121"></building><building bldg="CSE" room="E220"></building><building bldg="CSE" room="E121"></building><building bldg="TUR" room="2350"></building></time></section></course><course code="CGS 3090" title="ETHICS ELECT FRONTIER"><credit>1</credit><section><sectioncode>5776X</sectioncode><instructor>DOBBINS</instructor><time day="W" period="9"><building bldg="TUR" room="L005"></building></time></section></course><course code="CGS 3403" title="PROGRAM USING COBOL"><credit>3</credit><section><sectioncode>4929X</sectioncode><instructor>HASKINS</instructor><time day="M W F" period="2"><building bldg="CSE" room="E119"></building></time></section></course><course code="CGS 3460" title="PROGRAMMING USING C"><credit>3</credit><section><sectioncode>5562X</sectioncode><instructor>LYNCH</instructor><time day="M W F" period="6"><building bldg="CSE" room="A101"></building><building bldg="MCCA" room="G186"></building></time></section></course><course code="CGS 3464" title="Computer Programming Using C."><prereq>CIS 3020.</prereq><credit>3</credit><description>This course provides an in-depth treatment of the C programming language and an introduction to Windows programming using Visual C.</description><section><sectioncode>8325X</sectioncode><instructor>LYNCH</instructor><time day="M W F" period="3"><building bldg="FAB" room="105"></building></time></section></course><course code="CGS 6305" title="COMPUTER BASED BS MGT"><credit>4</credit><section><sectioncode>5198X</sectioncode><instructor>MENON</instructor><time day="M W" period="E1E2"><building bldg="STZ" room="102"></building></time></section></course><course code="CIS 3020" title="Introduction to CIS."><prereq>MAC 2233, MAC 2311 or MAC 3472.</prereq><credit>3</credit><description>Introduction to computers and algorithms. Programming in a high level language. Topics include procedural abstraction, data abstraction and structured programming techniques. The student will learn the fundamentals of developing coherent, expressive programs. (M) GR-M</description><section><sectioncode>3636X</sectioncode><instructor>NEELY-RITZ</instructor><time day="M W F" period="9"><building bldg="TUR" room="L007"></building><building bldg="CSE" room="E113"></building><building bldg="TUR" room="L007"></building><building bldg="CSE" room="E116"></building><building bldg="TUR" room="L007"></building><building bldg="CSE" room="E113"></building><building bldg="TUR" room="L007"></building><building bldg="CSE" room="E116"></building><building bldg="TUR" room="L007"></building><building bldg="CSE" room="E116"></building><building bldg="TUR" room="L007"></building><building bldg="CSE" room="E113"></building><building bldg="TUR" room="L007"></building><building bldg="CSE" room="E116"></building><building bldg="TUR" room="L007"></building><building bldg="CSE" room="E113"></building><building bldg="TUR" room="L007"></building><building bldg="CSE" room="E116"></building><building bldg="TUR" room="L007"></building><building bldg="CSE" room="E113"></building><building bldg="TUR" room="L007"></building><building bldg="CSE" room="E116"></building><building bldg="TUR" room="L007"></building><building bldg="CSE" room="E113"></building></time></section></course><course code="CIS 4301" title="Information System Design and Development."><prereq>COP 3530</prereq><credit>3</credit><description>Directed work project in utilization of information resources, particularly database management software. Topics in analysis and design of application systems through all phases of system development. GR-M</description><section><sectioncode>7776X</sectioncode><instructor>NEELY-RITZ</instructor><time day="T" period="10"><building bldg="CSE" room="E222"></building><building bldg="CSE" room="E222"></building></time></section></course><course code="CIS 4905" title="Individual Study in CISE."><credit>0</credit><description>Problems in different areas of computer science.</description><section><sectioncode>DEP-X</sectioncode><instructor>THEBAUT</instructor><time day="TBA" period=""><building bldg="" room=""></building></time></section></course><course code="CIS 4913C" title="Integrated Product and Process Design II."><prereq>CIS4912C.</prereq><credit>3</credit><description>The second part of the CIS 4912-4913 sequence.</description><section><sectioncode>DEP-Z</sectioncode><instructor>BERMUDEZ</instructor><time day="M W F" period="9"><building bldg="WEIL" room="270"></building></time></section></course><course code="CIS 4914" title="Senior Project."><prereq>Senior CISE standing, approved project proposal.</prereq><credit>3</credit><description>Involves completing a significant CISE-related project. Student must coordinate with the instructor and a project adviser, prepare a detailed technical report and deliver an oral presentation. GR-M</description><section><sectioncode>DEP-X</sectioncode><instructor>SELFRIDGE</instructor><time day="TBA" period=""><building bldg="" room=""></building></time></section></course><course code="CIS 4930" title="Special Topics in CISE."><prereq>MAC 1147.</prereq><credit>3</credit><description>Topics vary. Particular computer languages such as JCL, ADA, etc., and current topics of interest in area of computer and information sciences.</description><section><sectioncode>0896X</sectioncode><instructor>SELFRIDGE</instructor><time day="M W F" period="4"><building bldg="CHE" room="316"></building><building bldg="CSE" room="E222"></building><building bldg="CSE" room="E221"></building><building bldg="CSE" room="E222"></building><building bldg="NRNA" room="G512"></building><building bldg="CSE" room="E119"></building><building bldg="FLI" room="115"></building><building bldg="MCCB" room="G108"></building><building bldg="MCCA" room="1142"></building><building bldg="MCCA" room="1142"></building></time></section></course><course code="CIS 4940" title="Practical Work."><prereq>MAC 1147.</prereq><credit>1</credit><description>One term practical software engineering work under industrial supervision as set forth in the College of Engineering regulations.</description><section><sectioncode>DEP-X</sectioncode><instructor>THEBAUT</instructor><time day="TBA" period=""><building bldg="" room=""></building></time></section></course><course code="CIS 4949" title="Co-Op Work in CISE."><credit>1</credit><description>Practical engineering work under industrial supervision, as set forth in the College of Engineering Regulations.</description><section><sectioncode>DEP-X</sectioncode><instructor>THEBAUT</instructor><time day="TBA" period=""><building bldg="" room=""></building></time></section></course><course code="CIS 6905" title="INDIVIDUAL STUDY"><credit>0</credit><section><sectioncode>DEP-X</sectioncode><instructor>CHEN</instructor><time day="TBA" period=""><building bldg="" room=""></building></time></section></course><course code="CIS 6910" title="SUPERVISED RESEARCH"><credit>0</credit><section><sectioncode>DEP-X</sectioncode><instructor>RANKA</instructor><time day="TBA" period=""><building bldg="" room=""></building></time></section></course><course code="CIS 6930" title="ADV TOP IN NETWK SECR"><credit>3</credit><section><sectioncode>6509X</sectioncode><instructor>CHEN</instructor><time day="M W F" period="3"><building bldg="MCCB" room="3108"></building><building bldg="CHE" room="316"></building><building bldg="CSE" room="E221"></building><building bldg="CSE" room="E222"></building><building bldg="CSE" room="E222"></building><building bldg="FLI" room="115"></building><building bldg="MCCB" room="G108"></building><building bldg="MCCA" room="1142"></building><building bldg="MCCA" room="1142"></building><building bldg="CSE" room="E119"></building><building bldg="CSE" room="E119"></building><building bldg="CSE" room="E220"></building><building bldg="CSE" room="E220"></building></time></section></course><course code="CIS 6940" title="SUPERVISED TEACHING"><credit>0</credit><section><sectioncode>DEP-X</sectioncode><instructor>DESIMONE</instructor><time day="TBA" period=""><building bldg="" room=""></building></time></section></course><course code="CIS 6971" title="MASTERS RESEARCH"><credit>0</credit><section><sectioncode>DEP-X</sectioncode><instructor>DANKEL II</instructor><time day="TBA" period=""><building bldg="" room=""></building></time></section></course><course code="CIS 7979" title="ADVANCED RESEARCH"><credit>0</credit><section><sectioncode>DEP-X</sectioncode><instructor>HELAL</instructor><time day="TBA" period=""><building bldg="" room=""></building></time></section></course><course code="CIS 7980" title="DOCTORAL RESEARCH"><credit>0</credit><section><sectioncode>DEP-X</sectioncode><instructor>HELAL</instructor><time day="TBA" period=""><building bldg="" room=""></building></time></section></course><course code="COP 2121" title="Introduction to COBOL for CISE Majors."><prereq>MAC 2233, MAC 2311 or MAC 3472.</prereq><credit>3</credit><description>Techniques for business information systems programming in COBOL utilizing comprehensive facilities of the COBOL language. Business applications and examples of their solutions will be employed throughout. Topics include advanced table handling as well as sequential, random, and indexed file organizations and manipulation techniques in COBOL. GR-M</description><section><sectioncode>5207X</sectioncode><instructor>HASKINS</instructor><time day="M W F" period="3"><building bldg="CSE" room="E220"></building></time></section></course><course code="COP 3013" title="Survey of Programming Languages."><prereq>Familiarity with computers and some programming language.</prereq><credit>2</credit><description>An introduction to a specific programming language, which may vary according to section. Course may be repeated for different languages.</description><section><sectioncode>7677X</sectioncode><instructor>DOBBINS</instructor><time day="T" period="5-6"><building bldg="CSE" room="E221"></building></time></section></course><course code="COP 3530" title="Data Structures and Algorithm."><prereq>CIS 3020, with a grade of C or better, COT 3100 and MAC 2234, MAC 2312, MAC 3512 or MAC 3473.</prereq><credit>4</credit><description>Algorithm development using pseudo languages, basic program structures, program design techniques, storage and manipulation of basic data structures like arrays, stacks, queues, sorting and searching and string processing. Linked linear lists. Trees and multilinked structures. GR-M</description><section><sectioncode>6723X</sectioncode><instructor>MARTINEZ</instructor><time day="M W F" period="4"><building bldg="TUR" room="L007"></building><building bldg="TUR" room="2305"></building><building bldg="TUR" room="L007"></building><building bldg="TUR" room="2333"></building><building bldg="TUR" room="L007"></building><building bldg="CSE" room="E221"></building><building bldg="TUR" room="L007"></building><building bldg="CSE" room="E221"></building><building bldg="TUR" room="L007"></building><building bldg="CSE" room="E221"></building><building bldg="TUR" room="L007"></building><building bldg="TUR" room="2306"></building></time></section></course><course code="COP 3610" title="Survey of Operating Systems."><prereq>Familiarity with computers.</prereq><credit>1</credit><description>An introduction to a specific operating system interface, which may vary according to section. Course may be repeated for credit for different systems.</description><section><sectioncode>1081X</sectioncode><instructor>CUBERT</instructor><time day="R" period="6"><building bldg="MCCB" room="G086"></building></time></section></course><course code="COP 4020" title="Programming Language Concepts."><prereq>COP3530.</prereq><credit>3</credit><description>An introduction to programming language principles, including language constructs, design goals, run-time structures, implementation techniques, and exposure to a wide variety of programming paradigms.</description><section><sectioncode>7672X</sectioncode><instructor>BERMUDEZ</instructor><time day="M W F" period="8"><building bldg="CSE" room="E222"></building></time></section></course><course code="COP 4331" title="Object-oriented Programming."><prereq>COP3530.</prereq><credit>3</credit><description>This course discusses fundamental conceptual models for programming languages and illustrates these with specific programming languages and application problems. Specific topics include class and object models and inheritance among classes and objects and static and dynamic systems and implementations.</description><section><sectioncode>5300X</sectioncode><instructor>SMALL</instructor><time day="T" period="5-6"><building bldg="CSE" room="A101"></building><building bldg="CSE" room="A101"></building></time></section></course><course code="COP 4600" title="Operating Systems."><prereq>COP 3530, CDA 3101, knowledge of C or C recommended.</prereq><credit>3</credit><description>The design and implementation of various components of a modern operating system including I/O programming, interrupt handling, process and resource management, computer networks and distributed systems. GR-M</description><section><sectioncode>1083X</sectioncode><instructor>CUBERT</instructor><time day="T" period="2-3"><building bldg="TUR" room="L005"></building><building bldg="TUR" room="L005"></building><building bldg="CSE" room="E221"></building><building bldg="TUR" room="L005"></building><building bldg="TUR" room="L005"></building><building bldg="FLO" room="100"></building><building bldg="TUR" room="L005"></building><building bldg="TUR" room="L005"></building><building bldg="MCCB" room="G086"></building></time></section></course><course code="COP 4720" title="Database Management Systems."><prereq>COP 3530.</prereq><credit>3</credit><description>Provides a conceptual understanding of database management systems in terms of the hierarchical, network and relational data models and their corresponding languages. Data modeling and analysis, database design and administration. Review of file structures and a discussion of database implementation techniques. Knowledge of at least two programming languages essential. GR-M</description><section><sectioncode>1084X</sectioncode><instructor>HAMMER</instructor><time day="T" period="7"><building bldg="CSE" room="A101"></building><building bldg="CSE" room="A101"></building></time></section></course><course code="COP 5536" title="ADV DATA STRUCTURES"><credit>3</credit><section><sectioncode>4175X</sectioncode><instructor>SAHNI</instructor><time day="M W F" period="6"><building bldg="CSE" room="E118"></building><building bldg="" room=""></building></time></section></course><course code="COP 5555" title="PROGRAM LANGUAGE PRIN"><credit>3</credit><section><sectioncode>6066X</sectioncode><instructor>SANDERS</instructor><time day="T" period="7"><building bldg="CSE" room="E107"></building><building bldg="CSE" room="E107"></building><building bldg="" room=""></building></time></section></course><course code="COP 5615" title="OPERATING SYS PRINC"><credit>3</credit><section><sectioncode>1086X</sectioncode><instructor>NEWMAN</instructor><time day="T" period="8-9"><building bldg="CSE" room="E107"></building><building bldg="CSE" room="E107"></building><building bldg="" room=""></building></time></section></course><course code="COP 5725" title="DATA BASE MANAGE SYS"><credit>3</credit><section><sectioncode>7859X</sectioncode><instructor>HAMMER</instructor><time day="T" period="7"><building bldg="CSE" room="A101"></building><building bldg="CSE" room="A101"></building></time></section></course><course code="COP 6726" title="DATABASE SYS IMPLEMEN"><credit>3</credit><section><sectioncode>1096X</sectioncode><instructor>JERMAINE</instructor><time day="M W F" period="3"><building bldg="CSE" room="E221"></building></time></section></course><course code="COT 3100" title="Applications of Discrete Structures."><prereq>MAC 2233, MAC 2311 or MAC 3472; Coreq: CIS3020.</prereq><credit>3</credit><description>Covers the mathematics of discrete events, i.e., events that involve distinct elements, finite structures of distinct elements, or finite sampled versions of continuous phenomena (such as movement). (M) GR-M</description><section><sectioncode>1088X</sectioncode><instructor>FRANK</instructor><time day="M W F" period="8"><building bldg="NPB" room="1001"></building><building bldg="MAEA" room="303"></building><building bldg="NPB" room="1001"></building><building bldg="CSE" room="E220"></building><building bldg="NPB" room="1001"></building><building bldg="CSE" room="E222"></building><building bldg="NPB" room="1001"></building><building bldg="CSE" room="E220"></building><building bldg="NPB" room="1001"></building><building bldg="MCCB" room="3108"></building><building bldg="NPB" room="1001"></building><building bldg="ROL" room="205"></building><building bldg="NPB" room="1001"></building><building bldg="ROL" room="205"></building><building bldg="NPB" room="1001"></building><building bldg="FAB" room="105"></building><building bldg="NPB" room="1001"></building><building bldg="MAEB" room="211"></building></time></section></course><course code="COT 4501" title="Numerical Analysis A Computational Approach."><prereq>CIS 3020 and MAS 3114.</prereq><credit>3</credit><description>Numerical integration, nonlinear equations, linear and nonlinear systems of equations, differential equations and interpolation.</description><section><sectioncode>1090X</sectioncode><instructor>RANGARAJAN</instructor><time day="T" period="7"><building bldg="CSE" room="E121"></building><building bldg="CSE" room="E121"></building></time></section></course><course code="COT 5405" title="ANALYS OF ALGORITHMS"><credit>3</credit><section><sectioncode>1091X</sectioncode><instructor>RANKA</instructor><time day="T" period="4"><building bldg="CSE" room="E107"></building><building bldg="CSE" room="E107"></building><building bldg="" room=""></building></time></section></course><course code="COT 6315" title="FORMAL LANG AND COMPUTA"><credit>3</credit><section><sectioncode>1894X</sectioncode><instructor>SITHARAM</instructor><time day="T" period="2-3"><building bldg="CSE" room="E107"></building><building bldg="CSE" room="E107"></building><building bldg="" room=""></building></time></section></course><course code="EGN 5949" title="PRAC/INTERN/COOP WORK"><credit>0</credit><section><sectioncode>DEP-X</sectioncode><instructor>PEIR</instructor><time day="TBA" period=""><building bldg="" room=""></building></time></section></course> </ufl>