<?xml version="1.0" encoding="UTF-8"?> <uiuc> <BannerNumber><UIDirectNumber>CS              100</UIDirectNumber><CourseTitle>Freshman Orientation in              CS</CourseTitle><TimeTable>http://www.uiuc.edu/admin_manual/Courses/C_D/latest/CS100.html</TimeTable><InternetCourse>http://www-courses.cs.uiuc.edu/~cs100/</InternetCourse></BannerNumber><BannerNumber></BannerNumber><BannerNumber><UIDirectNumber>CS              101</UIDirectNumber><CourseTitle>Intro to Computing, Eng               Sci</CourseTitle><TimeTable>http://www.uiuc.edu/admin_manual/Courses/C_D/latest/CS101.html</TimeTable><InternetCourse>http://www.cen.uiuc.edu/~cs101</InternetCourse></BannerNumber><BannerNumber></BannerNumber><BannerNumber><UIDirectNumber>CS              105</UIDirectNumber><CourseTitle>Intro to Computing for              Non-Tech</CourseTitle><TimeTable>http://www.uiuc.edu/admin_manual/Courses/C_D/latest/CS105.html</TimeTable><InternetCourse>http://www-courses.cs.uiuc.edu/~cs105/</InternetCourse></BannerNumber><BannerNumber></BannerNumber><BannerNumber><UIDirectNumber>CS              110</UIDirectNumber><CourseTitle>Programming              Laboratory</CourseTitle><TimeTable>http://www.uiuc.edu/admin_manual/Courses/C_D/latest/CS110.html</TimeTable><InternetCourse>http://www.cen.uiuc.edu/~cs110</InternetCourse></BannerNumber><BannerNumber></BannerNumber><BannerNumber><UIDirectNumber>CS              125</UIDirectNumber><CourseTitle>Intro to Computer              Science</CourseTitle><TimeTable>http://www.uiuc.edu/admin_manual/Courses/C_D/latest/CS125.html</TimeTable><InternetCourse>http://www-courses.cs.uiuc.edu/~cs125/</InternetCourse></BannerNumber><BannerNumber></BannerNumber><BannerNumber><UIDirectNumber>CS              173</UIDirectNumber><CourseTitle>Discrete            Structures</CourseTitle><TimeTable>http://www.uiuc.edu/admin_manual/Courses/C_D/latest/CS173.html</TimeTable><InternetCourse>http://www-courses.cs.uiuc.edu/~cs173/</InternetCourse></BannerNumber><BannerNumber></BannerNumber><BannerNumber><UIDirectNumber>CS              196</UIDirectNumber><CourseTitle>Freshman Honors Course in              CS</CourseTitle><TimeTable>http://www.uiuc.edu/admin_manual/Courses/C_D/latest/CS196.html</TimeTable></BannerNumber><BannerNumber><UIDirectNumber>CS              199</UIDirectNumber><CourseTitle>Undergraduate Open              Seminar</CourseTitle><TimeTable>http://www.uiuc.edu/admin_manual/Courses/C_D/latest/CS199.html</TimeTable><InternetCourse>http://www-courses.cs.uiuc.edu/~cs199/</InternetCourse></BannerNumber><BannerNumber></BannerNumber> </uiuc>