<?xml version="1.0" encoding="UTF-8"?> <umb> <Course><Code>CS105</Code><SchedNum>261194</SchedNum><Sec>1</Sec><TitleCredits>Computer                          Concepts (3.0)</TitleCredits><Room>M-2-420</Room><Days>T Th</Days><Times>13:30-14:15</Times><Instructor>Krentel, Jonathan</Instructor></Course><Course><Code>CS105</Code><SchedNum>261201</SchedNum><Sec>2</Sec><TitleCredits>Computer                          Concepts (3.0)</TitleCredits><Room>S-2-066</Room><Days>T Th</Days><Times>16:00-17:15</Times><Instructor>Krentel, Jonathan</Instructor></Course><Course><Code>CS109</Code><SchedNum>.</SchedNum><Sec>1</Sec><TitleCredits>Computer Programming for Engineers (3.0)</TitleCredits><Room>.</Room><Days>.</Days><Times>(on-line)</Times><Instructor>Maulucci, Ruth</Instructor></Course><Course><Code>CS110</Code><SchedNum>261215</SchedNum><Sec>1</Sec><TitleCredits>JAVA Intro prog                          (4.0)</TitleCredits><Room>M-1-409</Room><Days>M W</Days><Times>19:00-20:15</Times><Instructor>Rodriguez,                          Gabriel</Instructor></Course><Course><Code>CS110</Code><SchedNum>261215</SchedNum><Sec>1d</Sec><TitleCredits>JAVA Intro prog                          (4.0)</TitleCredits><Room>HUL042</Room><Days>M</Days><Times>20:30-21:20</Times><Instructor>Staff</Instructor></Course><Course><Code>CS110</Code><SchedNum>261222</SchedNum><Sec>2</Sec><TitleCredits>JAVA Intro prog                          (4.0)</TitleCredits><Room>M-1-409</Room><Days>M W</Days><Times>19:00-20:15</Times><Instructor>Rodriguez,                          Gabriel</Instructor></Course><Course><Code>CS110</Code><SchedNum>261222</SchedNum><Sec>2d</Sec><TitleCredits>JAVA Intro prog                          (4.0)</TitleCredits><Room>HUL042</Room><Days>W</Days><Times>20:30-21:20</Times><Instructor>Staff</Instructor></Course><Course><Code>CS110</Code><SchedNum>261229</SchedNum><Sec>3</Sec><TitleCredits>JAVA Intro prog                          (4.0)</TitleCredits><Room>M-1-409</Room><Days>Tu Th</Days><Times>11:30-12:45</Times><Instructor>Bolker,                        Ethan</Instructor></Course><Course><Code>CS110</Code><SchedNum>261229</SchedNum><Sec>3d</Sec><TitleCredits>JAVA Intro prog                          (4.0)</TitleCredits><Room>HUL042</Room><Days>Tu</Days><Times>10:00-10:50</Times><Instructor>Staff</Instructor></Course><Course><Code>CS110</Code><SchedNum>261236</SchedNum><Sec>4</Sec><TitleCredits>JAVA Intro prog                          (4.0)</TitleCredits><Room>M-1-409</Room><Days>Tu Th</Days><Times>11:30-12:45</Times><Instructor>Bolker,                        Ethan</Instructor></Course><Course><Code>CS110</Code><SchedNum>261236</SchedNum><Sec>4d</Sec><TitleCredits>JAVA Intro prog                          (4.0)</TitleCredits><Room>HUL042</Room><Days>Th</Days><Times>10:00-10:50</Times><Instructor>Staff</Instructor></Course><Course><Code>CS110</Code><SchedNum>261243</SchedNum><Sec>5</Sec><TitleCredits>JAVA Intro prog                          (4.0)</TitleCredits><Room>M-1-409</Room><Days>Tu Th</Days><Times>11:30-12:45</Times><Instructor>Bolker,                        Ethan</Instructor></Course><Course><Code>CS110</Code><SchedNum>261243</SchedNum><Sec>5d</Sec><TitleCredits>JAVA Intro prog                          (4.0)</TitleCredits><Room>HUL042</Room><Days>Tu</Days><Times>13:00-13:50</Times><Instructor>Staff</Instructor></Course><Course><Code>CS119</Code><SchedNum>261264</SchedNum><Sec>1</Sec><TitleCredits>Computer Language Supplement (2.0)</TitleCredits><Room>.</Room><Days>.</Days><Times>.</Times><Instructor>Staff</Instructor></Course><Course><Code>CS210</Code><SchedNum>261278</SchedNum><Sec>1</Sec><TitleCredits>Inter Comput/JAVA                          (4.0)</TitleCredits><Room>M-1-207</Room><Days>M W</Days><Times>17:30-18:45</Times><Instructor>Cohen,                          Robert</Instructor></Course><Course><Code>CS240</Code><SchedNum>261299</SchedNum><Sec>1</Sec><TitleCredits>Programming                          in C (3.0)</TitleCredits><Room>S-1-006</Room><Days>M W</Days><Times>16:00-17:15</Times><Instructor>Wilson,                          Robert</Instructor></Course><Course><Code>CS240</Code><SchedNum>.</SchedNum><Sec>.</Sec><TitleCredits>Programming in C (3.0)</TitleCredits><Room>.</Room><Days>.</Days><Times>On-Line</Times><Instructor>Maulucci, Ruth</Instructor></Course><Course><Code>CS241</Code><SchedNum>261320</SchedNum><Sec>1</Sec><TitleCredits>CompOrganizationArchitecture                          (3.0)</TitleCredits><Room>M-1-608</Room><Days>M W</Days><Times>19:00-20:15</Times><Instructor>Wilson,                          Robert</Instructor></Course><Course><Code>CS241</Code><SchedNum>261320</SchedNum><Sec>1d</Sec><TitleCredits>CompOrganizationArchitecture                          (3.0)</TitleCredits><Room>S-2-064</Room><Days>M</Days><Times>17:30-18:45</Times><Instructor>Staff</Instructor></Course><Course><Code>CS241</Code><SchedNum>261327</SchedNum><Sec>2</Sec><TitleCredits>CompOrganizationArchitecture                          (3.0)</TitleCredits><Room>M-1-608</Room><Days>M W</Days><Times>19:00-20:15</Times><Instructor>Wilson,                          Robert</Instructor></Course><Course><Code>CS241</Code><SchedNum>261327</SchedNum><Sec>2d</Sec><TitleCredits>CompOrganizationArchitecture                          (3.0)</TitleCredits><Room>S-1-006</Room><Days>W</Days><Times>17:30-18:45</Times><Instructor>Staff</Instructor></Course><Course><Code>CS241</Code><SchedNum>261334</SchedNum><Sec>3</Sec><TitleCredits>CompOrganizationArchitecture                          (3.0)</TitleCredits><Room>M-1-608</Room><Days>M W</Days><Times>19:00-20:15</Times><Instructor>Wilson,                          Robert</Instructor></Course><Course><Code>CS241</Code><SchedNum>261334</SchedNum><Sec>3d</Sec><TitleCredits>CompOrganizationArchitecture                          (3.0)</TitleCredits><Room>S-1-006</Room><Days>W</Days><Times>20:30-21:45</Times><Instructor>Staff</Instructor></Course><Course><Code>CS310</Code><SchedNum>261369</SchedNum><Sec>1</Sec><TitleCredits>Advanced Algorithms                           Data Structures (3.0)</TitleCredits><Room>M-1-213</Room><Days>Tu Th</Days><Times>19:00-20:15</Times><Instructor>Mayer, John</Instructor></Course><Course><Code>CS                          L320</Code><SchedNum>281179</SchedNum><Sec>1</Sec><TitleCredits>Applied Discrete Mathematics (3.0)</TitleCredits><Room>W-1-047</Room><Days>Tu Th</Days><Times>16:00-17:15</Times><Instructor>Newman,                          Kenneth</Instructor></Course><Course><Code>CS410</Code><SchedNum>261397</SchedNum><Sec>1</Sec><TitleCredits>Intro to                          Software Engineering (3.0)</TitleCredits><Room>M-1-428</Room><Days>M W</Days><Times>16:00-17:15</Times><Instructor>Pomplun,                          Marc</Instructor></Course><Course><Code>CS420</Code><SchedNum>274655</SchedNum><Sec>1</Sec><TitleCredits>Introduction to                          Theory of Computation (3.0)</TitleCredits><Room>W-1-004</Room><Days>M W</Days><Times>17:30-18:45</Times><Instructor>Fejer,                          Peter</Instructor></Course><Course><Code>CS430</Code><SchedNum>261425</SchedNum><Sec>1</Sec><TitleCredits>Database Management                          (3.0)</TitleCredits><Room>M-3-407</Room><Days>M W</Days><Times>16:00-17:15</Times><Instructor>O&apos;Neil,                          Patrick</Instructor></Course><Course><Code>CS444</Code><SchedNum>281634</SchedNum><Sec>1</Sec><TitleCredits>Intro to Operating                          Systems (3.0)</TitleCredits><Room>W-1-041</Room><Days>Tu Th</Days><Times>16:00-17:15</Times><Instructor>O&apos;Neil,                          Elizabeth</Instructor></Course><Course><Code>CS445</Code><SchedNum>261439</SchedNum><Sec>1</Sec><TitleCredits>Real Time Systems                          (3.0)</TitleCredits><Room>S-2-063</Room><Days>M W</Days><Times>20:30-21:45</Times><Instructor>Cheung, Ron</Instructor></Course><Course><Code>CS446</Code><SchedNum>274669</SchedNum><Sec>1</Sec><TitleCredits>Intro                          to Internetworking(3.0)</TitleCredits><Room>W-1-009</Room><Days>Tu Th</Days><Times>19:00-20:15</Times><Instructor>Hinnawi, Nabil</Instructor></Course><Course><Code>CS450</Code><SchedNum>261453</SchedNum><Sec>1</Sec><TitleCredits>Higher Level Lang. (3.0)</TitleCredits><Room>M-1-614</Room><Days>Tu Th</Days><Times>19:00-20:15</Times><Instructor>Robertson, Paul</Instructor></Course><Course><Code>CS451</Code><SchedNum>261467</SchedNum><Sec>1</Sec><TitleCredits>Compilers I                          (3.0)</TitleCredits><Room>S-2-064</Room><Days>Tu Th</Days><Times>17:30-18:45</Times><Instructor>Carl                          Offner</Instructor></Course><Course><Code>CS470</Code><SchedNum>261481</SchedNum><Sec>1</Sec><TitleCredits>Intro.                          Artificial Intelligence (3.0)</TitleCredits><Room>M-1-619</Room><Days>M W</Days><Times>19:00-20:15</Times><Instructor>Pomplun,                          Marc</Instructor></Course><Course><Code>CS485</Code><SchedNum>274683</SchedNum><Sec>1</Sec><TitleCredits>Social Issues in CS (3.0)</TitleCredits><Room>S-2-062</Room><Days>M W</Days><Times>16:00-17:15</Times><Instructor>Robins, Edward</Instructor></Course><Course><Code>CS615</Code><SchedNum>205145</SchedNum><Sec>1</Sec><TitleCredits>User Interface Design (3.0)</TitleCredits><Room>M-1-617</Room><Days>Tu Th</Days><Times>19:00-20:15</Times><Instructor>Spitz, Gabriel</Instructor></Course><Course><Code>CS622</Code><SchedNum>274697</SchedNum><Sec>1</Sec><TitleCredits>Theory of Formal                          Language (3.0)</TitleCredits><Room>S-2-062</Room><Days>Tu Th</Days><Times>16:00-17:15</Times><Instructor>Simovici,                          Dan</Instructor></Course><Course><Code>CS630</Code><SchedNum>205159</SchedNum><Sec>1</Sec><TitleCredits>Database Management                          (3.0)</TitleCredits><Room>M-3-407</Room><Days>M W</Days><Times>16:00-17:15</Times><Instructor>O&apos;Neil,                          Patrick</Instructor></Course><Course><Code>CS634</Code><SchedNum>205173</SchedNum><Sec>1</Sec><TitleCredits>Architecture of                          Database (3.0)</TitleCredits><Room>M-1-207</Room><Days>M W</Days><Times>19:00-20:15</Times><Instructor>O&apos;Neil,                          Patrick</Instructor></Course><Course><Code>CS644</Code><SchedNum>205201</SchedNum><Sec>1</Sec><TitleCredits>Operating Systems                          (3.0)</TitleCredits><Room>W-1-058</Room><Days>Tu Th</Days><Times>17:30-18:45</Times><Instructor>O&apos;Neil,                          Elizabeth</Instructor></Course><Course><Code>CS651</Code><SchedNum>274711</SchedNum><Sec>1</Sec><TitleCredits>Compilers I                          (3.0)</TitleCredits><Room>S-2-064</Room><Days>Tu Th</Days><Times>17:30-18:45</Times><Instructor>Carl                          Offner</Instructor></Course><Course><Code>CS670</Code><SchedNum>205229</SchedNum><Sec>1</Sec><TitleCredits>Artificial                          Intelligence (3.0)</TitleCredits><Room>M-1-619</Room><Days>M W</Days><Times>19:00-20:15</Times><Instructor>Pomplun,                          Marc</Instructor></Course><Course><Code>CS680</Code><SchedNum>205243</SchedNum><Sec>1</Sec><TitleCredits>Obj. Orient                          Dsgn  Prgm (3.0)</TitleCredits><Room>M-2-415</Room><Days>M W</Days><Times>17:30-18:45</Times><Instructor>Weiss,                          Michael</Instructor></Course><Course><Code>CS680</Code><SchedNum>205250</SchedNum><Sec>2</Sec><TitleCredits>Obj. Orient                          Dsgn  Prgm (3.0)</TitleCredits><Room>W-1-063</Room><Days>Tu Th</Days><Times>16:00-17:15</Times><Instructor>Weiss,                          Michael</Instructor></Course><Course><Code>CS683</Code><SchedNum>205264</SchedNum><Sec>1</Sec><TitleCredits>Obj. Orient Software Development (3.0)</TitleCredits><Room>S-2-062</Room><Days>M W</Days><Times>19:00-20:15</Times><Instructor>Weiss,                          Michael</Instructor></Course><Course><Code>CS683</Code><SchedNum>205271</SchedNum><Sec>2</Sec><TitleCredits>Obj. Orient                          Software Development (3.0)</TitleCredits><Room>M-1-619</Room><Days>M W</Days><Times>17:30-18:45</Times><Instructor>Cambell,                          William</Instructor></Course><Course><Code>CS683</Code><SchedNum>205278</SchedNum><Sec>3</Sec><TitleCredits>Obj. Orient Software Development (3.0)</TitleCredits><Room>M-2-420</Room><Days>Tu Th</Days><Times>14:30-15:45</Times><Instructor>Bolker, Ethan</Instructor></Course><Course><Code>CS697</Code><SchedNum>281060</SchedNum><Sec>1</Sec><TitleCredits>Special                          Topics: Wireless Networking (3.0)</TitleCredits><Room>S-2-062</Room><Days>Tu Th</Days><Times>20:30-21:45</Times><Instructor>Nabil                Hinnawi</Instructor></Course> </umb>