<?xml version="1.0" encoding="UTF-8"?> <umd> <Course><Code>CMSC102</Code><CourseName>Introduction to Information Technology;</CourseName><Credits>(3              credits)</Credits><GradeMethod>REG/P-F/AUD.</GradeMethod><Section><Title>0101(13434)</Title><Time>TuTh......12:30pm- 1:45pm (CSI                  1115)</Time></Section><Section><Title>0201(13435)</Title><Time>TuTh...... 2:00pm- 3:15pm (CSI                  1115)</Time></Section><Section><Title>0301(13436)</Title><Time>TuTh...... 3:30pm- 4:45pm (CSI                  1115)</Time></Section></Course><Course><Code>CMSC114</Code><CourseName>Computer Science I;</CourseName><Credits>(4 credits)</Credits><GradeMethod>REG/P-F/AUD.</GradeMethod><Section><Title>0101(13446) Emad, F. (FULL: Seats=25, Open=0, Waitlist=0)</Title><Time>MWF.......11:00am-11:50am (CSI                  3117)                  MW........ 4:00pm- 4:50pm (CSI                  2107) Lab</Time></Section><Section><Title>0102(13447) Emad, F. (FULL: Seats=25, Open=0, Waitlist=0)</Title><Time>MWF.......11:00am-11:50am (CSI                  3117)                  MW........ 5:00pm- 5:50pm (CSI                  2107) Lab</Time></Section><Section><Title>0201(13448) Maybury, J. (FULL: Seats=25, Open=0, Waitlist=0)</Title><Time>MWF....... 1:00pm- 1:50pm (CSI                  2117)                  MW........ 4:00pm- 4:50pm (CSI                  2118) Lab</Time></Section><Section><Title>0203(13452) Maybury, J. (Seats=30, Open=2, Waitlist=0)</Title><Time>MWF....... 1:00pm- 1:50pm (CSI                  2117)                  MW........ 4:00pm- 4:50pm (CSI                  3120) Dis</Time></Section><Section><Title>0101(13461) Bederson, B. (FULL: Seats=25, Open=0,                  Waitlist=0)</Title><Time>MWF.......11:00am-11:50am (CSI                  1115)                  MW........12:00pm-12:50pm (CSI                  1121) Dis</Time></Section><Section><Title>0102(13462) Bederson, B. (FULL: Seats=25, Open=0,                  Waitlist=0)</Title><Time>MWF.......11:00am-11:50am (CSI                  1115)                  MW........ 1:00pm- 1:50pm (CSI                  1121) Dis</Time></Section><Section><Title>0103(13463) Bederson, B. (FULL: Seats=25, Open=0,                  Waitlist=0)</Title><Time>MWF.......11:00am-11:50am (CSI                  1115)                  MW........12:00pm-12:50pm (CSI                  2107) Dis</Time></Section><Section><Title>0201(13464) Padua-Perez, N. (FULL: Seats=25, Open=0,                  Waitlist=0)</Title><Time>MWF....... 2:00pm- 2:50pm (CSI                  1115)                  MW........12:00pm-12:50pm (CSI                  2120) Dis</Time></Section><Section><Title>0301(13465) Padua-Perez, N. (FULL: Seats=25, Open=0,                  Waitlist=0)</Title><Time>MWF....... 2:00pm- 2:50pm (CSI                  1115)                  MW........ 1:00pm- 1:50pm (CSI                  2120) Dis</Time></Section><Section><Title>0401(13466) Padua-Perez, N. (FULL: Seats=25, Open=0,                  Waitlist=0)</Title><Time>MWF....... 2:00pm- 2:50pm (CSI                  1115)                  MW........ 1:00pm- 1:50pm (CSI                  2107) Dis</Time></Section><Section><Title>0101(13477) Tjaden, B. (FULL: Seats=25, Open=0, Waitlist=0)</Title><Time>MWF.......10:00am-10:50am (CSI                  2117)                  MW........ 8:00am- 8:50am (CSI                  2107) Lab</Time></Section><Section><Title>0102(13478) Tjaden, B. (FULL: Seats=25, Open=0, Waitlist=0)</Title><Time>MWF.......10:00am-10:50am (CSI                  2117)                  MW........ 9:00am- 9:50am (CSI                  2107) Lab</Time></Section><Section><Title>0201(13479) Tjaden, B. (Seats=25, Open=6, Waitlist=0)</Title><Time>MWF.......11:00am-11:50am (CSI                  2117)                  MW........ 8:00am- 8:50am (CSI                  2120) Lab</Time></Section><Section><Title>0202(13480) Tjaden, B. (FULL: Seats=25, Open=0, Waitlist=0)</Title><Time>MWF.......11:00am-11:50am (CSI                  2117)                  MW........ 9:00am- 9:50am (CSI                  2120) Lab</Time></Section><Section><Title>0301(13481) Tjaden, B. (FULL: Seats=25, Open=0, Waitlist=0)</Title><Time>MWF.......12:00pm-12:50pm (CSI                  2117)                  MW........ 8:00am- 8:50am (CSI                  3120) Lab</Time></Section><Section><Title>0302(13482) Tjaden, B. (FULL: Seats=25, Open=0, Waitlist=0)</Title><Time>MWF.......12:00pm-12:50pm (CSI                  2117)                  MW........ 9:00am- 9:50am (CSI                  3120) Lab</Time></Section><Section><Title>0101(13492)</Title><Time>TuTh...... 9:30am-10:45am (CSI                  1115)                  MW........10:00am-10:50am (CSI                  1121) Dis</Time></Section><Section><Title>0102(13493)</Title><Time>TuTh...... 9:30am-10:45am (CSI                  1115)                  MW........11:00am-11:50am (CSI                  1121) Dis</Time></Section><Section><Title>0201(13494)</Title><Time>TuTh......11:00am-12:15pm (CSI                  1115)                  MW........10:00am-10:50am (CSI                  2107) Dis</Time></Section><Section><Title>0202(13495)</Title><Time>TuTh......11:00am-12:15pm (CSI                  1115)                  MW........11:00am-11:50am (CSI                  2107) Dis</Time></Section></Course><Course><Code>CMSC311</Code><CourseName>Computer              Organization;</CourseName><Credits>(3 credits)</Credits><GradeMethod>REG.</GradeMethod><Section><Title>0101(13580) Arbaugh, W. (Seats=60, Open=14, Waitlist=0)</Title><Time>TuTh...... 9:30am-10:45am (CSI                  3117)</Time></Section><Section><Title>0201(13581) Arbaugh, W. (FULL: Seats=60, Open=0, Waitlist=0)</Title><Time>TuTh......11:00am-12:15pm (CSI                  3117)</Time></Section></Course><Course><Code>CMSC330</Code><CourseName>Organization of              Programming Languages;</CourseName><Credits>(3 credits)</Credits><GradeMethod>REG.</GradeMethod><Section><Title>0101(13591) Herman, L. (FULL: Seats=25, Open=0, Waitlist=0)</Title><Time>MW........10:00am-10:50am (CSI                  3117)                  MW........ 2:00pm- 2:50pm (CSI                  2107) Lab</Time></Section><Section><Title>0102(13592) Herman, L. (Seats=25, Open=8, Waitlist=0)</Title><Time>MW........10:00am-10:50am (CSI                  3117)                  MW........ 3:00pm- 3:50pm (CSI                  2107) Lab</Time></Section><Section><Title>0201(13593) Herman, L. (FULL: Seats=25, Open=0, Waitlist=0)</Title><Time>MW........12:00pm-12:50pm (CSI                  1115)                  MW........ 2:00pm- 2:50pm (CSI                  2120) Lab</Time></Section><Section><Title>0202(13594) Herman, L. (FULL: Seats=25, Open=0, Waitlist=0)</Title><Time>MW........12:00pm-12:50pm (CSI                  1115)                  MW........ 3:00pm- 3:50pm (CSI                  2120) Lab</Time></Section><Section><Title>0301(13595) Herman, L. (FULL: Seats=25, Open=0, Waitlist=0)</Title><Time>MW........ 1:00pm- 1:50pm (CSI                  1115)                  MW........ 2:00pm- 2:50pm (CSI                  3120) Lab</Time></Section><Section><Title>0302(13596) Herman, L. (FULL: Seats=25, Open=0, Waitlist=0)</Title><Time>MW........ 1:00pm- 1:50pm (CSI                  1115)                  MW........ 3:00pm- 3:50pm (CSI                  3120) Lab</Time></Section><Section><Title>0101(13606)</Title><Time>TuTh...... 3:30pm- 4:45pm (CSI                  1121)</Time></Section><Section><Title>0201(13607) Emad, F. (FULL: Seats=50, Open=0, Waitlist=0)</Title><Time>MWF....... 2:00pm- 2:50pm (CSI                  3117)</Time></Section><Section><Title>0301(13608) Emad, F. (FULL: Seats=60, Open=0, Waitlist=0)</Title><Time>MWF....... 3:00pm- 3:50pm (CSI                  3117)</Time></Section></Course><Course><Code>CMSC390</Code><CourseName>Honors Paper;</CourseName><Credits>(3              credits)</Credits><GradeMethod>REG. Individual Instruction course:              contact department or instructor to obtain section number.</GradeMethod></Course><Course><Code>CMSC411</Code><CourseName>Computer Systems Architecture;</CourseName><Credits>(3              credits)</Credits><GradeMethod>REG.</GradeMethod><Section><Title>0101(13679)</Title><Time>TuTh......12:30pm- 1:45pm (CSI                  1121)</Time></Section><Section><Title>0201(13680)</Title><Time>MW........ 3:30pm- 4:45pm (CSI                  1122)</Time></Section></Course><Course><Code>CMSC412</Code><CourseName>Operating Systems;</CourseName><Credits>(4 credits)</Credits><GradeMethod>REG. CORE Capstone (CS) Course.</GradeMethod><Section><Title>0101(13690)</Title><Time>TuTh......12:30pm- 1:45pm (CSI                  1122)                  MW........10:00am-10:50am (CSI                  2120) Lab</Time></Section><Section><Title>0102(13691)</Title><Time>TuTh......12:30pm- 1:45pm (CSI                  1122)                  MW........11:00am-11:50am (CSI                  2120) Lab</Time></Section><Section><Title>0201(13692)</Title><Time>TuTh...... 9:30am-10:45am (CSI                  1121)                  MW........10:00am-10:50am (CSI                  3120) Lab</Time></Section><Section><Title>0202(13693)</Title><Time>TuTh...... 9:30am-10:45am (CSI                  1121)                  MW........11:00am-11:50am (CSI                  3120) Lab</Time></Section><Section><Title>0101(13703)</Title><Time>TuTh......12:30pm- 1:45pm (CSI                  2117)</Time></Section></Course><Course><Code>CMSC420</Code><CourseName>Data Structures;</CourseName><Credits>(3 credits)</Credits><GradeMethod>REG.</GradeMethod><Section><Title>0101(13713)</Title><Time>TuTh...... 2:00pm- 3:15pm (CSI                  2117)</Time></Section><Section><Title>0201(13714)</Title><Time>TuTh...... 3:30pm- 4:45pm (CSI                  2117)</Time></Section></Course><Course><Code>CMSC421</Code><CourseName>Introduction to Artificial              Intelligence;</CourseName><Credits>(3 credits)</Credits><GradeMethod>REG.</GradeMethod><Section><Title>0101(13724)</Title><Time>TuTh...... 2:00pm- 3:15pm (CSI                  1122)</Time></Section></Course><Course><Code>CMSC424</Code><CourseName>Database Design;</CourseName><Credits>(3 credits)</Credits><GradeMethod>REG. CORE Capstone (CS) Course.</GradeMethod><Section><Title>0101(13734)</Title><Time>TuTh......11:00am-12:15pm (CSI                  1121)</Time></Section><Section><Title>0201(13735) Shapiro, B. (Seats=50, Open=6, Waitlist=0)</Title><Time>Tu........ 6:30pm- 9:00pm (CSI                  2117)</Time></Section></Course><Course><Code>CMSC426</Code><CourseName>Image Processing;</CourseName><Credits>(3 credits)</Credits><GradeMethod>REG.</GradeMethod><Section><Title>0101(13744) Jacobs, D. (Seats=50, Open=15, Waitlist=0)</Title><Time>TuTh......11:00am-12:15pm (CSI                  1122)</Time></Section></Course><Course><Code>CMSC427</Code><CourseName>Computer Graphics;</CourseName><Credits>(3 credits)</Credits><GradeMethod>REG.</GradeMethod><Section><Title>0101(13754)</Title><Time>TuTh...... 2:00pm- 3:15pm (CSI                  3117)</Time></Section></Course><Course><Code>CMSC430</Code><CourseName>Theory of Language Translation;</CourseName><Credits>(3              credits)</Credits><GradeMethod>REG.</GradeMethod><Section><Title>0101(13764)</Title><Time>TuTh......11:00am-12:15pm (CSI                  2117)</Time></Section></Course><Course><Code>CMSC433</Code><CourseName>Programming Language Technologies and              Paradigms;</CourseName><Credits>(3 credits)</Credits><GradeMethod>REG.</GradeMethod><Section><Title>0101(13774)</Title><Time>TuTh...... 3:30pm- 4:45pm (CSI                  3117)</Time></Section></Course><Course><Code>CMSC434</Code><CourseName>Introduction to Human-Computer              Interaction;</CourseName><Credits>(3 credits)</Credits><GradeMethod>REG.</GradeMethod><Section><Title>0101(13784)</Title><Time>TuTh...... 9:30am-10:45am (CSI                  1122)</Time></Section><Section><Title>0201(13785)</Title><Time>MW........ 2:00pm- 3:15pm (CSI                  1122)</Time></Section></Course><Course><Code>CMSC435</Code><CourseName>Software Engineering;</CourseName><Credits>(3              credits)</Credits><GradeMethod>REG. CORE Capstone (CS) Course.</GradeMethod><Section><Title>0101(13795)</Title><Time>TuTh...... 2:00pm- 3:15pm (CSI                  1121)</Time></Section><Section><Title>0201(13796) Memon, A. (Seats=40, Open=2, Waitlist=0)</Title><Time>TuTh...... 9:30am-10:45am (CSI                  2107)</Time></Section><Section><Title>0301(13797)</Title><Time>TuTh......11:00am-12:15pm (CSI                  2120)</Time></Section></Course><Course><Code>CMSC450</Code><CourseName>Logic for Computer Science;</CourseName><Credits>(3              credits)</Credits><GradeMethod>REG.</GradeMethod><Section><Title>0101(13806) Lopez-Escobar, E. (Seats=25, Open=3, Waitlist=0)</Title><Time>MWF....... 2:00pm- 2:50pm (MTH                  0405)</Time></Section></Course><Course><Code>CMSC451</Code><CourseName>Design and Analysis of Computer              Algorithms;</CourseName><Credits>(3 credits)</Credits><GradeMethod>REG.</GradeMethod><Section><Title>0101(13816) Srinivasan, A. (Seats=50, Open=18, Waitlist=0)</Title><Time>TuTh......12:30pm- 1:45pm (CSI                  3117)</Time></Section></Course><Course><Code>CMSC456</Code><CourseName>Cryptology;</CourseName><Credits>(3 credits)</Credits><Section><Title>0101(13826)</Title><Time>MWF.......10:00am-10:50am (MTH                  B0421)</Time></Section><Section><Title>0201(13827) Washington, L. (FULL: Seats=45, Open=0,                  Waitlist=0)</Title><Time>MWF....... 1:00pm- 1:50pm (MTH                  B0421)</Time></Section></Course><Course><Code>CMSC460</Code><CourseName>Computational Methods;</CourseName><Credits>(3              credits)</Credits><GradeMethod>REG.</GradeMethod><Section><Title>0101(13837) Wolfe, P. (Seats=22, Open=3, Waitlist=0)</Title><Time>MWF....... 9:00am- 9:50am (MTH                  0304)</Time></Section><Section><Title>0201(13838)</Title><Time>TuTh...... 2:00pm- 3:15pm (MTH                  0101)</Time></Section></Course><Course><Code>CMSC466</Code><CourseName>Introduction to Numerical Analysis I;</CourseName><Credits>(3 credits)</Credits><GradeMethod>REG.</GradeMethod><Section><Title>0101(13848) Cooper, J. (FULL: Seats=25, Open=0, Waitlist=0)</Title><Time>MWF....... 1:00pm- 1:50pm (MTH                  0403)</Time></Section></Course><Course><Code>CMSC475</Code><CourseName>Combinatorics and Graph Theory;</CourseName><Credits>(3              credits)</Credits><GradeMethod>REG.</GradeMethod><Section><Title>0101(13858) Healy, D. (Seats=27, Open=7, Waitlist=0)</Title><Time>TuTh...... 9:30am-10:45am (MTH                  0306)</Time></Section></Course><Course><Code>CMSC498A</Code><CourseName>Special Problems in              Computer Science;</CourseName><Credits>(1-3 credits)</Credits><GradeMethod>REG.              Individual Instruction course: contact department or instructor to              obtain section number.</GradeMethod><Section><Title>0101(14750)</Title><Time>Time and room to be arranged</Time></Section></Course><Course><Code>CMSC498W</Code><CourseName>Special Problems in Computer Science:              Semantic Web;</CourseName><Credits>(3 credits)</Credits><GradeMethod>REG.</GradeMethod><Section><Title>0101(13929)</Title><Time>MW........ 2:00pm- 3:15pm (CSI                  1121)</Time></Section></Course><Course><Code>CMSC598</Code><CourseName>Practical Training;</CourseName><Credits>(1 credit)</Credits><GradeMethod>S-F. Individual Instruction course:              contact department or instructor to obtain section number.</GradeMethod></Course><Course><Code>CMSC661</Code><CourseName>Scientific Computing II;</CourseName><Credits>(3              credits)</Credits><GradeMethod>REG.</GradeMethod><Section><Title>0101(14001)</Title><Time>TuTh......11:00am-12:15pm (CSI                  3118)</Time></Section></Course><Course><Code>CMSC664</Code><CourseName>Advanced Scientific Computing II;</CourseName><Credits>(3 credits)</Credits><GradeMethod>REG.</GradeMethod><Section><Title>0101(14011)</Title><Time>TuTh...... 2:00pm- 3:15pm (MTH                  1308)</Time></Section></Course><Course><Code>CMSC666</Code><CourseName>Numerical Analysis I;</CourseName><Credits>(3              credits)</Credits><GradeMethod>REG/AUD.</GradeMethod><Section><Title>0101(14021) Osborn, J. (Seats=30, Open=19, Waitlist=0)</Title><Time>TuTh...... 9:30am-10:45am (MTH                  0303)</Time></Section></Course><Course><Code>CMSC667</Code><CourseName>Numerical Analysis II;</CourseName><Credits>(3              credits)</Credits><GradeMethod>REG/AUD.</GradeMethod><Section><Title>0101(14031) Liu, J. (Seats=25, Open=17, Waitlist=0)</Title><Time>TuTh...... 9:30am-10:45am (MTH                  0307)</Time></Section></Course><Course><Code>CMSC711</Code><CourseName>Computer Networks;</CourseName><Credits>(3 credits)</Credits><GradeMethod>REG/AUD.</GradeMethod><Section><Title>0101(14041) Bhattacharjee, S. (FULL: Seats=20, Open=0,                  Waitlist=0)</Title><Time>TuTh...... 2:00pm- 3:15pm (CSI                  2120)</Time></Section></Course><Course><Code>CMSC723</Code><CourseName>Natural Language Processing;</CourseName><Credits>(3              credits)</Credits><GradeMethod>REG/AUD.</GradeMethod><Section><Title>0101(14051)</Title><Time>W......... 4:00pm- 6:30pm (CSI                  3118)</Time></Section></Course><Course><Code>CMSC724</Code><CourseName>Database Management Systems;</CourseName><Credits>(3              credits)</Credits><GradeMethod>REG/AUD.</GradeMethod><Section><Title>0101(14061)</Title><Time>TuTh......11:00am-12:15pm (CSI                  2118)</Time></Section></Course><Course><Code>CMSC726</Code><CourseName>Machine Learning;</CourseName><Credits>(3 credits)</Credits><GradeMethod>REG/AUD.</GradeMethod><Section><Title>0101(14071) Getoor, L. (Seats=40, Open=9, Waitlist=0)</Title><Time>TuTh......12:30pm- 1:45pm (CSI                  2120)</Time></Section></Course><Course><Code>CMSC733</Code><CourseName>Computer Processing of Pictorial              Information;</CourseName><Credits>(3 credits)</Credits><GradeMethod>REG/AUD.</GradeMethod><Section><Title>0101(14737) Aloimonos, J. (Seats=20, Open=4, Waitlist=0)</Title><Time>TuTh......12:30pm- 1:45pm (CSI                  3118)</Time></Section></Course><Course><Code>CMSC740</Code><CourseName>Advanced Computer Graphics;</CourseName><Credits>(3              credits)</Credits><GradeMethod>REG/AUD.</GradeMethod><Section><Title>0101(14072) Varshney, A. (Seats=30, Open=2, Waitlist=0)</Title><Time>TuTh...... 3:30pm- 4:45pm (CSI                  1122)</Time></Section></Course><Course><Code>CMSC751</Code><CourseName>Parallel Algorithms;</CourseName><Credits>(3              credits)</Credits><GradeMethod>REG/AUD.</GradeMethod><Section><Title>0101(59774)</Title><Time>MW........11:00am-12:15pm (CSI                  3118)</Time></Section></Course><Course><Code>CMSC798</Code><CourseName>Graduate Seminar in              Computer Science;</CourseName><Credits>(1-3 credits)</Credits><GradeMethod>REG/AUD.              Individual Instruction course: contact department or instructor to              obtain section number.</GradeMethod></Course><Course><Code>CMSC799</Code><CourseName>Master&apos;s Thesis              Research;</CourseName><Credits>(1-6 credits)</Credits><GradeMethod>REG/S-F. Individual              Instruction course: contact department or instructor to obtain              section number.</GradeMethod></Course><Course><Code>CMSC818S</Code><CourseName>Advanced Topics in Computer Systems: Grid              Computing;</CourseName><Credits>(3 credits)</Credits><GradeMethod>REG/AUD.</GradeMethod><Section><Title>0101(14327) Sussman, A. (Seats=30, Open=18, Waitlist=0)</Title><Time>TuTh...... 2:00pm- 3:15pm (CSI                  2107)</Time></Section></Course><Course><Code>CMSC828A</Code><CourseName>Advanced Topics in              Information Processing;</CourseName><Credits>(1-3 credits)</Credits><GradeMethod>REG/AUD. Individual Instruction course: contact department or              instructor to obtain section number.</GradeMethod></Course><Course><Code>CMSC828C</Code><CourseName>Advanced Topics in Information              Processing: Human Factors in Computer and Information Systems;</CourseName><Credits>(3 credits)</Credits><GradeMethod>REG.</GradeMethod><Section><Title>0101(59745)</Title><Time>TuTh...... 9:30am-10:45am (CSI                  1122)</Time></Section></Course><Course><Code>CMSC828O</Code><CourseName>Advanced Topics in Information              Processing;</CourseName><Credits>(3 credits)</Credits><GradeMethod>REG/AUD.</GradeMethod><Section><Title>0101(59761)</Title><Time>M......... 5:30pm- 8:15pm (EGR                  3140)</Time></Section></Course><Course><Code>CMSC828R</Code><CourseName>Advanced Topics in Information              Processing: Medical Image Processing and Understanding;</CourseName><Credits>(3              credits)</Credits><GradeMethod>REG/AUD.</GradeMethod><Section><Title>0101(59764) Chellappa, R. (Seats=30, Open=15, Waitlist=0)</Title><Time>MW........11:00am-12:15pm (CSI                  2118)</Time></Section></Course><Course><Code>CMSC838A</Code><CourseName>Advanced Topics in              Programming Languages;</CourseName><Credits>(1-3 credits)</Credits><GradeMethod>REG/AUD. Individual Instruction course: contact department or              instructor to obtain section number.</GradeMethod></Course><Course><Code>CMSC838G</Code><CourseName>Advanced Topics in Programming Languages:              New Devices for New Interactions;</CourseName><Credits>(3 credits)</Credits><Section><Title>0101(14469) Guimbretiere, F. (Seats=20, Open=15, Waitlist=0)</Title><Time>TuTh...... 3:30pm- 4:45pm (CSI                  2107)</Time></Section></Course><Course><Code>CMSC838I</Code><CourseName>Advanced Topics in Programming Languages:              HOW TO DO RESEARCH;</CourseName><Credits>(1 credit)</Credits><GradeMethod>REG/AUD.</GradeMethod><Section><Title>0101(14479)</Title><Time>M......... 4:00pm- 4:50pm (CSI                  2120)</Time></Section></Course><Course><Code>CMSC838P</Code><CourseName>Advanced Topics in Programming Languages:              Software Engineering: Remote Analysis and Measurement of Software              Systems;</CourseName><Credits>(3 credits)</Credits><GradeMethod>REG/AUD.</GradeMethod><Section><Title>0101(14489)</Title><Time>TuTh...... 9:30am-10:45am (CSI                  2120)</Time></Section></Course><Course><Code>CMSC838T</Code><CourseName>Advanced Topics in Programming Languages:              Systems Software for High Performance Computing, Emphasis on              Bioinformatic Applications;</CourseName><Credits>(3 credits)</Credits><GradeMethod>REG/AUD.</GradeMethod><Section><Title>0101(14499)</Title><Time>TuTh......12:30pm- 1:45pm (CSI                  2107)</Time></Section></Course><Course><Code>CMSC838Z</Code><CourseName>Advanced Topics in Programming              Languages;</CourseName><Credits>(3 credits)</Credits><GradeMethod>REG/AUD.</GradeMethod><Section><Title>0101(14509)</Title><Time>TuTh...... 3:30pm- 4:45pm (CSI                  2120)</Time></Section></Course><Course><Code>CMSC858A</Code><CourseName>Advanced Topics in              Theory of Computing;</CourseName><Credits>(1-3 credits)</Credits><GradeMethod>REG/AUD.              Individual Instruction course: contact department or instructor to              obtain section number.</GradeMethod><Section><Title>0101(14591)</Title><Time>MWF....... 1:00pm- 1:50pm (CSI                  2118)</Time></Section></Course><Course><Code>CMSC858K</Code><CourseName>Advanced Topics in Theory of Computing:              Advanced Topics in Cryptography;</CourseName><Credits>(3 credits)</Credits><Section><Title>0101(14601) Katz, J. (Seats=30, Open=9, Waitlist=0)</Title><Time>TuTh...... 9:30am-10:45am (CSI                  3120)</Time></Section></Course><Course><Code>CMSC878A</Code><CourseName>Advanced Topics in              Numerical Methods;</CourseName><Credits>(1-3 credits)</Credits><GradeMethod>REG/AUD.              Individual Instruction course: contact department or instructor to              obtain section number.</GradeMethod></Course> </umd>