<?xml version="1.0" encoding="UTF-8"?> <unsw> <Course CourseID="BINF4920" Section="8010"><Title>Professional Issues and Ethics for Bioinformatics</Title><Day>F</Day><Time>12-2</Time><Room>QUAD G025</Room><Instructor>Bruno        Gaeta</Instructor></Course><Course CourseID="COMP1011" Section="4077"><Title>Computing 1A (Lec 1 of 3)</Title><Day>W</Day><Time>1-2</Time><Room>KBT</Room><Instructor>Tim        Lambert</Instructor></Course><Course CourseID="COMP1011" Section="4077"><Title>Computing 1A (Lec 2 of 3)</Title><Day>TH</Day><Time>1-2</Time><Room>MAT A</Room><Instructor>Tim        Lambert</Instructor></Course><Course CourseID="COMP1011" Section="4077"><Title>Computing 1A (Lec 3 of 3)</Title><Day>F</Day><Time>12-1</Time><Room>EE LG1</Room><Instructor>Tim        Lambert</Instructor></Course><Course CourseID="COMP1021" Section="4104"><Title>Computing 1B (Lec 1 of 2)</Title><Day>W</Day><Time>2-4</Time><Room>Science Th</Room><Instructor>Peter        Ho</Instructor></Course><Course CourseID="COMP1021" Section="4104"><Title>Computing 1B (Lec 2 of 2)</Title><Day>F</Day><Time>11-12</Time><Room>Physics Th</Room><Instructor>Peter        Ho</Instructor></Course><Course CourseID="COMP1081" Section="4066"><Title>Harnessing the Power of IT (Compulsory) (Non-Computing Major Only)</Title><Day>T</Day><Time>3-4</Time><Room>EE LG1</Room><Instructor>Ashesh        Mahidadia</Instructor></Course><Course CourseID="COMP1081" Section="4066"><Title>Harnessing the Power of IT (Compulsory) (Non-Computing Major Only)</Title><Day>TH</Day><Time>9-10</Time><Room>MAT A</Room><Instructor>Ashesh        Mahidadia</Instructor></Course><Course CourseID="COMP1081" Section="4066"><Title>Harnessing the Power of IT (Optional) (Non-Computing Major Only)</Title><Day>F</Day><Time>3-4</Time><Room>EE LG1</Room><Instructor>Ashesh        Mahidadia</Instructor></Course><Course CourseID="COMP1091" Section="4124"><Title>Solving Problems with Software and Tools (Lec 1 of 2)        (Non-Computing Major Only)</Title><Day>M</Day><Time>12-1</Time><Room>CLB 2</Room><Instructor>Geoff        Whale</Instructor></Course><Course CourseID="COMP1091" Section="4124"><Title>Solving Problems with Software and Tools (Lec 2 of 2)        (Non-Computing Major Only)</Title><Day>TH</Day><Time>9-11</Time><Room>CLB 5</Room><Instructor>Geoff        Whale</Instructor></Course><Course CourseID="COMP1711" Section="4131"><Title>Higher Computing 1A (Lec 1 of 3)</Title><Day>W</Day><Time>1-2</Time><Room>EE LG1</Room><Instructor>Richard        Buckland</Instructor></Course><Course CourseID="COMP1711" Section="4131"><Title>Higher Computing 1A (Lec 2 of 3)</Title><Day>TH</Day><Time>11-12</Time><Room>EE LG1</Room><Instructor>Richard        Buckland</Instructor></Course><Course CourseID="COMP1711" Section="4131"><Title>Higher Computing 1A (Lect 3 of 3)</Title><Day>TH</Day><Time>1-2</Time><Room>EE LG 1</Room><Instructor>Richard        Buckland</Instructor></Course><Course CourseID="COMP1711" Section="4131"><Title>Higher Computing 1A (Optional Lect)</Title><Day>W</Day><Time>11-12</Time><Room>EE LG 1</Room><Instructor>Richard        Buckland</Instructor></Course><Course CourseID="COMP2011" Section="3638"><Title>Data Organisation (Lec 1 of 2)</Title><Day>M</Day><Time>10-11</Time><Room>CLB 7</Room><Instructor>Alan        Blair</Instructor></Course><Course CourseID="COMP2011" Section="3638"><Title>Data Organisation (Lec 2 of 2)</Title><Day>F</Day><Time>10-12</Time><Room>MAT A</Room><Instructor>Alan        Blair</Instructor></Course><Course CourseID="COMP2021" Section="3639"><Title>Digital System Structures (Lec 1 of 2)</Title><Day>T</Day><Time>10-11</Time><Room>MAT A</Room><Instructor>Oliver        Diessel</Instructor></Course><Course CourseID="COMP2021" Section="3639"><Title>Digital System Structures (Lec 2 of 2)</Title><Day>F</Day><Time>2-4</Time><Room>Biomed D</Room><Instructor>Oliver        Diessel</Instructor></Course><Course CourseID="COMP2041" Section="4145"><Title>Software Construction: Techniques and Tools (Lec 1 of 2)</Title><Day>W</Day><Time>12-1</Time><Room>BIOMED C</Room><Instructor>Andrew        Taylor</Instructor></Course><Course CourseID="COMP2041" Section="4145"><Title>Software Construction: Techniques and Tools (Lec 2 of 2)</Title><Day>TH</Day><Time>10-12</Time><Room>BIOMED D</Room><Instructor>Andrew        Taylor</Instructor></Course><Course CourseID="COMP2110" Section="3640"><Title>Software System Specification</Title><Day>W</Day><Time>9-11</Time><Room>EE G25</Room><Instructor>Kai        Engelhardt</Instructor></Course><Course CourseID="COMP2411" Section="3641"><Title>Logic and Logic Programming (Lec 1 of 2)</Title><Day>T</Day><Time>2-3</Time><Room>EE G24</Room><Instructor>Eric        Martin</Instructor></Course><Course CourseID="COMP2411" Section="3641"><Title>Logic and Logic Programming (Lec 2 of 2)</Title><Day>TH</Day><Time>12-2</Time><Room>EE G24</Room><Instructor>Eric        Martin</Instructor></Course><Course CourseID="COMP2711" Section="4161"><Title>Higher Data Organisation (Lec 1 of 2)</Title><Day>M</Day><Time>10-11</Time><Room>EE G25</Room><Instructor>Hossam        El Gindy</Instructor></Course><Course CourseID="COMP2711" Section="4161"><Title>Higher Data Organisation (Lec 2 of 2)</Title><Day>F</Day><Time>10-12</Time><Room>EE G25</Room><Instructor>Hossam        El Gindy</Instructor></Course><Course CourseID="COMP2811" Section="4140"><Title>Computing B (Lec 1 of 2)</Title><Day>W</Day><Time>2-4</Time><Room>Science Th</Room><Instructor>Peter        Ho</Instructor></Course><Course CourseID="COMP2811" Section="4140"><Title>Computing B (Lec 2 of 2)</Title><Day>F</Day><Time>11-12</Time><Room>Physics Th</Room><Instructor>Peter        Ho</Instructor></Course><Course CourseID="COMP3111" Section="3642"><Title>Software Engineering</Title><Day>M</Day><Time>6-9</Time><Room>MAT B</Room><Instructor>Arcot        Sowmya</Instructor></Course><Course CourseID="COMP3121" Section="4220"><Title>Algorithms and Programming Techniques</Title><Day>W</Day><Time>5-8</Time><Room>Physics Th</Room><Instructor>Aleksander        Ignjatovic</Instructor></Course><Course CourseID="COMP3141" Section="3643"><Title>Software System Design and Implementation (Lec 1 of 2)</Title><Day>TH</Day><Time>10.30-12.00</Time><Room>Ritchie Th</Room><Instructor>Amir        Michail</Instructor></Course><Course CourseID="COMP3141" Section="3643"><Title>Software System Design and Implementation (Lec 2 of 2)</Title><Day>F</Day><Time>10.30-12.00</Time><Room>BIOMED C</Room><Instructor>Amir        Michail</Instructor></Course><Course CourseID="COMP3161" Section="6615"><Title>Concepts of Programming Languages (Lec 1 of 3)</Title><Day>T</Day><Time>10-11</Time><Room>ME 303</Room><Instructor>Gabriele        Kellar</Instructor></Course><Course CourseID="COMP3161" Section="6615"><Title>Concepts of Programming Languages (Lec 2 of 3)</Title><Day>T</Day><Time>11-12</Time><Room>BIOMED B</Room><Instructor>Gabriele        Kellar</Instructor></Course><Course CourseID="COMP3161" Section="6615"><Title>Concepts of Programming Languages (Lec 3 of 3)</Title><Day>W</Day><Time>11-12</Time><Room>AS G02</Room><Instructor>Gabriele        Kellar</Instructor></Course><Course CourseID="COMP3221" Section="4146"><Title>Microprocessors and Embedded Systems</Title><Day>T</Day><Time>4-6</Time><Room>EE LG1</Room><Instructor>Sri        Parameswaran</Instructor></Course><Course CourseID="COMP3231" Section="7437"><Title>Operating Systems (Lec 1 of 2 )</Title><Day>W</Day><Time>2-4</Time><Room>EE LG1</Room><Instructor>Kevin        Elphinstone</Instructor></Course><Course CourseID="COMP3231" Section="7437"><Title>Operating Systems (Lec 2 of 2)</Title><Day>TH</Day><Time>5-6</Time><Room>EE LG1</Room><Instructor>Kevin        Elphinstone</Instructor></Course><Course CourseID="COMP3311" Section="4222"><Title>Database Systems (Lec 1 of 2 )</Title><Day>T</Day><Time>2-4</Time><Room>Science Th</Room><Instructor>John        Shepherd</Instructor></Course><Course CourseID="COMP3311" Section="4222"><Title>Database Systems (Lec 2 of 2)</Title><Day>TH</Day><Time>3-4</Time><Room>Science Th</Room><Instructor>John        Shepherd</Instructor></Course><Course CourseID="COMP3331" Section="7461"><Title>Computer Networks and Applications</Title><Day>M</Day><Time>3-6</Time><Room>SJCA</Room><Instructor>Mohammed        Rezvan</Instructor></Course><Course CourseID="COMP3411" Section="3644"><Title>Artificial Intelligence (Lec 1 of 2)</Title><Day>W</Day><Time>10-11</Time><Room>CLB 7</Room><Instructor>Achim        Hoffmann</Instructor></Course><Course CourseID="COMP3411" Section="3644"><Title>Artificial Intelligence (Lec 2 of 2)</Title><Day>F</Day><Time>3-5</Time><Room>CLB 7</Room><Instructor>Achim        Hoffmann</Instructor></Course><Course CourseID="COMP3720" Section="4002"><Title>Total Quality Management (Lec 1 of 2)</Title><Day>M</Day><Time>2-3</Time><Room>EE LG1</Room><Instructor>Cat        Kutay</Instructor></Course><Course CourseID="COMP3720" Section="4002"><Title>Total Quality Management (Lec 2 of 2)</Title><Day>T</Day><Time>4-5</Time><Room>MAT B</Room><Instructor>Cat        Kutay</Instructor></Course><Course CourseID="COMP4001" Section="4261"><Title>Object-Oriented Software Development</Title><Day>W</Day><Time>6-9</Time><Room>KBT</Room><Instructor>Guy        Tsafnat</Instructor></Course><Course CourseID="COMP4121" Section="6688"><Title>Advance and Parallel Algorithms</Title><Day>W</Day><Time>4-7</Time><Room>EE 222</Room><Instructor>Hossam        El Gindy</Instructor></Course><Course CourseID="COMP4132" Section="6617"><Title>Advance Functional Programming</Title><Day>M</Day><Time>6-9</Time><Room>MAT 309</Room><Instructor>Manuel        Chakravarty</Instructor></Course><Course CourseID="COMP4133" Section="4318"><Title>Advance Complier Construction</Title><Day>T</Day><Time>6-9</Time><Room>EE 222</Room><Instructor>Jingling        Xue</Instructor></Course><Course CourseID="COMP4151" Section="4312"><Title>Algorithmic Verification</Title><Day>TH</Day><Time>2-5</Time><Room>CLB 3</Room><Instructor>Ron van        der Meyden</Instructor></Course><Course CourseID="COMP4211" Section="4165"><Title>Advanced Architectures and Algorithms</Title><Day>W</Day><Time>4-7</Time><Room>AS G01</Room><Instructor>Oliver        Diessel</Instructor></Course><Course CourseID="COMP4411" Section="3931"><Title>Experimental Robotics</Title><Day>T</Day><Time>2-4</Time><Room>See subject webpage</Room><Instructor>Maurice        Pagnucco</Instructor></Course><Course CourseID="COMP4415" Section="4173"><Title>Logical Foundations of Artificial Intelligence</Title><Day>W</Day><Time>3-6</Time><Room>Quad G022</Room><Instructor>Norman        Foo</Instructor></Course><Course CourseID="COMP4511" Section="8256"><Title>User Interface Design and Construction (Lec 1 of 2)        (Quota Applies)</Title><Day>T</Day><Time>12-2</Time><Room>CHI Lab</Room><Instructor>Daniel        Woo</Instructor></Course><Course CourseID="COMP4511" Section="8256"><Title>User Interface Design and Construction (Lec 2 of 2)        (Quota Applies)</Title><Day>TH</Day><Time>12-1</Time><Room>CHI Lab</Room><Instructor>Daniel        Woo</Instructor></Course><Course CourseID="COMP4511" Section="8256"><Title>User Interface Design and Construction (Tut) (Quota Applies)</Title><Day>F</Day><Time>12-3</Time><Room>CHI Lab</Room><Instructor>Daniel        Woo</Instructor></Course><Course CourseID="COMP9243" Section="4268"><Title>Distributed Systems</Title><Day>M</Day><Time>6-9</Time><Room>AS G02</Room><Instructor>Ihor Kuz</Instructor></Course><Course CourseID="COMP9315" Section="3933"><Title>Database Systems Implementation</Title><Day>T</Day><Time>6-9</Time><Room>Physics Th</Room><Instructor>Xuemin        Lin</Instructor></Course><Course CourseID="COMP9316" Section="4148"><Title>eCommerce Systems Implementation</Title><Day>M</Day><Time>6-9</Time><Room>SJCA</Room><Instructor>Boualem        Benatallah</Instructor></Course><Course CourseID="COMP9332" Section="4228"><Title>Network Routing and Switching</Title><Day>F</Day><Time>3-6</Time><Room>MAT A</Room><Instructor>Chun        Tung Chou</Instructor></Course><Course CourseID="COMP9333" Section="3934"><Title>Advanced Computer Networks</Title><Day>W</Day><Time>6-9</Time><Room>EE G24</Room><Instructor>Sanjay        Jha</Instructor></Course><Course CourseID="COMP9417" Section="7411"><Title>Machine Learning</Title><Day>TH</Day><Time>6-9</Time><Room>MAT B</Room><Instructor>Mike        Bain</Instructor></Course><Course CourseID="COMP9790" Section="3929"><Title>Principles of Global Navigation Satellite System (GNSS) Positioning        (Lec 1 of 3)</Title><Day>T</Day><Time>9-11</Time><Room>Morven Brown G3</Room><Instructor>Chris        Rizos</Instructor></Course><Course CourseID="COMP9790" Section="3929"><Title>Principles of Global Navigation Satellite System (GNSS) Positioning        (Lec 2 of 3)</Title><Day>T</Day><Time>11-12</Time><Room>ME 502</Room><Instructor>Chris        Rizos</Instructor></Course><Course CourseID="COMP9790" Section="3929"><Title>Principles of Global Navigation Satellite System (GNSS) Positioning        (Lec 3 of 3)</Title><Day>TH</Day><Time>6-8</Time><Room>EE 401</Room><Instructor>Chris        Rizos</Instructor></Course><Course CourseID="SENG2010" Section="3818"><Title>Software Engineering Workshop 2A (Lec 1 of 2)</Title><Day>W</Day><Time>3-5</Time><Room>BIOMED A</Room><Instructor>TBA</Instructor></Course><Course CourseID="SENG2010" Section="3818"><Title>Software Engineering Workshop 2A (Lec 2 of 2)</Title><Day>TH</Day><Time>10-11</Time><Room>CLB 2</Room><Instructor>TBA</Instructor></Course><Course CourseID="SENG3010" Section="3819"><Title>Software Engineering Workshop 3A</Title><Day>M</Day><Time>9-11</Time><Room>Quad 1027</Room><Instructor>John        Plaice</Instructor></Course><Course CourseID="SENG4921" Section="3833"><Title>Professional Issues and Ethics</Title><Day>T</Day><Time>12-2</Time><Room>Physics TH</Room><Instructor>Ken        Robinson</Instructor></Course> </unsw>