<?xml version="1.0" encoding="UTF-8"?> <uva> <Course Number="CS        101"><Title>Intro To Computer    Science</Title><Section><CourseID>90040</CourseID><Credits>03.0</Credits><Time>1400-1515</Time><Day>MW</Day><Location>CHM 402</Location><Instructor>Cohoon,        James</Instructor></Section><Section><CourseID>90548</CourseID><Credits>00.0</Credits><Time>1530-1700</Time><Day>W</Day><Location>OLS 001</Location><Instructor>Cohoon,        James</Instructor></Section><Section><CourseID>90572</CourseID><Credits>00.0</Credits><Time>1200-1330</Time><Day>F</Day><Location>OLS 001</Location><Instructor>Cohoon,        James</Instructor></Section><Section><CourseID>90132</CourseID><Credits>00.0</Credits><Time>1400-1530</Time><Day>F</Day><Location>OLS 001</Location><Instructor>Cohoon,        James</Instructor></Section></Course><Course Number="CS        101E"><Title>Intro To Computer    Science</Title><Section><CourseID>93383</CourseID><Credits>03.0</Credits><Time>1400-1515</Time><Day>MW</Day><Location>MEC 215</Location><Instructor>Horton,        Thomas</Instructor></Section></Course><Course Number="CS        110"><Title>Intro To Information    Tech</Title><Section><CourseID>90081</CourseID><Credits>03.0</Credits><Time>1200-1250</Time><Day>MWF</Day><Location>MEC 341</Location><Instructor>Knight,        Virginia G</Instructor></Section><Section><CourseID>94893</CourseID><Credits>03.0</Credits><Time>1230-1345</Time><Day>TR</Day><Location>MEC 341</Location><Instructor>Horton,        Thomas</Instructor></Section></Course><Course Number="CS        120"><Title>Intro To Business    Computing</Title><Section><CourseID>91962</CourseID><Credits>03.0</Credits><Time>1000-1050</Time><Day>MWF</Day><Location>MEC 205</Location><Instructor>Grimshaw,        Andrew</Instructor></Section></Course><Course Number="CS        201"><Title>Software Development      Methods</Title><Section><CourseID>91608</CourseID><Credits>03.0</Credits><Time>1300-1350</Time><Day>WF</Day><Location>CHM 402</Location><Instructor>Milner,        Christopher</Instructor></Section><Section><CourseID>90892</CourseID><Credits>00.0</Credits><Time>1000-1200</Time><Day>M</Day><Location>OLS 001</Location><Instructor>Milner,        Christopher</Instructor></Section><Section><CourseID>93300</CourseID><Credits>00.0</Credits><Time>1500-1700</Time><Day>M</Day><Location>OLS 001</Location><Instructor>Milner,        Christopher</Instructor></Section><Section><CourseID>93327</CourseID><Credits>00.0</Credits><Time>1700-1900</Time><Day>M</Day><Location>OLS 001</Location><Instructor>Milner,        Christopher</Instructor></Section><Section><CourseID>90829</CourseID><Credits>00.0</Credits><Time>1900-2100</Time><Day>M</Day><Location>OLS 001</Location><Instructor>Milner,        Christopher</Instructor></Section><Section><CourseID>90204</CourseID><Credits>00.0</Credits><Time>1500-1700</Time><Day>T</Day><Location>OLS 001</Location><Instructor>Milner,        Christopher</Instructor></Section><Section><CourseID>90282</CourseID><Credits>00.0</Credits><Time>1700-1900</Time><Day>T</Day><Location>OLS 001</Location><Instructor>Milner,        Christopher</Instructor></Section></Course><Course Number="CS        202"><Title>Discrete Math I</Title><Section><CourseID>93016</CourseID><Credits>03.0</Credits><Time>1400-1515</Time><Day>TR</Day><Location>THN E316</Location><Instructor>Reynolds,        Paul</Instructor></Section><Section><CourseID>90293</CourseID><Credits>03.0</Credits><Time>0900-0950</Time><Day>MWF</Day><Location>MEC 205</Location><Instructor></Instructor></Section></Course><Course Number="CS        216"><Title>Programming and Data  Rep</Title><Section><CourseID>90119</CourseID><Credits>03.0</Credits><Time>1000-1050</Time><Day>MW</Day><Location>THN E304</Location><Instructor>Anderson,        Ruth</Instructor></Section><Section><Time>1200-1400</Time><Day>T</Day><Location>OLS 001</Location><Instructor></Instructor></Section></Course><Course Number="CS        230"><Title>Digital Logic    Design</Title><Section><CourseID>92032</CourseID><Credits>03.0</Credits><Time>0900-0950</Time><Day>MWF</Day><Location>THN E316</Location><Instructor>Lach,        John</Instructor></Section><Section><CourseID>90610</CourseID><Credits>00.0</Credits><Time>1400-1600</Time><Day>M</Day><Location>THN C125</Location><Instructor>Lach,        John</Instructor></Section><Section><CourseID>90698</CourseID><Credits>00.0</Credits><Time>1400-1600</Time><Day>M</Day><Location>THN C125</Location><Instructor>Lach,        John</Instructor></Section><Section><CourseID>90724</CourseID><Credits>00.0</Credits><Time>1400-1600</Time><Day>T</Day><Location>THN C125</Location><Instructor>Lach,        John</Instructor></Section><Section><CourseID>90748</CourseID><Credits>00.0</Credits><Time>1400-1600</Time><Day>T</Day><Location>THN C125</Location><Instructor>Lach,        John</Instructor></Section><Section><CourseID>90613</CourseID><Credits>00.0</Credits><Time>1600-1800</Time><Day>M</Day><Location>THN C125</Location><Instructor>Lach,        John</Instructor></Section><Section><CourseID>90940</CourseID><Credits>00.0</Credits><Time>1600-1800</Time><Day>M</Day><Location>THN C125</Location><Instructor>Lach,        John</Instructor></Section><Section><CourseID>91059</CourseID><Credits>00.0</Credits><Time>1600-1800</Time><Day>T</Day><Location>THN C125</Location><Instructor>Lach,        John</Instructor></Section><Section><CourseID>91112</CourseID><Credits>00.0</Credits><Time>1600-1800</Time><Day>T</Day><Location>THN C125</Location><Instructor>Lach,        John</Instructor></Section><Section><CourseID>92635</CourseID><Credits>00.0</Credits><Time>1800-2000</Time><Day>T</Day><Location>THN C125</Location><Instructor>Lach,        John</Instructor></Section></Course><Course Number="CS        333"><Title>Computer Architecture</Title><Section><CourseID>93377</CourseID><Credits>03.0</Credits><Time>1400-1450</Time><Day>MWF</Day><Location>MEC 205</Location><Instructor>Milner,        Christopher</Instructor></Section><Section><CourseID>94823</CourseID><Credits>00.0</Credits><Time>1100-1300</Time><Day>T</Day><Location>OLS 001</Location><Instructor>Milner,        Christopher</Instructor></Section><Section><CourseID>94824</CourseID><Credits>00.0</Credits><Time>1815-2015</Time><Day>W</Day><Location>OLS 001</Location><Instructor>Milner,        Christopher</Instructor></Section><Section><CourseID>94825</CourseID><Credits>00.0</Credits><Time>1200-1400</Time><Day>R</Day><Location>OLS 001</Location><Instructor>Milner,        Christopher</Instructor></Section><Section><CourseID>94826</CourseID><Credits>00.0</Credits><Time>1000-1200</Time><Day>F</Day><Location>OLS 001</Location><Instructor>Milner,        Christopher</Instructor></Section></Course><Course Number="CS        414"><Title>Operating Systems</Title><Section><CourseID>92143</CourseID><Credits>03.0</Credits><Time>1100-1215</Time><Day>TR</Day><Location>OLS 009</Location><Instructor>Humphrey,        Marty A.</Instructor></Section></Course><Course Number="CS        416"><Title>Artificial Intelligence</Title><Section><CourseID>90201</CourseID><Credits>03.0</Credits><Time>1700-1815</Time><Day>MW</Day><Location>OLS 009</Location><Instructor>Brogan,        David</Instructor></Section></Course><Course Number="CS        432"><Title>Algorithms</Title><Section><CourseID>91799</CourseID><Credits>03.0</Credits><Time>1530-1645</Time><Day>TR</Day><Location>OLS 009</Location><Instructor>Horton,        Thomas</Instructor></Section></Course><Course Number="CS        434"><Title>Fault Tolerant    Computing</Title><Section><CourseID>90843</CourseID><Credits>03.0</Credits><Time>1400-1515</Time><Day>MW</Day><Location>THN E304</Location><Instructor>Dugan,        J</Instructor></Section></Course><Course Number="CS        440"><Title>Cptr Graphics For Film      Prodctn</Title><Section><CourseID>92460</CourseID><Credits>04.5</Credits><Time>1530-1645</Time><Day>TR</Day><Location>WIL 306</Location><Instructor>Luebke,        David</Instructor></Section><Section><Time>2100-2300</Time><Day>W</Day><Location>WIL 306</Location><Instructor></Instructor></Section></Course><Course Number="CS        445"><Title>Intro To Computer    Graphics</Title><Section><CourseID>90443</CourseID><Credits>03.0</Credits><Time>1700-1815</Time><Day>TR</Day><Location>OLS 005</Location><Instructor>Humphreys,        Grigori R</Instructor></Section></Course><Course Number="CS        453"><Title>E-commerce Technologies</Title><Section><CourseID>93630</CourseID><Credits>03.0</Credits><Time>1400-1515</Time><Day>TR</Day><Location>OLS 009</Location><Instructor>Weaver,        Alfred</Instructor></Section></Course><Course Number="CS        457"><Title>Computer Networks</Title><Section><CourseID>90881</CourseID><Credits>03.0</Credits><Time>1230-1345</Time><Day>TR</Day><Location>OLS 120</Location><Instructor>Abdelzaher,        Tarek</Instructor></Section></Course><Course Number="CS        493"><Title>Computer Science    Projects</Title><Section><CourseID>91370</CourseID><Credits>03.0</Credits><Time></Time><Day>TBA</Day><Location></Location><Instructor></Instructor></Section></Course><Course Number="CS        551"><Title>Information    Assurance</Title><Section><CourseID>90561</CourseID><Credits>03.0</Credits><Time>1400-1515</Time><Day>MW</Day><Location>MEC 341</Location><Instructor>Jones,        Anita</Instructor></Section></Course><Course Number="CS        551"><Title>Aspect Oriented Software      Dev</Title><Section><CourseID>94494</CourseID><Credits>03.0</Credits><Time>1400-1515</Time><Day>TR</Day><Location>OLS 011</Location><Instructor>Sullivan,        K</Instructor></Section></Course><Course Number="CS        551"><Title>Modern Resrch Cmptr      Graphics</Title><Section><CourseID>94794</CourseID><Credits>01.0</Credits><Time>1200-1400</Time><Day>F</Day><Location>OLS 228E</Location><Instructor>Humphreys,        Grigori R</Instructor></Section></Course><Course Number="CS        551"><Title>Safety-critical    Computing</Title><Section><CourseID>94516</CourseID><Credits>03.0</Credits><Time>1230-1345</Time><Day>TR</Day><Location>OLS 011</Location><Instructor>Knight,        John</Instructor></Section></Course><Course Number="CS        571"><Title>Translation  Systems</Title><Section><CourseID>93644</CourseID><Credits>03.0</Credits><Time>1300-1350</Time><Day>MWF</Day><Location>OLS 011</Location><Instructor>Davidson,        Jack</Instructor></Section></Course><Course Number="CS        645"><Title>Computer Graphics</Title><Section><CourseID>91338</CourseID><Credits>03.0</Credits><Time>1700-1815</Time><Day>TR</Day><Location>OLS 005</Location><Instructor>Humphreys,        Grigori R</Instructor></Section></Course><Course Number="CS        650"><Title>Designing Complex Software      Sys</Title><Section><CourseID>91682</CourseID><Credits>03.0</Credits><Time></Time><Day>TBA</Day><Location></Location><Instructor></Instructor></Section></Course><Course Number="CS        651"><Title>Information    Assurance</Title><Section><CourseID>93068</CourseID><Credits>03.0</Credits><Time>1400-1515</Time><Day>MW</Day><Location>MEC 341</Location><Instructor>Jones,        Anita</Instructor></Section></Course><Course Number="CS        651"><Title>Safety-critical    Computing</Title><Section><CourseID>94559</CourseID><Credits>03.0</Credits><Time>1230-1345</Time><Day>TR</Day><Location>OLS 011</Location><Instructor>Knight,        John</Instructor></Section></Course><Course Number="CS        654"><Title>Computer    Organization</Title><Section><CourseID>91792</CourseID><Credits>03.0</Credits><Time>0930-1045</Time><Day>TR</Day><Location>OLS 009</Location><Instructor>Skadron,        Kevin</Instructor></Section></Course><Course Number="CS        661"><Title>Design and Analysis      Algorithms</Title><Section><CourseID>92888</CourseID><Credits>03.0</Credits><Time>1230-1345</Time><Day>TR</Day><Location>MEC 216</Location><Instructor>Robins,        Gabriel</Instructor></Section></Course><Course Number="CS        662"><Title>Database Systems</Title><Section><CourseID>94561</CourseID><Credits>03.0</Credits><Time>1400-1515</Time><Day>TR</Day><Location>OLS 005</Location><Instructor>Son,        Sang</Instructor></Section></Course><Course Number="CS        696"><Title>Computer Science      Perspectives</Title><Section><CourseID>92467</CourseID><Credits>01.0</Credits><Time>1530-1700</Time><Day>MWF</Day><Location>OLS 009</Location><Instructor>Davidson,        Jack</Instructor></Section></Course><Course Number="CS        757"><Title>Computer Networks</Title><Section><CourseID>90992</CourseID><Credits>03.0</Credits><Time>1100-1215</Time><Day>TR</Day><Location>MEC 216</Location><Instructor>Liebeherr,        Jorg</Instructor></Section></Course><Course Number="CS        793"><Title>Independent Study</Title><Section><CourseID>90641</CourseID><Credits>03.0-09.0</Credits><Time></Time><Day>TBA</Day><Location></Location><Instructor></Instructor></Section></Course><Course Number="CS        851"><Title>Modern Resrch Cmptr      Graphics</Title><Section><CourseID>93893</CourseID><Credits>03.0</Credits><Time>1200-1400</Time><Day>F</Day><Location>OLS 228E</Location><Instructor>Humphreys,        Grigori R</Instructor></Section></Course><Course Number="CS        895"><Title>Supervised  Projects</Title><Section><CourseID>90532</CourseID><Credits>03.0-12.0</Credits><Time></Time><Day>TBA</Day><Location></Location><Instructor></Instructor></Section></Course><Course Number="CS        897"><Title>Graduate Teaching      Instruction</Title><Section><CourseID>90651</CourseID><Credits>03.0-12.0</Credits><Time></Time><Day>TBA</Day><Location></Location><Instructor></Instructor></Section></Course><Course Number="CS        898"><Title>Masters Research</Title><Section><CourseID>93317</CourseID><Credits>03.0-12.0</Credits><Time></Time><Day>TBA</Day><Location></Location><Instructor></Instructor></Section></Course><Course Number="CS        997"><Title>Graduate Teaching      Instruction</Title><Section><CourseID>92232</CourseID><Credits>03.0-12.0</Credits><Time></Time><Day>TBA</Day><Location></Location><Instructor></Instructor></Section></Course> </uva>