<?xml version="1.0" encoding="UTF-8"?> <virginia> <CourseType Type="Courses for Non-Majors"><Course><Code>CS 110</Code><Title>Introduction to Information              Technology</Title></Course><Course><Code>CS 120</Code><Title>Introduction to Business              Computing</Title></Course><Course><Code>CS 200</Code><Title>Computer Science</Title></Course></CourseType><CourseType Type="Undergraduate Core Courses"><Course><Code>CS 101</Code><Title>Intro              to Computer Science</Title></Course><Course><Code>CS 101E</Code><Title>[Record]</Title></Course><Course><Code>CS 201</Code><Title>Software Development              Methods</Title></Course><Course><Code>CS 201J</Code><Title>Engineering Software</Title></Course><Course><Code>CS 202</Code><Title>Discrete Mathematics I</Title></Course><Course><Code>CS 216</Code><Title>Program and Data              Representation</Title></Course><Course><Code>CS 230</Code><Title>[Record]</Title></Course><Course><Code>CS 302</Code><Title>Discrete Mathematics II</Title></Course><Course><Code>CS 332</Code><Title>Analysis of Algorithms              (renumbered to 432)</Title></Course><Course><Code>CS 333</Code><Title>Computer Architecture</Title></Course><Course><Code>CS 340</Code><Title>Advanced Software              Development Techniques</Title></Course><Course><Code>CS 390</Code><Title>Senior Seminar I</Title></Course><Course><Code>CS 414</Code><Title>Operating Systems</Title></Course><Course><Code>CS 432</Code><Title>Analysis of Algorithms</Title></Course></CourseType><CourseType Type="Undergraduate Elective Courses"><Course><Code>CS 111</Code><Title>[Record]</Title></Course><Course><Code>CS 200</Code><Title>Computer Science</Title></Course><Course><Code>CS 305</Code><Title>[Record]</Title></Course><Course><Code>CS 415</Code><Title>Undergraduate Programming              Languages</Title></Course><Course><Code>CS 416</Code><Title>[Record]</Title></Course><Course><Code>CS 434</Code><Title>[Record]</Title></Course><Course><Code>CS 445</Code><Title>[Record]</Title></Course><Course><Code>CS 446</Code><Title>3D              Animation  Special Effects</Title></Course><Course><Code>CS 447</Code><Title>[Record]</Title></Course><Course><Code>CS 453</Code><Title>[Record]</Title></Course><Course><Code>CS 457</Code><Title>[Record]</Title></Course><Course><Code>CS 458</Code><Title>[Record]</Title></Course><Course><Code>CS 462</Code><Title>Database              Systems</Title></Course><Course><Code>CS 493</Code><Title>[Record]</Title></Course><Course><Code>CS 494</Code><Title>Object-Oriented              Analysis and Design</Title></Course><Course><Code>CS 551</Code><Title>Cryptography Applications              Bistro</Title></Course><Course><Code>CS 551</Code><Title>[Record]</Title></Course><Course><Code>CS 551</Code><Title>[Record]</Title></Course><Course><Code>CS 551</Code><Title>[Record]</Title></Course><Course><Code>CS 551</Code><Title>[Record]</Title></Course><Course><Code>CS 551</Code><Title>[Record]</Title></Course><Course><Code>CS 551</Code><Title>[Record]</Title></Course><Course><Code>CS 551</Code><Title>[Record]</Title></Course><Course><Code>CS 551</Code><Title>[Record]</Title></Course><Course><Code>CS 551</Code><Title>Dependable              Computing</Title></Course><Course><Code>CS 551</Code><Title>[Record]</Title></Course><Course><Code>CS 551</Code><Title>[Record]</Title></Course><Course><Code>CS 551</Code><Title>[Record]</Title></Course><Course><Code>CS 551</Code><Title>[Record]</Title></Course><Course><Code>CS 551</Code><Title>[Record]</Title></Course><Course><Code>CS 551</Code><Title>[Record]</Title></Course><Course><Code>CS 551</Code><Title>[Record]</Title></Course><Course><Code>CS 571</Code><Title>[Record]</Title></Course><Course><Code>CS 588</Code><Title>Cryptology:              Principles and Applications</Title></Course></CourseType><CourseType Type="Graduate Core Courses"><Course><Code>CS 650</Code><Title>Designing Complex Software              Systems</Title></Course><Course><Code>CS 654</Code><Title>Computer Organization</Title></Course><Course><Code>CS 660</Code><Title>Theory of Computation</Title></Course></CourseType> </virginia>