<?xml version="1.0" encoding="UTF-8"?> <washu> <Course><Time>M 10:00AM-11:00AM</Time><Number>E81 131 01</Number><Title>Computer                    Science I</Title><Instructor>Gill</Instructor></Course><Course><Time>M 10:00AM- 1:00PM</Time><Number>E81 436S 01</Number><Title>Software                    Engineering Workshop</Title><Instructor>Bennett</Instructor></Course><Course><Time>M 1:00PM- 2:00PM</Time><Number>E81 362M 01</Number><Title>Computer                    Architecture</Title><Instructor>Bayazit</Instructor></Course><Course><Time>M 1:00PM- 2:00PM</Time><Number>E81 260M 01</Number><Title>Introduction to                    Digital Logic and Computer Design</Title><Instructor>Zar</Instructor></Course><Course><Time>M 1:00PM- 2:00PM</Time><Number>E81 462M 01</Number><Title>Computer Systems                    Design</Title><Instructor>Richard</Instructor></Course><Course><Time>M 1:00PM- 2:00PM</Time><Number>E81 511A 01</Number><Title>Introduction to                    Artificial Intelligence</Title><Instructor>Zhang</Instructor></Course><Course><Time>M 2:00PM- 4:00PM</Time><Number>E81 100B 01</Number><Title>Introduction to                    Computing Tools: MATLAB Skills</Title><Instructor>Loui</Instructor></Course><Course><Time>M 2:00PM- 4:00PM</Time><Number>E81 100G 01</Number><Title>Introduction to                    Computing Tools: General Skills</Title><Instructor>Loui</Instructor></Course><Course><Time>M 2:00PM- 4:00PM</Time><Number>E81 100W 01</Number><Title>Introduction to                    Computing Tools: Web Skills</Title><Instructor>Loui</Instructor></Course><Course><Time>M 2:00PM- 4:00PM</Time><Number>E81 100X 01</Number><Title>Introduction to                    Computing Tools: Advanced Skills</Title><Instructor>Loui</Instructor></Course><Course><Time>M 2:30PM- 3:30PM</Time><Number>E81 567M 01</Number><Title>Computer                    Systems Analysis</Title><Instructor>Franklin</Instructor></Course><Course><Time>M 2:30PM- 3:30PM</Time><Number>E81 361S 01</Number><Title>Introduction                    to Systems Software</Title><Instructor>Fritts</Instructor></Course><Course><Time>M 4:00PM- 5:00PM</Time><Number>E81 521S 01</Number><Title>Wireless                    Embedded Sensor Networks</Title><Instructor>Lu</Instructor></Course><Course><Time>M 4:00PM- 5:00PM</Time><Number>E81 530A 01</Number><Title>Database                    Management Systems</Title><Instructor>Butler</Instructor></Course><Course><Time>M 4:00PM- 5:00PM</Time><Number>E81 548T 01</Number><Title>Concurrent Systems:                    Design and Verification</Title><Instructor>Roman</Instructor></Course><Course><Time>M 4:00PM- 5:00PM</Time><Number>E81 463M 01</Number><Title>Digital                    Integrated Circuit Design and Architecture</Title><Instructor>Rosenberger</Instructor></Course><Course><Time>M 4:00PM- 5:00PM</Time><Number>E81 473S 01</Number><Title>Introduction to                    Computer Networks</Title><Instructor>Gorinsky</Instructor></Course><Course><Time>M 4:00PM- 6:00PM</Time><Number>E81 407A 01</Number><Title>Management                    Information Systems I</Title><Instructor>Rouse</Instructor></Course><Course><Time>M 5:30PM- 6:30PM</Time><Number>E81 402 01</Number><Title>Mathematical Tools                    for Computer Science</Title><Instructor>Bailey</Instructor></Course><Course><Time>M 7:00PM- 8:00PM</Time><Number>E81 508A 01</Number><Title>Advanced                    User Interface</Title><Instructor>Kimura</Instructor></Course><Course><Time>M 7:00PM- 9:00PM</Time><Number>E81 126 01</Number><Title>Introduction                    to Computer Programming</Title><Instructor>Rouse</Instructor></Course><Course><Time>Tu 7:30AM- 9:30AM</Time><Number>E81 126 A</Number><Title>Introduction                    to Computer Programming</Title><Instructor>Rouse</Instructor></Course><Course><Time>Tu 10:00AM-11:00AM</Time><Number>E81 131 01</Number><Title>Computer                    Science I</Title><Instructor>Gill</Instructor></Course><Course><Time>Tu 10:00AM-11:00AM</Time><Number>E81 452A 01</Number><Title>Computer                    Graphics</Title><Instructor>Grimm</Instructor></Course><Course><Time>Tu 10:00AM-11:00AM</Time><Number>E81 132 01</Number><Title>Computer                    Science II</Title><Instructor>Kwasny</Instructor></Course><Course><Time>Tu 11:30AM-12:30PM</Time><Number>E81 240 01</Number><Title>Logic and Discrete                    Mathematics</Title><Instructor>Pless</Instructor></Course><Course><Time>Tu 11:30AM-12:30PM</Time><Number>E81 550A 01</Number><Title>Mobile                    Robotics</Title><Instructor>Smart</Instructor></Course><Course><Time>Tu 1:00PM- 2:00PM</Time><Number>E81 566M 01</Number><Title>Reconfigurable                    System on Chip Design</Title><Instructor>Lockwood</Instructor></Course><Course><Time>Tu 1:00PM- 2:00PM</Time><Number>E81 241 01</Number><Title>Algorithms and                    Data Structures</Title><Instructor>Buhler</Instructor></Course><Course><Time>Tu 1:00PM- 2:00PM</Time><Number>E81 441T 01</Number><Title>Advanced                    Algorithms</Title><Instructor>Goldman, S</Instructor></Course><Course><Time>Tu 2:30PM- 3:30PM</Time><Number>E81 425S 01</Number><Title>Programming                    Systems and Languages</Title><Instructor>Kwasny</Instructor></Course><Course><Time>Tu 2:30PM- 3:30PM</Time><Number>E81 422S 01</Number><Title>Operating                    Systems Organization</Title><Instructor>Wong</Instructor></Course><Course><Time>Tu 2:30PM- 3:30PM</Time><Number>E81 577M 01</Number><Title>Design and                    Analysis of Switching Systems</Title><Instructor>Turner</Instructor></Course><Course><Time>Tu 2:30PM- 3:30PM</Time><Number>E81 131 A</Number><Title>Computer                    Science I</Title><Instructor>Gill</Instructor></Course><Course><Time>Tu 4:00PM- 5:00PM</Time><Number>E81 131 B</Number><Title>Computer                    Science I</Title><Instructor>Gill</Instructor></Course><Course><Time>Tu 4:00PM- 5:00PM</Time><Number>E81 104 01</Number><Title>Web                    Development</Title><Instructor>Loui</Instructor></Course><Course><Time>Tu 4:00PM- 5:00PM</Time><Number>E81 560M 01</Number><Title>Computer Systems                    Architecture I</Title><Instructor>Crowley</Instructor></Course><Course><Time>Tu 4:00PM- 5:00PM</Time><Number>E81 332S 01</Number><Title>Object-Oriented                    Software Development Laboratory</Title><Instructor>Kuhns</Instructor></Course><Course><Time>Tu 4:00PM- 5:00PM</Time><Number>E81 501N 01</Number><Title>Programming                    Concepts and Practice</Title><Instructor>Bennett</Instructor></Course><Course><Time>Tu 4:00PM- 5:00PM</Time><Number>E81 505A 01</Number><Title>Data                    Security</Title><Instructor>Xu</Instructor></Course><Course><Time>Tu 5:30PM- 6:30PM</Time><Number>E81 535T 01</Number><Title>Programming                    Language Theory</Title><Instructor>Stump</Instructor></Course><Course><Time>Tu 5:30PM- 6:30PM</Time><Number>E81 502N 01</Number><Title>Fundamentals of                    Computer Science</Title><Instructor>TBA</Instructor></Course><Course><Time>Tu 5:30PM- 7:30PM</Time><Number>E81 501N A</Number><Title>Programming                    Concepts and Practice</Title><Instructor>Bennett</Instructor></Course><Course><Time>Tu 7:00PM- 8:00PM</Time><Number>E81 540T 01</Number><Title>Formal                    Concepts in Computer Science</Title><Instructor>Kimura</Instructor></Course><Course><Time>Tu 7:00PM- 9:00PM</Time><Number>E81 200 01</Number><Title>Engineering and                    Scientific Computing</Title><Instructor>Rouse</Instructor></Course><Course><Time>Tu 7:00PM- 9:00PM</Time><Number>E81 232 01</Number><Title>Programming                    Skills Workshop</Title><Instructor>TBA</Instructor></Course><Course><Time>W 7:00AM- 9:00AM</Time><Number>E81 100X 02</Number><Title>Introduction to                    Computing Tools: Advanced Skills</Title><Instructor>Loui</Instructor></Course><Course><Time>W 7:00AM- 9:00AM</Time><Number>E81 100W 02</Number><Title>Introduction to                    Computing Tools: Web Skills</Title><Instructor>Loui</Instructor></Course><Course><Time>W 1:00PM- 2:00PM</Time><Number>E81 260M 01</Number><Title>Introduction to                    Digital Logic and Computer Design</Title><Instructor>Zar</Instructor></Course><Course><Time>W 1:00PM- 2:00PM</Time><Number>E81 362M 01</Number><Title>Computer                    Architecture</Title><Instructor>Bayazit</Instructor></Course><Course><Time>W 1:00PM- 2:00PM</Time><Number>E81 511A 01</Number><Title>Introduction to                    Artificial Intelligence</Title><Instructor>Zhang</Instructor></Course><Course><Time>W 2:30PM- 3:30PM</Time><Number>E81 465M 01</Number><Title>Digital                    Systems Laboratory</Title><Instructor>Chamberlain</Instructor></Course><Course><Time>W 2:30PM- 3:30PM</Time><Number>E81 361S 01</Number><Title>Introduction                    to Systems Software</Title><Instructor>Fritts</Instructor></Course><Course><Time>W 2:30PM- 3:30PM</Time><Number>E81 131 C</Number><Title>Computer                    Science I</Title><Instructor>Gill</Instructor></Course><Course><Time>W 2:30PM- 3:30PM</Time><Number>E81 567M 01</Number><Title>Computer                    Systems Analysis</Title><Instructor>Franklin</Instructor></Course><Course><Time>W 2:30PM- 4:30PM</Time><Number>E81 332S A</Number><Title>Object-Oriented                    Software Development Laboratory</Title><Instructor>Kuhns</Instructor></Course><Course><Time>W 4:00PM- 5:00PM</Time><Number>E81 131 D</Number><Title>Computer                    Science I</Title><Instructor>Gil</Instructor></Course><Course><Time>W 4:00PM- 5:00PM</Time><Number>E81 473S 01</Number><Title>Introduction to                    Computer Networks</Title><Instructor>Gorinsky</Instructor></Course><Course><Time>W 4:00PM- 5:00PM</Time><Number>E81 521S 01</Number><Title>Wireless                    Embedded Sensor Networks</Title><Instructor>Lu</Instructor></Course><Course><Time>W 4:00PM- 5:00PM</Time><Number>E81 548T 01</Number><Title>Concurrent Systems:                    Design and Verification</Title><Instructor>Roman</Instructor></Course><Course><Time>W 4:00PM- 5:00PM</Time><Number>E81 530A 01</Number><Title>Database                    Management Systems</Title><Instructor>Butler</Instructor></Course><Course><Time>W 4:00PM- 6:00PM</Time><Number>E81 100B 04</Number><Title>Introduction to                    Computing Tools: MATLAB Skills</Title><Instructor>Loui</Instructor></Course><Course><Time>W 4:30PM- 6:30PM</Time><Number>E81 332S B</Number><Title>Object-Oriented                    Software Development Laboratory</Title><Instructor>Kuhns</Instructor></Course><Course><Time>W 5:30PM- 6:30PM</Time><Number>E81 131 E</Number><Title>Computer                    Science I</Title><Instructor>Gill</Instructor></Course><Course><Time>W 5:30PM- 6:30PM</Time><Number>E81 402 01</Number><Title>Mathematical Tools                    for Computer Science</Title><Instructor>Bailey</Instructor></Course><Course><Time>W 5:30PM- 8:30PM</Time><Number>E81 313A 01</Number><Title>Artificial                    Intelligence Lab</Title><Instructor>Loui</Instructor></Course><Course><Time>W 7:00PM- 8:00PM</Time><Number>E81 508A 01</Number><Title>Advanced                    User Interface</Title><Instructor>Kimura</Instructor></Course><Course><Time>W 7:00PM- 9:00PM</Time><Number>E81 100B 02</Number><Title>Introduction to                    Computing Tools: MATLAB Skills</Title><Instructor>Loui</Instructor></Course><Course><Time>W 7:00PM- 9:00PM</Time><Number>E81 100G 02</Number><Title>Introduction to                    Computing Tools: General Skills</Title><Instructor>Loui</Instructor></Course><Course><Time>Th 2:30AM- 3:30AM</Time><Number>E81 425S 01</Number><Title>Programming                    Systems and Languages</Title><Instructor>Kwasny</Instructor></Course><Course><Time>Th 5:30AM- 6:30AM</Time><Number>E81 502N 01</Number><Title>Fundamentals of                    Computer Science</Title><Instructor>TBA</Instructor></Course><Course><Time>Th 10:00AM-11:00AM</Time><Number>E81 132 01</Number><Title>Computer                    Science II</Title><Instructor>Kwasny</Instructor></Course><Course><Time>Th 10:00AM-11:00AM</Time><Number>E81 131 01</Number><Title>Computer                    Science I</Title><Instructor>Gill</Instructor></Course><Course><Time>Th 11:30AM-12:30PM</Time><Number>E81 240 01</Number><Title>Logic and Discrete                    Mathematics</Title><Instructor>Pless</Instructor></Course><Course><Time>Th 11:30AM-12:30PM</Time><Number>E81 550A 01</Number><Title>Mobile                    Robotics</Title><Instructor>Smart</Instructor></Course><Course><Time>Th 1:00PM- 2:00PM</Time><Number>E81 441T 01</Number><Title>Advanced                    Algorithms</Title><Instructor>Goldman, S</Instructor></Course><Course><Time>Th 1:00PM- 2:00PM</Time><Number>E81 132 A</Number><Title>Computer                    Science II</Title><Instructor>Kwasny</Instructor></Course><Course><Time>Th 1:00PM- 2:00PM</Time><Number>E81 241 01</Number><Title>Algorithms and                    Data Structures</Title><Instructor>Buhler</Instructor></Course><Course><Time>Th 1:00PM- 2:00PM</Time><Number>E81 566M 01</Number><Title>Reconfigurable                    System on Chip Design</Title><Instructor>Lockwood</Instructor></Course><Course><Time>Th 2:30PM- 3:30PM</Time><Number>E81 577M 01</Number><Title>Design and                    Analysis of Switching Systems</Title><Instructor>Turner</Instructor></Course><Course><Time>Th 2:30PM- 3:30PM</Time><Number>E81 132 B</Number><Title>Computer                    Science II</Title><Instructor>Kwasny</Instructor></Course><Course><Time>Th 2:30PM- 3:30PM</Time><Number>E81 422S 01</Number><Title>Operating                    Systems Organization</Title><Instructor>Wong</Instructor></Course><Course><Time>Th 4:00PM- 5:00PM</Time><Number>E81 332S 01</Number><Title>Object-Oriented                    Software Development Laboratory</Title><Instructor>Kuhns</Instructor></Course><Course><Time>Th 4:00PM- 5:00PM</Time><Number>E81 501N 01</Number><Title>Programming                    Concepts and Practice</Title><Instructor>Bennett</Instructor></Course><Course><Time>Th 4:00PM- 5:00PM</Time><Number>E81 505A 01</Number><Title>Data                    Security</Title><Instructor>Xu</Instructor></Course><Course><Time>Th 4:00PM- 5:00PM</Time><Number>E81 560M 01</Number><Title>Computer Systems                    Architecture I</Title><Instructor>Crowley</Instructor></Course><Course><Time>Th 4:00PM- 5:00PM</Time><Number>E81 104 01</Number><Title>Web                    Development</Title><Instructor>Loui</Instructor></Course><Course><Time>Th 5:30PM- 6:30PM</Time><Number>E81 535T 01</Number><Title>Programming                    Language Theory</Title><Instructor>Stump</Instructor></Course><Course><Time>Th 5:30PM- 8:30PM</Time><Number>E81 513A 01</Number><Title>Graduate                    Artificial Intelligence Project</Title><Instructor>Loui</Instructor></Course><Course><Time>Th 7:00PM- 8:00PM</Time><Number>E81 540T 01</Number><Title>Formal                    Concepts in Computer Science</Title><Instructor>Kimura</Instructor></Course><Course><Time>Th 7:00PM- 9:00PM</Time><Number>E81 502N A</Number><Title>Fundamentals of                    Computer Science</Title><Instructor>TBA</Instructor></Course><Course><Time>Th 7:30PM- 9:30PM</Time><Number>E81 100X 03</Number><Title>Introduction to                    Computing Tools: Advanced Skills</Title><Instructor>Loui</Instructor></Course><Course><Time>Th 7:30PM- 9:30PM</Time><Number>E81 100G 03</Number><Title>Introduction to                    Computing Tools: General Skills</Title><Instructor>Loui</Instructor></Course><Course><Time>Th 7:30PM- 9:30PM</Time><Number>E81 100W 03</Number><Title>Introduction to                    Computing Tools: Web Skills</Title><Instructor>Loui</Instructor></Course><Course><Time>Th 7:30PM- 9:30PM</Time><Number>E81 100B 03</Number><Title>Introduction to                    Computing Tools: MATLAB Skills</Title><Instructor>Loui</Instructor></Course><Course><Time>F 10:00AM-11:00AM</Time><Number>E81 131 01</Number><Title>Computer                    Science I</Title><Instructor>Gill</Instructor></Course><Course><Time>F 10:00AM-11:00AM</Time><Number>E81 436S A</Number><Title>Software                    Engineering Workshop</Title><Instructor>Bennett</Instructor></Course><Course><Time>F 11:00AM-12:00PM</Time><Number>E81 436S B</Number><Title>Software                    Engineering Workshop</Title><Instructor>Bennett</Instructor></Course><Course><Time>F 12:00PM- 1:00PM</Time><Number>E81 436S C</Number><Title>Software                    Engineering Workshop</Title><Instructor>Bennett</Instructor></Course><Course><Time>F 1:00PM- 2:00PM</Time><Number>E81 436S D</Number><Title>Software                    Engineering Workshop</Title><Instructor>Bennett</Instructor></Course><Course><Time>F 1:00PM- 3:00PM</Time><Number>E81 104 A</Number><Title>Web                    Development</Title><Instructor>Loui</Instructor></Course><Course><Time>F 1:00PM- 4:00PM</Time><Number>E81 465M A</Number><Title>Digital                    Systems Laboratory</Title><Instructor>Chamberlain</Instructor></Course><Course><Time>F 3:00PM- 5:00PM</Time><Number>E81 104 B</Number><Title>Web                    Development</Title><Instructor>Loui</Instructor></Course><Course><Time>As Arranged</Time><Number>E81 583A 01</Number><Title>Topics in                    Computational Molecular Biology</Title><Instructor>TBA</Instructor></Course><Course><Time>As Arranged</Time><Number>E81 598 02</Number><Title>Masters                    Project</Title><Instructor>TBA</Instructor></Course><Course><Time>As Arranged</Time><Number>E81 599 02</Number><Title>Masters                    Research</Title><Instructor>TBA</Instructor></Course><Course><Time>As Arranged</Time><Number>E81 699 02</Number><Title>Doctoral                    Research</Title><Instructor>TBA</Instructor></Course><Course><Time>As Arranged</Time><Number>E81 7221 01</Number><Title>Research                    Seminar on Visual Programming</Title><Instructor>Goldman, K</Instructor></Course><Course><Time>As Arranged</Time><Number>E81 7301 01</Number><Title>Research                    Seminar on Distributed System Design</Title><Instructor>Roman</Instructor></Course><Course><Time>As Arranged</Time><Number>E81 7701 01</Number><Title>Research                    Seminar on Networking</Title><Instructor>Turner</Instructor></Course><Course><Time>As Arranged</Time><Number>E81 7801 01</Number><Title>Research                    Seminar on Computational Molecular Biology</Title><Instructor>Buhler</Instructor></Course><Course><Time>As Arranged</Time><Number>E81 7811 01</Number><Title>Research                    Seminar on Data Mining and Computational Biology</Title><Instructor>Zhang</Instructor></Course><Course><Time>As Arranged</Time><Number>E81 887 02</Number><Title>Masters                    Candidate</Title><Instructor>TBA</Instructor></Course><Course><Time>As Arranged</Time><Number>E81 888 02</Number><Title>Doctoral                    Candidate</Title><Instructor>TBA</Instructor></Course><Course><Time>As Arranged</Time><Number>E81 497 02</Number><Title>Senior Project                    I</Title><Instructor>TBA</Instructor></Course><Course><Time>As Arranged</Time><Number>E81 499 02</Number><Title>Undergraduate                    Honors Thesis</Title><Instructor>TBA</Instructor></Course><Course><Time>As Arranged</Time><Number>E81 500 02</Number><Title>Independent                    Study</Title><Instructor>TBA</Instructor></Course><Course><Time>As Arranged</Time><Number>E81 541T 01</Number><Title>Advanced                    Algorithms</Title><Instructor>TBA</Instructor></Course><Course><Time>As Arranged</Time><Number>E81 406A 01</Number><Title>Semantics</Title><Instructor>TBA</Instructor></Course><Course><Time>As Arranged</Time><Number>E81 400 02</Number><Title>Independent                    Study</Title><Instructor>TBA</Instructor></Course> </washu>