<?xml version="1.0" encoding="UTF-8"?> <wisc> <Course No="240"><CourseName>Intro to Discrete Mathematics</CourseName><SS>A1</SS><Cr>3</Cr><CrNoCr>.</CrNoCr><geBLC>__NI_</geBLC><Prerequisites>Math 221</Prerequisites></Course><Course><Cr>.</Cr><CrNoCr>XL</CrNoCr><geBLC>.</geBLC></Course><Course No="302"><CourseName>Introduction to Programming</CourseName><SS>A1</SS><Cr>3</Cr><CrNoCr>.</CrNoCr><geBLC>r_NI_</geBLC><Prerequisites>Problem solving skills such as those acquired in a stats, logic, or        adv HS algebra crse, or cons inst. Open to Fr. Stdts who take both Comp        Sci 110  302 will receive a</Prerequisites></Course><Course><Cr>Y</Cr><CrNoCr>.</CrNoCr><geBLC>.</geBLC></Course><Course No="310"><CourseName>Prob Solvng Using Computers</CourseName><SS>A1</SS><Cr>3</Cr><CrNoCr>.</CrNoCr><geBLC>___E_</geBLC><Prerequisites>Math 222</Prerequisites></Course><Course><Cr>.</Cr><CrNoCr>.</CrNoCr><geBLC></geBLC></Course><Course No="352"><CourseName>Digital System Fundamentals</CourseName><SS>A1</SS><Cr>4</Cr><CrNoCr>.</CrNoCr><geBLC>r_PIC</geBLC><Prerequisites>Comp Sci 302 or equiv</Prerequisites></Course><Course><Cr>.</Cr><CrNoCr>XL</CrNoCr><geBLC>.</geBLC></Course><Course No="354"><CourseName>Machine OrganizatnProgrmng</CourseName><SS>A1</SS><Cr>4</Cr><CrNoCr>.</CrNoCr><geBLC>r_NIC</geBLC><Prerequisites>Comp Sci 302. Open to Fr</Prerequisites></Course><Course><Cr>Y</Cr><CrNoCr>XL</CrNoCr><geBLC>.</geBLC></Course><Course No="367"><CourseName>Intro to Data Structures</CourseName><SS>A1</SS><Cr>3</Cr><CrNoCr>.</CrNoCr><geBLC>r_NI_</geBLC><Prerequisites>Comp Sci 302 or cons inst. Stdts are strongly encouraged to take Comp        Sci 367 within two semesters of having taken Comp Sci 302</Prerequisites></Course><Course><Cr>.</Cr><CrNoCr>.</CrNoCr><geBLC>.</geBLC></Course><Course No="368"><CourseName>Learn New Programming Lang</CourseName><SS>A1</SS><Cr>1</Cr><CrNoCr>Y</CrNoCr><geBLC>___I_</geBLC><Prerequisites>CS 302 or cons inst. Exper with data struct req (e.g. 5 wks of CS 367        or equiv). Stdts rec cr for lang once  not rec cr for same lang in CS        302  368 or 367  368. Ope</Prerequisites></Course><Course><Cr>Y</Cr><CrNoCr>.</CrNoCr><geBLC>.</geBLC></Course><Course No="371"><CourseName>Tech:Computer-Based Bus Sys</CourseName><SS>A1</SS><Cr>3</Cr><CrNoCr>.</CrNoCr><geBLC>__SIC</geBLC><Prerequisites>Comp Sci 302 or cons inst</Prerequisites></Course><Course><Cr>.</Cr><CrNoCr>XL</CrNoCr><geBLC>.</geBLC></Course><Course No="412"><CourseName>Intro to Numerical Methods</CourseName><SS>A1</SS><Cr>3</Cr><CrNoCr>.</CrNoCr><geBLC>__NI_</geBLC><Prerequisites>Math 223, Comp Sci 302, or equiv  knowledge of matrix algebra</Prerequisites></Course><Course><Cr>.</Cr><CrNoCr>.</CrNoCr><geBLC>.</geBLC></Course><Course No="425"><CourseName>Intro-Combinatrl Optimizatn</CourseName><SS>A1</SS><Cr>3</Cr><CrNoCr>.</CrNoCr><geBLC>__PIC</geBLC><Prerequisites>Math 221 or Comp Sci 302 or cons inst</Prerequisites></Course><Course><Cr>.</Cr><CrNoCr>XL</CrNoCr><geBLC>.</geBLC></Course><Course No="435"><CourseName>Introduction to Cryptography</CourseName><SS>A1</SS><Cr>3</Cr><CrNoCr>.</CrNoCr><geBLC>___A_</geBLC><Prerequisites>Math 320 or 340 or cons inst. Open to Fr</Prerequisites></Course><Course><Cr>Y</Cr><CrNoCr>XL</CrNoCr><geBLC>.</geBLC></Course><Course No="475"><CourseName>Intro-Combinatorics</CourseName><SS>A1</SS><Cr>3</Cr><CrNoCr>.</CrNoCr><geBLC>__NA_</geBLC><Prerequisites>Math 320 or 340 or cons inst</Prerequisites></Course><Course><Cr>.</Cr><CrNoCr>XL</CrNoCr><geBLC>.</geBLC></Course><Course No="520"><CourseName>Intro-Theoretical Comp Sci</CourseName><SS>A1</SS><Cr>3</Cr><CrNoCr>.</CrNoCr><geBLC>__NA_</geBLC><Prerequisites>Comp Sci 367, Math 222  240 or cons inst</Prerequisites></Course><Course><Cr>.</Cr><CrNoCr>.</CrNoCr><geBLC>.</geBLC></Course><Course No="525"><CourseName>Linear Programming Methods</CourseName><SS>A1</SS><Cr>3</Cr><CrNoCr>.</CrNoCr><geBLC>__NAC</geBLC><Prerequisites>Math 443 or 320 or 340 or cons inst</Prerequisites></Course><Course><Cr>.</Cr><CrNoCr>XL</CrNoCr><geBLC>.</geBLC></Course><Course No="536"><CourseName>Intro-Progm LangsCompilers</CourseName><SS>A1</SS><Cr>3</Cr><CrNoCr>.</CrNoCr><geBLC>__NA_</geBLC><Prerequisites>Comp Sci/ECE 354  Comp Sci 367</Prerequisites></Course><Course><Cr>.</Cr><CrNoCr>.</CrNoCr><geBLC>.</geBLC></Course><Course No="537"><CourseName>Intro to Operating Systems</CourseName><SS>A1</SS><Cr>.</Cr><CrNoCr>__NA_</CrNoCr><geBLC>.</geBLC></Course><Course No="538"><CourseName>Thry  Desgn-Progrmg Langs</CourseName><SS>A1</SS><Cr>3</Cr><CrNoCr>.</CrNoCr><geBLC>___D_</geBLC><Prerequisites>Comp Sci/ECE 354  Comp Sci 367</Prerequisites></Course><Course><Cr>.</Cr><CrNoCr>.</CrNoCr><geBLC>.</geBLC></Course><Course No="539"><CourseName>Intro-Artificl Neural Ntwrk</CourseName><SS>A1</SS><Cr>3</Cr><CrNoCr>.</CrNoCr><geBLC>___DC</geBLC><Prerequisites>Comp Sci 302, or Comp Sci 310, or knowledge of C programming lang</Prerequisites></Course><Course><Cr>.</Cr><CrNoCr>XL</CrNoCr><geBLC>.</geBLC></Course><Course No="540"><CourseName>Intro-Artificl Intelligence</CourseName><SS>A1</SS><Cr>3</Cr><CrNoCr>.</CrNoCr><geBLC>__NA_</geBLC><Prerequisites>Comp Sci 367</Prerequisites></Course><Course><Cr>.</Cr><CrNoCr>.</CrNoCr><geBLC>.</geBLC></Course><Course No="552"><CourseName>Intro-Computer Architecture</CourseName><SS>A1</SS><Cr>3</Cr><CrNoCr>.</CrNoCr><geBLC>__PAC</geBLC><Prerequisites>ECE/Comp Sci 352  Comp Sci/ECE 354</Prerequisites></Course><Course><Cr>.</Cr><CrNoCr>XL</CrNoCr><geBLC>.</geBLC></Course><Course No="559"><CourseName>Computer Graphics</CourseName><SS>A1</SS><Cr>3</Cr><CrNoCr>.</CrNoCr><geBLC>___I_</geBLC><Prerequisites>Math 320 or 340  Comp Sci 367</Prerequisites></Course><Course><Cr>.</Cr><CrNoCr>.</CrNoCr><geBLC>.</geBLC></Course><Course No="564"><CourseName>Database Mgt Systems</CourseName><SS>A1</SS><Cr>.</Cr><CrNoCr>__PD_</CrNoCr><geBLC>.</geBLC></Course><Course No="577"><CourseName>Introduction to Algorithms</CourseName><SS>A1</SS><Cr>3</Cr><CrNoCr>.</CrNoCr><geBLC>__NA_</geBLC><Prerequisites>Comp Sci 367, Math 222  240 or cons inst</Prerequisites></Course><Course><Cr>.</Cr><CrNoCr>.</CrNoCr><geBLC>.</geBLC></Course><Course No="640"><CourseName>Intro to Computer Networks</CourseName><SS>A1</SS><Cr>3</Cr><CrNoCr>.</CrNoCr><geBLC>___D_</geBLC><Prerequisites>Comp Sci 537</Prerequisites></Course><Course><Cr>.</Cr><CrNoCr>.</CrNoCr><geBLC>.</geBLC></Course><Course No="642"><CourseName>Intro to Information Security</CourseName><SS>A1</SS><Cr>3</Cr><CrNoCr>.</CrNoCr><geBLC>___A_</geBLC><Prerequisites>Comp Sci 537 or cons inst. Elementary knowledge of mathematical logic        and discrete probability theory also required</Prerequisites></Course><Course><Cr>.</Cr><CrNoCr>.</CrNoCr><geBLC>.</geBLC></Course><Course No="682"><CourseName>Senior Honors Thesis</CourseName><SS>A1</SS><Cr>3</Cr><CrNoCr>.</CrNoCr><geBLC>___A_</geBLC><Prerequisites>Honors cand and cons inst</Prerequisites></Course><Course><Cr>.</Cr><CrNoCr>.</CrNoCr><geBLC>.</geBLC></Course><Course No="699"><CourseName>Directed Study</CourseName><SS>A1</SS><Cr>.</Cr><CrNoCr>___A_</CrNoCr><geBLC>.</geBLC></Course><Course No="704"><CourseName>Princ of Programming Langs</CourseName><SS>A1</SS><Cr>3</Cr><CrNoCr>.</CrNoCr><geBLC>_____</geBLC><Prerequisites>Comp Sci 536 or equiv, or cons inst</Prerequisites></Course><Course><Cr>.</Cr><CrNoCr>.</CrNoCr><geBLC>.</geBLC></Course><Course No="720"><CourseName>Integer Programming</CourseName><SS>A1</SS><Cr>3</Cr><CrNoCr>.</CrNoCr><geBLC>_____</geBLC><Prerequisites>Comp Sci 525 or cons inst</Prerequisites></Course><Course><Cr>.</Cr><CrNoCr>XL</CrNoCr><geBLC>.</geBLC></Course><Course No="730"><CourseName>Nonlinear Progm Algorithms</CourseName><SS>A1</SS><Cr>3</Cr><CrNoCr>.</CrNoCr><geBLC>_____</geBLC><Prerequisites>Cons inst</Prerequisites></Course><Course><Cr>.</Cr><CrNoCr>XL</CrNoCr><geBLC>.</geBLC></Course><Course No="733"><CourseName>Comput Meths-Lg Sparse Sys</CourseName><SS>A1</SS><Cr>3</Cr><CrNoCr>.</CrNoCr><geBLC>_____</geBLC><Prerequisites>Comp Sci 367  ECE 334; or Comp Sci 367, 412  Math 340; or        cons inst</Prerequisites></Course><Course><Cr>.</Cr><CrNoCr>XL</CrNoCr><geBLC>.</geBLC></Course><Course No="736"><CourseName>Advanced Operating Systems</CourseName><SS>A1</SS><Cr>3</Cr><CrNoCr>.</CrNoCr><geBLC>_____</geBLC><Prerequisites>Comp Sci 537 or cons inst</Prerequisites></Course><Course><Cr>.</Cr><CrNoCr>.</CrNoCr><geBLC>.</geBLC></Course><Course No="739"><CourseName>Distributed Systems</CourseName><SS>A1</SS><Cr>3</Cr><CrNoCr>.</CrNoCr><geBLC>_____</geBLC><Prerequisites>Comp Sci 736 or cons inst</Prerequisites></Course><Course><Cr>.</Cr><CrNoCr>.</CrNoCr><geBLC>.</geBLC></Course><Course No="740"><CourseName>Advanced Computer Networks</CourseName><SS>A1</SS><Cr>3</Cr><CrNoCr>.</CrNoCr><geBLC>_____</geBLC><Prerequisites>Comp Sci 640</Prerequisites></Course><Course><Cr>.</Cr><CrNoCr>.</CrNoCr><geBLC>.</geBLC></Course><Course No="747"><CourseName>Adv Cmputr Sys Anal Techniq</CourseName><SS>A1</SS><Cr>3</Cr><CrNoCr>.</CrNoCr><geBLC>_____</geBLC><Prerequisites>Comp Sci 547 or cons inst</Prerequisites></Course><Course><Cr>.</Cr><CrNoCr>.</CrNoCr><geBLC>.</geBLC></Course><Course No="750"><CourseName>Real-time Computing Systems</CourseName><SS>A1</SS><Cr>3</Cr><CrNoCr>.</CrNoCr><geBLC>_____</geBLC><Prerequisites>ECE/Comp Sci 552  Comp Sci 537 or cons inst</Prerequisites></Course><Course><Cr>.</Cr><CrNoCr>XL</CrNoCr><geBLC>.</geBLC></Course><Course No="752"><CourseName>Adv Computer Architecture I</CourseName><SS>A1</SS><Cr>3</Cr><CrNoCr>.</CrNoCr><geBLC>_____</geBLC><Prerequisites>ECE, Comp Sci 552  Comp Sci 537</Prerequisites></Course><Course><Cr>.</Cr><CrNoCr>XL</CrNoCr><geBLC>.</geBLC></Course><Course No="757"><CourseName>Adv Computr Architecture II</CourseName><SS>A1</SS><Cr>3</Cr><CrNoCr>.</CrNoCr><geBLC>_____</geBLC><Prerequisites>Comp Sci, ECE 752</Prerequisites></Course><Course><Cr>.</Cr><CrNoCr>XL</CrNoCr><geBLC>.</geBLC></Course><Course No="764"><CourseName>Topics-Database Mgt Systems</CourseName><SS>A1</SS><Cr>3</Cr><CrNoCr>.</CrNoCr><geBLC>_____</geBLC><Prerequisites>Comp Sci 564, 537  536 or cons inst</Prerequisites></Course><Course><Cr>.</Cr><CrNoCr>.</CrNoCr><geBLC>.</geBLC></Course><Course No="773"><CourseName>Prob-Computatnl Linguistics</CourseName><SS>A1</SS><Cr>3</Cr><CrNoCr>.</CrNoCr><geBLC>_____</geBLC><Prerequisites>Comp Sci 545 or 771 or cons inst</Prerequisites></Course><Course><Cr>.</Cr><CrNoCr>XL</CrNoCr><geBLC>.</geBLC></Course><Course No="776"><CourseName>Advanced Bioinformatics</CourseName><SS>A1</SS><Cr>3</Cr><CrNoCr>.</CrNoCr><geBLC>_____</geBLC><Prerequisites>BMI 576</Prerequisites></Course><Course><Cr>.</Cr><CrNoCr>XL</CrNoCr><geBLC>.</geBLC></Course><Course No="777"><CourseName>Computer Animation</CourseName><SS>A1</SS><Cr>3</Cr><CrNoCr>.</CrNoCr><geBLC>_____</geBLC><Prerequisites>Comp Sci 559</Prerequisites></Course><Course><Cr>.</Cr><CrNoCr>.</CrNoCr><geBLC>.</geBLC></Course><Course No="784"><CourseName>Data Models and Languages</CourseName><SS>A1</SS><Cr>3</Cr><CrNoCr>.</CrNoCr><geBLC>_____</geBLC><Prerequisites>Comp Sci 564 and 536, or cons inst</Prerequisites></Course><Course><Cr>.</Cr><CrNoCr>.</CrNoCr><geBLC>.</geBLC></Course><Course No="790"><CourseName>Master&apos;s Thesis</CourseName><SS>A1</SS><Cr>.</Cr><CrNoCr>_____</CrNoCr><geBLC>.</geBLC></Course><Course No="799"><CourseName>Master&apos;s Research</CourseName><SS>A1</SS><Cr>.</Cr><CrNoCr>_____</CrNoCr><geBLC>.</geBLC></Course><Course No="838"><CourseName>Topics in Computing</CourseName><SS>A1</SS><Cr>3</Cr><CrNoCr>.</CrNoCr><geBLC>_____</geBLC><Prerequisites>Cons inst</Prerequisites></Course><Course><Cr>.</Cr><CrNoCr>.</CrNoCr><geBLC>.</geBLC></Course><Course No="880"><CourseName>Topics in Theortcl Comp Sci</CourseName><SS>A1</SS><Cr>3</Cr><CrNoCr>.</CrNoCr><geBLC>_____</geBLC><Prerequisites>Cons inst</Prerequisites></Course><Course><Cr>.</Cr><CrNoCr>.</CrNoCr><geBLC>.</geBLC></Course><Course No="899"><CourseName>Pre-Dissertator Research</CourseName><SS>A1</SS><Cr>.</Cr><CrNoCr>_____</CrNoCr><geBLC>.</geBLC></Course><Course No="915"><CourseName>ComputnInformatcs in BiolMed</CourseName><SS>A1</SS><Cr>1</Cr><CrNoCr>.</CrNoCr><geBLC>_____</geBLC><Prerequisites>Cons inst</Prerequisites></Course><Course><Cr>.</Cr><CrNoCr>XL</CrNoCr><geBLC>.</geBLC></Course><Course No="990"><CourseName>Dissertation</CourseName><SS>A1</SS><Cr>.</Cr><CrNoCr>_____</CrNoCr><geBLC>.</geBLC></Course> </wisc>