<?xml version="1.0" encoding="UTF-8"?> <yale> <Course No="CPSC     112     01     (21603)"><CourseName>Introduction to Programming</CourseName><Instructor>Drew McDermott</Instructor><DayTime>MWF 11.30-12.20 ML 211</DayTime></Course><Course No="CPSC     150     01     (21604)"><CourseName>CompSciModrnIntellctualAgenda</CourseName><Instructor>David Gelernter</Instructor><DayTime>TTh 1.00-2.15 WLH 116</DayTime></Course><Course No="CPSC     180     01     (21605)"><CourseName>Computers and the Law</CourseName><Instructor>Robert Dunne</Instructor><DayTime>MWF 11.30-12.20 SLB AUD</DayTime></Course><Course No="CPSC     182     01     (21606)"><CourseName>IntellctualProperty:DigitalAge</CourseName><Instructor>Robert Dunne</Instructor><DayTime>MW 1.00-2.15 AKW 100</DayTime></Course><Course No="CPSC     182     02     (23770)"><CourseName>IntellctualProperty:DigitalAge</CourseName><Instructor>Robert Dunne</Instructor><DayTime>MW 2.30-3.45 AKW 100</DayTime></Course><Course No="CPSC     201     01     (21607)"><CourseName>Intro to Computer Science</CourseName><Instructor>Carsten Schurmann</Instructor><DayTime>MWF 11.30-12.20 AKW 200</DayTime></Course><Course No="CPSC     223     01     (21608)"><CourseName>DataStructresProgrmmngTechnqs</CourseName><Instructor>Stanley Eisenstat</Instructor><DayTime>MW 2.30-3.45 BCT 102</DayTime></Course><Course No="CPSC     365     01     (21609)"><CourseName>Design Analysis of Algorithms</CourseName><Instructor>James Aspnes</Instructor><DayTime>TTh 1.00-2.15 ML 211</DayTime></Course><Course No="CPSC     422     01     (21610)"><CourseName>Operating Systems</CourseName><Instructor>Arvind Krishnamurthy</Instructor><DayTime>MWF 1.30-2.20 AKW 500</DayTime></Course><Course No="CPSC     434     01     (21611)"><CourseName>MobileComputngWirelessNetwork</CourseName><Instructor>Yang Richard Yang</Instructor><DayTime>MW 2.30-3.45 AKW 500</DayTime></Course><Course No="CPSC     439     01     (21612)"><CourseName>Computer Systems</CourseName><Instructor>Andreas Savvides</Instructor><DayTime>TTh 2.30-3.45 BCT CO311 HTBA</DayTime></Course><Course No="CPSC     440     01     (23463)"><CourseName>Numerical Computation I</CourseName><Instructor>Vladimir Rokhlin</Instructor><DayTime>TTh 2.30-3.45 AKW 200</DayTime></Course><Course No="CPSC     445     01     (23304)"><CourseName>Introduction to Data Mining</CourseName><Instructor>Martin Schultz</Instructor><DayTime>MW 1.00-2.15 ML 104</DayTime></Course><Course No="CPSC     460     01     (21613)"><CourseName>TheoreticalMethodsInComputrSci</CourseName><Instructor>Ravindran Kannan</Instructor><DayTime>TTh 1.00-2.15 AKW 200</DayTime></Course><Course No="CPSC     461     01     (21614)"><CourseName>Foundations of Cryptography</CourseName><Instructor>Michael Fischer</Instructor><DayTime>TTh 2.30-3.45 AKW 400</DayTime></Course><Course No="CPSC     464     01     (23636)"><CourseName>Quantum Computing</CourseName><Instructor>Willard Miranker</Instructor><DayTime>TTh 11.30-12.45 AKW 500</DayTime></Course><Course No="CPSC     466     01     (23306)"><CourseName>Combinatorics</CourseName><Instructor>Gil Kalai</Instructor><DayTime>MW 11.30-12.45 AKW 400</DayTime></Course><Course No="CPSC     473     01     (21615)"><CourseName>Intelligent Robotics</CourseName><Instructor>Brian Scassellati</Instructor><DayTime>MWF 11.30-12.20 BCT CO31</DayTime></Course><Course No="CPSC     475     01     (21616)"><CourseName>ComputatlVisionBiologPerceptn</CourseName><Instructor>Steven Zucker</Instructor><DayTime>MW 2.30-3.45 ML 211</DayTime></Course><Course No="CPSC     478     01     (21617)"><CourseName>Computer Graphics</CourseName><Instructor>Julie Dorsey</Instructor><DayTime>MW 1.00-2.15 AKW 400</DayTime></Course><Course No="CPSC     480     01     (21618)"><CourseName>Directed Reading</CourseName><Instructor>James Aspnes</Instructor><DayTime>1 HTBA</DayTime></Course><Course No="CPSC     490     01     (21619)"><CourseName>Special Projects</CourseName><Instructor>James Aspnes</Instructor><DayTime>1 HTBA</DayTime></Course><Course No="CPSC     522     01     (20968)"><CourseName>Operating Systems</CourseName><Instructor>Arvind Krishnamurthy</Instructor><DayTime>MWF 1.30-2.20 AKW 500</DayTime></Course><Course No="CPSC     534     01     (20969)"><CourseName>MobileComputingWirelessNetwrk</CourseName><Instructor>Yang Richard Yang</Instructor><DayTime>MW 2.30-3.45 DL 102</DayTime></Course><Course No="CPSC     538     01     (23462)"><CourseName>Adv Topics Informal Systems</CourseName><Instructor>Abraham Silberschatz</Instructor><DayTime>T 3.00-5.00 AKW 500</DayTime></Course><Course No="CPSC     539     01     (20970)"><CourseName>Computer Systems</CourseName><Instructor>Andreas Savvides</Instructor><DayTime>MW 2.30-3.45 ML 104</DayTime></Course><Course No="CPSC     540     01     (20972)"><CourseName>Numerical Computation I</CourseName><Instructor>Vladimir Rokhlin</Instructor><DayTime>TTh 2.30-3.45 AKW 200</DayTime></Course><Course No="CPSC     545     01     (23305)"><CourseName>Introduction to Data Mining</CourseName><Instructor>Martin Schultz</Instructor><DayTime>MW 1.00-2.15 ML 104</DayTime></Course><Course No="CPSC     560     01     (20973)"><CourseName>Theoretical Methods in CPSC</CourseName><Instructor>Ravindran Kannan</Instructor><DayTime>TTh 1.00-2.15 AKW 200</DayTime></Course><Course No="CPSC     561     01     (23637)"><CourseName>Foundations of Cryptography</CourseName><Instructor>Michael Fischer</Instructor><DayTime>TTh 2.30-3.45 AKW 400</DayTime></Course><Course No="CPSC     564     01     (20974)"><CourseName>Quantum Computing</CourseName><Instructor>Willard Miranker</Instructor><DayTime>TTh 11.30-12.45 AKW 500</DayTime></Course><Course No="CPSC     566     01     (23307)"><CourseName>Combinatorics</CourseName><Instructor>Gil Kalai</Instructor><DayTime>MW 11.30-12.45 AKW 400</DayTime></Course><Course No="CPSC     573     01     (20975)"><CourseName>Intelligent Robotics</CourseName><Instructor>Brian Scassellati</Instructor><DayTime>MWF 11.30-12.20 BCT CO31</DayTime></Course><Course No="CPSC     575     01     (20976)"><CourseName>ComputatnlVisionBiolgiclPercp</CourseName><Instructor>Steven Zucker</Instructor><DayTime>MW 2.30-3.45 ML 211</DayTime></Course><Course No="CPSC     578     01     (20977)"><CourseName>Computer Graphics</CourseName><Instructor>Julie Dorsey</Instructor><DayTime>MW 1.00-2.15 AKW 400</DayTime></Course><Course No="CPSC     629     01     (23928)"><CourseName>AdvTopics:ProgrmngLangResrch</CourseName><Instructor>Paul Hudak</Instructor><DayTime>WF 10.00-11.20 AKW 400</DayTime></Course><Course No="CPSC     690     01     (20978)"><CourseName>Independent Project I</CourseName><Instructor></Instructor><DayTime>3 HTBA</DayTime></Course><Course No="CPSC     690     02     (24042)"><CourseName>Independent Project I</CourseName><Instructor>Steven Zucker</Instructor><DayTime>3 HTBA</DayTime></Course><Course No="CPSC     691     01     (20979)"><CourseName>Independent Project II</CourseName><Instructor></Instructor><DayTime>3 HTBA</DayTime></Course><Course No="CPSC     691     02     (24043)"><CourseName>Independent Project II</CourseName><Instructor>Michael Fischer</Instructor><DayTime>3 HTBA</DayTime></Course><Course No="CPSC     691     03     (24044)"><CourseName>Independent Project II</CourseName><Instructor>Ravindran Kannan</Instructor><DayTime>3 HTBA</DayTime></Course><Course No="CPSC     691     04     (24045)"><CourseName>Independent Project II</CourseName><Instructor>Brian Scassellati</Instructor><DayTime>3 HTBA</DayTime></Course><Course No="CPSC     691     05     (24046)"><CourseName>Independent Project II</CourseName><Instructor>Zhong Shao</Instructor><DayTime>3 HTBA</DayTime></Course><Course No="CPSC     691     06     (24047)"><CourseName>Independent Project II</CourseName><Instructor>Yang Richard Yang</Instructor><DayTime>3 HTBA</DayTime></Course><Course No="CPSC     691     07     (24397)"><CourseName>Independent Project II</CourseName><Instructor>Abraham Silberschatz</Instructor><DayTime>3 HTBA</DayTime></Course><Course No="CPSC     691     08     (24398)"><CourseName>Independent Project II</CourseName><Instructor>Paul Hudak</Instructor><DayTime>3 HTBA</DayTime></Course><Course No="CPSC     692     01     (20980)"><CourseName>Independent Project</CourseName><Instructor></Instructor><DayTime>3 HTBA</DayTime></Course><Course No="CPSC     692     02     (24048)"><CourseName>Independent Project</CourseName><Instructor>Brian Scassellati</Instructor><DayTime>3 HTBA</DayTime></Course><Course No="CPSC     692     03     (24050)"><CourseName>Independent Project</CourseName><Instructor>Abraham Silberschatz</Instructor><DayTime>3 HTBA</DayTime></Course><Course No="CPSC     692     04     (24399)"><CourseName>Independent Project</CourseName><Instructor>Joan Feigenbaum</Instructor><DayTime>3 HTBA</DayTime></Course><Course No="CPSC     692     05     (24400)"><CourseName>Independent Project</CourseName><Instructor>Julie Dorsey</Instructor><DayTime>3 HTBA</DayTime></Course><Course No="CPSC     820     01     (20981)"><CourseName>DirReadingsProgLangSystems</CourseName><Instructor></Instructor><DayTime>3 HTBA</DayTime></Course><Course No="CPSC     840     01     (20982)"><CourseName>Directed Readings in NA</CourseName><Instructor></Instructor><DayTime>3 HTBA</DayTime></Course><Course No="CPSC     860     01     (20983)"><CourseName>Dir Readings in Theory</CourseName><Instructor></Instructor><DayTime>3 HTBA</DayTime></Course><Course No="CPSC     870     01     (20984)"><CourseName>Dir Reading Artificial Intell</CourseName><Instructor></Instructor><DayTime>3 HTBA</DayTime></Course> </yale>