<?xml version="1.0" encoding="UTF-8"?>
<!--This is the 14 Best matching
Use topkmatch.xsd to parse and validate the information (XMLSchema)--><BestMatch CandidateOntology="betus.com" MatchIndex="14" MatchWeight="0.0" TargetOntology="www.cybersportsbook.com"><MatchedTerms Weight="0.0"><CandidateTerm id="2943063166144475908">text: First Name: (nameFirstEntry)</CandidateTerm><TargetTerm id="589750310256605874">text: First name (txtFirstName)</TargetTerm></MatchedTerms><MatchedTerms Weight="0.0"><CandidateTerm id="9047238668763552617">text: Last Name: (nameLastEntry)</CandidateTerm><TargetTerm id="3170125602458640974">text: Last name (txtLastName)</TargetTerm></MatchedTerms><MatchedTerms Weight="0.0"><CandidateTerm id="5698423935137202885">text: Email: (emailEntry)</CandidateTerm><TargetTerm id="7289829051724351869">text: Email (txtEmail)</TargetTerm></MatchedTerms><MatchedTerms Weight="0.0"><CandidateTerm id="5878310386297710076">text: Phone: (homePhoneEntry)</CandidateTerm><TargetTerm id="4909038121162054521">text: Home Phone (txtHomePhone)</TargetTerm></MatchedTerms><MatchedTerms Weight="0.0"><CandidateTerm id="6100003836561101189">text: Business Phone: (businessPhoneEntry)</CandidateTerm><TargetTerm id="3228938353027547182">text: Work Phone (txtWorkPhone)</TargetTerm></MatchedTerms><MatchedTerms Weight="0.0"><CandidateTerm id="3079411060587152246">text: Fax: (faxEntry)</CandidateTerm><TargetTerm id="8721884317757522674">text: Fax (txtFax)</TargetTerm></MatchedTerms><MatchedTerms Weight="0.0"><CandidateTerm id="3821343850432865645">text: Address1: (address1Entry)</CandidateTerm><TargetTerm id="5703831582006560431">text: Address (txtAddress1)</TargetTerm></MatchedTerms><MatchedTerms Weight="0.0"><CandidateTerm id="9007383421697459930">text: Address2: (address2Entry)</CandidateTerm><TargetTerm id="4884350230743860687">text: Address 2 (txtAddress2)</TargetTerm></MatchedTerms><MatchedTerms Weight="0.0"><CandidateTerm id="7943682564067512032">text: City: (cityEntry)</CandidateTerm><TargetTerm id="8426547442071036424">text: City (txtCity)</TargetTerm></MatchedTerms><MatchedTerms Weight="0.0"><CandidateTerm id="4896129199970851374">select: State Province: (stateEntry)</CandidateTerm><TargetTerm id="2831335321036027199">select: State (ddlState)</TargetTerm></MatchedTerms><MatchedTerms Weight="0.0"><CandidateTerm id="1550010056509505117">text: Zip Postal Code: (zipEntry)</CandidateTerm><TargetTerm id="3864968771237893420">text: Zipcode (txtZip)</TargetTerm></MatchedTerms><MatchedTerms Weight="0.0"><CandidateTerm id="3977123692201197425">select: Country: (countryEntry)</CandidateTerm><TargetTerm id="8852320088838937005">select: Country (txtCountry)</TargetTerm></MatchedTerms><MatchedTerms Weight="0.0"><CandidateTerm id="7000979113436582245">select: Where did you hear about us? (sourceEntry)</CandidateTerm><TargetTerm id="3329561022568868777">select: How did you find us? (ddlFindUs)</TargetTerm></MatchedTerms><MatchedTerms Weight="0.0"><CandidateTerm id="5273298219861211756">password: Password: (passwordEntry)</CandidateTerm><TargetTerm id="230015706269157532">password: Password: (PASSWORD)</TargetTerm></MatchedTerms><MatchedTerms Weight="0.0"><CandidateTerm id="5359881599428165356">password: Confirm Password: (ConfirmPasswordEntry)</CandidateTerm><TargetTerm id="1455544899255483271">password: Password (re-enter) (txtPassword2)</TargetTerm></MatchedTerms><MatchedTerms Weight="0.0"><CandidateTerm id="5649760285847451375">text: Please Enter Your BetUS Account Number (CustomerID)</CandidateTerm><TargetTerm id="4645602648652542152">text: Username (txtUsername)</TargetTerm></MatchedTerms><MatchedTerms Weight="0.0"><CandidateTerm id="8640953208678791624">password: Please Enter Your BetUS Account Password (Password)</CandidateTerm><TargetTerm id="230015706269157532">password: Password: (PASSWORD)</TargetTerm></MatchedTerms></BestMatch><!--For any questions regarding the Top K Framework please send to:ontobuilder@ie.technion.ac.il-->