<?xml version="1.0" encoding="UTF-8"?>
<!--This is the 1 Best matching Use topkmatch.xsd to parse and validate the information (XMLSchema)--><BestMatch CandidateOntology="time" MatchIndex="1" MatchWeight="0.0" TargetOntology="surfer"><MatchedTerms Weight="0.0"><CandidateTerm id="6178720721667263295">Name: (/net/timeinc/subs/user/model/Name.name):text</CandidateTerm><TargetTerm id="1681514143644746582">First name (first_name):text</TargetTerm></MatchedTerms><MatchedTerms Weight="0.0"><CandidateTerm id="6178720721667263295">Name: (/net/timeinc/subs/user/model/Name.name):text</CandidateTerm><TargetTerm id="5739814338081520617">Last name (last_name):text</TargetTerm></MatchedTerms><MatchedTerms Weight="0.0"><CandidateTerm id="2675324442230578344">Address: (/net/timeinc/subs/user/model/Address.address1):text</CandidateTerm><TargetTerm id="6364097783196645249">Street Address (StreetAdr):text</TargetTerm></MatchedTerms><MatchedTerms Weight="0.0"><CandidateTerm id="9068248464885197118">City: (/net/timeinc/subs/user/model/Address.city):text</CandidateTerm><TargetTerm id="4299454366684850094">City (City):text</TargetTerm></MatchedTerms><MatchedTerms Weight="0.0"><CandidateTerm id="7635432083745841396">Zip Postal: (/net/timeinc/subs/user/model/Address.zipCode):text</CandidateTerm><TargetTerm id="6547472846983542200">Zip (PostalCode):text</TargetTerm></MatchedTerms><MatchedTerms Weight="0.0"><CandidateTerm id="3369344715087318768">E-mail: (/net/timeinc/subs/user/model/Email.email):text</CandidateTerm><TargetTerm id="9075682448106649789">Email (EmailAdr):text</TargetTerm></MatchedTerms><MatchedTerms Weight="0.0"><CandidateTerm id="836823813931284418">Card No. : (ccNumber):text</CandidateTerm><TargetTerm id="8633318758660180620">Credit Card Number (credit_card_number):text</TargetTerm></MatchedTerms><MatchedTerms Weight="0.0"><CandidateTerm id="6977175199258843017">State Province: (/net/timeinc/subs/user/model/Address.state):select</CandidateTerm><TargetTerm id="2095683223529008038">State (State):select</TargetTerm></MatchedTerms><MatchedTerms Weight="0.0"><CandidateTerm id="1206788416948394673">Select: (ccType):select</CandidateTerm><TargetTerm id="2322735788804621857"> (pt_id):radio</TargetTerm></MatchedTerms><MatchedTerms Weight="0.0"><CandidateTerm id="3544148366391437960">Expiration: (mm yyyy) (ccExpirMonth):select</CandidateTerm><TargetTerm id="4912074171922444620">Expiration Date (credit_card_exp_month):select</TargetTerm></MatchedTerms><MatchedTerms Weight="0.0"><CandidateTerm id="1965764893286764885">Expiration: (mm yyyy) (ccExpirYear):select</CandidateTerm><TargetTerm id="7653152875091626695">Expiration Date (credit_card_exp_year):select</TargetTerm></MatchedTerms></BestMatch><!--For any questions regarding the Top K Framework please send to:ontobuilder@ie.technion.ac.il-->