<?xml version="1.0" encoding="UTF-8"?>
<!DOCTYPE ontology SYSTEM "dtds/ontology.dtd"><ontology name="time" title="time" type="full" site="https://subs.timeinc.net/TD/tdmgm_hardoffer0406.jhtml?experience_id=130439&amp;source_id=15"><classes><class name="page"><domain type="" /><attributes /><axioms /><subclasses /></class><class name="form"><domain type="" /><attributes><attribute name="method" value="get"><domain name="Choice" type="choice"><entry>post</entry><entry>get</entry></domain></attribute><attribute name="action"><domain name="URL" type="url" /></attribute></attributes><axioms /><subclasses /></class><class name="input"><domain type="" /><attributes><attribute name="name"><domain name="Text" type="text" /></attribute><attribute name="disabled" value="false"><domain name="Boolean" type="boolean" /></attribute></attributes><axioms /><subclasses><class name="text"><domain type="" /><attributes><attribute name="name"><domain name="Text" type="text" /></attribute><attribute name="disabled"><domain name="Boolean" type="boolean" /></attribute><attribute name="type" value="text"><domain type="" /></attribute><attribute name="defaultValue"><domain name="Text" type="text" /></attribute><attribute name="value"><domain name="Text" type="text" /></attribute><attribute name="size"><domain name="Positive Integer" type="pinteger" /></attribute><attribute name="maxLength"><domain name="Positive Integer" type="pinteger" /></attribute><attribute name="readOnly" value="false"><domain name="Boolean" type="boolean" /></attribute></attributes><axioms /><subclasses /></class><class name="password"><domain type="" /><attributes><attribute name="name"><domain name="Text" type="text" /></attribute><attribute name="disabled"><domain name="Boolean" type="boolean" /></attribute><attribute name="type" value="password"><domain type="" /></attribute><attribute name="defaultValue"><domain name="Text" type="text" /></attribute><attribute name="size"><domain name="Positive Integer" type="text" /></attribute><attribute name="maxLength"><domain name="Positive Integer" type="pinteger" /></attribute><attribute name="readOnly" value="false"><domain name="Boolean" type="boolean" /></attribute></attributes><axioms /><subclasses /></class><class name="file"><domain type="" /><attributes><attribute name="name"><domain name="Text" type="text" /></attribute><attribute name="disabled"><domain name="Boolean" type="boolean" /></attribute><attribute name="type" value="file"><domain type="" /></attribute><attribute name="size"><domain name="Positive Integer" type="pinteger" /></attribute><attribute name="maxLength"><domain name="Positive Integer" type="pinteger" /></attribute><attribute name="readOnly" value="false"><domain name="Boolean" type="boolean" /></attribute></attributes><axioms /><subclasses /></class><class name="hidden"><domain type="" /><attributes><attribute name="name"><domain name="Text" type="text" /></attribute><attribute name="disabled"><domain name="Boolean" type="boolean" /></attribute><attribute name="type" value="hidden"><domain type="" /></attribute><attribute name="type" value="button"><domain type="" /></attribute></attributes><axioms /><subclasses /></class><class name="checkbox"><domain type="" /><attributes><attribute name="name"><domain name="Text" type="text" /></attribute><attribute name="disabled"><domain name="Boolean" type="boolean" /></attribute><attribute name="type" value="checkbox"><domain type="" /></attribute></attributes><axioms /><subclasses /></class><class name="radio"><domain type="" /><attributes><attribute name="name"><domain name="Text" type="text" /></attribute><attribute name="disabled"><domain name="Boolean" type="boolean" /></attribute><attribute name="type" value="radio"><domain type="" /></attribute></attributes><axioms /><subclasses /></class><class name="select"><domain type="" /><attributes><attribute name="name"><domain name="Text" type="text" /></attribute><attribute name="disabled"><domain name="Boolean" type="boolean" /></attribute><attribute name="type" value="select"><domain type="" /></attribute><attribute name="size"><domain name="Positive Integer" type="pinteger" /></attribute><attribute name="multiple" value="false"><domain name="Boolean" type="boolean" /></attribute></attributes><axioms /><subclasses /></class><class name="textarea"><domain type="" /><attributes><attribute name="name"><domain name="Text" type="text" /></attribute><attribute name="disabled"><domain name="Boolean" type="boolean" /></attribute><attribute name="type" value="textarea"><domain type="" /></attribute><attribute name="defaultValue"><domain name="Text" type="text" /></attribute><attribute name="rows"><domain name="Positive Integer" type="pinteger" /></attribute><attribute name="cols"><domain name="Positive Integer" type="pinteger" /></attribute><attribute name="readOnly" value="false"><domain name="Boolean" type="boolean" /></attribute></attributes><axioms /><subclasses /></class><class name="button"><domain type="" /><attributes><attribute name="name"><domain name="Text" type="text" /></attribute><attribute name="disabled"><domain name="Boolean" type="boolean" /></attribute></attributes><axioms /><subclasses /></class><class name="submit"><domain type="" /><attributes><attribute name="name"><domain name="Text" type="text" /></attribute><attribute name="disabled"><domain name="Boolean" type="boolean" /></attribute><attribute name="type" value="submit"><domain type="" /></attribute></attributes><axioms /><subclasses /></class><class name="reset"><domain type="" /><attributes><attribute name="name"><domain name="Text" type="text" /></attribute><attribute name="disabled"><domain name="Boolean" type="boolean" /></attribute><attribute name="type" value="reset"><domain type="" /></attribute></attributes><axioms /><subclasses /></class><class name="image"><domain type="" /><attributes><attribute name="name"><domain name="Text" type="text" /></attribute><attribute name="disabled"><domain name="Boolean" type="boolean" /></attribute><attribute name="type" value="image"><domain type="" /></attribute><attribute name="src"><domain name="URL" type="url" /></attribute></attributes><axioms /><subclasses /></class></subclasses></class><class name="composition"><domain type="" /><attributes><attribute name="name" value=""><domain type="" /></attribute></attributes><axioms /><subclasses><class name="decomposition"><domain type="" /><attributes><attribute name="name"><domain type="" /></attribute></attributes><axioms /><subclasses /></class><class name="group"><domain type="" /><attributes><attribute name="name"><domain type="" /></attribute></attributes><axioms /><subclasses /></class></subclasses></class></classes><terms><term id="7033393352155871238" name="https://subs.timeinc.net/TD/tdmgm_hardoffer0406.jhtml?experience_id=130439&amp;source_id=15" class="page"><domain type="" /><attributes /><axioms /><relationships><relationship name="is parent of"><source>https://subs.timeinc.net/TD/tdmgm_hardoffer0406.jhtml?experience_id=130439&amp;source_id=15</source><targets>order</targets></relationship></relationships><subterms><term id="352330265940807189" name="order" class="form"><domain type="" /><attributes><attribute name="method" value="post"><domain name="Choice" type="choice"><entry>post</entry><entry>get</entry></domain></attribute><attribute name="action" value="https://subs.timeinc.net/TD/tdmgm_hardoffer0406.jhtml?_DARGS=%2FTD%2Ftdmgm_hardoffer0406.jhtml"><domain name="URL" type="url" /></attribute></attributes><axioms /><relationships><relationship name="is child of"><source>order</source><targets>https://subs.timeinc.net/TD/tdmgm_hardoffer0406.jhtml?experience_id=130439&amp;source_id=15</targets></relationship><relationship name="is parent of"><source>order</source><targets>per_name</targets></relationship><relationship name="is parent of"><source>order</source><targets>delayLiveFulfillment</targets></relationship><relationship name="is parent of"><source>order</source><targets>/net/timeinc/subs/user/controller/handler/ValetOrderDetailGenerator.EKOption</targets></relationship><relationship name="is parent of"><source>order</source><targets>_D:/net/timeinc/subs/user/controller/handler/ValetOrderDetailGenerator.EKOption</targets></relationship><relationship name="is parent of"><source>order</source><targets>/net/timeinc/subs/user/model/valetquerystring/MSCSIGTP.variableValue</targets></relationship><relationship name="is parent of"><source>order</source><targets>_D:/net/timeinc/subs/user/model/valetquerystring/MSCSIGTP.variableValue</targets></relationship><relationship name="is parent of"><source>order</source><targets>/net/timeinc/subs/util/PageAttributeMap.mp_max</targets></relationship><relationship name="is parent of"><source>order</source><targets>_D:/net/timeinc/subs/util/PageAttributeMap.mp_max</targets></relationship><relationship name="is parent of"><source>order</source><targets>/net/timeinc/subs/util/PageAttributeMap.mp_desc</targets></relationship><relationship name="is parent of"><source>order</source><targets>_D:/net/timeinc/subs/util/PageAttributeMap.mp_desc</targets></relationship><relationship name="is parent of"><source>order</source><targets>/net/timeinc/subs/util/PageAttributeMap.currency_code</targets></relationship><relationship name="is parent of"><source>order</source><targets>_D:/net/timeinc/subs/util/PageAttributeMap.currency_code</targets></relationship><relationship name="is parent of"><source>order</source><targets>Name:</targets></relationship><relationship name="is parent of"><source>order</source><targets>_D:/net/timeinc/subs/user/model/Name.name</targets></relationship><relationship name="is parent of"><source>order</source><targets>Address:</targets></relationship><relationship name="is parent of"><source>order</source><targets>_D:/net/timeinc/subs/user/model/Address.address1</targets></relationship><relationship name="is parent of"><source>order</source><targets>City:</targets></relationship><relationship name="is parent of"><source>order</source><targets>_D:/net/timeinc/subs/user/model/Address.city</targets></relationship><relationship name="is parent of"><source>order</source><targets>_D:/net/timeinc/subs/user/model/Address.state</targets></relationship><relationship name="is parent of"><source>order</source><targets>Zip Postal:</targets></relationship><relationship name="is parent of"><source>order</source><targets>_D:/net/timeinc/subs/user/model/Address.zipCode</targets></relationship><relationship name="is parent of"><source>order</source><targets>/net/timeinc/subs/user/model/Email.emailEC</targets></relationship><relationship name="is parent of"><source>order</source><targets>_D:/net/timeinc/subs/user/model/Email.emailEC</targets></relationship><relationship name="is parent of"><source>order</source><targets>E-mail:</targets></relationship><relationship name="is parent of"><source>order</source><targets>_D:/net/timeinc/subs/user/model/Email.email</targets></relationship><relationship name="is parent of"><source>order</source><targets>TIME Magazine</targets></relationship><relationship name="is parent of"><source>order</source><targets>_D:ccType</targets></relationship><relationship name="is parent of"><source>order</source><targets>Card No. :</targets></relationship><relationship name="is parent of"><source>order</source><targets>_D:ccNumber</targets></relationship><relationship name="is parent of"><source>order</source><targets>_D:ccExpirMonth</targets></relationship><relationship name="is parent of"><source>order</source><targets>_D:ccExpirYear</targets></relationship><relationship name="is parent of"><source>order</source><targets></targets></relationship><relationship name="is parent of"><source>order</source><targets>_D:/net/timeinc/subs/user/controller/handler/BasicValetFormHandler.processing</targets></relationship><relationship name="is parent of"><source>order</source><targets>State Province:</targets></relationship><relationship name="is parent of"><source>order</source><targets>Select:</targets></relationship><relationship name="is parent of"><source>order</source><targets>Expiration: (mm yyyy)</targets></relationship><relationship name="is parent of"><source>order</source><targets>Expiration: (mm yyyy)</targets></relationship><relationship name="is parent of"><source>order</source><targets>Expiration: (mm yyyy)</targets></relationship></relationships><subterms><term id="829458189715288706" name="per_name" value="tdmgm_hardoffer0406" class="hidden"><domain type="" /><attributes><attribute name="name" value="per_name"><domain name="Text" type="text" /></attribute><attribute name="disabled" value="false"><domain name="Boolean" type="boolean" /></attribute><attribute name="type"><domain type="" /></attribute><attribute name="type"><domain type="" /></attribute></attributes><axioms /><relationships><relationship name="is child of"><source>per_name</source><targets>order</targets></relationship></relationships><subterms /></term><term id="8185411453230641413" name="delayLiveFulfillment" value="true" class="hidden"><domain type="" /><attributes><attribute name="name" value="delayLiveFulfillment"><domain name="Text" type="text" /></attribute><attribute name="disabled" value="false"><domain name="Boolean" type="boolean" /></attribute><attribute name="type"><domain type="" /></attribute><attribute name="type"><domain type="" /></attribute></attributes><axioms /><relationships><relationship name="is child of"><source>delayLiveFulfillment</source><targets>order</targets></relationship></relationships><subterms /></term><term id="3415675981358361408" name="/net/timeinc/subs/user/controller/handler/ValetOrderDetailGenerator.EKOption" value="1" class="hidden"><domain type="" /><attributes><attribute name="name" value="/net/timeinc/subs/user/controller/handler/ValetOrderDetailGenerator.EKOption"><domain name="Text" type="text" /></attribute><attribute name="disabled" value="false"><domain name="Boolean" type="boolean" /></attribute><attribute name="type"><domain type="" /></attribute><attribute name="type"><domain type="" /></attribute></attributes><axioms /><relationships><relationship name="is child of"><source>/net/timeinc/subs/user/controller/handler/ValetOrderDetailGenerator.EKOption</source><targets>order</targets></relationship></relationships><subterms /></term><term id="6408879251710286739" name="_D:/net/timeinc/subs/user/controller/handler/ValetOrderDetailGenerator.EKOption" value=" " class="hidden"><domain type="" /><attributes><attribute name="name" value="_D:/net/timeinc/subs/user/controller/handler/ValetOrderDetailGenerator.EKOption"><domain name="Text" type="text" /></attribute><attribute name="disabled" value="false"><domain name="Boolean" type="boolean" /></attribute><attribute name="type"><domain type="" /></attribute><attribute name="type"><domain type="" /></attribute></attributes><axioms /><relationships><relationship name="is child of"><source>_D:/net/timeinc/subs/user/controller/handler/ValetOrderDetailGenerator.EKOption</source><targets>order</targets></relationship></relationships><subterms /></term><term id="4942461895625055433" name="/net/timeinc/subs/user/model/valetquerystring/MSCSIGTP.variableValue" value="E" class="hidden"><domain type="" /><attributes><attribute name="name" value="/net/timeinc/subs/user/model/valetquerystring/MSCSIGTP.variableValue"><domain name="Text" type="text" /></attribute><attribute name="disabled" value="false"><domain name="Boolean" type="boolean" /></attribute><attribute name="type"><domain type="" /></attribute><attribute name="type"><domain type="" /></attribute></attributes><axioms /><relationships><relationship name="is child of"><source>/net/timeinc/subs/user/model/valetquerystring/MSCSIGTP.variableValue</source><targets>order</targets></relationship></relationships><subterms /></term><term id="6521923175632807397" name="_D:/net/timeinc/subs/user/model/valetquerystring/MSCSIGTP.variableValue" value=" " class="hidden"><domain type="" /><attributes><attribute name="name" value="_D:/net/timeinc/subs/user/model/valetquerystring/MSCSIGTP.variableValue"><domain name="Text" type="text" /></attribute><attribute name="disabled" value="false"><domain name="Boolean" type="boolean" /></attribute><attribute name="type"><domain type="" /></attribute><attribute name="type"><domain type="" /></attribute></attributes><axioms /><relationships><relationship name="is child of"><source>_D:/net/timeinc/subs/user/model/valetquerystring/MSCSIGTP.variableValue</source><targets>order</targets></relationship></relationships><subterms /></term><term id="3625606391792689587" name="/net/timeinc/subs/util/PageAttributeMap.mp_max" value="100.00" class="hidden"><domain type="" /><attributes><attribute name="name" value="/net/timeinc/subs/util/PageAttributeMap.mp_max"><domain name="Text" type="text" /></attribute><attribute name="disabled" value="false"><domain name="Boolean" type="boolean" /></attribute><attribute name="type"><domain type="" /></attribute><attribute name="type"><domain type="" /></attribute></attributes><axioms /><relationships><relationship name="is child of"><source>/net/timeinc/subs/util/PageAttributeMap.mp_max</source><targets>order</targets></relationship></relationships><subterms /></term><term id="6118128480764571212" name="_D:/net/timeinc/subs/util/PageAttributeMap.mp_max" value=" " class="hidden"><domain type="" /><attributes><attribute name="name" value="_D:/net/timeinc/subs/util/PageAttributeMap.mp_max"><domain name="Text" type="text" /></attribute><attribute name="disabled" value="false"><domain name="Boolean" type="boolean" /></attribute><attribute name="type"><domain type="" /></attribute><attribute name="type"><domain type="" /></attribute></attributes><axioms /><relationships><relationship name="is child of"><source>_D:/net/timeinc/subs/util/PageAttributeMap.mp_max</source><targets>order</targets></relationship></relationships><subterms /></term><term id="5287555336879088989" name="/net/timeinc/subs/util/PageAttributeMap.mp_desc" value="Time Magazine subscription $29.95 for 56 issues" class="hidden"><domain type="" /><attributes><attribute name="name" value="/net/timeinc/subs/util/PageAttributeMap.mp_desc"><domain name="Text" type="text" /></attribute><attribute name="disabled" value="false"><domain name="Boolean" type="boolean" /></attribute><attribute name="type"><domain type="" /></attribute><attribute name="type"><domain type="" /></attribute></attributes><axioms /><relationships><relationship name="is child of"><source>/net/timeinc/subs/util/PageAttributeMap.mp_desc</source><targets>order</targets></relationship></relationships><subterms /></term><term id="210416346162037660" name="_D:/net/timeinc/subs/util/PageAttributeMap.mp_desc" value=" " class="hidden"><domain type="" /><attributes><attribute name="name" value="_D:/net/timeinc/subs/util/PageAttributeMap.mp_desc"><domain name="Text" type="text" /></attribute><attribute name="disabled" value="false"><domain name="Boolean" type="boolean" /></attribute><attribute name="type"><domain type="" /></attribute><attribute name="type"><domain type="" /></attribute></attributes><axioms /><relationships><relationship name="is child of"><source>_D:/net/timeinc/subs/util/PageAttributeMap.mp_desc</source><targets>order</targets></relationship></relationships><subterms /></term><term id="2795532060896880069" name="/net/timeinc/subs/util/PageAttributeMap.currency_code" value="USD" class="hidden"><domain type="" /><attributes><attribute name="name" value="/net/timeinc/subs/util/PageAttributeMap.currency_code"><domain name="Text" type="text" /></attribute><attribute name="disabled" value="false"><domain name="Boolean" type="boolean" /></attribute><attribute name="type"><domain type="" /></attribute><attribute name="type"><domain type="" /></attribute></attributes><axioms /><relationships><relationship name="is child of"><source>/net/timeinc/subs/util/PageAttributeMap.currency_code</source><targets>order</targets></relationship></relationships><subterms /></term><term id="7447091047664345845" name="_D:/net/timeinc/subs/util/PageAttributeMap.currency_code" value=" " class="hidden"><domain type="" /><attributes><attribute name="name" value="_D:/net/timeinc/subs/util/PageAttributeMap.currency_code"><domain name="Text" type="text" /></attribute><attribute name="disabled" value="false"><domain name="Boolean" type="boolean" /></attribute><attribute name="type"><domain type="" /></attribute><attribute name="type"><domain type="" /></attribute></attributes><axioms /><relationships><relationship name="is child of"><source>_D:/net/timeinc/subs/util/PageAttributeMap.currency_code</source><targets>order</targets></relationship></relationships><subterms /></term><term id="6178720721667263295" name="Name:" value="" class="text"><domain name="Text" type="text" /><attributes><attribute name="name" value="/net/timeinc/subs/user/model/Name.name"><domain name="Text" type="text" /></attribute><attribute name="disabled" value="false"><domain name="Boolean" type="boolean" /></attribute><attribute name="type"><domain type="" /></attribute><attribute name="defaultValue" value=""><domain name="Text" type="text" /></attribute><attribute name="value"><domain name="Text" type="text" /></attribute><attribute name="size" value="20"><domain name="Positive Integer" type="pinteger" /></attribute><attribute name="maxLength" value="30"><domain name="Positive Integer" type="pinteger" /></attribute><attribute name="readOnly" value="false"><domain name="Boolean" type="boolean" /></attribute></attributes><axioms /><relationships><relationship name="is child of"><source>Name:</source><targets>order</targets></relationship></relationships><subterms /></term><term id="6642011686868851718" name="_D:/net/timeinc/subs/user/model/Name.name" value=" " class="hidden"><domain type="" /><attributes><attribute name="name" value="_D:/net/timeinc/subs/user/model/Name.name"><domain name="Text" type="text" /></attribute><attribute name="disabled" value="false"><domain name="Boolean" type="boolean" /></attribute><attribute name="type"><domain type="" /></attribute><attribute name="type"><domain type="" /></attribute></attributes><axioms /><relationships><relationship name="is child of"><source>_D:/net/timeinc/subs/user/model/Name.name</source><targets>order</targets></relationship></relationships><subterms /></term><term id="2675324442230578344" name="Address:" value="" class="text"><domain name="Text" type="text" /><attributes><attribute name="name" value="/net/timeinc/subs/user/model/Address.address1"><domain name="Text" type="text" /></attribute><attribute name="disabled" value="false"><domain name="Boolean" type="boolean" /></attribute><attribute name="type"><domain type="" /></attribute><attribute name="defaultValue" value=""><domain name="Text" type="text" /></attribute><attribute name="value"><domain name="Text" type="text" /></attribute><attribute name="size" value="20"><domain name="Positive Integer" type="pinteger" /></attribute><attribute name="maxLength" value="30"><domain name="Positive Integer" type="pinteger" /></attribute><attribute name="readOnly" value="false"><domain name="Boolean" type="boolean" /></attribute></attributes><axioms /><relationships><relationship name="is child of"><source>Address:</source><targets>order</targets></relationship></relationships><subterms /></term><term id="1145807021741603981" name="_D:/net/timeinc/subs/user/model/Address.address1" value=" " class="hidden"><domain type="" /><attributes><attribute name="name" value="_D:/net/timeinc/subs/user/model/Address.address1"><domain name="Text" type="text" /></attribute><attribute name="disabled" value="false"><domain name="Boolean" type="boolean" /></attribute><attribute name="type"><domain type="" /></attribute><attribute name="type"><domain type="" /></attribute></attributes><axioms /><relationships><relationship name="is child of"><source>_D:/net/timeinc/subs/user/model/Address.address1</source><targets>order</targets></relationship></relationships><subterms /></term><term id="9068248464885197118" name="City:" value="" class="text"><domain name="Text" type="text" /><attributes><attribute name="name" value="/net/timeinc/subs/user/model/Address.city"><domain name="Text" type="text" /></attribute><attribute name="disabled" value="false"><domain name="Boolean" type="boolean" /></attribute><attribute name="type"><domain type="" /></attribute><attribute name="defaultValue" value=""><domain name="Text" type="text" /></attribute><attribute name="value"><domain name="Text" type="text" /></attribute><attribute name="size" value="20"><domain name="Positive Integer" type="pinteger" /></attribute><attribute name="maxLength" value="20"><domain name="Positive Integer" type="pinteger" /></attribute><attribute name="readOnly" value="false"><domain name="Boolean" type="boolean" /></attribute></attributes><axioms /><relationships><relationship name="is child of"><source>City:</source><targets>order</targets></relationship></relationships><subterms /></term><term id="3681958833771255635" name="_D:/net/timeinc/subs/user/model/Address.city" value=" " class="hidden"><domain type="" /><attributes><attribute name="name" value="_D:/net/timeinc/subs/user/model/Address.city"><domain name="Text" type="text" /></attribute><attribute name="disabled" value="false"><domain name="Boolean" type="boolean" /></attribute><attribute name="type"><domain type="" /></attribute><attribute name="type"><domain type="" /></attribute></attributes><axioms /><relationships><relationship name="is child of"><source>_D:/net/timeinc/subs/user/model/Address.city</source><targets>order</targets></relationship></relationships><subterms /></term><term id="4738858390169677109" name="_D:/net/timeinc/subs/user/model/Address.state" value=" " class="hidden"><domain type="" /><attributes><attribute name="name" value="_D:/net/timeinc/subs/user/model/Address.state"><domain name="Text" type="text" /></attribute><attribute name="disabled" value="false"><domain name="Boolean" type="boolean" /></attribute><attribute name="type"><domain type="" /></attribute><attribute name="type"><domain type="" /></attribute></attributes><axioms /><relationships><relationship name="is child of"><source>_D:/net/timeinc/subs/user/model/Address.state</source><targets>order</targets></relationship></relationships><subterms /></term><term id="7635432083745841396" name="Zip Postal:" value="" class="text"><domain name="Text" type="text" /><attributes><attribute name="name" value="/net/timeinc/subs/user/model/Address.zipCode"><domain name="Text" type="text" /></attribute><attribute name="disabled" value="false"><domain name="Boolean" type="boolean" /></attribute><attribute name="type"><domain type="" /></attribute><attribute name="defaultValue" value=""><domain name="Text" type="text" /></attribute><attribute name="value"><domain name="Text" type="text" /></attribute><attribute name="size" value="6"><domain name="Positive Integer" type="pinteger" /></attribute><attribute name="maxLength" value="6"><domain name="Positive Integer" type="pinteger" /></attribute><attribute name="readOnly" value="false"><domain name="Boolean" type="boolean" /></attribute></attributes><axioms /><relationships><relationship name="is child of"><source>Zip Postal:</source><targets>order</targets></relationship></relationships><subterms /></term><term id="5568727837033545527" name="_D:/net/timeinc/subs/user/model/Address.zipCode" value=" " class="hidden"><domain type="" /><attributes><attribute name="name" value="_D:/net/timeinc/subs/user/model/Address.zipCode"><domain name="Text" type="text" /></attribute><attribute name="disabled" value="false"><domain name="Boolean" type="boolean" /></attribute><attribute name="type"><domain type="" /></attribute><attribute name="type"><domain type="" /></attribute></attributes><axioms /><relationships><relationship name="is child of"><source>_D:/net/timeinc/subs/user/model/Address.zipCode</source><targets>order</targets></relationship></relationships><subterms /></term><term id="6496485114517294777" name="/net/timeinc/subs/user/model/Email.emailEC" value="CHECK_ON_REQUIRED_ON" class="hidden"><domain type="" /><attributes><attribute name="name" value="/net/timeinc/subs/user/model/Email.emailEC"><domain name="Text" type="text" /></attribute><attribute name="disabled" value="false"><domain name="Boolean" type="boolean" /></attribute><attribute name="type"><domain type="" /></attribute><attribute name="type"><domain type="" /></attribute></attributes><axioms /><relationships><relationship name="is child of"><source>/net/timeinc/subs/user/model/Email.emailEC</source><targets>order</targets></relationship></relationships><subterms /></term><term id="8218400136959928607" name="_D:/net/timeinc/subs/user/model/Email.emailEC" value=" " class="hidden"><domain type="" /><attributes><attribute name="name" value="_D:/net/timeinc/subs/user/model/Email.emailEC"><domain name="Text" type="text" /></attribute><attribute name="disabled" value="false"><domain name="Boolean" type="boolean" /></attribute><attribute name="type"><domain type="" /></attribute><attribute name="type"><domain type="" /></attribute></attributes><axioms /><relationships><relationship name="is child of"><source>_D:/net/timeinc/subs/user/model/Email.emailEC</source><targets>order</targets></relationship></relationships><subterms /></term><term id="3369344715087318768" name="E-mail:" value="" class="text"><domain name="Text" type="text" /><attributes><attribute name="name" value="/net/timeinc/subs/user/model/Email.email"><domain name="Text" type="text" /></attribute><attribute name="disabled" value="false"><domain name="Boolean" type="boolean" /></attribute><attribute name="type"><domain type="" /></attribute><attribute name="defaultValue" value=""><domain name="Text" type="text" /></attribute><attribute name="value"><domain name="Text" type="text" /></attribute><attribute name="size" value="20"><domain name="Positive Integer" type="pinteger" /></attribute><attribute name="maxLength" value="50"><domain name="Positive Integer" type="pinteger" /></attribute><attribute name="readOnly" value="false"><domain name="Boolean" type="boolean" /></attribute></attributes><axioms /><relationships><relationship name="is child of"><source>E-mail:</source><targets>order</targets></relationship></relationships><subterms /></term><term id="2088985837766386649" name="_D:/net/timeinc/subs/user/model/Email.email" value=" " class="hidden"><domain type="" /><attributes><attribute name="name" value="_D:/net/timeinc/subs/user/model/Email.email"><domain name="Text" type="text" /></attribute><attribute name="disabled" value="false"><domain name="Boolean" type="boolean" /></attribute><attribute name="type"><domain type="" /></attribute><attribute name="type"><domain type="" /></attribute></attributes><axioms /><relationships><relationship name="is child of"><source>_D:/net/timeinc/subs/user/model/Email.email</source><targets>order</targets></relationship></relationships><subterms /></term><term id="3957617812021726740" name="TIME Magazine" value="" class="radio"><domain name="Choice" type="choice"><entry><term id="7344850585144157279" name="" value=""><domain type="" /><attributes><attribute name="checked" value="false"><domain type="" /></attribute><attribute name="defaultChecked" value="false"><domain type="" /></attribute></attributes><axioms /><relationships /><subterms /></term></entry><entry><term id="1204041336565857673" name="" value=""><domain type="" /><attributes><attribute name="checked" value="false"><domain type="" /></attribute><attribute name="defaultChecked" value="false"><domain type="" /></attribute></attributes><axioms /><relationships /><subterms /></term></entry></domain><attributes><attribute name="name" value="paymentOpt"><domain name="Text" type="text" /></attribute><attribute name="disabled" value="false"><domain name="Boolean" type="boolean" /></attribute><attribute name="type"><domain type="" /></attribute></attributes><axioms /><relationships><relationship name="is child of"><source>TIME Magazine</source><targets>order</targets></relationship></relationships><subterms /></term><term id="4278294780440035077" name="_D:ccType" value=" " class="hidden"><domain type="" /><attributes><attribute name="name" value="_D:ccType"><domain name="Text" type="text" /></attribute><attribute name="disabled" value="false"><domain name="Boolean" type="boolean" /></attribute><attribute name="type"><domain type="" /></attribute><attribute name="type"><domain type="" /></attribute></attributes><axioms /><relationships><relationship name="is child of"><source>_D:ccType</source><targets>order</targets></relationship></relationships><subterms /></term><term id="836823813931284418" name="Card No. :" value="" class="text"><domain name="Text" type="text" /><attributes><attribute name="name" value="ccNumber"><domain name="Text" type="text" /></attribute><attribute name="disabled" value="false"><domain name="Boolean" type="boolean" /></attribute><attribute name="type"><domain type="" /></attribute><attribute name="defaultValue" value=""><domain name="Text" type="text" /></attribute><attribute name="value"><domain name="Text" type="text" /></attribute><attribute name="size" value="20"><domain name="Positive Integer" type="pinteger" /></attribute><attribute name="maxLength" value="20"><domain name="Positive Integer" type="pinteger" /></attribute><attribute name="readOnly" value="false"><domain name="Boolean" type="boolean" /></attribute></attributes><axioms /><relationships><relationship name="is child of"><source>Card No. :</source><targets>order</targets></relationship></relationships><subterms /></term><term id="2368098370253446253" name="_D:ccNumber" value=" " class="hidden"><domain type="" /><attributes><attribute name="name" value="_D:ccNumber"><domain name="Text" type="text" /></attribute><attribute name="disabled" value="false"><domain name="Boolean" type="boolean" /></attribute><attribute name="type"><domain type="" /></attribute><attribute name="type"><domain type="" /></attribute></attributes><axioms /><relationships><relationship name="is child of"><source>_D:ccNumber</source><targets>order</targets></relationship></relationships><subterms /></term><term id="313851070206386040" name="_D:ccExpirMonth" value=" " class="hidden"><domain type="" /><attributes><attribute name="name" value="_D:ccExpirMonth"><domain name="Text" type="text" /></attribute><attribute name="disabled" value="false"><domain name="Boolean" type="boolean" /></attribute><attribute name="type"><domain type="" /></attribute><attribute name="type"><domain type="" /></attribute></attributes><axioms /><relationships><relationship name="is child of"><source>_D:ccExpirMonth</source><targets>order</targets></relationship></relationships><subterms /></term><term id="2050682734731827840" name="_D:ccExpirYear" value=" " class="hidden"><domain type="" /><attributes><attribute name="name" value="_D:ccExpirYear"><domain name="Text" type="text" /></attribute><attribute name="disabled" value="false"><domain name="Boolean" type="boolean" /></attribute><attribute name="type"><domain type="" /></attribute><attribute name="type"><domain type="" /></attribute></attributes><axioms /><relationships><relationship name="is child of"><source>_D:ccExpirYear</source><targets>order</targets></relationship></relationships><subterms /></term><term id="8068866250197882431" name="" class="image"><domain type="" /><attributes><attribute name="name" value="/net/timeinc/subs/user/controller/handler/BasicValetFormHandler.processing"><domain name="Text" type="text" /></attribute><attribute name="disabled" value="false"><domain name="Boolean" type="boolean" /></attribute><attribute name="type"><domain type="" /></attribute><attribute name="src" value="https://a248.e.akamai.net/f/1016/606/1d/image.timeinc.net/subs2/images/td/tdmgm_hardoffer0406_submit.gif"><domain name="URL" type="url" /></attribute></attributes><axioms /><relationships><relationship name="is child of"><source></source><targets>order</targets></relationship></relationships><subterms /></term><term id="5533041219775148271" name="_D:/net/timeinc/subs/user/controller/handler/BasicValetFormHandler.processing" value=" " class="hidden"><domain type="" /><attributes><attribute name="name" value="_D:/net/timeinc/subs/user/controller/handler/BasicValetFormHandler.processing"><domain name="Text" type="text" /></attribute><attribute name="disabled" value="false"><domain name="Boolean" type="boolean" /></attribute><attribute name="type"><domain type="" /></attribute><attribute name="type"><domain type="" /></attribute></attributes><axioms /><relationships><relationship name="is child of"><source>_D:/net/timeinc/subs/user/controller/handler/BasicValetFormHandler.processing</source><targets>order</targets></relationship></relationships><subterms /></term><term id="6977175199258843017" name="State Province:" value="" class="select"><domain name="Text" type="text"><entry><term id="6756699846213585094" name="" value=""><domain type="" /><attributes><attribute name="selected" value="true"><domain type="" /></attribute><attribute name="defaultSelected" value="true"><domain type="" /></attribute></attributes><axioms /><relationships /><subterms /></term></entry><entry><term id="8270964004336469409" name="AA" value="AA"><domain type="" /><attributes><attribute name="selected" value="false"><domain type="" /></attribute><attribute name="defaultSelected" value="false"><domain type="" /></attribute></attributes><axioms /><relationships /><subterms /></term></entry><entry><term id="6281794422152458556" name="AB" value="AB"><domain type="" /><attributes><attribute name="selected" value="false"><domain type="" /></attribute><attribute name="defaultSelected" value="false"><domain type="" /></attribute></attributes><axioms /><relationships /><subterms /></term></entry><entry><term id="2295775896539038028" name="AE" value="AE"><domain type="" /><attributes><attribute name="selected" value="false"><domain type="" /></attribute><attribute name="defaultSelected" value="false"><domain type="" /></attribute></attributes><axioms /><relationships /><subterms /></term></entry><entry><term id="8668137344953362932" name="AK" value="AK"><domain type="" /><attributes><attribute name="selected" value="false"><domain type="" /></attribute><attribute name="defaultSelected" value="false"><domain type="" /></attribute></attributes><axioms /><relationships /><subterms /></term></entry><entry><term id="2432331085541566003" name="AL" value="AL"><domain type="" /><attributes><attribute name="selected" value="false"><domain type="" /></attribute><attribute name="defaultSelected" value="false"><domain type="" /></attribute></attributes><axioms /><relationships /><subterms /></term></entry><entry><term id="1282160466033648478" name="AP" value="AP"><domain type="" /><attributes><attribute name="selected" value="false"><domain type="" /></attribute><attribute name="defaultSelected" value="false"><domain type="" /></attribute></attributes><axioms /><relationships /><subterms /></term></entry><entry><term id="3701628328125901548" name="AR" value="AR"><domain type="" /><attributes><attribute name="selected" value="false"><domain type="" /></attribute><attribute name="defaultSelected" value="false"><domain type="" /></attribute></attributes><axioms /><relationships /><subterms /></term></entry><entry><term id="1016091001737982993" name="AS" value="AS"><domain type="" /><attributes><attribute name="selected" value="false"><domain type="" /></attribute><attribute name="defaultSelected" value="false"><domain type="" /></attribute></attributes><axioms /><relationships /><subterms /></term></entry><entry><term id="2533728773974782631" name="AZ" value="AZ"><domain type="" /><attributes><attribute name="selected" value="false"><domain type="" /></attribute><attribute name="defaultSelected" value="false"><domain type="" /></attribute></attributes><axioms /><relationships /><subterms /></term></entry><entry><term id="4106469894082861543" name="BC" value="BC"><domain type="" /><attributes><attribute name="selected" value="false"><domain type="" /></attribute><attribute name="defaultSelected" value="false"><domain type="" /></attribute></attributes><axioms /><relationships /><subterms /></term></entry><entry><term id="3786317513830336040" name="CA" value="CA"><domain type="" /><attributes><attribute name="selected" value="false"><domain type="" /></attribute><attribute name="defaultSelected" value="false"><domain type="" /></attribute></attributes><axioms /><relationships /><subterms /></term></entry><entry><term id="992072724244512543" name="CO" value="CO"><domain type="" /><attributes><attribute name="selected" value="false"><domain type="" /></attribute><attribute name="defaultSelected" value="false"><domain type="" /></attribute></attributes><axioms /><relationships /><subterms /></term></entry><entry><term id="8148487926918812589" name="CT" value="CT"><domain type="" /><attributes><attribute name="selected" value="false"><domain type="" /></attribute><attribute name="defaultSelected" value="false"><domain type="" /></attribute></attributes><axioms /><relationships /><subterms /></term></entry><entry><term id="916004955714248082" name="DC" value="DC"><domain type="" /><attributes><attribute name="selected" value="false"><domain type="" /></attribute><attribute name="defaultSelected" value="false"><domain type="" /></attribute></attributes><axioms /><relationships /><subterms /></term></entry><entry><term id="2802314121615886496" name="DE" value="DE"><domain type="" /><attributes><attribute name="selected" value="false"><domain type="" /></attribute><attribute name="defaultSelected" value="false"><domain type="" /></attribute></attributes><axioms /><relationships /><subterms /></term></entry><entry><term id="8358327221309366929" name="FL" value="FL"><domain type="" /><attributes><attribute name="selected" value="false"><domain type="" /></attribute><attribute name="defaultSelected" value="false"><domain type="" /></attribute></attributes><axioms /><relationships /><subterms /></term></entry><entry><term id="7265104149828589856" name="GA" value="GA"><domain type="" /><attributes><attribute name="selected" value="false"><domain type="" /></attribute><attribute name="defaultSelected" value="false"><domain type="" /></attribute></attributes><axioms /><relationships /><subterms /></term></entry><entry><term id="1089179171684135868" name="GU" value="GU"><domain type="" /><attributes><attribute name="selected" value="false"><domain type="" /></attribute><attribute name="defaultSelected" value="false"><domain type="" /></attribute></attributes><axioms /><relationships /><subterms /></term></entry><entry><term id="7113371600938187599" name="HI" value="HI"><domain type="" /><attributes><attribute name="selected" value="false"><domain type="" /></attribute><attribute name="defaultSelected" value="false"><domain type="" /></attribute></attributes><axioms /><relationships /><subterms /></term></entry><entry><term id="4887559707986098701" name="IA" value="IA"><domain type="" /><attributes><attribute name="selected" value="false"><domain type="" /></attribute><attribute name="defaultSelected" value="false"><domain type="" /></attribute></attributes><axioms /><relationships /><subterms /></term></entry><entry><term id="1375521538333966723" name="ID" value="ID"><domain type="" /><attributes><attribute name="selected" value="false"><domain type="" /></attribute><attribute name="defaultSelected" value="false"><domain type="" /></attribute></attributes><axioms /><relationships /><subterms /></term></entry><entry><term id="7576488018909107708" name="IL" value="IL"><domain type="" /><attributes><attribute name="selected" value="false"><domain type="" /></attribute><attribute name="defaultSelected" value="false"><domain type="" /></attribute></attributes><axioms /><relationships /><subterms /></term></entry><entry><term id="4205589165602822523" name="IN" value="IN"><domain type="" /><attributes><attribute name="selected" value="false"><domain type="" /></attribute><attribute name="defaultSelected" value="false"><domain type="" /></attribute></attributes><axioms /><relationships /><subterms /></term></entry><entry><term id="1288489652597999819" name="KS" value="KS"><domain type="" /><attributes><attribute name="selected" value="false"><domain type="" /></attribute><attribute name="defaultSelected" value="false"><domain type="" /></attribute></attributes><axioms /><relationships /><subterms /></term></entry><entry><term id="7133606881631194091" name="KY" value="KY"><domain type="" /><attributes><attribute name="selected" value="false"><domain type="" /></attribute><attribute name="defaultSelected" value="false"><domain type="" /></attribute></attributes><axioms /><relationships /><subterms /></term></entry><entry><term id="1055179313590010523" name="LA" value="LA"><domain type="" /><attributes><attribute name="selected" value="false"><domain type="" /></attribute><attribute name="defaultSelected" value="false"><domain type="" /></attribute></attributes><axioms /><relationships /><subterms /></term></entry><entry><term id="3083191526112486109" name="MA" value="MA"><domain type="" /><attributes><attribute name="selected" value="false"><domain type="" /></attribute><attribute name="defaultSelected" value="false"><domain type="" /></attribute></attributes><axioms /><relationships /><subterms /></term></entry><entry><term id="3864917897612544458" name="MB" value="MB"><domain type="" /><attributes><attribute name="selected" value="false"><domain type="" /></attribute><attribute name="defaultSelected" value="false"><domain type="" /></attribute></attributes><axioms /><relationships /><subterms /></term></entry><entry><term id="5499795393974803031" name="MD" value="MD"><domain type="" /><attributes><attribute name="selected" value="false"><domain type="" /></attribute><attribute name="defaultSelected" value="false"><domain type="" /></attribute></attributes><axioms /><relationships /><subterms /></term></entry><entry><term id="8980642866553155694" name="ME" value="ME"><domain type="" /><attributes><attribute name="selected" value="false"><domain type="" /></attribute><attribute name="defaultSelected" value="false"><domain type="" /></attribute></attributes><axioms /><relationships /><subterms /></term></entry><entry><term id="311313348078643574" name="MI" value="MI"><domain type="" /><attributes><attribute name="selected" value="false"><domain type="" /></attribute><attribute name="defaultSelected" value="false"><domain type="" /></attribute></attributes><axioms /><relationships /><subterms /></term></entry><entry><term id="4941117556075534238" name="MN" value="MN"><domain type="" /><attributes><attribute name="selected" value="false"><domain type="" /></attribute><attribute name="defaultSelected" value="false"><domain type="" /></attribute></attributes><axioms /><relationships /><subterms /></term></entry><entry><term id="9082407226654321483" name="MO" value="MO"><domain type="" /><attributes><attribute name="selected" value="false"><domain type="" /></attribute><attribute name="defaultSelected" value="false"><domain type="" /></attribute></attributes><axioms /><relationships /><subterms /></term></entry><entry><term id="495570399030413102" name="MS" value="MS"><domain type="" /><attributes><attribute name="selected" value="false"><domain type="" /></attribute><attribute name="defaultSelected" value="false"><domain type="" /></attribute></attributes><axioms /><relationships /><subterms /></term></entry><entry><term id="3805395431402164900" name="MT" value="MT"><domain type="" /><attributes><attribute name="selected" value="false"><domain type="" /></attribute><attribute name="defaultSelected" value="false"><domain type="" /></attribute></attributes><axioms /><relationships /><subterms /></term></entry><entry><term id="3966724806806690578" name="NB" value="NB"><domain type="" /><attributes><attribute name="selected" value="false"><domain type="" /></attribute><attribute name="defaultSelected" value="false"><domain type="" /></attribute></attributes><axioms /><relationships /><subterms /></term></entry><entry><term id="4201532533940500174" name="NC" value="NC"><domain type="" /><attributes><attribute name="selected" value="false"><domain type="" /></attribute><attribute name="defaultSelected" value="false"><domain type="" /></attribute></attributes><axioms /><relationships /><subterms /></term></entry><entry><term id="9073982978440817481" name="ND" value="ND"><domain type="" /><attributes><attribute name="selected" value="false"><domain type="" /></attribute><attribute name="defaultSelected" value="false"><domain type="" /></attribute></attributes><axioms /><relationships /><subterms /></term></entry><entry><term id="1440183181946662776" name="NE" value="NE"><domain type="" /><attributes><attribute name="selected" value="false"><domain type="" /></attribute><attribute name="defaultSelected" value="false"><domain type="" /></attribute></attributes><axioms /><relationships /><subterms /></term></entry><entry><term id="4564419325963040608" name="NH" value="NH"><domain type="" /><attributes><attribute name="selected" value="false"><domain type="" /></attribute><attribute name="defaultSelected" value="false"><domain type="" /></attribute></attributes><axioms /><relationships /><subterms /></term></entry><entry><term id="142372654408454540" name="NJ" value="NJ"><domain type="" /><attributes><attribute name="selected" value="false"><domain type="" /></attribute><attribute name="defaultSelected" value="false"><domain type="" /></attribute></attributes><axioms /><relationships /><subterms /></term></entry><entry><term id="2918330363499577838" name="NL" value="NL"><domain type="" /><attributes><attribute name="selected" value="false"><domain type="" /></attribute><attribute name="defaultSelected" value="false"><domain type="" /></attribute></attributes><axioms /><relationships /><subterms /></term></entry><entry><term id="3118301779690017280" name="NM" value="NM"><domain type="" /><attributes><attribute name="selected" value="false"><domain type="" /></attribute><attribute name="defaultSelected" value="false"><domain type="" /></attribute></attributes><axioms /><relationships /><subterms /></term></entry><entry><term id="3485874785210391576" name="NS" value="NS"><domain type="" /><attributes><attribute name="selected" value="false"><domain type="" /></attribute><attribute name="defaultSelected" value="false"><domain type="" /></attribute></attributes><axioms /><relationships /><subterms /></term></entry><entry><term id="1011212768311913755" name="NT" value="NT"><domain type="" /><attributes><attribute name="selected" value="false"><domain type="" /></attribute><attribute name="defaultSelected" value="false"><domain type="" /></attribute></attributes><axioms /><relationships /><subterms /></term></entry><entry><term id="3798167654647570163" name="NU" value="NU"><domain type="" /><attributes><attribute name="selected" value="false"><domain type="" /></attribute><attribute name="defaultSelected" value="false"><domain type="" /></attribute></attributes><axioms /><relationships /><subterms /></term></entry><entry><term id="7355336378623832746" name="NV" value="NV"><domain type="" /><attributes><attribute name="selected" value="false"><domain type="" /></attribute><attribute name="defaultSelected" value="false"><domain type="" /></attribute></attributes><axioms /><relationships /><subterms /></term></entry><entry><term id="9049262472935218807" name="NY" value="NY"><domain type="" /><attributes><attribute name="selected" value="false"><domain type="" /></attribute><attribute name="defaultSelected" value="false"><domain type="" /></attribute></attributes><axioms /><relationships /><subterms /></term></entry><entry><term id="4299169340836536353" name="OH" value="OH"><domain type="" /><attributes><attribute name="selected" value="false"><domain type="" /></attribute><attribute name="defaultSelected" value="false"><domain type="" /></attribute></attributes><axioms /><relationships /><subterms /></term></entry><entry><term id="6350513748925923501" name="OK" value="OK"><domain type="" /><attributes><attribute name="selected" value="false"><domain type="" /></attribute><attribute name="defaultSelected" value="false"><domain type="" /></attribute></attributes><axioms /><relationships /><subterms /></term></entry><entry><term id="2418744080758904089" name="ON" value="ON"><domain type="" /><attributes><attribute name="selected" value="false"><domain type="" /></attribute><attribute name="defaultSelected" value="false"><domain type="" /></attribute></attributes><axioms /><relationships /><subterms /></term></entry><entry><term id="9199666947477321921" name="OR" value="OR"><domain type="" /><attributes><attribute name="selected" value="false"><domain type="" /></attribute><attribute name="defaultSelected" value="false"><domain type="" /></attribute></attributes><axioms /><relationships /><subterms /></term></entry><entry><term id="5205098636386474266" name="PA" value="PA"><domain type="" /><attributes><attribute name="selected" value="false"><domain type="" /></attribute><attribute name="defaultSelected" value="false"><domain type="" /></attribute></attributes><axioms /><relationships /><subterms /></term></entry><entry><term id="1318246214357392335" name="PE" value="PE"><domain type="" /><attributes><attribute name="selected" value="false"><domain type="" /></attribute><attribute name="defaultSelected" value="false"><domain type="" /></attribute></attributes><axioms /><relationships /><subterms /></term></entry><entry><term id="6329182552519049260" name="PR" value="PR"><domain type="" /><attributes><attribute name="selected" value="false"><domain type="" /></attribute><attribute name="defaultSelected" value="false"><domain type="" /></attribute></attributes><axioms /><relationships /><subterms /></term></entry><entry><term id="8612318250255066224" name="QC" value="QC"><domain type="" /><attributes><attribute name="selected" value="false"><domain type="" /></attribute><attribute name="defaultSelected" value="false"><domain type="" /></attribute></attributes><axioms /><relationships /><subterms /></term></entry><entry><term id="3809279294944722099" name="RI" value="RI"><domain type="" /><attributes><attribute name="selected" value="false"><domain type="" /></attribute><attribute name="defaultSelected" value="false"><domain type="" /></attribute></attributes><axioms /><relationships /><subterms /></term></entry><entry><term id="2861395270608775211" name="SC" value="SC"><domain type="" /><attributes><attribute name="selected" value="false"><domain type="" /></attribute><attribute name="defaultSelected" value="false"><domain type="" /></attribute></attributes><axioms /><relationships /><subterms /></term></entry><entry><term id="143358478323616943" name="SD" value="SD"><domain type="" /><attributes><attribute name="selected" value="false"><domain type="" /></attribute><attribute name="defaultSelected" value="false"><domain type="" /></attribute></attributes><axioms /><relationships /><subterms /></term></entry><entry><term id="8494078465273004923" name="SK" value="SK"><domain type="" /><attributes><attribute name="selected" value="false"><domain type="" /></attribute><attribute name="defaultSelected" value="false"><domain type="" /></attribute></attributes><axioms /><relationships /><subterms /></term></entry><entry><term id="4779459953513763896" name="TN" value="TN"><domain type="" /><attributes><attribute name="selected" value="false"><domain type="" /></attribute><attribute name="defaultSelected" value="false"><domain type="" /></attribute></attributes><axioms /><relationships /><subterms /></term></entry><entry><term id="8457349996115923758" name="TX" value="TX"><domain type="" /><attributes><attribute name="selected" value="false"><domain type="" /></attribute><attribute name="defaultSelected" value="false"><domain type="" /></attribute></attributes><axioms /><relationships /><subterms /></term></entry><entry><term id="6024894330887418878" name="UT" value="UT"><domain type="" /><attributes><attribute name="selected" value="false"><domain type="" /></attribute><attribute name="defaultSelected" value="false"><domain type="" /></attribute></attributes><axioms /><relationships /><subterms /></term></entry><entry><term id="8991046442659121426" name="VA" value="VA"><domain type="" /><attributes><attribute name="selected" value="false"><domain type="" /></attribute><attribute name="defaultSelected" value="false"><domain type="" /></attribute></attributes><axioms /><relationships /><subterms /></term></entry><entry><term id="4435130244177240868" name="VI" value="VI"><domain type="" /><attributes><attribute name="selected" value="false"><domain type="" /></attribute><attribute name="defaultSelected" value="false"><domain type="" /></attribute></attributes><axioms /><relationships /><subterms /></term></entry><entry><term id="3581894805044924436" name="VT" value="VT"><domain type="" /><attributes><attribute name="selected" value="false"><domain type="" /></attribute><attribute name="defaultSelected" value="false"><domain type="" /></attribute></attributes><axioms /><relationships /><subterms /></term></entry><entry><term id="5718198493839199544" name="WA" value="WA"><domain type="" /><attributes><attribute name="selected" value="false"><domain type="" /></attribute><attribute name="defaultSelected" value="false"><domain type="" /></attribute></attributes><axioms /><relationships /><subterms /></term></entry><entry><term id="5707173581212795173" name="WI" value="WI"><domain type="" /><attributes><attribute name="selected" value="false"><domain type="" /></attribute><attribute name="defaultSelected" value="false"><domain type="" /></attribute></attributes><axioms /><relationships /><subterms /></term></entry><entry><term id="8473217505919195516" name="WV" value="WV"><domain type="" /><attributes><attribute name="selected" value="false"><domain type="" /></attribute><attribute name="defaultSelected" value="false"><domain type="" /></attribute></attributes><axioms /><relationships /><subterms /></term></entry><entry><term id="1191893835218642820" name="WY" value="WY"><domain type="" /><attributes><attribute name="selected" value="false"><domain type="" /></attribute><attribute name="defaultSelected" value="false"><domain type="" /></attribute></attributes><axioms /><relationships /><subterms /></term></entry><entry><term id="7560925044844292321" name="YT" value="YT"><domain type="" /><attributes><attribute name="selected" value="false"><domain type="" /></attribute><attribute name="defaultSelected" value="false"><domain type="" /></attribute></attributes><axioms /><relationships /><subterms /></term></entry></domain><attributes><attribute name="name" value="/net/timeinc/subs/user/model/Address.state"><domain name="Text" type="text" /></attribute><attribute name="disabled" value="false"><domain name="Boolean" type="boolean" /></attribute><attribute name="type"><domain type="" /></attribute><attribute name="size"><domain name="Positive Integer" type="pinteger" /></attribute><attribute name="multiple"><domain name="Boolean" type="boolean" /></attribute></attributes><axioms /><relationships><relationship name="is child of"><source>State Province:</source><targets>order</targets></relationship></relationships><subterms /></term><term id="1206788416948394673" name="Select:" value="B" class="select"><domain name="Text" type="text"><entry><term id="5538334927298615449" name="Credit Debit Card or PayPal" value="B"><domain type="" /><attributes><attribute name="selected" value="true"><domain type="" /></attribute><attribute name="defaultSelected" value="true"><domain type="" /></attribute></attributes><axioms /><relationships /><subterms /></term></entry><entry><term id="2499965185071132464" name="Visa" value="V"><domain type="" /><attributes><attribute name="selected" value="false"><domain type="" /></attribute><attribute name="defaultSelected" value="false"><domain type="" /></attribute></attributes><axioms /><relationships /><subterms /></term></entry><entry><term id="8050294859162902042" name="MasterCard" value="M"><domain type="" /><attributes><attribute name="selected" value="false"><domain type="" /></attribute><attribute name="defaultSelected" value="false"><domain type="" /></attribute></attributes><axioms /><relationships /><subterms /></term></entry><entry><term id="5671876778798135472" name="American Express" value="A"><domain type="" /><attributes><attribute name="selected" value="false"><domain type="" /></attribute><attribute name="defaultSelected" value="false"><domain type="" /></attribute></attributes><axioms /><relationships /><subterms /></term></entry><entry><term id="7572987177783228194" name="Discover" value="S"><domain type="" /><attributes><attribute name="selected" value="false"><domain type="" /></attribute><attribute name="defaultSelected" value="false"><domain type="" /></attribute></attributes><axioms /><relationships /><subterms /></term></entry><entry><term id="6771010786150494873" name="PayPal" value="L"><domain type="" /><attributes><attribute name="selected" value="false"><domain type="" /></attribute><attribute name="defaultSelected" value="false"><domain type="" /></attribute></attributes><axioms /><relationships /><subterms /></term></entry></domain><attributes><attribute name="name" value="ccType"><domain name="Text" type="text" /></attribute><attribute name="disabled" value="false"><domain name="Boolean" type="boolean" /></attribute><attribute name="type"><domain type="" /></attribute><attribute name="size"><domain name="Positive Integer" type="pinteger" /></attribute><attribute name="multiple"><domain name="Boolean" type="boolean" /></attribute></attributes><axioms><axiom name="onChange">if(this.options[this.selectedIndex].value=='') clearCC(this.form);else if(this.options[this.selectedIndex].value == 'L') {clearCC_fields(this.form);setCC(this.form);}; else setCC(this.form);</axiom></axioms><relationships><relationship name="is child of"><source>Select:</source><targets>order</targets></relationship></relationships><subterms /></term><term id="3330770500766850432" name="Expiration: (mm yyyy)" class="group"><domain type="" /><attributes><attribute name="name" value="ExpirationmmYyyy__Composition_"><domain type="" /></attribute></attributes><axioms /><relationships><relationship name="is parent of"><source>Expiration: (mm yyyy)</source><targets>Expiration: (mm yyyy)</targets></relationship><relationship name="is parent of"><source>Expiration: (mm yyyy)</source><targets>Expiration: (mm yyyy)</targets></relationship><relationship name="is child of"><source>Expiration: (mm yyyy)</source><targets>order</targets></relationship></relationships><subterms><term id="3544148366391437960" name="Expiration: (mm yyyy)" value="-mm-" class="select"><domain name="Integer" type="integer"><entry><term id="516008384274351415" name="-mm-" value="-mm-"><domain type="" /><attributes><attribute name="selected" value="true"><domain type="" /></attribute><attribute name="defaultSelected" value="true"><domain type="" /></attribute></attributes><axioms /><relationships /><subterms /></term></entry><entry><term id="717772346693835756" name="01" value="01"><domain type="" /><attributes><attribute name="selected" value="false"><domain type="" /></attribute><attribute name="defaultSelected" value="false"><domain type="" /></attribute></attributes><axioms /><relationships /><subterms /></term></entry><entry><term id="132104744325032914" name="02" value="02"><domain type="" /><attributes><attribute name="selected" value="false"><domain type="" /></attribute><attribute name="defaultSelected" value="false"><domain type="" /></attribute></attributes><axioms /><relationships /><subterms /></term></entry><entry><term id="7363441716084439891" name="03" value="03"><domain type="" /><attributes><attribute name="selected" value="false"><domain type="" /></attribute><attribute name="defaultSelected" value="false"><domain type="" /></attribute></attributes><axioms /><relationships /><subterms /></term></entry><entry><term id="9179936010566741628" name="04" value="04"><domain type="" /><attributes><attribute name="selected" value="false"><domain type="" /></attribute><attribute name="defaultSelected" value="false"><domain type="" /></attribute></attributes><axioms /><relationships /><subterms /></term></entry><entry><term id="6908083454926324270" name="05" value="05"><domain type="" /><attributes><attribute name="selected" value="false"><domain type="" /></attribute><attribute name="defaultSelected" value="false"><domain type="" /></attribute></attributes><axioms /><relationships /><subterms /></term></entry><entry><term id="7602133778346461444" name="06" value="06"><domain type="" /><attributes><attribute name="selected" value="false"><domain type="" /></attribute><attribute name="defaultSelected" value="false"><domain type="" /></attribute></attributes><axioms /><relationships /><subterms /></term></entry><entry><term id="28032313495233398" name="07" value="07"><domain type="" /><attributes><attribute name="selected" value="false"><domain type="" /></attribute><attribute name="defaultSelected" value="false"><domain type="" /></attribute></attributes><axioms /><relationships /><subterms /></term></entry><entry><term id="6988358617353418556" name="08" value="08"><domain type="" /><attributes><attribute name="selected" value="false"><domain type="" /></attribute><attribute name="defaultSelected" value="false"><domain type="" /></attribute></attributes><axioms /><relationships /><subterms /></term></entry><entry><term id="554898707424630283" name="09" value="09"><domain type="" /><attributes><attribute name="selected" value="false"><domain type="" /></attribute><attribute name="defaultSelected" value="false"><domain type="" /></attribute></attributes><axioms /><relationships /><subterms /></term></entry><entry><term id="2381871860609031415" name="10" value="10"><domain type="" /><attributes><attribute name="selected" value="false"><domain type="" /></attribute><attribute name="defaultSelected" value="false"><domain type="" /></attribute></attributes><axioms /><relationships /><subterms /></term></entry><entry><term id="4627125443968575285" name="11" value="11"><domain type="" /><attributes><attribute name="selected" value="false"><domain type="" /></attribute><attribute name="defaultSelected" value="false"><domain type="" /></attribute></attributes><axioms /><relationships /><subterms /></term></entry><entry><term id="2405736543290977507" name="12" value="12"><domain type="" /><attributes><attribute name="selected" value="false"><domain type="" /></attribute><attribute name="defaultSelected" value="false"><domain type="" /></attribute></attributes><axioms /><relationships /><subterms /></term></entry></domain><attributes><attribute name="name" value="ccExpirMonth"><domain name="Text" type="text" /></attribute><attribute name="disabled" value="false"><domain name="Boolean" type="boolean" /></attribute><attribute name="type"><domain type="" /></attribute><attribute name="size"><domain name="Positive Integer" type="pinteger" /></attribute><attribute name="multiple"><domain name="Boolean" type="boolean" /></attribute></attributes><axioms /><relationships><relationship name="is child of"><source>Expiration: (mm yyyy)</source><targets>order</targets></relationship><relationship name="is child of"><source>Expiration: (mm yyyy)</source><targets>Expiration: (mm yyyy)</targets></relationship></relationships><subterms /></term><term id="1965764893286764885" name="Expiration: (mm yyyy)" value="-yyyy-" class="select"><domain name="Integer" type="integer"><entry><term id="238756596749978543" name="-yyyy-" value="-yyyy-"><domain type="" /><attributes><attribute name="selected" value="true"><domain type="" /></attribute><attribute name="defaultSelected" value="true"><domain type="" /></attribute></attributes><axioms /><relationships /><subterms /></term></entry><entry><term id="3347920909737662886" name="2006" value="06"><domain type="" /><attributes><attribute name="selected" value="false"><domain type="" /></attribute><attribute name="defaultSelected" value="false"><domain type="" /></attribute></attributes><axioms /><relationships /><subterms /></term></entry><entry><term id="8028793896426197728" name="2007" value="07"><domain type="" /><attributes><attribute name="selected" value="false"><domain type="" /></attribute><attribute name="defaultSelected" value="false"><domain type="" /></attribute></attributes><axioms /><relationships /><subterms /></term></entry><entry><term id="1835725259892081237" name="2008" value="08"><domain type="" /><attributes><attribute name="selected" value="false"><domain type="" /></attribute><attribute name="defaultSelected" value="false"><domain type="" /></attribute></attributes><axioms /><relationships /><subterms /></term></entry><entry><term id="5745838963996000286" name="2009" value="09"><domain type="" /><attributes><attribute name="selected" value="false"><domain type="" /></attribute><attribute name="defaultSelected" value="false"><domain type="" /></attribute></attributes><axioms /><relationships /><subterms /></term></entry><entry><term id="2275073577857343088" name="2010" value="10"><domain type="" /><attributes><attribute name="selected" value="false"><domain type="" /></attribute><attribute name="defaultSelected" value="false"><domain type="" /></attribute></attributes><axioms /><relationships /><subterms /></term></entry><entry><term id="3462549803687219111" name="2011" value="11"><domain type="" /><attributes><attribute name="selected" value="false"><domain type="" /></attribute><attribute name="defaultSelected" value="false"><domain type="" /></attribute></attributes><axioms /><relationships /><subterms /></term></entry><entry><term id="2887364146100784982" name="2012" value="12"><domain type="" /><attributes><attribute name="selected" value="false"><domain type="" /></attribute><attribute name="defaultSelected" value="false"><domain type="" /></attribute></attributes><axioms /><relationships /><subterms /></term></entry><entry><term id="3865439591387147115" name="2013" value="13"><domain type="" /><attributes><attribute name="selected" value="false"><domain type="" /></attribute><attribute name="defaultSelected" value="false"><domain type="" /></attribute></attributes><axioms /><relationships /><subterms /></term></entry><entry><term id="3323437538782469960" name="2014" value="14"><domain type="" /><attributes><attribute name="selected" value="false"><domain type="" /></attribute><attribute name="defaultSelected" value="false"><domain type="" /></attribute></attributes><axioms /><relationships /><subterms /></term></entry><entry><term id="1985215502709991332" name="2015" value="15"><domain type="" /><attributes><attribute name="selected" value="false"><domain type="" /></attribute><attribute name="defaultSelected" value="false"><domain type="" /></attribute></attributes><axioms /><relationships /><subterms /></term></entry></domain><attributes><attribute name="name" value="ccExpirYear"><domain name="Text" type="text" /></attribute><attribute name="disabled" value="false"><domain name="Boolean" type="boolean" /></attribute><attribute name="type"><domain type="" /></attribute><attribute name="size"><domain name="Positive Integer" type="pinteger" /></attribute><attribute name="multiple"><domain name="Boolean" type="boolean" /></attribute></attributes><axioms /><relationships><relationship name="is child of"><source>Expiration: (mm yyyy)</source><targets>order</targets></relationship><relationship name="is child of"><source>Expiration: (mm yyyy)</source><targets>Expiration: (mm yyyy)</targets></relationship></relationships><subterms /></term></subterms></term></subterms></term></subterms></term></terms></ontology>
