<?xml version="1.0" encoding="UTF-8"?>
<!DOCTYPE ontology SYSTEM "dtds/ontology.dtd">
<ontology name="accountservices.passport.net" title="hotmail" type="full" site="https://accountservices.passport.net/reg.srf?id=2&amp;sl=1&amp;lc=1033">
    <classes>
        <class name="page">
            <domain type="" />
            <attributes />
            <axioms />
            <subclasses />
        </class>
        <class name="form">
            <domain type="" />
            <attributes>
                <attribute name="method" value="get">
                    <domain name="Choice" type="choice">
                        <entry>post</entry>
                        <entry>get</entry>
                    </domain>
                </attribute>
                <attribute name="action">
                    <domain name="URL" type="url" />
                </attribute>
            </attributes>
            <axioms />
            <subclasses />
        </class>
        <class name="input">
            <domain type="" />
            <attributes>
                <attribute name="name">
                    <domain name="Text" type="text" />
                </attribute>
                <attribute name="disabled" value="false">
                    <domain name="Boolean" type="boolean" />
                </attribute>
            </attributes>
            <axioms />
            <subclasses>
                <class name="text">
                    <domain type="" />
                    <attributes>
                        <attribute name="name">
                            <domain name="Text" type="text" />
                        </attribute>
                        <attribute name="disabled">
                            <domain name="Boolean" type="boolean" />
                        </attribute>
                        <attribute name="type" value="text">
                            <domain type="" />
                        </attribute>
                        <attribute name="defaultValue">
                            <domain name="Text" type="text" />
                        </attribute>
                        <attribute name="value">
                            <domain name="Text" type="text" />
                        </attribute>
                        <attribute name="size">
                            <domain name="Positive Integer" type="pinteger" />
                        </attribute>
                        <attribute name="maxLength">
                            <domain name="Positive Integer" type="pinteger" />
                        </attribute>
                        <attribute name="readOnly" value="false">
                            <domain name="Boolean" type="boolean" />
                        </attribute>
                    </attributes>
                    <axioms />
                    <subclasses />
                </class>
                <class name="password">
                    <domain type="" />
                    <attributes>
                        <attribute name="name">
                            <domain name="Text" type="text" />
                        </attribute>
                        <attribute name="disabled">
                            <domain name="Boolean" type="boolean" />
                        </attribute>
                        <attribute name="type" value="password">
                            <domain type="" />
                        </attribute>
                        <attribute name="defaultValue">
                            <domain name="Text" type="text" />
                        </attribute>
                        <attribute name="size">
                            <domain name="Positive Integer" type="text" />
                        </attribute>
                        <attribute name="maxLength">
                            <domain name="Positive Integer" type="pinteger" />
                        </attribute>
                        <attribute name="readOnly" value="false">
                            <domain name="Boolean" type="boolean" />
                        </attribute>
                    </attributes>
                    <axioms />
                    <subclasses />
                </class>
                <class name="file">
                    <domain type="" />
                    <attributes>
                        <attribute name="name">
                            <domain name="Text" type="text" />
                        </attribute>
                        <attribute name="disabled">
                            <domain name="Boolean" type="boolean" />
                        </attribute>
                        <attribute name="type" value="file">
                            <domain type="" />
                        </attribute>
                        <attribute name="size">
                            <domain name="Positive Integer" type="pinteger" />
                        </attribute>
                        <attribute name="maxLength">
                            <domain name="Positive Integer" type="pinteger" />
                        </attribute>
                        <attribute name="readOnly" value="false">
                            <domain name="Boolean" type="boolean" />
                        </attribute>
                    </attributes>
                    <axioms />
                    <subclasses />
                </class>
                <class name="hidden">
                    <domain type="" />
                    <attributes>
                        <attribute name="name">
                            <domain name="Text" type="text" />
                        </attribute>
                        <attribute name="disabled">
                            <domain name="Boolean" type="boolean" />
                        </attribute>
                        <attribute name="type" value="hidden">
                            <domain type="" />
                        </attribute>
                        <attribute name="type" value="button">
                            <domain type="" />
                        </attribute>
                    </attributes>
                    <axioms />
                    <subclasses />
                </class>
                <class name="checkbox">
                    <domain type="" />
                    <attributes>
                        <attribute name="name">
                            <domain name="Text" type="text" />
                        </attribute>
                        <attribute name="disabled">
                            <domain name="Boolean" type="boolean" />
                        </attribute>
                        <attribute name="type" value="checkbox">
                            <domain type="" />
                        </attribute>
                    </attributes>
                    <axioms />
                    <subclasses />
                </class>
                <class name="radio">
                    <domain type="" />
                    <attributes>
                        <attribute name="name">
                            <domain name="Text" type="text" />
                        </attribute>
                        <attribute name="disabled">
                            <domain name="Boolean" type="boolean" />
                        </attribute>
                        <attribute name="type" value="radio">
                            <domain type="" />
                        </attribute>
                    </attributes>
                    <axioms />
                    <subclasses />
                </class>
                <class name="select">
                    <domain type="" />
                    <attributes>
                        <attribute name="name">
                            <domain name="Text" type="text" />
                        </attribute>
                        <attribute name="disabled">
                            <domain name="Boolean" type="boolean" />
                        </attribute>
                        <attribute name="type" value="select">
                            <domain type="" />
                        </attribute>
                        <attribute name="size">
                            <domain name="Positive Integer" type="pinteger" />
                        </attribute>
                        <attribute name="multiple" value="false">
                            <domain name="Boolean" type="boolean" />
                        </attribute>
                    </attributes>
                    <axioms />
                    <subclasses />
                </class>
                <class name="textarea">
                    <domain type="" />
                    <attributes>
                        <attribute name="name">
                            <domain name="Text" type="text" />
                        </attribute>
                        <attribute name="disabled">
                            <domain name="Boolean" type="boolean" />
                        </attribute>
                        <attribute name="type" value="textarea">
                            <domain type="" />
                        </attribute>
                        <attribute name="defaultValue">
                            <domain name="Text" type="text" />
                        </attribute>
                        <attribute name="rows">
                            <domain name="Positive Integer" type="pinteger" />
                        </attribute>
                        <attribute name="cols">
                            <domain name="Positive Integer" type="pinteger" />
                        </attribute>
                        <attribute name="readOnly" value="false">
                            <domain name="Boolean" type="boolean" />
                        </attribute>
                    </attributes>
                    <axioms />
                    <subclasses />
                </class>
                <class name="button">
                    <domain type="" />
                    <attributes>
                        <attribute name="name">
                            <domain name="Text" type="text" />
                        </attribute>
                        <attribute name="disabled">
                            <domain name="Boolean" type="boolean" />
                        </attribute>
                    </attributes>
                    <axioms />
                    <subclasses />
                </class>
                <class name="submit">
                    <domain type="" />
                    <attributes>
                        <attribute name="name">
                            <domain name="Text" type="text" />
                        </attribute>
                        <attribute name="disabled">
                            <domain name="Boolean" type="boolean" />
                        </attribute>
                        <attribute name="type" value="submit">
                            <domain type="" />
                        </attribute>
                    </attributes>
                    <axioms />
                    <subclasses />
                </class>
                <class name="reset">
                    <domain type="" />
                    <attributes>
                        <attribute name="name">
                            <domain name="Text" type="text" />
                        </attribute>
                        <attribute name="disabled">
                            <domain name="Boolean" type="boolean" />
                        </attribute>
                        <attribute name="type" value="reset">
                            <domain type="" />
                        </attribute>
                    </attributes>
                    <axioms />
                    <subclasses />
                </class>
                <class name="image">
                    <domain type="" />
                    <attributes>
                        <attribute name="name">
                            <domain name="Text" type="text" />
                        </attribute>
                        <attribute name="disabled">
                            <domain name="Boolean" type="boolean" />
                        </attribute>
                        <attribute name="type" value="image">
                            <domain type="" />
                        </attribute>
                        <attribute name="src">
                            <domain name="URL" type="url" />
                        </attribute>
                    </attributes>
                    <axioms />
                    <subclasses />
                </class>
            </subclasses>
        </class>
        <class name="composition">
            <domain type="" />
            <attributes>
                <attribute name="name" value="">
                    <domain type="" />
                </attribute>
            </attributes>
            <axioms />
            <subclasses>
                <class name="decomposition">
                    <domain type="" />
                    <attributes>
                        <attribute name="name">
                            <domain type="" />
                        </attribute>
                    </attributes>
                    <axioms />
                    <subclasses />
                </class>
                <class name="group">
                    <domain type="" />
                    <attributes>
                        <attribute name="name">
                            <domain type="" />
                        </attribute>
                    </attributes>
                    <axioms />
                    <subclasses />
                </class>
            </subclasses>
        </class>
    </classes>
    <terms>
        <term id="7087430424272453513" name="https://accountservices.passport.net/reg.srf?id=2&amp;sl=1&amp;lc=1033" class="page">
            <domain type="" />
            <attributes />
            <axioms />
            <relationships>
                <relationship name="is parent of">
                    <source>https://accountservices.passport.net/reg.srf?id=2&amp;sl=1&amp;lc=1033</source>
                    <targets>oF</targets>
                </relationship>
                <relationship name="is parent of">
                    <source>https://accountservices.passport.net/reg.srf?id=2&amp;sl=1&amp;lc=1033</source>
                    <targets>oF</targets>
                </relationship>
            </relationships>
            <subterms>
                <term id="4946926830662211746" name="oF" class="form">
                    <domain type="" />
                    <attributes>
                        <attribute name="method" value="POST">
                            <domain name="Choice" type="choice">
                                <entry>post</entry>
                                <entry>get</entry>
                            </domain>
                        </attribute>
                        <attribute name="action" value="https://accountservices.passport.net/reg.srf?id=2&amp;sl=1&amp;vv=400&amp;lc=1033">
                            <domain name="URL" type="url" />
                        </attribute>
                    </attributes>
                    <axioms />
                    <relationships>
                        <relationship name="is child of">
                            <source>oF</source>
                            <targets>https://accountservices.passport.net/reg.srf?id=2&amp;sl=1&amp;lc=1033</targets>
                        </relationship>
                        <relationship name="is parent of">
                            <source>oF</source>
                            <targets>PPSX</targets>
                        </relationship>
                        <relationship name="is parent of">
                            <source>oF</source>
                            <targets>FocusField</targets>
                        </relationship>
                        <relationship name="is parent of">
                            <source>oF</source>
                            <targets>E-mail address:</targets>
                        </relationship>
                        <relationship name="is parent of">
                            <source>oF</source>
                            <targets>Check Availability</targets>
                        </relationship>
                        <relationship name="is parent of">
                            <source>oF</source>
                            <targets>PwdPad</targets>
                        </relationship>
                        <relationship name="is parent of">
                            <source>oF</source>
                            <targets>Password:</targets>
                        </relationship>
                        <relationship name="is parent of">
                            <source>oF</source>
                            <targets>Retype password:</targets>
                        </relationship>
                        <relationship name="is parent of">
                            <source>oF</source>
                            <targets>Secret answer:</targets>
                        </relationship>
                        <relationship name="is parent of">
                            <source>oF</source>
                            <targets>Alternate e-mail address:</targets>
                        </relationship>
                        <relationship name="is parent of">
                            <source>oF</source>
                            <targets>First name:</targets>
                        </relationship>
                        <relationship name="is parent of">
                            <source>oF</source>
                            <targets>Last name:</targets>
                        </relationship>
                        <relationship name="is parent of">
                            <source>oF</source>
                            <targets>Male</targets>
                        </relationship>
                        <relationship name="is parent of">
                            <source>oF</source>
                            <targets>Birth date:</targets>
                        </relationship>
                        <relationship name="is parent of">
                            <source>oF</source>
                            <targets>pff00000000010029</targets>
                        </relationship>
                        <relationship name="is parent of">
                            <source>oF</source>
                            <targets>ZIP code:</targets>
                        </relationship>
                        <relationship name="is parent of">
                            <source>oF</source>
                            <targets>I own or work with a small business</targets>
                        </relationship>
                        <relationship name="is parent of">
                            <source>oF</source>
                            <targets>pff00000020000011</targets>
                        </relationship>
                        <relationship name="is parent of">
                            <source>oF</source>
                            <targets>Characters:</targets>
                        </relationship>
                        <relationship name="is parent of">
                            <source>oF</source>
                            <targets>pff0000000001000e</targets>
                        </relationship>
                        <relationship name="is parent of">
                            <source>oF</source>
                            <targets>p1000000e</targets>
                        </relationship>
                        <relationship name="is parent of">
                            <source>oF</source>
                            <targets> I Accept </targets>
                        </relationship>
                        <relationship name="is parent of">
                            <source>oF</source>
                            <targets> Cancel </targets>
                        </relationship>
                        <relationship name="is parent of">
                            <source>oF</source>
                            <targets>PPFT</targets>
                        </relationship>
                        <relationship name="is parent of">
                            <source>oF</source>
                            <targets>Country Region:</targets>
                        </relationship>
                        <relationship name="is parent of">
                            <source>oF</source>
                            <targets>Question:</targets>
                        </relationship>
                        <relationship name="is parent of">
                            <source>oF</source>
                            <targets>Birth date:</targets>
                        </relationship>
                        <relationship name="is parent of">
                            <source>oF</source>
                            <targets>Birth date:</targets>
                        </relationship>
                        <relationship name="is parent of">
                            <source>oF</source>
                            <targets>State:</targets>
                        </relationship>
                        <relationship name="is parent of">
                            <source>oF</source>
                            <targets>Time zone:</targets>
                        </relationship>
                        <relationship name="is parent of">
                            <source>oF</source>
                            <targets>Birth date:</targets>
                        </relationship>
                    </relationships>
                    <subterms>
                        <term id="4716907361733132870" name="PPSX" value="Passpor" class="hidden">
                            <domain type="" />
                            <attributes>
                                <attribute name="name" value="PPSX">
                                    <domain name="Text" type="text" />
                                </attribute>
                                <attribute name="disabled" value="false">
                                    <domain name="Boolean" type="boolean" />
                                </attribute>
                                <attribute name="type">
                                    <domain type="" />
                                </attribute>
                                <attribute name="type">
                                    <domain type="" />
                                </attribute>
                            </attributes>
                            <axioms />
                            <relationships>
                                <relationship name="is child of">
                                    <source>PPSX</source>
                                    <targets>oF</targets>
                                </relationship>
                            </relationships>
                            <subterms />
                        </term>
                        <term id="4395142671759102769" name="FocusField" value="" class="hidden">
                            <domain type="" />
                            <attributes>
                                <attribute name="name" value="FocusField">
                                    <domain name="Text" type="text" />
                                </attribute>
                                <attribute name="disabled" value="false">
                                    <domain name="Boolean" type="boolean" />
                                </attribute>
                                <attribute name="type">
                                    <domain type="" />
                                </attribute>
                                <attribute name="type">
                                    <domain type="" />
                                </attribute>
                            </attributes>
                            <axioms />
                            <relationships>
                                <relationship name="is child of">
                                    <source>FocusField</source>
                                    <targets>oF</targets>
                                </relationship>
                            </relationships>
                            <subterms />
                        </term>
                        <term id="858862128935397403" name="E-mail address:" value="" class="text">
                            <domain name="Text" type="text" />
                            <attributes>
                                <attribute name="name" value="p4181">
                                    <domain name="Text" type="text" />
                                </attribute>
                                <attribute name="disabled" value="false">
                                    <domain name="Boolean" type="boolean" />
                                </attribute>
                                <attribute name="type">
                                    <domain type="" />
                                </attribute>
                                <attribute name="defaultValue" value="">
                                    <domain name="Text" type="text" />
                                </attribute>
                                <attribute name="value">
                                    <domain name="Text" type="text" />
                                </attribute>
                                <attribute name="size">
                                    <domain name="Positive Integer" type="pinteger" />
                                </attribute>
                                <attribute name="maxLength" value="64">
                                    <domain name="Positive Integer" type="pinteger" />
                                </attribute>
                                <attribute name="readOnly" value="false">
                                    <domain name="Boolean" type="boolean" />
                                </attribute>
                            </attributes>
                            <axioms>
                                <axiom name="onBlur">UpdateTOUSig(this,this.form,'iTOUEmailHidden',GEId('iEmailDomain').innerHTML);</axiom>
                            </axioms>
                            <relationships>
                                <relationship name="is child of">
                                    <source>E-mail address:</source>
                                    <targets>oF</targets>
                                </relationship>
                            </relationships>
                            <subterms />
                        </term>
                        <term id="3460094654954960404" name="Check Availability" class="button">
                            <domain type="" />
                            <attributes>
                                <attribute name="name" value="iCheckAval">
                                    <domain name="Text" type="text" />
                                </attribute>
                                <attribute name="disabled" value="false">
                                    <domain name="Boolean" type="boolean" />
                                </attribute>
                            </attributes>
                            <axioms />
                            <relationships>
                                <relationship name="is child of">
                                    <source>Check Availability</source>
                                    <targets>oF</targets>
                                </relationship>
                            </relationships>
                            <subterms />
                        </term>
                        <term id="5602466451881441744" name="PwdPad" value="" class="hidden">
                            <domain type="" />
                            <attributes>
                                <attribute name="name" value="PwdPad">
                                    <domain name="Text" type="text" />
                                </attribute>
                                <attribute name="disabled" value="false">
                                    <domain name="Boolean" type="boolean" />
                                </attribute>
                                <attribute name="type">
                                    <domain type="" />
                                </attribute>
                                <attribute name="type">
                                    <domain type="" />
                                </attribute>
                            </attributes>
                            <axioms />
                            <relationships>
                                <relationship name="is child of">
                                    <source>PwdPad</source>
                                    <targets>oF</targets>
                                </relationship>
                            </relationships>
                            <subterms />
                        </term>
                        <term id="5164844640899034094" name="Password:" value="" class="password">
                            <domain name="Text" type="text" />
                            <attributes>
                                <attribute name="name" value="p3e8">
                                    <domain name="Text" type="text" />
                                </attribute>
                                <attribute name="disabled" value="false">
                                    <domain name="Boolean" type="boolean" />
                                </attribute>
                                <attribute name="type">
                                    <domain type="" />
                                </attribute>
                                <attribute name="defaultValue" value="">
                                    <domain name="Text" type="text" />
                                </attribute>
                                <attribute name="size">
                                    <domain name="Positive Integer" type="text" />
                                </attribute>
                                <attribute name="maxLength" value="16">
                                    <domain name="Positive Integer" type="pinteger" />
                                </attribute>
                                <attribute name="readOnly" value="false">
                                    <domain name="Boolean" type="boolean" />
                                </attribute>
                            </attributes>
                            <axioms>
                                <axiom name="onChange">EvalPwd(this.value);</axiom>
                            </axioms>
                            <relationships>
                                <relationship name="is child of">
                                    <source>Password:</source>
                                    <targets>oF</targets>
                                </relationship>
                            </relationships>
                            <subterms />
                        </term>
                        <term id="331289750245648450" name="Retype password:" value="" class="password">
                            <domain name="Text" type="text" />
                            <attributes>
                                <attribute name="name" value="p10000000">
                                    <domain name="Text" type="text" />
                                </attribute>
                                <attribute name="disabled" value="false">
                                    <domain name="Boolean" type="boolean" />
                                </attribute>
                                <attribute name="type">
                                    <domain type="" />
                                </attribute>
                                <attribute name="defaultValue" value="">
                                    <domain name="Text" type="text" />
                                </attribute>
                                <attribute name="size">
                                    <domain name="Positive Integer" type="text" />
                                </attribute>
                                <attribute name="maxLength" value="16">
                                    <domain name="Positive Integer" type="pinteger" />
                                </attribute>
                                <attribute name="readOnly" value="false">
                                    <domain name="Boolean" type="boolean" />
                                </attribute>
                            </attributes>
                            <axioms />
                            <relationships>
                                <relationship name="is child of">
                                    <source>Retype password:</source>
                                    <targets>oF</targets>
                                </relationship>
                            </relationships>
                            <subterms />
                        </term>
                        <term id="6497746515884254720" name="Secret answer:" value="" class="text">
                            <domain name="Text" type="text" />
                            <attributes>
                                <attribute name="name" value="p200000000000bb9">
                                    <domain name="Text" type="text" />
                                </attribute>
                                <attribute name="disabled" value="false">
                                    <domain name="Boolean" type="boolean" />
                                </attribute>
                                <attribute name="type">
                                    <domain type="" />
                                </attribute>
                                <attribute name="defaultValue" value="">
                                    <domain name="Text" type="text" />
                                </attribute>
                                <attribute name="value">
                                    <domain name="Text" type="text" />
                                </attribute>
                                <attribute name="size">
                                    <domain name="Positive Integer" type="pinteger" />
                                </attribute>
                                <attribute name="maxLength" value="64">
                                    <domain name="Positive Integer" type="pinteger" />
                                </attribute>
                                <attribute name="readOnly" value="false">
                                    <domain name="Boolean" type="boolean" />
                                </attribute>
                            </attributes>
                            <axioms />
                            <relationships>
                                <relationship name="is child of">
                                    <source>Secret answer:</source>
                                    <targets>oF</targets>
                                </relationship>
                            </relationships>
                            <subterms />
                        </term>
                        <term id="336599741803120432" name="Alternate e-mail address:" value="" class="text">
                            <domain name="Text" type="text" />
                            <attributes>
                                <attribute name="name" value="p65">
                                    <domain name="Text" type="text" />
                                </attribute>
                                <attribute name="disabled" value="false">
                                    <domain name="Boolean" type="boolean" />
                                </attribute>
                                <attribute name="type">
                                    <domain type="" />
                                </attribute>
                                <attribute name="defaultValue" value="">
                                    <domain name="Text" type="text" />
                                </attribute>
                                <attribute name="value">
                                    <domain name="Text" type="text" />
                                </attribute>
                                <attribute name="size">
                                    <domain name="Positive Integer" type="pinteger" />
                                </attribute>
                                <attribute name="maxLength" value="113">
                                    <domain name="Positive Integer" type="pinteger" />
                                </attribute>
                                <attribute name="readOnly" value="false">
                                    <domain name="Boolean" type="boolean" />
                                </attribute>
                            </attributes>
                            <axioms />
                            <relationships>
                                <relationship name="is child of">
                                    <source>Alternate e-mail address:</source>
                                    <targets>oF</targets>
                                </relationship>
                            </relationships>
                            <subterms />
                        </term>
                        <term id="4854969206264822002" name="First name:" value="" class="text">
                            <domain name="Text" type="text" />
                            <attributes>
                                <attribute name="name" value="pff00000000010001">
                                    <domain name="Text" type="text" />
                                </attribute>
                                <attribute name="disabled" value="false">
                                    <domain name="Boolean" type="boolean" />
                                </attribute>
                                <attribute name="type">
                                    <domain type="" />
                                </attribute>
                                <attribute name="defaultValue" value="">
                                    <domain name="Text" type="text" />
                                </attribute>
                                <attribute name="value">
                                    <domain name="Text" type="text" />
                                </attribute>
                                <attribute name="size">
                                    <domain name="Positive Integer" type="pinteger" />
                                </attribute>
                                <attribute name="maxLength" value="64">
                                    <domain name="Positive Integer" type="pinteger" />
                                </attribute>
                                <attribute name="readOnly" value="false">
                                    <domain name="Boolean" type="boolean" />
                                </attribute>
                            </attributes>
                            <axioms />
                            <relationships>
                                <relationship name="is child of">
                                    <source>First name:</source>
                                    <targets>oF</targets>
                                </relationship>
                            </relationships>
                            <subterms />
                        </term>
                        <term id="2569015305601447887" name="Last name:" value="" class="text">
                            <domain name="Text" type="text" />
                            <attributes>
                                <attribute name="name" value="pff00000000010002">
                                    <domain name="Text" type="text" />
                                </attribute>
                                <attribute name="disabled" value="false">
                                    <domain name="Boolean" type="boolean" />
                                </attribute>
                                <attribute name="type">
                                    <domain type="" />
                                </attribute>
                                <attribute name="defaultValue" value="">
                                    <domain name="Text" type="text" />
                                </attribute>
                                <attribute name="value">
                                    <domain name="Text" type="text" />
                                </attribute>
                                <attribute name="size">
                                    <domain name="Positive Integer" type="pinteger" />
                                </attribute>
                                <attribute name="maxLength" value="64">
                                    <domain name="Positive Integer" type="pinteger" />
                                </attribute>
                                <attribute name="readOnly" value="false">
                                    <domain name="Boolean" type="boolean" />
                                </attribute>
                            </attributes>
                            <axioms />
                            <relationships>
                                <relationship name="is child of">
                                    <source>Last name:</source>
                                    <targets>oF</targets>
                                </relationship>
                            </relationships>
                            <subterms />
                        </term>
                        <term id="6197232968364514656" name="Male" value="" class="radio">
                            <domain name="Text" type="text">
                                <entry>
                                    <term id="4957270651154232172" name="Male" value="m">
                                        <domain type="" />
                                        <attributes>
                                            <attribute name="checked" value="false">
                                                <domain type="" />
                                            </attribute>
                                            <attribute name="defaultChecked" value="false">
                                                <domain type="" />
                                            </attribute>
                                        </attributes>
                                        <axioms />
                                        <relationships />
                                        <subterms />
                                    </term>
                                </entry>
                                <entry>
                                    <term id="2595192844702683267" name="Female" value="f">
                                        <domain type="" />
                                        <attributes>
                                            <attribute name="checked" value="false">
                                                <domain type="" />
                                            </attribute>
                                            <attribute name="defaultChecked" value="false">
                                                <domain type="" />
                                            </attribute>
                                        </attributes>
                                        <axioms />
                                        <relationships />
                                        <subterms />
                                    </term>
                                </entry>
                            </domain>
                            <attributes>
                                <attribute name="name" value="pff00000000010007">
                                    <domain name="Text" type="text" />
                                </attribute>
                                <attribute name="disabled" value="false">
                                    <domain name="Boolean" type="boolean" />
                                </attribute>
                                <attribute name="type">
                                    <domain type="" />
                                </attribute>
                            </attributes>
                            <axioms />
                            <relationships>
                                <relationship name="is child of">
                                    <source>Male</source>
                                    <targets>oF</targets>
                                </relationship>
                            </relationships>
                            <subterms />
                        </term>
                        <term id="5830523279811216069" name="Birth date:" class="group">
                            <domain type="" />
                            <attributes>
                                <attribute name="name" value="BirthDate__Composition_">
                                    <domain type="" />
                                </attribute>
                            </attributes>
                            <axioms />
                            <relationships>
                                <relationship name="is parent of">
                                    <source>Birth date:</source>
                                    <targets>Birth date:</targets>
                                </relationship>
                                <relationship name="is parent of">
                                    <source>Birth date:</source>
                                    <targets>Birth date:</targets>
                                </relationship>
                                <relationship name="is parent of">
                                    <source>Birth date:</source>
                                    <targets>Birth date:</targets>
                                </relationship>
                                <relationship name="is child of">
                                    <source>Birth date:</source>
                                    <targets>oF</targets>
                                </relationship>
                            </relationships>
                            <subterms>
                                <term id="5379967726850758131" name="Birth date:" value="" class="text">
                                    <domain name="Text" type="text" />
                                    <attributes>
                                        <attribute name="name" value="pff00000000010029Year">
                                            <domain name="Text" type="text" />
                                        </attribute>
                                        <attribute name="disabled" value="false">
                                            <domain name="Boolean" type="boolean" />
                                        </attribute>
                                        <attribute name="type">
                                            <domain type="" />
                                        </attribute>
                                        <attribute name="defaultValue" value="">
                                            <domain name="Text" type="text" />
                                        </attribute>
                                        <attribute name="value">
                                            <domain name="Text" type="text" />
                                        </attribute>
                                        <attribute name="size">
                                            <domain name="Positive Integer" type="pinteger" />
                                        </attribute>
                                        <attribute name="maxLength" value="4">
                                            <domain name="Positive Integer" type="pinteger" />
                                        </attribute>
                                        <attribute name="readOnly" value="false">
                                            <domain name="Boolean" type="boolean" />
                                        </attribute>
                                    </attributes>
                                    <axioms>
                                        <axiom name="onChange">CallSetDTpff00000000010029()</axiom>
                                    </axioms>
                                    <relationships>
                                        <relationship name="is child of">
                                            <source>Birth date:</source>
                                            <targets>oF</targets>
                                        </relationship>
                                        <relationship name="is child of">
                                            <source>Birth date:</source>
                                            <targets>Birth date:</targets>
                                        </relationship>
                                    </relationships>
                                    <subterms />
                                </term>
                                <term id="4712365419314548007" name="Birth date:" value="" class="select">
                                    <domain name="Choice" type="choice" />
                                    <attributes>
                                        <attribute name="name" value="pff00000000010029Month">
                                            <domain name="Text" type="text" />
                                        </attribute>
                                        <attribute name="disabled" value="false">
                                            <domain name="Boolean" type="boolean" />
                                        </attribute>
                                        <attribute name="type">
                                            <domain type="" />
                                        </attribute>
                                        <attribute name="size">
                                            <domain name="Positive Integer" type="pinteger" />
                                        </attribute>
                                        <attribute name="multiple">
                                            <domain name="Boolean" type="boolean" />
                                        </attribute>
                                    </attributes>
                                    <axioms>
                                        <axiom name="onChange">CallSetDTpff00000000010029()</axiom>
                                    </axioms>
                                    <relationships>
                                        <relationship name="is child of">
                                            <source>Birth date:</source>
                                            <targets>oF</targets>
                                        </relationship>
                                        <relationship name="is child of">
                                            <source>Birth date:</source>
                                            <targets>Birth date:</targets>
                                        </relationship>
                                    </relationships>
                                    <subterms />
                                </term>
                                <term id="4356838734943573890" name="Birth date:" value="" class="select">
                                    <domain name="Choice" type="choice" />
                                    <attributes>
                                        <attribute name="name" value="pff00000000010029Day">
                                            <domain name="Text" type="text" />
                                        </attribute>
                                        <attribute name="disabled" value="false">
                                            <domain name="Boolean" type="boolean" />
                                        </attribute>
                                        <attribute name="type">
                                            <domain type="" />
                                        </attribute>
                                        <attribute name="size">
                                            <domain name="Positive Integer" type="pinteger" />
                                        </attribute>
                                        <attribute name="multiple">
                                            <domain name="Boolean" type="boolean" />
                                        </attribute>
                                    </attributes>
                                    <axioms>
                                        <axiom name="onChange">CallSetDTpff00000000010029()</axiom>
                                    </axioms>
                                    <relationships>
                                        <relationship name="is child of">
                                            <source>Birth date:</source>
                                            <targets>oF</targets>
                                        </relationship>
                                        <relationship name="is child of">
                                            <source>Birth date:</source>
                                            <targets>Birth date:</targets>
                                        </relationship>
                                    </relationships>
                                    <subterms />
                                </term>
                            </subterms>
                        </term>
                        <term id="104206420765736637" name="pff00000000010029" value="" class="hidden">
                            <domain type="" />
                            <attributes>
                                <attribute name="name" value="pff00000000010029">
                                    <domain name="Text" type="text" />
                                </attribute>
                                <attribute name="disabled" value="false">
                                    <domain name="Boolean" type="boolean" />
                                </attribute>
                                <attribute name="type">
                                    <domain type="" />
                                </attribute>
                                <attribute name="type">
                                    <domain type="" />
                                </attribute>
                            </attributes>
                            <axioms />
                            <relationships>
                                <relationship name="is child of">
                                    <source>pff00000000010029</source>
                                    <targets>oF</targets>
                                </relationship>
                            </relationships>
                            <subterms />
                        </term>
                        <term id="5386440918560207846" name="ZIP code:" value="" class="text">
                            <domain name="Text" type="text" />
                            <attributes>
                                <attribute name="name" value="pff00000000010006">
                                    <domain name="Text" type="text" />
                                </attribute>
                                <attribute name="disabled" value="false">
                                    <domain name="Boolean" type="boolean" />
                                </attribute>
                                <attribute name="type">
                                    <domain type="" />
                                </attribute>
                                <attribute name="defaultValue" value="">
                                    <domain name="Text" type="text" />
                                </attribute>
                                <attribute name="value">
                                    <domain name="Text" type="text" />
                                </attribute>
                                <attribute name="size">
                                    <domain name="Positive Integer" type="pinteger" />
                                </attribute>
                                <attribute name="maxLength" value="15">
                                    <domain name="Positive Integer" type="pinteger" />
                                </attribute>
                                <attribute name="readOnly" value="false">
                                    <domain name="Boolean" type="boolean" />
                                </attribute>
                            </attributes>
                            <axioms />
                            <relationships>
                                <relationship name="is child of">
                                    <source>ZIP code:</source>
                                    <targets>oF</targets>
                                </relationship>
                            </relationships>
                            <subterms />
                        </term>
                        <term id="7541972559829721383" name="I own or work with a small business" value="" class="checkbox">
                            <domain name="Boolean" type="boolean">
                                <entry>
                                    <term id="7047128030585670856" name="I own or work with a small business" value="1">
                                        <domain type="" />
                                        <attributes>
                                            <attribute name="checked" value="false">
                                                <domain type="" />
                                            </attribute>
                                            <attribute name="defaultChecked" value="false">
                                                <domain type="" />
                                            </attribute>
                                        </attributes>
                                        <axioms />
                                        <relationships />
                                        <subterms />
                                    </term>
                                </entry>
                            </domain>
                            <attributes>
                                <attribute name="name" value="pff00000020000011_check">
                                    <domain name="Text" type="text" />
                                </attribute>
                                <attribute name="disabled" value="false">
                                    <domain name="Boolean" type="boolean" />
                                </attribute>
                                <attribute name="type">
                                    <domain type="" />
                                </attribute>
                            </attributes>
                            <axioms />
                            <relationships>
                                <relationship name="is child of">
                                    <source>I own or work with a small business</source>
                                    <targets>oF</targets>
                                </relationship>
                            </relationships>
                            <subterms />
                        </term>
                        <term id="1172795777601902507" name="pff00000020000011" value="0" class="hidden">
                            <domain type="" />
                            <attributes>
                                <attribute name="name" value="pff00000020000011">
                                    <domain name="Text" type="text" />
                                </attribute>
                                <attribute name="disabled" value="false">
                                    <domain name="Boolean" type="boolean" />
                                </attribute>
                                <attribute name="type">
                                    <domain type="" />
                                </attribute>
                                <attribute name="type">
                                    <domain type="" />
                                </attribute>
                            </attributes>
                            <axioms />
                            <relationships>
                                <relationship name="is child of">
                                    <source>pff00000020000011</source>
                                    <targets>oF</targets>
                                </relationship>
                            </relationships>
                            <subterms />
                        </term>
                        <term id="8862224922043803173" name="Characters:" value="" class="text">
                            <domain name="Text" type="text" />
                            <attributes>
                                <attribute name="name" value="p10000002">
                                    <domain name="Text" type="text" />
                                </attribute>
                                <attribute name="disabled" value="false">
                                    <domain name="Boolean" type="boolean" />
                                </attribute>
                                <attribute name="type">
                                    <domain type="" />
                                </attribute>
                                <attribute name="defaultValue" value="">
                                    <domain name="Text" type="text" />
                                </attribute>
                                <attribute name="value">
                                    <domain name="Text" type="text" />
                                </attribute>
                                <attribute name="size">
                                    <domain name="Positive Integer" type="pinteger" />
                                </attribute>
                                <attribute name="maxLength" value="10">
                                    <domain name="Positive Integer" type="pinteger" />
                                </attribute>
                                <attribute name="readOnly" value="false">
                                    <domain name="Boolean" type="boolean" />
                                </attribute>
                            </attributes>
                            <axioms />
                            <relationships>
                                <relationship name="is child of">
                                    <source>Characters:</source>
                                    <targets>oF</targets>
                                </relationship>
                            </relationships>
                            <subterms />
                        </term>
                        <term id="2298982495813426118" name="pff0000000001000e" value="4" class="hidden">
                            <domain type="" />
                            <attributes>
                                <attribute name="name" value="pff0000000001000e">
                                    <domain name="Text" type="text" />
                                </attribute>
                                <attribute name="disabled" value="false">
                                    <domain name="Boolean" type="boolean" />
                                </attribute>
                                <attribute name="type">
                                    <domain type="" />
                                </attribute>
                                <attribute name="type">
                                    <domain type="" />
                                </attribute>
                            </attributes>
                            <axioms />
                            <relationships>
                                <relationship name="is child of">
                                    <source>pff0000000001000e</source>
                                    <targets>oF</targets>
                                </relationship>
                            </relationships>
                            <subterms />
                        </term>
                        <term id="5874284409588810912" name="p1000000e" value="" class="hidden">
                            <domain type="" />
                            <attributes>
                                <attribute name="name" value="p1000000e">
                                    <domain name="Text" type="text" />
                                </attribute>
                                <attribute name="disabled" value="false">
                                    <domain name="Boolean" type="boolean" />
                                </attribute>
                                <attribute name="type">
                                    <domain type="" />
                                </attribute>
                                <attribute name="type">
                                    <domain type="" />
                                </attribute>
                            </attributes>
                            <axioms />
                            <relationships>
                                <relationship name="is child of">
                                    <source>p1000000e</source>
                                    <targets>oF</targets>
                                </relationship>
                            </relationships>
                            <subterms />
                        </term>
                        <term id="1204869815386054400" name=" I Accept " class="submit">
                            <domain type="" />
                            <attributes>
                                <attribute name="name" value="iSubmitButton">
                                    <domain name="Text" type="text" />
                                </attribute>
                                <attribute name="disabled" value="false">
                                    <domain name="Boolean" type="boolean" />
                                </attribute>
                                <attribute name="type">
                                    <domain type="" />
                                </attribute>
                            </attributes>
                            <axioms />
                            <relationships>
                                <relationship name="is child of">
                                    <source> I Accept </source>
                                    <targets>oF</targets>
                                </relationship>
                            </relationships>
                            <subterms />
                        </term>
                        <term id="5883849762858009130" name=" Cancel " class="button">
                            <domain type="" />
                            <attributes>
                                <attribute name="name" value="iCancelButton">
                                    <domain name="Text" type="text" />
                                </attribute>
                                <attribute name="disabled" value="false">
                                    <domain name="Boolean" type="boolean" />
                                </attribute>
                            </attributes>
                            <axioms />
                            <relationships>
                                <relationship name="is child of">
                                    <source> Cancel </source>
                                    <targets>oF</targets>
                                </relationship>
                            </relationships>
                            <subterms />
                        </term>
                        <term id="7430703199497188127" name="PPFT" value="B4lCjXV4bPUjtrrQIzX8XwIxOzyU18Unsop3CMXOVi3pk3ZvhSBBuUp!6nzh8joTaUHhS2m66WHDSXNp3RK354WbjLoFymterFv6*xCsTFARpP1r4LOLBdPqVEoMUxwoowIgd8dvxLrWJrByBh*xsAm7vx72MBKweDWf0OiKIFV6Lp5m5z4M3b0mzzllGK8TYBJPtX54Lg8mpTiq3TijXVSHyJWAoAt3QaiGkBSFFwAfzAKR8fQU*xQuFwoA*qArgNAKT5M5UJ1TQzVF7FEcLZqpyRipm9zBuyC4rF!wTVit9vgFuH4RsiNBIXvrdGvF5honEtAJpFfTmu8fky7*bKBXdpDCwWipztuL4c9FX4IrM5dQsWMQyehCDW34gZmzQzCRMyIRAZfK7PGow9BegW*nKK5ak3ulUlqtyLL2oLHBpUh9EUGvlR5cMfIQh6aOeG7!QRqp27qW0jcw9*LBlCFqh2qkR82rzUWd5mGBOj5tCyGlvkSe6UiEPGfMm6llhQwJIbpeaOBAQHyzle7hObYDrzNjub0dMZrx2UNO!mFbSWee63gD2L3tN4moUdGoNBe9kk4cVOM4ueaYtieXjb1yxSDDqbRtGCi*oP!rvmK7a0t46be4O4EnlgmcEKhStX!2mdGdqAshMlvAPVUvOFffvDZnDXOqJx7J4p333r8GSBgxy9*xQ*XGtYgDl4HeCiOMGJpeWQkJxvq47BLRRfK7kV1IyaKB*XR7329nhM0kNsP!tVXaszw8EkIcwIimPJomDUP6tzQPj0eZvrHdRY7kkC1dH6U*4p9WaETsTol5GxFJVe5hbgkfYAmZLm9y0ndqR097YUDUH9MuycL3LIlNWROOObo2SqTee8ifUxCAucJoYjM541lKBVFgtbqOGc*ugrrgabfbrsT9S2aM3V5QRcRvb2mMzbEa6bkgVhPHEq1mkBQMFo13c6m5uaUL!Ai!IAVTOkxmJqRtebBzuusl0WhsH83krV2HeZ3y!6LC9m*!mY7fn4AYx6dkpD8rzGHByiUWqLTiD*t3OWVbp1s4tnFMPaCRu2vuEDJWa60zA1zEC*FFR5Hlm*sLMaOkZOnh4I7b2NmC5Vy9a7V6k4MsvvkFLBjo7IlkFBbDhZrTZuJOKJJVscGEb9hKkjua!AFv6FmKVgijf0sRFzIwihQzXYN78WqD6b4aaUu7dmf14!UR*S*IQkK7R*dvzpGK7iOJiyN!yr1wF*RuBzUeyShdPB8ANr*AN*TMZBMVcPn9iVeVCasxfsRx7yvPSx7Ha9*VEburSRr9zWseoYi4CrxDSsvWhrSTbaFy43gkQQXeWT2xArsJPZHJ*ExFwAhm3oYl6TZcE!BavMiZffQSyiBWdiWRSKOoI01az70QJJrI3EMYRvp5ruljEXsU3SObW2xOi8yDdNaEDhtaUwOVYV0sefxt5YkekYbEgcPPhU!XTTnBQlXK8g3MgpoNjUznx!clMcXW21W0YVNuYejUNeRQlo3xx2aZmzNwMxkOWQfPxM40FxXFzaAILskMwgNvGcrraF79RKA1bUjQ!BXmJeVsvsNzKovFfJlWRa!JZfuHJTgdVQwg93BCdtKXTASZOC!*xndIQk!IgJ3RLIYEBQab*YrN58C4kSItz8ddBTbKWVs0hoxHV*Rm!hOBxDQSNXld0tR41*n7nbCjWe19vN3R0DVcnV!NxKunTqTxvTRwPyPkT!dcN7fE6Ng1FkOB5T8gwukdVqzin6be9dJkjTltFJUnLxLV1H3BBpdV6U9Y4PtwkP2lJ1ZyPNiVN*Gfcj*CAtpI7eieOORTsG7UIgHuKSJHOnUoj*nBySwIP66Ysqgk!YtCJZ4uudi6T2lcfOhXfjSBvUkgT6wABGqBo0797SEtWX2liU97W!c*2z8!yY!jiiM99KiPuLFJblxXtqtWtJ3jnbGQlLwpozRIVqWHEkSGV!EbYu5MDDLkjXKklBjeZL5Vmhm1mcupChFaatnqJtdwusD78a859dCIRfJdyQY5OQHOojNa0Uz1JYJbOBv49nZUYuWAVL*KOXUaJgAV9N*qrbtbu2bOwf6dRZqL3knad3j2gexyiOixYOPCa1k92vvVnIpW3hX*SgHtaCfEw!toSQlZwB27o!lyAYCjXt4nz3ZpH7htLAY!d2H1iy8F*ubLWXMrkklP03rEXr*NY0AXDI0B3Y62MaS5r1gKQhlKhZMU63w09iMLh2TLq!7Z6uG36fuyual10btGLIH81wuM538tSjQb32sF*hcN0RJ2YMUT*tNxtf0Iod6E940xWeGJEqaA4CBiM8iuwXxMqcXiF!Yd7BmxbrP36UCJNvhb" class="hidden">
                            <domain type="" />
                            <attributes>
                                <attribute name="name" value="PPFT">
                                    <domain name="Text" type="text" />
                                </attribute>
                                <attribute name="disabled" value="false">
                                    <domain name="Boolean" type="boolean" />
                                </attribute>
                                <attribute name="type">
                                    <domain type="" />
                                </attribute>
                                <attribute name="type">
                                    <domain type="" />
                                </attribute>
                            </attributes>
                            <axioms />
                            <relationships>
                                <relationship name="is child of">
                                    <source>PPFT</source>
                                    <targets>oF</targets>
                                </relationship>
                            </relationships>
                            <subterms />
                        </term>
                        <term id="2323940755260511750" name="Country Region:" value="" class="select">
                            <domain name="Choice" type="choice" />
                            <attributes>
                                <attribute name="name" value="pff00000000010004">
                                    <domain name="Text" type="text" />
                                </attribute>
                                <attribute name="disabled" value="false">
                                    <domain name="Boolean" type="boolean" />
                                </attribute>
                                <attribute name="type">
                                    <domain type="" />
                                </attribute>
                                <attribute name="size">
                                    <domain name="Positive Integer" type="pinteger" />
                                </attribute>
                                <attribute name="multiple">
                                    <domain name="Boolean" type="boolean" />
                                </attribute>
                            </attributes>
                            <axioms>
                                <axiom name="onChange">var sC=this[this.selectedIndex].value;UpdateLoc(sC,this.form.iState,this.form.iTimezone);UpdateDomain(sC);</axiom>
                            </axioms>
                            <relationships>
                                <relationship name="is child of">
                                    <source>Country Region:</source>
                                    <targets>oF</targets>
                                </relationship>
                            </relationships>
                            <subterms />
                        </term>
                        <term id="6337838311224217426" name="Question:" value="" class="select">
                            <domain name="Choice" type="choice" />
                            <attributes>
                                <attribute name="name" value="p200000000000bb8">
                                    <domain name="Text" type="text" />
                                </attribute>
                                <attribute name="disabled" value="false">
                                    <domain name="Boolean" type="boolean" />
                                </attribute>
                                <attribute name="type">
                                    <domain type="" />
                                </attribute>
                                <attribute name="size">
                                    <domain name="Positive Integer" type="pinteger" />
                                </attribute>
                                <attribute name="multiple">
                                    <domain name="Boolean" type="boolean" />
                                </attribute>
                            </attributes>
                            <axioms />
                            <relationships>
                                <relationship name="is child of">
                                    <source>Question:</source>
                                    <targets>oF</targets>
                                </relationship>
                            </relationships>
                            <subterms />
                        </term>
                        <term id="1455451537951438930" name="State:" value="" class="select">
                            <domain name="Choice" type="choice" />
                            <attributes>
                                <attribute name="name" value="pff00000000010005">
                                    <domain name="Text" type="text" />
                                </attribute>
                                <attribute name="disabled" value="false">
                                    <domain name="Boolean" type="boolean" />
                                </attribute>
                                <attribute name="type">
                                    <domain type="" />
                                </attribute>
                                <attribute name="size">
                                    <domain name="Positive Integer" type="pinteger" />
                                </attribute>
                                <attribute name="multiple">
                                    <domain name="Boolean" type="boolean" />
                                </attribute>
                            </attributes>
                            <axioms />
                            <relationships>
                                <relationship name="is child of">
                                    <source>State:</source>
                                    <targets>oF</targets>
                                </relationship>
                            </relationships>
                            <subterms />
                        </term>
                        <term id="4284063590020613687" name="Time zone:" value="" class="select">
                            <domain name="Choice" type="choice" />
                            <attributes>
                                <attribute name="name" value="pff0000000001000b">
                                    <domain name="Text" type="text" />
                                </attribute>
                                <attribute name="disabled" value="false">
                                    <domain name="Boolean" type="boolean" />
                                </attribute>
                                <attribute name="type">
                                    <domain type="" />
                                </attribute>
                                <attribute name="size">
                                    <domain name="Positive Integer" type="pinteger" />
                                </attribute>
                                <attribute name="multiple">
                                    <domain name="Boolean" type="boolean" />
                                </attribute>
                            </attributes>
                            <axioms />
                            <relationships>
                                <relationship name="is child of">
                                    <source>Time zone:</source>
                                    <targets>oF</targets>
                                </relationship>
                            </relationships>
                            <subterms />
                        </term>
                    </subterms>
                </term>
            </subterms>
        </term>
    </terms>
</ontology>

