<?xml version="1.0" encoding="UTF-8"?>
<!--This is the 6 Best matching
Use topkmatch.xsd to parse and validate the information (XMLSchema)--><BestMatch CandidateOntology="accountservices.passport.net" MatchIndex="6" MatchWeight="0.0" TargetOntology="ldbreg.lycos.com"><MatchedTerms Weight="0.0"><CandidateTerm id="858862128935397403">E-mail address: (p4181):text</CandidateTerm><TargetTerm id="8611137713551559902">Member Name: (m_U):text</TargetTerm></MatchedTerms><MatchedTerms Weight="0.0"><CandidateTerm id="5164844640899034094">Password: (p3e8):password</CandidateTerm><TargetTerm id="4924761977333127926">Password: (m_P):password</TargetTerm></MatchedTerms><MatchedTerms Weight="0.0"><CandidateTerm id="331289750245648450">Retype password: (p10000000):password</CandidateTerm><TargetTerm id="7123318464124022979">Repeat Password: (m_PASSVERIFY):password</TargetTerm></MatchedTerms><MatchedTerms Weight="0.0"><CandidateTerm id="336599741803120432">Alternate e-mail address: (p65):text</CandidateTerm><TargetTerm id="8366134226562251427">Other Email Address: (m_EMAIL):text</TargetTerm></MatchedTerms><MatchedTerms Weight="0.0"><CandidateTerm id="4854969206264822002">First name: (pff00000000010001):text</CandidateTerm><TargetTerm id="5001914334898602325">First Name: (m_FIRSTNAME):text</TargetTerm></MatchedTerms><MatchedTerms Weight="0.0"><CandidateTerm id="2569015305601447887">Last name: (pff00000000010002):text</CandidateTerm><TargetTerm id="6582328574911622587">Last Name: (m_LASTNAME):text</TargetTerm></MatchedTerms><MatchedTerms Weight="0.0"><CandidateTerm id="5379967726850758131">Birth date: (pff00000000010029Year):text</CandidateTerm><TargetTerm id="6945547091929456826">Birthday: (m_BIRTHYEAR):select</TargetTerm></MatchedTerms><MatchedTerms Weight="0.0"><CandidateTerm id="4712365419314548007">Birth date: (pff00000000010029Month):select</CandidateTerm><TargetTerm id="5817642149764347352">Birthday: (m_BIRTHMONTH):select</TargetTerm></MatchedTerms><MatchedTerms Weight="0.0"><CandidateTerm id="4356838734943573890">Birth date: (pff00000000010029Day):select</CandidateTerm><TargetTerm id="1229582127397983764">Birthday: (m_BIRTHDAY):select</TargetTerm></MatchedTerms><MatchedTerms Weight="0.0"><CandidateTerm id="5386440918560207846">ZIP code: (pff00000000010006):text</CandidateTerm><TargetTerm id="121423988147748182">Zip Postal Code: (m_ZIP):text</TargetTerm></MatchedTerms><MatchedTerms Weight="0.0"><CandidateTerm id="7541972559829721383">I own or work with a small business (pff00000020000011_check):checkbox</CandidateTerm><TargetTerm id="504527997483351532">Small Business (m_INTR_9):checkbox</TargetTerm></MatchedTerms><MatchedTerms Weight="0.0"><CandidateTerm id="8862224922043803173">Characters: (p10000002):text</CandidateTerm><TargetTerm id="3170713157767719415">Into this box: (m_IV):text</TargetTerm></MatchedTerms><MatchedTerms Weight="0.0"><CandidateTerm id="1204869815386054400"> I Accept  (iSubmitButton):submit</CandidateTerm><TargetTerm id="2737094150433218642">I Agree ():submit</TargetTerm></MatchedTerms><MatchedTerms Weight="0.0"><CandidateTerm id="5883849762858009130"> Cancel  (iCancelButton):button</CandidateTerm><TargetTerm id="769841130883404616">Cancel (19.y):submit</TargetTerm></MatchedTerms><MatchedTerms Weight="0.0"><CandidateTerm id="2323940755260511750">Country Region: (pff00000000010004):select</CandidateTerm><TargetTerm id="2461962781496324821">Country: (m_COUNTRY):select</TargetTerm></MatchedTerms><MatchedTerms Weight="0.0"><CandidateTerm id="1455451537951438930">State: (pff00000000010005):select</CandidateTerm><TargetTerm id="9080611234418002899">State(USA): (m_STATE):select</TargetTerm></MatchedTerms></BestMatch><!--For any questions regarding the Top K Framework please send to:ontobuilder@ie.technion.ac.il-->