<?xml version="1.0" encoding="UTF-8"?>
<!--This is the 11 Best matching
Use topkmatch.xsd to parse and validate the information (XMLSchema)--><BestMatch CandidateOntology="betus.com" MatchIndex="11" MatchWeight="0.0" TargetOntology="www.bet-at-home.com"><MatchedTerms Weight="0.0"><CandidateTerm id="8924218784720753018">text: First Name: (nameFirstEntry)</CandidateTerm><TargetTerm id="6804896108464711380">text: first name: (FORM_vorname)</TargetTerm></MatchedTerms><MatchedTerms Weight="0.0"><CandidateTerm id="1045366882389283550">text: Last Name: (nameLastEntry)</CandidateTerm><TargetTerm id="8315565385476289814">text: surname: (FORM_nachname)</TargetTerm></MatchedTerms><MatchedTerms Weight="0.0"><CandidateTerm id="8494480492439679266">text: Email: (emailEntry)</CandidateTerm><TargetTerm id="4707313365323815431">text: email: (FORM_email)</TargetTerm></MatchedTerms><MatchedTerms Weight="0.0"><CandidateTerm id="6044559075046083518">text: Phone: (homePhoneEntry)</CandidateTerm><TargetTerm id="3779045510783890891">text: telephone (optional): (FORM_telefon)</TargetTerm></MatchedTerms><MatchedTerms Weight="0.0"><CandidateTerm id="1952232866037618690">text: Fax: (faxEntry)</CandidateTerm><TargetTerm id="1208310220145241100">text: telefax (optional): (FORM_telefax)</TargetTerm></MatchedTerms><MatchedTerms Weight="0.0"><CandidateTerm id="691469331197049488">text: Address1: (address1Entry)</CandidateTerm><TargetTerm id="1256889094138580232">text: street</TargetTerm></MatchedTerms><MatchedTerms Weight="0.0"><CandidateTerm id="6762776337996493341">text: Zip Postal Code: (zipEntry)</CandidateTerm><TargetTerm id="7218631059452937358">text: post code</TargetTerm></MatchedTerms><MatchedTerms Weight="0.0"><CandidateTerm id="1076457491317030597">select: Country: (countryEntry)</CandidateTerm><TargetTerm id="5746574926989119883">select: country: (FORM_nation)</TargetTerm></MatchedTerms></BestMatch><!--For any questions regarding the Top K Framework please send to:ontobuilder@ie.technion.ac.il-->