<?xml version="1.0" encoding="UTF-8"?>
<ns:Order xmlns:ns="Apertum" xmlns:xsi="http://www.w3.org/2001/XMLSchema-instance" xsi:schemaLocation="Apertum Apertum.xsd ">
  <ns:POHead>
    <ns:OrderDetails>
      <ns:SupplierOrderReference>hot5689</ns:SupplierOrderReference>
      <ns:BuyerOrderReference>CU4894</ns:BuyerOrderReference>
      <ns:TextHeader>Purchase Order No PO100789</ns:TextHeader>
      <ns:TextFooter>Enjoy</ns:TextFooter>
      <ns:SupplierOrderDate>2013-10-16</ns:SupplierOrderDate>
      <ns:BuyerOrderDate>2012-10-16</ns:BuyerOrderDate>
    </ns:OrderDetails>
    <ns:Currency>
      <ns:CurrencyCode>NIS</ns:CurrencyCode>
    </ns:Currency>
    <ns:TermsOfPayment>
      <ns:Description></ns:Description>
      <ns:NetDays>6</ns:NetDays>
      <ns:Discount1>
        <ns:Percentage>89</ns:Percentage>
        <ns:DaysDue>2050-04-20</ns:DaysDue>
      </ns:Discount1>
      <ns:Discount2>
        <ns:Percentage>78</ns:Percentage>
        <ns:DaysDue>2050-01-01</ns:DaysDue>
      </ns:Discount2>
    </ns:TermsOfPayment>
    <ns:TermsOfDelivery>
      <ns:DelivType></ns:DelivType>
      <ns:TransportType></ns:TransportType>
    </ns:TermsOfDelivery>
  </ns:POHead>
  <ns:Buyer>
    <ns:SupplierReferenceNo>hot5689</ns:SupplierReferenceNo>
    <ns:BuyerReferenceNo>CU4894</ns:BuyerReferenceNo>
    <ns:VAT_RegistrationNo>IL 56932</ns:VAT_RegistrationNo>
    <ns:Address>
      <ns:Name1>Mrs. Lilah Perez</ns:Name1>
	  <ns:Name2></ns:Name2>
      <ns:Street>Moshe Dayan</ns:Street>
      <ns:City>Haifa</ns:City>
      <ns:State></ns:State>
      <ns:PostalCode>25874</ns:PostalCode>
      <ns:Country>Israel</ns:Country>
      <ns:CountryCode>IL</ns:CountryCode>
    </ns:Address>
    <ns:Contact>
      <ns:FirstName>Mihal</ns:FirstName>
      <ns:LastName>Hoze</ns:LastName>
      <ns:Title>Ms</ns:Title>
      <ns:JobTItle>Human Resourses</ns:JobTItle>
      <ns:Phone>04-863216</ns:Phone>
      <ns:Fax>04-653092</ns:Fax>
      <ns:Email>mihal@gmail.com</ns:Email>
    </ns:Contact>
  </ns:Buyer>
  <ns:Supplier>
    <ns:SupplierReferenceNo>hot5689</ns:SupplierReferenceNo>
    <ns:BuyerReferenceNo>CU4894</ns:BuyerReferenceNo>
    <ns:VAT_RegistrationNo>IL 56932</ns:VAT_RegistrationNo>
    <ns:Address>
      <ns:Name1>Sufersal</ns:Name1>
	  <ns:Name2>Sufersal</ns:Name2>
      <ns:Street>Malahey Israel</ns:Street>
      <ns:City>Tel Hanan</ns:City>
      <ns:State></ns:State>
      <ns:PostalCode>60098</ns:PostalCode>
      <ns:Country>Israel</ns:Country>
      <ns:CountryCode>IL</ns:CountryCode>
    </ns:Address>
    <ns:Contact>
      <ns:FirstName>Avi</ns:FirstName>
      <ns:LastName>Cohen</ns:LastName>
      <ns:Title>Mr</ns:Title>
      <ns:JobTItle>seller</ns:JobTItle>
      <ns:Phone>04-895623</ns:Phone>
      <ns:Fax>04-784512</ns:Fax>
      <ns:Email>avu@gmail.com</ns:Email>
    </ns:Contact>
  </ns:Supplier>
  <ns:DeliverTo>
    <ns:SupplierReferenceNo>hot5689</ns:SupplierReferenceNo>
    <ns:BuyerReferenceNo>CU4894</ns:BuyerReferenceNo>
    <ns:VAT_RegistrationNo>IL 56932</ns:VAT_RegistrationNo>
    <ns:Address>
      <ns:Name1>Mrs. Lilah Perez</ns:Name1>
	  <ns:Name2></ns:Name2>
      <ns:Street>Moshe Dayan</ns:Street>
      <ns:City>Haifa</ns:City>
      <ns:State></ns:State>
      <ns:PostalCode>25874</ns:PostalCode>
      <ns:Country>Israel</ns:Country>
      <ns:CountryCode>IL</ns:CountryCode>
    </ns:Address>
    <ns:Contact>
      <ns:FirstName>Lilah</ns:FirstName>
      <ns:LastName>Perez</ns:LastName>
      <ns:Title></ns:Title>
      <ns:JobTItle>Team Manager</ns:JobTItle>
      <ns:Phone>04-895623</ns:Phone>
      <ns:Fax>04-987654</ns:Fax>
      <ns:Email>lilip@mail.com</ns:Email>
    </ns:Contact>
  </ns:DeliverTo>
  <ns:InvoiceTo>
    <ns:SupplierReferenceNo>hot5689</ns:SupplierReferenceNo>
    <ns:BuyerReferenceNo>CU4894</ns:BuyerReferenceNo>
    <ns:VAT_RegistrationNo>IL 56932</ns:VAT_RegistrationNo>
    <ns:Address>
      <ns:Name1>Mrs. Lilah Perez</ns:Name1>
	  <ns:Name2>Mrs. Lilah Perez</ns:Name2>
      <ns:Street>Moshe Dayan</ns:Street>
      <ns:City>Haifa</ns:City>
      <ns:State></ns:State>
      <ns:PostalCode>25874</ns:PostalCode>
      <ns:Country>Israel</ns:Country>
      <ns:CountryCode>IL</ns:CountryCode>
    </ns:Address>
    <ns:Contact>
      <ns:FirstName>Lilah</ns:FirstName>
      <ns:LastName>Perez</ns:LastName>
      <ns:Title></ns:Title>
      <ns:JobTItle>Team Manager</ns:JobTItle>
      <ns:Phone>04-895623</ns:Phone>
      <ns:Fax>04-987654</ns:Fax>
      <ns:Email>lilip@mail.com</ns:Email>
    </ns:Contact>
  </ns:InvoiceTo>
  <ns:POLine>
    <ns:LineNo>1</ns:LineNo>
    <ns:Product>
      <ns:SupplierPartID>59873</ns:SupplierPartID>
      <ns:SupplierPartDesc>galaxy</ns:SupplierPartDesc>
      <ns:BuyerPartID>g930</ns:BuyerPartID>
      <ns:BuyerPartDesc>sumsung</ns:BuyerPartDesc>
      <ns:EAN>d65981</ns:EAN>
    </ns:Product>
    <ns:Price>
      <ns:UnitPrice>3000</ns:UnitPrice>
      <ns:PricePerUnitOfMeasure>3000</ns:PricePerUnitOfMeasure>
      <ns:PriceQuotient>10</ns:PriceQuotient>
    </ns:Price>
    <ns:Quantity>
      <ns:QuantityAmount>1</ns:QuantityAmount>
      <ns:PackCode>we7732</ns:PackCode>
      <ns:PackSize>20</ns:PackSize>
      <ns:UnitOfMeasure>mg</ns:UnitOfMeasure>
    </ns:Quantity>
    <ns:RequestedDeliveryDate>
      <ns:DateYear>2013</ns:DateYear>
      <ns:DateWeek>45</ns:DateWeek>
      <ns:Date>2013-12-20</ns:Date>
    </ns:RequestedDeliveryDate>
    <ns:Discount>
      <ns:Percentage>5</ns:Percentage>
      <ns:DaysDue>2014-12-20</ns:DaysDue>
    </ns:Discount>
    <ns:Amount>
      <ns:VAT_Rate>17</ns:VAT_Rate>
      <ns:VAT_Amount>0.17</ns:VAT_Amount>
      <ns:Amount_ExclVAT>20</ns:Amount_ExclVAT>
      <ns:Amount_InclVAT>27.3</ns:Amount_InclVAT>
    </ns:Amount>
  </ns:POLine>
  <ns:OrderTotal>
    <ns:NumberOfLines>1</ns:NumberOfLines>
    <ns:TotalAmount>
      <ns:VAT_Rate>17</ns:VAT_Rate>
      <ns:VAT_Amount>0.17</ns:VAT_Amount>
      <ns:Amount_ExclVAT>20</ns:Amount_ExclVAT>
      <ns:Amount_InclVAT>27.3</ns:Amount_InclVAT>
      <ns:VAT_AmountTotal>45</ns:VAT_AmountTotal>
    </ns:TotalAmount>
  </ns:OrderTotal>
</ns:Order>