<?xml version="1.0" encoding="UTF-8"?>
<ns:Order xmlns:ns="Apertum" xmlns:xsi="http://www.w3.org/2001/XMLSchema-instance" xsi:schemaLocation="Apertum Apertum.xsd ">
  <ns:POHead>
    <ns:OrderDetails>
      <ns:SupplierOrderReference>SHUF3213</ns:SupplierOrderReference>
      <ns:BuyerOrderReference>CU4334</ns:BuyerOrderReference>
      <ns:TextHeader>Purchase Order No PO100152</ns:TextHeader>
      <ns:TextFooter>Enjoy</ns:TextFooter>
      <ns:SupplierOrderDate>2013-12-12</ns:SupplierOrderDate>
      <ns:BuyerOrderDate>2012-12-12</ns:BuyerOrderDate>
    </ns:OrderDetails>
    <ns:Currency>
      <ns:CurrencyCode>EUR</ns:CurrencyCode>
    </ns:Currency>
    <ns:TermsOfPayment>
      <ns:Description></ns:Description>
      <ns:NetDays>8</ns:NetDays>
      <ns:Discount1>
        <ns:Percentage>4</ns:Percentage>
        <ns:DaysDue>2050-04-20</ns:DaysDue>
      </ns:Discount1>
      <ns:Discount2>
        <ns:Percentage>5</ns:Percentage>
        <ns:DaysDue>2050-01-01</ns:DaysDue>
      </ns:Discount2>
    </ns:TermsOfPayment>
    <ns:TermsOfDelivery>
      <ns:DelivType></ns:DelivType>
      <ns:TransportType></ns:TransportType>
    </ns:TermsOfDelivery>
  </ns:POHead>
  <ns:Buyer>
    <ns:SupplierReferenceNo>SHUF3213</ns:SupplierReferenceNo>
    <ns:BuyerReferenceNo>CU4334</ns:BuyerReferenceNo>
    <ns:VAT_RegistrationNo>IL 23423</ns:VAT_RegistrationNo>
    <ns:Address>
      <ns:Name1>Mr Guy Liani</ns:Name1>
	  <ns:Name2></ns:Name2>
      <ns:Street>Barkohva</ns:Street>
      <ns:City>Hedera</ns:City>
      <ns:State></ns:State>
      <ns:PostalCode>23444</ns:PostalCode>
      <ns:Country>Israel</ns:Country>
      <ns:CountryCode>IL</ns:CountryCode>
    </ns:Address>
    <ns:Contact>
      <ns:FirstName>Guy</ns:FirstName>
      <ns:LastName>Liani</ns:LastName>
      <ns:Title></ns:Title>
      <ns:JobTItle>Priority Manager</ns:JobTItle>
      <ns:Phone>09-863216</ns:Phone>
      <ns:Fax>09-653092</ns:Fax>
      <ns:Email>guyl@gmail.com</ns:Email>
    </ns:Contact>
  </ns:Buyer>
  <ns:Supplier>
    <ns:SupplierReferenceNo>SHUF3213</ns:SupplierReferenceNo>
    <ns:BuyerReferenceNo>CU4334</ns:BuyerReferenceNo>
    <ns:VAT_RegistrationNo>IL 23423</ns:VAT_RegistrationNo>
    <ns:Address>
      <ns:Name1>Modgal</ns:Name1>
	  <ns:Name2></ns:Name2>
      <ns:Street>Rakefet</ns:Street>
      <ns:City>Rosh Pina</ns:City>
      <ns:State></ns:State>
      <ns:PostalCode>60298</ns:PostalCode>
      <ns:Country>Israel</ns:Country>
      <ns:CountryCode>IL</ns:CountryCode>
    </ns:Address>
    <ns:Contact>
      <ns:FirstName>Ziva</ns:FirstName>
      <ns:LastName>Cohen</ns:LastName>
      <ns:Title></ns:Title>
      <ns:JobTItle>seller</ns:JobTItle>
      <ns:Phone>04-895623</ns:Phone>
      <ns:Fax>04-784512</ns:Fax>
      <ns:Email>ziva@gmail.com</ns:Email>
    </ns:Contact>
  </ns:Supplier>
  <ns:DeliverTo>
    <ns:SupplierReferenceNo>SHUF3213</ns:SupplierReferenceNo>
    <ns:BuyerReferenceNo>CU4335</ns:BuyerReferenceNo>
    <ns:VAT_RegistrationNo>IL 23423</ns:VAT_RegistrationNo>
    <ns:Address>
      <ns:Name1>Mr Guy Liani</ns:Name1>
	  <ns:Name2></ns:Name2>
      <ns:Street>Barkohva 5</ns:Street>
      <ns:City>Hedera</ns:City>
      <ns:State></ns:State>
      <ns:PostalCode>23444</ns:PostalCode>
      <ns:Country>Israel</ns:Country>
      <ns:CountryCode>IL</ns:CountryCode>
    </ns:Address>
    <ns:Contact>
      <ns:FirstName>Guy</ns:FirstName>
      <ns:LastName>Liani</ns:LastName>
      <ns:Title></ns:Title>
      <ns:JobTItle>Priority Manager</ns:JobTItle>
      <ns:Phone>04-895623</ns:Phone>
      <ns:Fax>04-987654</ns:Fax>
      <ns:Email>guyl@mail.com</ns:Email>
    </ns:Contact>
  </ns:DeliverTo>
  <ns:InvoiceTo>
    <ns:SupplierReferenceNo>SHUF3213</ns:SupplierReferenceNo>
    <ns:BuyerReferenceNo>CU4335</ns:BuyerReferenceNo>
    <ns:VAT_RegistrationNo>IL 23423</ns:VAT_RegistrationNo>
    <ns:Address>
      <ns:Name1>Mr Guy Liani</ns:Name1>
	  <ns:Name2>Mr Guy Liani</ns:Name2>
      <ns:Street>Barkohva</ns:Street>
      <ns:City>Hedera</ns:City>
      <ns:State></ns:State>
      <ns:PostalCode>23444</ns:PostalCode>
      <ns:Country>Israel</ns:Country>
      <ns:CountryCode>IL</ns:CountryCode>
    </ns:Address>
    <ns:Contact>
      <ns:FirstName>Guy</ns:FirstName>
      <ns:LastName>Liani</ns:LastName>
      <ns:Title></ns:Title>
      <ns:JobTItle>Priority Manager</ns:JobTItle>
      <ns:Phone>04-895623</ns:Phone>
      <ns:Fax>04-987654</ns:Fax>
      <ns:Email>guyl@mail.com</ns:Email>
    </ns:Contact>
  </ns:InvoiceTo>
  <ns:POLine>
    <ns:LineNo>1</ns:LineNo>
    <ns:Product>
      <ns:SupplierPartID>15434</ns:SupplierPartID>
      <ns:SupplierPartDesc>iron</ns:SupplierPartDesc>
      <ns:BuyerPartID>i383</ns:BuyerPartID>
      <ns:BuyerPartDesc>iron</ns:BuyerPartDesc>
      <ns:EAN>c8847</ns:EAN>
    </ns:Product>
    <ns:Price>
      <ns:UnitPrice>1</ns:UnitPrice>
      <ns:PricePerUnitOfMeasure>1.2</ns:PricePerUnitOfMeasure>
      <ns:PriceQuotient>10</ns:PriceQuotient>
    </ns:Price>
    <ns:Quantity>
      <ns:QuantityAmount>5</ns:QuantityAmount>
      <ns:PackCode>we7732</ns:PackCode>
      <ns:PackSize>20</ns:PackSize>
      <ns:UnitOfMeasure>lb</ns:UnitOfMeasure>
    </ns:Quantity>
    <ns:RequestedDeliveryDate>
      <ns:DateYear>2013</ns:DateYear>
      <ns:DateWeek>45</ns:DateWeek>
      <ns:Date>2013-12-20</ns:Date>
    </ns:RequestedDeliveryDate>
    <ns:Discount>
      <ns:Percentage>5</ns:Percentage>
      <ns:DaysDue>2014-12-20</ns:DaysDue>
    </ns:Discount>
    <ns:Amount>
      <ns:VAT_Rate>17</ns:VAT_Rate>
      <ns:VAT_Amount>0.17</ns:VAT_Amount>
      <ns:Amount_ExclVAT>20</ns:Amount_ExclVAT>
      <ns:Amount_InclVAT>27.3</ns:Amount_InclVAT>
    </ns:Amount>
  </ns:POLine>
  <ns:OrderTotal>
    <ns:NumberOfLines>1</ns:NumberOfLines>
    <ns:TotalAmount>
      <ns:VAT_Rate>17</ns:VAT_Rate>
      <ns:VAT_Amount>0.17</ns:VAT_Amount>
      <ns:Amount_ExclVAT>20</ns:Amount_ExclVAT>
      <ns:Amount_InclVAT>27.3</ns:Amount_InclVAT>
      <ns:VAT_AmountTotal>73</ns:VAT_AmountTotal>
    </ns:TotalAmount>
  </ns:OrderTotal>
</ns:Order>