<?xml version="1.0" encoding="UTF-8"?>
<!--This is the 8 Best matching
Use topkmatch.xsd to parse and validate the information (XMLSchema)--><BestMatch CandidateOntology="betus.com" MatchIndex="8" MatchWeight="0.0" TargetOntology="linesmaker.com"><MatchedTerms Weight="0.0"><CandidateTerm id="6944968422092567891">text: First Name: (nameFirstEntry)</CandidateTerm><TargetTerm id="3417061923293636049">text: First Name: (FIRSTNAME)</TargetTerm></MatchedTerms><MatchedTerms Weight="0.0"><CandidateTerm id="8764811575268717567">text: Last Name: (nameLastEntry)</CandidateTerm><TargetTerm id="2508355412131084424">text: Last Name: (LASTNAME)</TargetTerm></MatchedTerms><MatchedTerms Weight="0.0"><CandidateTerm id="2256743426165719754">text: Email: (emailEntry)</CandidateTerm><TargetTerm id="4263885764627957024">text: Email: (EMAIL)</TargetTerm></MatchedTerms><MatchedTerms Weight="0.0"><CandidateTerm id="827244233270592277">text: Phone: (homePhoneEntry)</CandidateTerm><TargetTerm id="4780823381860883765">text: Home Phone: (HOMEPHONENO)</TargetTerm></MatchedTerms><MatchedTerms Weight="0.0"><CandidateTerm id="1744599727470469886">text: Business Phone: (businessPhoneEntry)</CandidateTerm><TargetTerm id="5141647849021026869">text: Daytime Phone: (WORKPHONENO)</TargetTerm></MatchedTerms><MatchedTerms Weight="0.0"><CandidateTerm id="1190352915203102246">text: Address1: (address1Entry)</CandidateTerm><TargetTerm id="5846983530028979459">text: Street: (STREET)</TargetTerm></MatchedTerms><MatchedTerms Weight="0.0"><CandidateTerm id="6288294514981243395">text: Address2: (address2Entry)</CandidateTerm><TargetTerm id="5846983530028979459">text: Street: (STREET)</TargetTerm></MatchedTerms><MatchedTerms Weight="0.0"><CandidateTerm id="6962028538386007818">text: City: (cityEntry)</CandidateTerm><TargetTerm id="2399480868249368460">text: City: (CITY)</TargetTerm></MatchedTerms><MatchedTerms Weight="0.0"><CandidateTerm id="7005143041879351612">select: State Province: (stateEntry)</CandidateTerm><TargetTerm id="9136318623823313706">text: State Prov: (STATE)</TargetTerm></MatchedTerms><MatchedTerms Weight="0.0"><CandidateTerm id="8579630995797274470">text: Zip Postal Code: (zipEntry)</CandidateTerm><TargetTerm id="5985254550292541475">text: ZIP Postal: (ZIP)</TargetTerm></MatchedTerms><MatchedTerms Weight="0.0"><CandidateTerm id="5610167716256001047">select: Country: (countryEntry)</CandidateTerm><TargetTerm id="3217807702109915195">select: Country: (COUNTRY)</TargetTerm></MatchedTerms><MatchedTerms Weight="0.0"><CandidateTerm id="6864994719352772320">password: Password: (passwordEntry)</CandidateTerm><TargetTerm id="6665828351174550485">password: Password: (PASSWORD)</TargetTerm></MatchedTerms><MatchedTerms Weight="0.0"><CandidateTerm id="616448467452343463">password: Confirm Password: (ConfirmPasswordEntry)</CandidateTerm><TargetTerm id="2223624837815700602">password: Confirm: (REENTERPASSWORD)</TargetTerm></MatchedTerms><MatchedTerms Weight="0.0"><CandidateTerm id="478420784996333801">text: Please Enter Your BetUS Account Number (CustomerID)</CandidateTerm><TargetTerm id="1628599077503476068">text: User Name: (USERID)</TargetTerm></MatchedTerms></BestMatch><!--For any questions regarding the Top K Framework please send to:ontobuilder@ie.technion.ac.il-->