<?xml version="1.0" encoding="UTF-8"?>
<ns:PO xmlns:ns="CIDX" xmlns:xsi="http://www.w3.org/2001/XMLSchema-instance" xsi:schemaLocation="CIDX CIDX.xsd ">
  <ns:POHeader>
    <ns:poDate>2002-05-30T09:00:00</ns:poDate>
    <ns:poNumber>PO1300002</ns:poNumber>
  </ns:POHeader>
  <ns:Contact>
    <ns:contactName>Ms Einat Hadar</ns:contactName>
    <ns:contactFunctionCode>c2009</ns:contactFunctionCode>
    <ns:contactEmail>einat@mail.com</ns:contactEmail>
    <ns:contactPhone>08-354682</ns:contactPhone>
  </ns:Contact>
  <ns:POShipTo>
    <ns:city>Beer Sheva</ns:city>
    <ns:attn>Einat Hadar</ns:attn>
    <ns:country>Israel</ns:country>
    <ns:stateProvince></ns:stateProvince>
    <ns:street1>Perez 3</ns:street1>
    <ns:street2></ns:street2>
	<ns:street3></ns:street3>
	<ns:street4></ns:street4>
    <ns:postalCode>43399</ns:postalCode>
    <ns:entityidentifider>239023</ns:entityidentifider>
  </ns:POShipTo>
  <ns:POBillTo>
    <ns:city>Beer Sheva</ns:city>
    <ns:attn>Einat Hadar</ns:attn>
    <ns:country>Israel</ns:country>
    <ns:stateProvince></ns:stateProvince>
    <ns:street1>Perez</ns:street1>
	<ns:street2></ns:street2>
	<ns:street3></ns:street3>
	<ns:street4></ns:street4>
    <ns:postalCode>43399</ns:postalCode>
    <ns:entityidentifider>239023</ns:entityidentifider>
  </ns:POBillTo>
  <ns:POLines>
    <ns:startAt>1</ns:startAt>
    <ns:count>3</ns:count>
    <ns:Item>
      <ns:uom>unit</ns:uom>
      <ns:unitPrice>1000</ns:unitPrice>
      <ns:qty>1</ns:qty>
      <ns:partNo>t899</ns:partNo>
      <ns:line>1</ns:line>
    </ns:Item>
	<ns:Item>
      <ns:uom>unit</ns:uom>
      <ns:unitPrice>200</ns:unitPrice>
      <ns:qty>100</ns:qty>
      <ns:partNo>t389</ns:partNo>
      <ns:line>2</ns:line>
    </ns:Item>
  </ns:POLines>
</ns:PO>