<?xml version="1.0" encoding="UTF-8"?>
<ns:PO xmlns:ns="CIDX" xmlns:xsi="http://www.w3.org/2001/XMLSchema-instance" xsi:schemaLocation="CIDX CIDX.xsd ">
  <ns:POHeader>
    <ns:poDate>2002-05-30T09:00:00</ns:poDate>
    <ns:poNumber>PO1300008</ns:poNumber>
  </ns:POHeader>
  <ns:Contact>
    <ns:contactName>Mazi Elmakaes</ns:contactName>
    <ns:contactFunctionCode>d90008</ns:contactFunctionCode>
    <ns:contactEmail>mazie@walla.com</ns:contactEmail>
    <ns:contactPhone>03-2828930</ns:contactPhone>
  </ns:Contact>
  <ns:POShipTo>
    <ns:city>Kiryat Gat</ns:city>
    <ns:attn>Mazi Elmakaes</ns:attn>
    <ns:country>Israel</ns:country>
    <ns:stateProvince></ns:stateProvince>
    <ns:street1>sderot vaizman</ns:street1>
    <ns:street2></ns:street2>
	<ns:street3></ns:street3>
	<ns:street4></ns:street4>
    <ns:postalCode>39988</ns:postalCode>
    <ns:entityidentifider>384756</ns:entityidentifider>
  </ns:POShipTo>
  <ns:POBillTo>
    <ns:city>Kiryat Gat</ns:city>
    <ns:attn>Mazi Elmakaes</ns:attn>
    <ns:country>Israel</ns:country>
    <ns:stateProvince></ns:stateProvince>
    <ns:street1>sderot vaizman</ns:street1>
	<ns:street2></ns:street2>
	<ns:street3></ns:street3>
	<ns:street4></ns:street4>
    <ns:postalCode>39988</ns:postalCode>
    <ns:entityidentifider>384756</ns:entityidentifider>
  </ns:POBillTo>
  <ns:POLines>
    <ns:startAt>1</ns:startAt>
    <ns:count>1</ns:count>
    <ns:Item>
      <ns:uom>ml</ns:uom>
      <ns:unitPrice>2</ns:unitPrice>
      <ns:qty>3000</ns:qty>
      <ns:partNo>a082</ns:partNo>
      <ns:line>1</ns:line>
    </ns:Item>
	<ns:Item>
      <ns:uom>ml</ns:uom>
      <ns:unitPrice>3</ns:unitPrice>
      <ns:qty>102</ns:qty>
      <ns:partNo>a983</ns:partNo>
      <ns:line>2</ns:line>
    </ns:Item>
  </ns:POLines>
</ns:PO>