<?xml version="1.0" encoding="UTF-8"?>
<ns:PO xmlns:ns="CIDX" xmlns:xsi="http://www.w3.org/2001/XMLSchema-instance" xsi:schemaLocation="CIDX CIDX.xsd ">
  <ns:POHeader>
    <ns:poDate>2002-05-30T09:00:00</ns:poDate>
    <ns:poNumber>PO236597</ns:poNumber>
  </ns:POHeader>
  <ns:Contact>
    <ns:contactName>moshe ben david</ns:contactName>
    <ns:contactFunctionCode>c34801</ns:contactFunctionCode>
    <ns:contactEmail>moshbd@hotmail.com</ns:contactEmail>
    <ns:contactPhone>03-26355800</ns:contactPhone>
  </ns:Contact>
  <ns:POShipTo>
    <ns:city>Tel Aviv</ns:city>
    <ns:attn>moshe ben david</ns:attn>
    <ns:country>Israel</ns:country>
    <ns:stateProvince>N/A</ns:stateProvince>
    <ns:street1>Ben Gurion 252</ns:street1>
    <ns:street2>Apt 12</ns:street2>
    <ns:street3>.</ns:street3>
    <ns:street4>.</ns:street4>
    <ns:postalCode>23506</ns:postalCode>
    <ns:entityidentifider>34321</ns:entityidentifider>
  </ns:POShipTo>
  <ns:POBillTo>
    <ns:city>Tel Aviv</ns:city>
    <ns:attn>moshe ben david</ns:attn>
    <ns:country>Israel</ns:country>
    <ns:stateProvince>N/A</ns:stateProvince>
    <ns:street1>Ben Gurion 252</ns:street1>
    <ns:street2>Apt 12</ns:street2>
    <ns:street3>.</ns:street3>
    <ns:street4>.</ns:street4>
    <ns:postalCode>23508</ns:postalCode>
    <ns:entityidentifider>34321</ns:entityidentifider>
  </ns:POBillTo>
  <ns:POLines>
    <ns:startAt>45</ns:startAt>
    <ns:count>2</ns:count>
    <ns:Item>
      <ns:uom>unit</ns:uom>
      <ns:unitPrice>3.14</ns:unitPrice>
      <ns:qty>1000</ns:qty>
      <ns:partNo>p689</ns:partNo>
      <ns:line>1</ns:line>
    </ns:Item>
	<ns:Item>
      <ns:uom>unit</ns:uom>
      <ns:unitPrice>3.14</ns:unitPrice>
      <ns:qty>1000</ns:qty>
      <ns:partNo>p668</ns:partNo>
      <ns:line>2</ns:line>
    </ns:Item>
  </ns:POLines>
</ns:PO>
