<?xml version="1.0" encoding="UTF-8"?>
<ns:PO xmlns:ns="CIDX" xmlns:xsi="http://www.w3.org/2001/XMLSchema-instance" xsi:schemaLocation="CIDX CIDX.xsd ">
  <ns:POHeader>
    <ns:poDate>2012-05-12T15:45:00</ns:poDate>
    <ns:poNumber>PO13000565</ns:poNumber>
  </ns:POHeader>
  <ns:Contact>
    <ns:contactName>shiran elad</ns:contactName>
    <ns:contactFunctionCode>w23230</ns:contactFunctionCode>
    <ns:contactEmail>shirane@mail.com</ns:contactEmail>
    <ns:contactPhone>03-234756</ns:contactPhone>
  </ns:Contact>
  <ns:POShipTo>
    <ns:city>Tel Aviv</ns:city>
    <ns:attn>shiran elad</ns:attn>
    <ns:country>Israel</ns:country>
    <ns:stateProvince></ns:stateProvince>
    <ns:street1>frishman</ns:street1>
    <ns:street2></ns:street2>
	<ns:street3></ns:street3>
	<ns:street4></ns:street4>
    <ns:postalCode>12392</ns:postalCode>
    <ns:entityidentifider>384756</ns:entityidentifider>
  </ns:POShipTo>
  <ns:POBillTo>
    <ns:city>Tel Aviv</ns:city>
    <ns:attn>shiran elad</ns:attn>
    <ns:country>Israel</ns:country>
    <ns:stateProvince></ns:stateProvince>
    <ns:street1>frishman</ns:street1>
	<ns:street2></ns:street2>
	<ns:street3></ns:street3>
	<ns:street4></ns:street4>
    <ns:postalCode>12392</ns:postalCode>
    <ns:entityidentifider>384756</ns:entityidentifider>
  </ns:POBillTo>
  <ns:POLines>
    <ns:startAt>1</ns:startAt>
    <ns:count>2</ns:count>
    <ns:Item>
      <ns:uom>unit</ns:uom>
      <ns:unitPrice>100</ns:unitPrice>
      <ns:qty>1</ns:qty>
      <ns:partNo>u897</ns:partNo>
      <ns:line>1</ns:line>
    </ns:Item>
	<ns:Item>
      <ns:uom>l</ns:uom>
      <ns:unitPrice>32</ns:unitPrice>
      <ns:qty>10</ns:qty>
      <ns:partNo>t398</ns:partNo>
      <ns:line>2</ns:line>
    </ns:Item>
  </ns:POLines>
</ns:PO>
