<?xml version="1.0" encoding="UTF-8"?>
<ns:PO xmlns:ns="CIDX" xmlns:xsi="http://www.w3.org/2001/XMLSchema-instance" xsi:schemaLocation="CIDX CIDX.xsd ">
  <ns:POHeader>
    <ns:poDate>2002-05-30T09:00:00</ns:poDate>
    <ns:poNumber>PO1300021</ns:poNumber>
  </ns:POHeader>
  <ns:Contact>
    <ns:contactName>Ms Marina Blumin</ns:contactName>
    <ns:contactFunctionCode>d29903</ns:contactFunctionCode>
    <ns:contactEmail>marinab@hotmail.com</ns:contactEmail>
    <ns:contactPhone>08-293847</ns:contactPhone>
  </ns:Contact>
  <ns:POShipTo>
    <ns:city>Yavne</ns:city>
    <ns:attn>Marina Blumin</ns:attn>
    <ns:country>Israel</ns:country>
    <ns:stateProvince></ns:stateProvince>
    <ns:street1>Khavazelet</ns:street1>
    <ns:street2></ns:street2>
	<ns:street3></ns:street3>
	<ns:street4></ns:street4>
    <ns:postalCode>22383</ns:postalCode>
    <ns:entityidentifider>384756</ns:entityidentifider>
  </ns:POShipTo>
  <ns:POBillTo>
    <ns:city>Yavne</ns:city>
    <ns:attn>Marina Blumin</ns:attn>
    <ns:country>Israel</ns:country>
    <ns:stateProvince></ns:stateProvince>
    <ns:street1>Khavazelet</ns:street1>
	<ns:street2></ns:street2>
	<ns:street3></ns:street3>
	<ns:street4></ns:street4>
    <ns:postalCode>22383</ns:postalCode>
    <ns:entityidentifider>384756</ns:entityidentifider>
  </ns:POBillTo>
  <ns:POLines>
    <ns:startAt>1</ns:startAt>
    <ns:count>2</ns:count>
    <ns:Item>
      <ns:uom>unit</ns:uom>
      <ns:unitPrice>100</ns:unitPrice>
      <ns:qty>1000</ns:qty>
      <ns:partNo>g773</ns:partNo>
      <ns:line>1</ns:line>
    </ns:Item>
	<ns:Item>
      <ns:uom>l</ns:uom>
      <ns:unitPrice>3.2</ns:unitPrice>
      <ns:qty>10000</ns:qty>
      <ns:partNo>q023</ns:partNo>
      <ns:line>2</ns:line>
    </ns:Item>
  </ns:POLines>
</ns:PO>