<?xml version="1.0" encoding="UTF-8"?>
<ns:PO xmlns:ns="CIDX" xmlns:xsi="http://www.w3.org/2001/XMLSchema-instance" xsi:schemaLocation="CIDX CIDX.xsd ">
  <ns:POHeader>
    <ns:poDate>2002-05-30T09:00:00</ns:poDate>
    <ns:poNumber>PO1300003</ns:poNumber>
  </ns:POHeader>
  <ns:Contact>
    <ns:contactName>rehitim lekol ltd</ns:contactName>
    <ns:contactFunctionCode>c2001</ns:contactFunctionCode>
    <ns:contactEmail>rehit@walla.com</ns:contactEmail>
    <ns:contactPhone>02-234586</ns:contactPhone>
  </ns:Contact>
  <ns:POShipTo>
    <ns:city>Jerusalem</ns:city>
    <ns:attn>Mr Aviv Lavi</ns:attn>
    <ns:country>Israel</ns:country>
    <ns:stateProvince></ns:stateProvince>
    <ns:street1>harakevet 23</ns:street1>
    <ns:street2></ns:street2>
	<ns:street3></ns:street3>
	<ns:street4></ns:street4>
    <ns:postalCode>94433</ns:postalCode>
    <ns:entityidentifider>372819</ns:entityidentifider>
  </ns:POShipTo>
  <ns:POBillTo>
    <ns:city>Jerusalem</ns:city>
    <ns:attn>Mr Aviv Lavi</ns:attn>
    <ns:country>Israel</ns:country>
    <ns:stateProvince></ns:stateProvince>
    <ns:street1>harakevet 23</ns:street1>
	<ns:street2></ns:street2>
	<ns:street3></ns:street3>
	<ns:street4></ns:street4>
    <ns:postalCode>94433</ns:postalCode>
    <ns:entityidentifider>372819</ns:entityidentifider>
  </ns:POBillTo>
  <ns:POLines>
    <ns:startAt>1</ns:startAt>
    <ns:count>3</ns:count>
    <ns:Item>
      <ns:uom>kg</ns:uom>
      <ns:unitPrice>200</ns:unitPrice>
      <ns:qty>30</ns:qty>
      <ns:partNo>s259</ns:partNo>
      <ns:line>1</ns:line>
    </ns:Item>
	<ns:Item>
      <ns:uom>unit</ns:uom>
      <ns:unitPrice>100</ns:unitPrice>
      <ns:qty>1000</ns:qty>
      <ns:partNo>p367</ns:partNo>
      <ns:line>2</ns:line>
    </ns:Item>
  </ns:POLines>
</ns:PO>