<?xml version="1.0" encoding="UTF-8"?>
<ns:PO xmlns:ns="CIDX" xmlns:xsi="http://www.w3.org/2001/XMLSchema-instance" xsi:schemaLocation="CIDX CIDX.xsd ">
  <ns:POHeader>
    <ns:poDate>2002-05-30T09:00:00</ns:poDate>
    <ns:poNumber>PO1300021</ns:poNumber>
  </ns:POHeader>
  <ns:Contact>
    <ns:contactName>Eden Barzilay</ns:contactName>
    <ns:contactFunctionCode>z92838</ns:contactFunctionCode>
    <ns:contactEmail>edenb@hotmail.com</ns:contactEmail>
    <ns:contactPhone>02-938374</ns:contactPhone>
  </ns:Contact>
  <ns:POShipTo>
    <ns:city>Jerusalem</ns:city>
    <ns:attn>Eden Barzily</ns:attn>
    <ns:country>Israel</ns:country>
    <ns:stateProvince></ns:stateProvince>
    <ns:street1>Hamadregot</ns:street1>
    <ns:street2></ns:street2>
	<ns:street3></ns:street3>
	<ns:street4></ns:street4>
    <ns:postalCode>12322</ns:postalCode>
    <ns:entityidentifider>384756</ns:entityidentifider>
  </ns:POShipTo>
  <ns:POBillTo>
    <ns:city>Jerusalem</ns:city>
    <ns:attn>Eden Barzily</ns:attn>
    <ns:country>Israel</ns:country>
    <ns:stateProvince></ns:stateProvince>
    <ns:street1>Hamadregot</ns:street1>
	<ns:street2></ns:street2>
	<ns:street3></ns:street3>
	<ns:street4></ns:street4>
    <ns:postalCode>12332</ns:postalCode>
    <ns:entityidentifider>384756</ns:entityidentifider>
  </ns:POBillTo>
  <ns:POLines>
    <ns:startAt>1</ns:startAt>
    <ns:count>2</ns:count>
    <ns:Item>
      <ns:uom>mg</ns:uom>
      <ns:unitPrice>23</ns:unitPrice>
      <ns:qty>35</ns:qty>
      <ns:partNo>u376</ns:partNo>
      <ns:line>1</ns:line>
    </ns:Item>
	<ns:Item>
      <ns:uom>mg</ns:uom>
      <ns:unitPrice>10</ns:unitPrice>
      <ns:qty>10</ns:qty>
      <ns:partNo>w992</ns:partNo>
      <ns:line>2</ns:line>
    </ns:Item>
  </ns:POLines>
</ns:PO>
