<?xml version="1.0" encoding="UTF-8"?>
<ns:PO xmlns:ns="CIDX" xmlns:xsi="http://www.w3.org/2001/XMLSchema-instance" xsi:schemaLocation="CIDX CIDX.xsd ">
  <ns:POHeader>
    <ns:poDate>2012-05-30T09:00:00</ns:poDate>
    <ns:poNumber>PO13000232</ns:poNumber>
  </ns:POHeader>
  <ns:Contact>
    <ns:contactName>Rani Rahav</ns:contactName>
    <ns:contactFunctionCode>p0998</ns:contactFunctionCode>
    <ns:contactEmail>ranir@gmail.com</ns:contactEmail>
    <ns:contactPhone>04-293874</ns:contactPhone>
  </ns:Contact>
  <ns:POShipTo>
    <ns:city>Nesher</ns:city>
    <ns:attn>Rani Rahav</ns:attn>
    <ns:country>Israel</ns:country>
    <ns:stateProvince></ns:stateProvince>
    <ns:street1>Zahal 3</ns:street1>
    <ns:street2></ns:street2>
	<ns:street3></ns:street3>
	<ns:street4></ns:street4>
    <ns:postalCode>27766</ns:postalCode>
    <ns:entityidentifider>384756</ns:entityidentifider>
  </ns:POShipTo>
  <ns:POBillTo>
    <ns:city>Nesher</ns:city>
    <ns:attn>Rani Rahav</ns:attn>
    <ns:country>Israel</ns:country>
    <ns:stateProvince></ns:stateProvince>
    <ns:street1>Zahal 3</ns:street1>
	<ns:street2></ns:street2>
	<ns:street3></ns:street3>
	<ns:street4></ns:street4>
    <ns:postalCode>22776</ns:postalCode>
    <ns:entityidentifider>384756</ns:entityidentifider>
  </ns:POBillTo>
  <ns:POLines>
    <ns:startAt>1</ns:startAt>
    <ns:count>2</ns:count>
    <ns:Item>
      <ns:uom>kg</ns:uom>
      <ns:unitPrice>2.7</ns:unitPrice>
      <ns:qty>10</ns:qty>
      <ns:partNo>s898</ns:partNo>
      <ns:line>1</ns:line>
    </ns:Item>
	<ns:Item>
      <ns:uom>ml</ns:uom>
      <ns:unitPrice>32.9</ns:unitPrice>
      <ns:qty>1022</ns:qty>
      <ns:partNo>x383</ns:partNo>
      <ns:line>2</ns:line>
    </ns:Item>
  </ns:POLines>
</ns:PO>