<?xml version="1.0" encoding="UTF-8"?>
<ns:PO xmlns:ns="CIDX" xmlns:xsi="http://www.w3.org/2001/XMLSchema-instance" xsi:schemaLocation="CIDX CIDX.xsd ">
  <ns:POHeader>
    <ns:poDate>2002-05-30T09:00:00</ns:poDate>
    <ns:poNumber>PO0900009</ns:poNumber>
  </ns:POHeader>
  <ns:Contact>
    <ns:contactName>Avi Perez</ns:contactName>
    <ns:contactFunctionCode>c20012</ns:contactFunctionCode>
    <ns:contactEmail>avip@gmail.com</ns:contactEmail>
    <ns:contactPhone>03-234289</ns:contactPhone>
  </ns:Contact>
  <ns:POShipTo>
    <ns:city>Tel Aviv</ns:city>
    <ns:attn>Avi Perez</ns:attn>
    <ns:country>Israel</ns:country>
    <ns:stateProvince></ns:stateProvince>
    <ns:street1>Minz 3</ns:street1>
    <ns:street2></ns:street2>
	<ns:street3></ns:street3>
	<ns:street4></ns:street4>
    <ns:postalCode>29988</ns:postalCode>
    <ns:entityidentifider>384756</ns:entityidentifider>
  </ns:POShipTo>
  <ns:POBillTo>
    <ns:city>Tel Aviv</ns:city>
    <ns:attn>Avi Perez</ns:attn>
    <ns:country>Israel</ns:country>
    <ns:stateProvince></ns:stateProvince>
    <ns:street1>Minz 3</ns:street1>
	<ns:street2></ns:street2>
	<ns:street3></ns:street3>
	<ns:street4></ns:street4>
    <ns:postalCode>29988</ns:postalCode>
    <ns:entityidentifider>384756</ns:entityidentifider>
  </ns:POBillTo>
  <ns:POLines>
    <ns:startAt>1</ns:startAt>
    <ns:count>2</ns:count>
    <ns:Item>
      <ns:uom>kg</ns:uom>
      <ns:unitPrice>10.3</ns:unitPrice>
      <ns:qty>237</ns:qty>
      <ns:partNo>p793</ns:partNo>
      <ns:line>1</ns:line>
    </ns:Item>
	<ns:Item>
      <ns:uom>l</ns:uom>
      <ns:unitPrice>32.3</ns:unitPrice>
      <ns:qty>100</ns:qty>
      <ns:partNo>p392</ns:partNo>
      <ns:line>2</ns:line>
    </ns:Item>
  </ns:POLines>
</ns:PO>
