<?xml version="1.0" encoding="UTF-8"?>
<ns:PO xmlns:ns="CIDX" xmlns:xsi="http://www.w3.org/2001/XMLSchema-instance" xsi:schemaLocation="CIDX CIDX.xsd ">
  <ns:POHeader>
    <ns:poDate>2012-05-23T04:00:00</ns:poDate>
    <ns:poNumber>PO1300004</ns:poNumber>
  </ns:POHeader>
  <ns:Contact>
    <ns:contactName>moshe ve banav</ns:contactName>
    <ns:contactFunctionCode>c2003</ns:contactFunctionCode>
    <ns:contactEmail>moshban@gmail.com</ns:contactEmail>
    <ns:contactPhone>03-234756</ns:contactPhone>
  </ns:Contact>
  <ns:POShipTo>
    <ns:city>Tel Aviv</ns:city>
    <ns:attn>moshe ve banav</ns:attn>
    <ns:country>Israel</ns:country>
    <ns:stateProvince></ns:stateProvince>
    <ns:street1>sderot herzel</ns:street1>
    <ns:street2></ns:street2>
	<ns:street3></ns:street3>
	<ns:street4></ns:street4>
    <ns:postalCode>90339</ns:postalCode>
    <ns:entityidentifider>384756</ns:entityidentifider>
  </ns:POShipTo>
  <ns:POBillTo>
    <ns:city>Tel Aviv</ns:city>
    <ns:attn>Mr moshe cohen</ns:attn>
    <ns:country>Israel</ns:country>
    <ns:stateProvince></ns:stateProvince>
    <ns:street1>sderot herzel</ns:street1>
	<ns:street2></ns:street2>
	<ns:street3></ns:street3>
	<ns:street4></ns:street4>
    <ns:postalCode>90339</ns:postalCode>
    <ns:entityidentifider>384756</ns:entityidentifider>
  </ns:POBillTo>
  <ns:POLines>
    <ns:startAt>2</ns:startAt>
    <ns:count>4</ns:count>
    <ns:Item>
      <ns:uom>g</ns:uom>
      <ns:unitPrice>100</ns:unitPrice>
      <ns:qty>1000</ns:qty>
      <ns:partNo>h374</ns:partNo>
      <ns:line>1</ns:line>
    </ns:Item>
	<ns:Item>
      <ns:uom>l</ns:uom>
      <ns:unitPrice>32</ns:unitPrice>
      <ns:qty>10</ns:qty>
      <ns:partNo>t398</ns:partNo>
      <ns:line>2</ns:line>
    </ns:Item>
  </ns:POLines>
</ns:PO>