<?xml version="1.0" encoding="UTF-8"?>
<!--This is the 9 Best matching
Use topkmatch.xsd to parse and validate the information (XMLSchema)--><BestMatch CandidateOntology="betus.com" MatchIndex="9" MatchWeight="0.0" TargetOntology="secure.sportsinteraction.com"><MatchedTerms Weight="0.0"><CandidateTerm id="2556465580938938637">text: First Name: (nameFirstEntry)</CandidateTerm><TargetTerm id="7701256050607855451">text: First Name (iFirstName)</TargetTerm></MatchedTerms><MatchedTerms Weight="0.0"><CandidateTerm id="1518945801058563736">text: Last Name: (nameLastEntry)</CandidateTerm><TargetTerm id="4419818319436556175">text: Surname (iLastName)</TargetTerm></MatchedTerms><MatchedTerms Weight="0.0"><CandidateTerm id="8917373957377004716">text: Email: (emailEntry)</CandidateTerm><TargetTerm id="7570115890193853420">text: Email Address (iEmail)</TargetTerm></MatchedTerms><MatchedTerms Weight="0.0"><CandidateTerm id="2205409659819614424">text: Phone: (homePhoneEntry)</CandidateTerm><TargetTerm id="6623971333777829384">text: Phone Number (iPhoneNumber)</TargetTerm></MatchedTerms><MatchedTerms Weight="0.0"><CandidateTerm id="6578324777324078980">text: Address1: (address1Entry)</CandidateTerm><TargetTerm id="354735676445175796">text: Address (iAddress)</TargetTerm></MatchedTerms><MatchedTerms Weight="0.0"><CandidateTerm id="2093210177535479709">text: City: (cityEntry)</CandidateTerm><TargetTerm id="2761174178856889559">text: City (iCity)</TargetTerm></MatchedTerms><MatchedTerms Weight="0.0"><CandidateTerm id="86444078649851098">select: State Province: (stateEntry)</CandidateTerm><TargetTerm id="152873841799562529">text: State Province (iState)</TargetTerm></MatchedTerms><MatchedTerms Weight="0.0"><CandidateTerm id="4112796565246393327">text: Zip Postal Code: (zipEntry)</CandidateTerm><TargetTerm id="5095732454775900769">text: Postal Code (iPostalCode)</TargetTerm></MatchedTerms><MatchedTerms Weight="0.0"><CandidateTerm id="1331478774538435836">select: Country: (countryEntry)</CandidateTerm><TargetTerm id="8637129168600622548">select: Country (iCountryID)</TargetTerm></MatchedTerms><MatchedTerms Weight="0.0"><CandidateTerm id="5459129971960330979">select: Where did you hear about us? (sourceEntry)</CandidateTerm><TargetTerm id="1463874383071013273">select: How did you hear about Sports Interaction (iReferrer)</TargetTerm></MatchedTerms><MatchedTerms Weight="0.0"><CandidateTerm id="3190592607695070791">password: Password: (passwordEntry)</CandidateTerm><TargetTerm id="5298764519615273149">password: Password (iPassword1)</TargetTerm></MatchedTerms><MatchedTerms Weight="0.0"><CandidateTerm id="5832293838019172209">password: Confirm Password: (ConfirmPasswordEntry)</CandidateTerm><TargetTerm id="2547401715203363102">password: Confirm Password (iPassword2)</TargetTerm></MatchedTerms><MatchedTerms Weight="0.0"><CandidateTerm id="7956399628848773859">text: Please Enter Your BetUS Account Number (CustomerID)</CandidateTerm><TargetTerm id="6688505379213085838">text: Username (iUsername)</TargetTerm></MatchedTerms></BestMatch><!--For any questions regarding the Top K Framework please send to:ontobuilder@ie.technion.ac.il-->