<?xml version="1.0" encoding="UTF-8"?>
<!--This is the 10 Best matching
Use topkmatch.xsd to parse and validate the information (XMLSchema)--><BestMatch CandidateOntology="betus.com" MatchIndex="10" MatchWeight="0.0" TargetOntology="wp.eurobet.com"><MatchedTerms Weight="0.0"><CandidateTerm id="6084794166485773298">text: First Name: (nameFirstEntry)</CandidateTerm><TargetTerm id="6695985496119034032">text: First Name (Name)</TargetTerm></MatchedTerms><MatchedTerms Weight="0.0"><CandidateTerm id="6693746858389310482">text: Last Name: (nameLastEntry)</CandidateTerm><TargetTerm id="7769537746382248246">text: Surname (Surname)</TargetTerm></MatchedTerms><MatchedTerms Weight="0.0"><CandidateTerm id="2482036284338534760">text: Email: (emailEntry)</CandidateTerm><TargetTerm id="7875317085359920075">text: E-mail (email)</TargetTerm></MatchedTerms><MatchedTerms Weight="0.0"><CandidateTerm id="8682547693504951335">text: Phone: (homePhoneEntry)</CandidateTerm><TargetTerm id="5580142998194081611">text: Mobile phone number (Mobilenumber)</TargetTerm></MatchedTerms><MatchedTerms Weight="0.0"><CandidateTerm id="3000551558322931699">text: Business Phone: (businessPhoneEntry)</CandidateTerm><TargetTerm id="6022632844202536184">text: Daytime phone number (PhoneNumber)</TargetTerm></MatchedTerms><MatchedTerms Weight="0.0"><CandidateTerm id="7779257462001011271">text: Address1: (address1Entry)</CandidateTerm><TargetTerm id="2958743516369433694">text: Address (Address1)</TargetTerm></MatchedTerms><MatchedTerms Weight="0.0"><CandidateTerm id="5663334579192228953">text: City: (cityEntry)</CandidateTerm><TargetTerm id="4026365929251411739">text: Town City (City)</TargetTerm></MatchedTerms><MatchedTerms Weight="0.0"><CandidateTerm id="1318092743936719275">text: Zip Postal Code: (zipEntry)</CandidateTerm><TargetTerm id="5056445620834773374">text: Postcode (Postcode)</TargetTerm></MatchedTerms><MatchedTerms Weight="0.0"><CandidateTerm id="8376977173478428182">select: Country: (countryEntry)</CandidateTerm><TargetTerm id="6355626352510632588">select: Country (Country)</TargetTerm></MatchedTerms><MatchedTerms Weight="0.0"><CandidateTerm id="610971548781133708">text: Were you referred by anyone? If so</CandidateTerm><TargetTerm id="1304856453105603047">text: Offer Reference From Advert (If applicable) (Reference)</TargetTerm></MatchedTerms><MatchedTerms Weight="0.0"><CandidateTerm id="3027569903719637923">select: Where did you hear about us? (sourceEntry)</CandidateTerm><TargetTerm id="9015991889350032171">select: How did you find our website? (InfoSource)</TargetTerm></MatchedTerms><MatchedTerms Weight="0.0"><CandidateTerm id="7356246107751430682">password: Password: (passwordEntry)</CandidateTerm><TargetTerm id="8025063965079515011">password:  (Pwd)</TargetTerm></MatchedTerms><MatchedTerms Weight="0.0"><CandidateTerm id="2648605188401133473">password: Confirm Password: (ConfirmPasswordEntry)</CandidateTerm><TargetTerm id="3977329732749020113">password: Confirm Password (RePwd)</TargetTerm></MatchedTerms><MatchedTerms Weight="0.0"><CandidateTerm id="6875583201628474084">text: Please Enter Your BetUS Account Number (CustomerID)</CandidateTerm><TargetTerm id="1290844509535479711">text: Username (Username)</TargetTerm></MatchedTerms></BestMatch><!--For any questions regarding the Top K Framework please send to:ontobuilder@ie.technion.ac.il-->