<?xml version="1.0" encoding="UTF-8"?>
<!--This is the 0 Best matching
Use topkmatch.xsd to parse and validate the information (XMLSchema)--><BestMatch CandidateOntology="betus.com.xml" MatchIndex="0" MatchWeight="11.0" TargetOntology="www.youbet.com.xml"><MatchedTerms Weight="1.0"><CandidateTerm>text: First Name: (nameFirstEntry)</CandidateTerm><TargetTerm>text: First Name: (first_name)</TargetTerm></MatchedTerms><MatchedTerms Weight="1.0"><CandidateTerm>text: Last Name: (nameLastEntry)</CandidateTerm><TargetTerm>text: Last Name: (last_name)</TargetTerm></MatchedTerms><MatchedTerms Weight="1.0"><CandidateTerm>text: Email: (emailEntry)</CandidateTerm><TargetTerm>text: (name@domain.com) (email)</TargetTerm></MatchedTerms><MatchedTerms Weight="1.0"><CandidateTerm>text: Address1: (address1Entry)</CandidateTerm><TargetTerm>text: Residential Address: (No PO Boxes) (address1)</TargetTerm></MatchedTerms><MatchedTerms Weight="1.0"><CandidateTerm>text: Address2: (address2Entry)</CandidateTerm><TargetTerm>text: Mailing Address: (If different) (maddress1)</TargetTerm></MatchedTerms><MatchedTerms Weight="1.0"><CandidateTerm>text: City: (cityEntry)</CandidateTerm><TargetTerm>text: City: (city)</TargetTerm></MatchedTerms><MatchedTerms Weight="1.0"><CandidateTerm>select: State Province: (stateEntry)</CandidateTerm><TargetTerm>select: State: (state)</TargetTerm></MatchedTerms><MatchedTerms Weight="1.0"><CandidateTerm>text: Zip Postal Code: (zipEntry)</CandidateTerm><TargetTerm>text: Zip Code: (zip)</TargetTerm></MatchedTerms><MatchedTerms Weight="1.0"><CandidateTerm>select: Where did you hear about us? (sourceEntry)</CandidateTerm><TargetTerm>select: How did you hear about us?: (prodDiscoverySource)</TargetTerm></MatchedTerms><MatchedTerms Weight="1.0"><CandidateTerm>password: Password: (passwordEntry)</CandidateTerm><TargetTerm>password: Password: (password1)</TargetTerm></MatchedTerms><MatchedTerms Weight="1.0"><CandidateTerm>password: Confirm Password: (ConfirmPasswordEntry)</CandidateTerm><TargetTerm>password: Retype Password: (password2)</TargetTerm></MatchedTerms></BestMatch><!--For any questions regarding the Top K Framework please send to:ontobuilder@ie.technion.ac.il-->