<?xml version="1.0" encoding="UTF-8"?><!--This is the 0 Best matching
Use topkmatch.xsd to parse and validate the information (XMLSchema)--><BestMatch CandidateOntology="4-sportsillustrated.xml" MatchIndex="0" MatchWeight="11.0" TargetOntology="3-national_geographic.xml"><MatchedTerms Weight="1.0"><CandidateTerm>Name: (/net/timeinc/subs/user/model/Name.name):text,17199</CandidateTerm><TargetTerm>Name (tbName):text,18669</TargetTerm></MatchedTerms><MatchedTerms Weight="1.0"><CandidateTerm>Address: (/net/timeinc/subs/user/model/Address.address1):text,17241</CandidateTerm><TargetTerm>Address (tbAddress):text,18696</TargetTerm></MatchedTerms><MatchedTerms Weight="1.0"><CandidateTerm>City: (/net/timeinc/subs/user/model/Address.city):text,17283</CandidateTerm><TargetTerm>City (tbCity):text,18750</TargetTerm></MatchedTerms><MatchedTerms Weight="1.0"><CandidateTerm>Zip Postal: (/net/timeinc/subs/user/model/Address.zipCode):text,17340</CandidateTerm><TargetTerm>Zip Postal code (tbZip):text,18777</TargetTerm></MatchedTerms><MatchedTerms Weight="1.0"><CandidateTerm>E-mail: (/net/timeinc/subs/user/model/Email.email):text,17382</CandidateTerm><TargetTerm>E-mail address (optional) (tbEmail):text,18804</TargetTerm></MatchedTerms><MatchedTerms Weight="1.0"><CandidateTerm>Card Number: (ccNumber):text,17471</CandidateTerm><TargetTerm>Credit card number (tbCCNum):text,18915</TargetTerm></MatchedTerms><MatchedTerms Weight="1.0"><CandidateTerm>Submit (/net/timeinc/subs/user/controller/handler/curtain/BasicValetCurtainHandler.processing):image,17543</CandidateTerm><TargetTerm>Submit Order (btnSubmit):submit,18964</TargetTerm></MatchedTerms><MatchedTerms Weight="1.0"><CandidateTerm>State Province: (/net/timeinc/subs/user/model/Address.state):select,17922</CandidateTerm><TargetTerm>State Province (ddState):select,18988</TargetTerm></MatchedTerms><MatchedTerms Weight="1.0"><CandidateTerm>Card Type: (ccType):select,17950</CandidateTerm><TargetTerm>VISA (billtype):radio,18853</TargetTerm></MatchedTerms><MatchedTerms Weight="1.0"><CandidateTerm>Expires (mm yy): (ccExpirMonth):select,18019</CandidateTerm><TargetTerm>Expiration date (ddExpMonth):select,19776</TargetTerm></MatchedTerms><MatchedTerms Weight="1.0"><CandidateTerm>Expires (mm yy): (ccExpirYear):select,18167</CandidateTerm><TargetTerm>Expiration date (ddExpYear):select,19924</TargetTerm></MatchedTerms></BestMatch><!--For any questions regarding the Top K Framework please send to:ontobuilder@ie.technion.ac.il-->