<?xml version="1.0" encoding="UTF-8"?>
<!--This is the 17 Best matching
Use topkmatch.xsd to parse and validate the information (XMLSchema)--><BestMatch CandidateOntology="betus.com" MatchIndex="17" MatchWeight="0.0" TargetOntology="www.willhill.com"><MatchedTerms Weight="0.0"><CandidateTerm id="34249788347924882">text: First Name: (nameFirstEntry)</CandidateTerm><TargetTerm id="4119286469455796346">text: * First Name (txtFirstName)</TargetTerm></MatchedTerms><MatchedTerms Weight="0.0"><CandidateTerm id="1740748240996395129">text: Last Name: (nameLastEntry)</CandidateTerm><TargetTerm id="6370710179692477975">text: * Last Name (txtSurname)</TargetTerm></MatchedTerms><MatchedTerms Weight="0.0"><CandidateTerm id="4598506977286824727">text: Email: (emailEntry)</CandidateTerm><TargetTerm id="6508376802777950585">text: * Email Address (txtEmail)</TargetTerm></MatchedTerms><MatchedTerms Weight="0.0"><CandidateTerm id="2787550798659546342">text: Phone: (homePhoneEntry)</CandidateTerm><TargetTerm id="8445143965198424642">text: Telephone Number (txtTelephone)</TargetTerm></MatchedTerms><MatchedTerms Weight="0.0"><CandidateTerm id="1401568886727463293">text: Address1: (address1Entry)</CandidateTerm><TargetTerm id="6744671742326910652">text: * Address 1 (txtAddress1)</TargetTerm></MatchedTerms><MatchedTerms Weight="0.0"><CandidateTerm id="4904847464483418704">text: Address2: (address2Entry)</CandidateTerm><TargetTerm id="1703363106607216332">text: Address 2 (txtAddress2)</TargetTerm></MatchedTerms><MatchedTerms Weight="0.0"><CandidateTerm id="4746325305591387936">text: City: (cityEntry)</CandidateTerm><TargetTerm id="3257392988144945765">text: * Town City (txtCityTown)</TargetTerm></MatchedTerms><MatchedTerms Weight="0.0"><CandidateTerm id="255898624287042795">select: State Province: (stateEntry)</CandidateTerm><TargetTerm id="7962698175802720295">text: Region State (txtStateRegion)</TargetTerm></MatchedTerms><MatchedTerms Weight="0.0"><CandidateTerm id="3842737926921739672">text: Zip Postal Code: (zipEntry)</CandidateTerm><TargetTerm id="1900389093721804553">text: Post Code (txtQASPostcode)</TargetTerm></MatchedTerms><MatchedTerms Weight="0.0"><CandidateTerm id="2250108782703613057">select: Country: (countryEntry)</CandidateTerm><TargetTerm id="1400761519467324395">select: * Country (cboCountryAlt)</TargetTerm></MatchedTerms><MatchedTerms Weight="0.0"><CandidateTerm id="6178503179668721329">password: Password: (passwordEntry)</CandidateTerm><TargetTerm id="542560741149264922">password: * Password (txtPassword)</TargetTerm></MatchedTerms><MatchedTerms Weight="0.0"><CandidateTerm id="4565273769440931306">password: Confirm Password: (ConfirmPasswordEntry)</CandidateTerm><TargetTerm id="4961633550325205881">password: * Confirm Password (txtPasswordConfirm)</TargetTerm></MatchedTerms></BestMatch><!--For any questions regarding the Top K Framework please send to:ontobuilder@ie.technion.ac.il-->