<source url="http://www.1stopauto.com/" interurl="http://www.1stopauto.com/used.htm">
  <srcname>1StopAuto.com</srcname>
  <form>
    <attrgroup>
      <attr name="Year" level="1" ename="year">
        <input>
          <operator name="" ename="" />
          <domain format="selection_list">
            <value>2003</value>
            <value>2002</value>
            <value>2001</value>
            <value>2000</value>
            <value>1999</value>
            <value>1998</value>
            <value>1997</value>
            <value>1996</value>
            <value>1995</value>
            <value>1994</value>
            <value>1993</value>
            <value>1992</value>
            <value>1991</value>
            <value>1990</value>
            <value>1989</value>
            <value>1988</value>
            <value>1987</value>
            <value>1986</value>
            <value>1985</value>
            <value>1984</value>
            <value>1983</value>
          </domain>
        </input>
        <input>
          <operator name="" ename="" />
          <domain format="selection_list">
            <value>2003</value>
            <value>2002</value>
            <value>2001</value>
            <value>2000</value>
            <value>1999</value>
            <value>1998</value>
            <value>1997</value>
            <value>1996</value>
            <value>1995</value>
            <value>1994</value>
            <value>1993</value>
            <value>1992</value>
            <value>1991</value>
            <value>1990</value>
            <value>1989</value>
            <value>1988</value>
            <value>1987</value>
            <value>1986</value>
            <value>1985</value>
            <value>1984</value>
            <value>1983</value>
          </domain>
        </input>
      </attr>
    </attrgroup>
    <attrgroup>
      <attr name="Make" ename="make">
        <domain format="selection_list">
          <value>-- All --</value>
          <value>Acura</value>
          <value>Audi</value>
          <value>Bentley</value>
          <value>BMW</value>
          <value>Buick</value>
          <value>Cadillac</value>
          <value>Chevrolet</value>
          <value>Chrysler</value>
          <value>Dodge</value>
          <value>Ferrari</value>
          <value>Ford</value>
          <value>GMC</value>
          <value>Honda</value>
          <value>Hummer</value>
          <value>Hyundai</value>
          <value>Infiniti</value>
          <value>Isuzu</value>
          <value>Jaguar</value>
          <value>Jeep</value>
          <value>Kia</value>
          <value>Land Rover</value>
          <value>Lexus</value>
          <value>Lincoln</value>
          <value>Maserati</value>
          <value>Mazda</value>
          <value>Mercedes Benz</value>
          <value>Mercury</value>
          <value>MINI</value>
          <value>Mitsubishi</value>
          <value>Nissan</value>
          <value>Oldsmobile</value>
          <value>Pontiac</value>
          <value>Porsche</value>
          <value>Rolls</value>
          <value>Royce</value>
          <value>Saab</value>
          <value>Saturn</value>
          <value>Subaru</value>
          <value>Suzuki</value>
          <value>Toyota</value>
          <value>Volkswagen</value>
          <value>Volvo</value>
        </domain>
      </attr>
    </attrgroup>
    <attrgroup>
      <attr name="Model" ename="model">
        <domain format="selection_list">
          <value>-- All --</value>
          <value>Grand Marquis</value>
          <value>Marauder</value>
          <value>Mountaineer</value>
          <value>Sable</value>
        </domain>
      </attr>
    </attrgroup>
    <attrgroup>
      <attr name="Price Range" level="1" ename="price range">
        <input>
          <operator name="" ename="" />
          <domain format="text_box" />
        </input>
        <input>
          <operator name="to" ename="to" />
          <domain format="text_box" />
        </input>
      </attr>
    </attrgroup>
    <attrgroup>
      <attr name="Mileage" ename="mileage">
        <domain format="selection_list">
          <value>All</value>
          <value>10,0000 miles</value>
          <value>20,000 miles</value>
          <value>30,000 miles</value>
          <value>40,000 miles</value>
          <value>50,000 miles</value>
          <value>60,000 miles</value>
          <value>70,000 miles</value>
          <value>80,000 miles</value>
          <value>90,000 miles</value>
          <value>100,000 miles</value>
        </domain>
      </attr>
    </attrgroup>
    <attrgroup>
      <attr name="Color" ename="color">
        <domain format="text_box" />
      </attr>
    </attrgroup>
    <attrgroup>
      <attr name="Zip Code" ename="zip code">
        <domain format="text_box" />
      </attr>
    </attrgroup>
  </form>
</source>