<source url="http://www.401carfinder.com/" interurl="http://www.401carfinder.ca/ad_search_form.htm">
  <srcname>401 Carfinder</srcname>
  <form>
    <attrgroup>
      <attr name="Region" ename="Region">
        <domain format="selection_list">
          <value>All Regions</value>
          <value>Alberta</value>
          <value>British Columbia</value>
          <value>Manitoba</value>
          <value>New Brunswick</value>
          <value>Newfoundland</value>
          <value>Nova Scotia</value>
          <value>Ontario: Brockville / 1000 Islands</value>
          <value>Ontario: Cornwall</value>
          <value>Ontario: Durham</value>
          <value>Ontario: Guelph</value>
          <value>Ontario: Hamilton</value>
          <value>Ontario: Kawarthas</value>
          <value>Ontario: Kingston</value>
          <value>Ontario: Kitchener-Waterloo</value>
          <value>Ontario: KW</value>
          <value>Ontario: London</value>
          <value>Ontario: Niagara</value>
          <value>Ontario: Northumberland</value>
          <value>Ontario: Other</value>
          <value>Ontario: Ottawa</value>
          <value>Ontario: Quinte</value>
          <value>Ontario: Toronto / GTA</value>
          <value>Ontario: Windsor</value>
          <value>Quebec</value>
          <value>USA</value>
        </domain>
      </attr>
    </attrgroup>
    <attrgroup>
      <attr name="Make" ename="make">
        <domain format="selection_list">
          <value>All Makes</value>
          <value>Acura</value>
          <value>Alfa Romeo</value>
          <value>AMC</value>
          <value>Audi</value>
          <value>BMW</value>
          <value>Buick</value>
          <value>Cadillac</value>
          <value>Chevrolet</value>
          <value>Chrysler</value>
          <value>Dodge</value>
          <value>Eagle</value>
          <value>Ford</value>
          <value>Geo</value>
          <value>GMC</value>
          <value>Harley-Davidson</value>
          <value>Honda</value>
          <value>Hyundai</value>
          <value>Infiniti</value>
          <value>Isuzu</value>
          <value>Jaguar</value>
          <value>Jeep</value>
          <value>Kia</value>
          <value>Lada</value>
          <value>Lexus</value>
          <value>Lincoln</value>
          <value>Mazda</value>
          <value>Mercedes</value>
          <value>Mercury</value>
          <value>MG</value>
          <value>Mitsubishi</value>
          <value>Nissan</value>
          <value>Oldsmobile</value>
          <value>Other Make</value>
          <value>Plymouth</value>
          <value>Pontiac</value>
          <value>Porsche</value>
          <value>Saab</value>
          <value>Saturn</value>
          <value>Subaru</value>
          <value>Suzuki</value>
          <value>Toyota</value>
          <value>Triumph</value>
          <value>Volkswagen</value>
          <value>Volvo</value>
          <value>Yamaha</value>
        </domain>
      </attr>
    </attrgroup>
    <attrgroup>
      <attr name="Model (optional)" ename="model">
        <domain format="text_box" />
      </attr>
    </attrgroup>
    <attrgroup>
      <attr name="Year (optional)" level="1" ename="year">
        <input>
          <operator name="" ename="" />
          <domain format="text_box" />
        </input>
        <input>
          <operator name="to" ename="to" />
          <domain format="text_box" />
        </input>
      </attr>
    </attrgroup>
    <attrgroup>
      <attr name="Max. Price (optional)" ename="max price">
        <domain format="text_box" />
      </attr>
    </attrgroup>
    <attrgroup>
      <attr name="Keyword (optional)" ename="keyword">
        <domain format="text_box" />
      </attr>
    </attrgroup>
  </form>
</source>