<source url="http://www.tourist.com/" interurl="http://www.tourist.com/auto/salesearch.htm">
  <srcname>A Cohen's Auto Search Page</srcname>
  <form>
    <attrgroup>
      <attr name="Year" level="1" ename="year">
        <input>
          <operator name="From" ename="from" />
          <domain format="text_box" />
        </input>
        <input>
          <operator name="To" ename="to" />
          <domain format="text_box" />
        </input>
      </attr>
    </attrgroup>
    <attrgroup>
      <attr name="Make" ename="make">
        <domain format="selection_list">
          <value>Alfa Romeo</value>
          <value>AMC</value>
          <value>Aston Martin</value>
          <value>Audi</value>
          <value>Austin Healey</value>
          <value>Avanti</value>
          <value>Bently</value>
          <value>BMW</value>
          <value>Bricklin</value>
          <value>Buick</value>
          <value>Cadillac</value>
          <value>Chevrolet</value>
          <value>Chrysler</value>
          <value>Citroen</value>
          <value>Comutacar</value>
          <value>Daihatsu</value>
          <value>Datsun</value>
          <value>DeLorean</value>
          <value>Desoto</value>
          <value>Dodge</value>
          <value>Eagle</value>
          <value>Ferrari</value>
          <value>Fiat</value>
          <value>Ford</value>
          <value>Gardner</value>
          <value>Geo</value>
          <value>GMC</value>
          <value>Harley Davidson</value>
          <value>Honda</value>
          <value>Horch</value>
          <value>Hudson</value>
          <value>Hupmobile</value>
          <value>Isuzu</value>
          <value>Jaguar</value>
          <value>Jeep</value>
          <value>Jensen</value>
          <value>Johnson</value>
          <value>Lada</value>
          <value>Lamborghini</value>
          <value>Land Rover</value>
          <value>Lincoln</value>
          <value>Lotus</value>
          <value>Maserati</value>
          <value>Mazda</value>
          <value>Mercedes</value>
          <value>Mercury</value>
          <value>MG</value>
          <value>Mitsubishi</value>
          <value>Morgan</value>
          <value>Nash</value>
          <value>Nissan</value>
          <value>Oldsmobile</value>
          <value>Packard</value>
          <value>Peugeot</value>
          <value>Pantera</value>
          <value>Plymouth</value>
          <value>Pontiac</value>
          <value>Porsche</value>
          <value>Rambler</value>
          <value>Renault</value>
          <value>Rolls Royce</value>
          <value>Rover</value>
          <value>Saab</value>
          <value>Saturn</value>
          <value>Studebaker</value>
          <value>Subaru</value>
          <value>Sunbeam</value>
          <value>Suzuki</value>
          <value>Toyota</value>
          <value>Triumph</value>
          <value>Volkswagen</value>
          <value>Volvo</value>
          <value>Yamaha</value>
          <value>Not Listed</value>
        </domain>
      </attr>
    </attrgroup>
    <attrgroup>
      <attr name="Type" ename="type">
        <domain format="selection_list">
          <value>Any</value>
          <value>Coupe</value>
          <value>Sedan</value>
          <value>Limousine</value>
          <value>Convertible</value>
          <value>Pickup</value>
          <value>Van</value>
          <value>MiniVan</value>
          <value>Sport Utility</value>
          <value>Stationwagon</value>
          <value>Motorcycle</value>
        </domain>
      </attr>
    </attrgroup>
  </form>
</source>