<source url="http://www.alotofcars.com/" interurl="http://www.alotofcars.com/search.asp">
  <srcname>ALotofCars.com</srcname>
  <form>
    <attrgroup>
      <attr name="State/Province:" ename="state/province">
        <domain format="selection_list">
          <value>Any</value>
          <value>ALABAMA</value>
          <value>ALASKA</value>
          <value>ALBERTA</value>
          <value>ARIZONA</value>
          <value>ARKANSAS</value>
          <value>BRITISH COLUMBIA</value>
          <value>CALIFORNIA</value>
          <value>COLORADO</value>
          <value>CONNECTICUT</value>
          <value>DELAWARE</value>
          <value>FLORIDA</value>
          <value>GEORGIA</value>
          <value>HAWAII</value>
          <value>IDAHO</value>
          <value>ILLINOIS</value>
          <value>INDIANA</value>
          <value>IOWA</value>
          <value>KANSAS</value>
          <value>KENTUCKY</value>
          <value>LOUISIANA</value>
          <value>MAINE</value>
          <value>MANITOBA</value>
          <value>MARYLAND</value>
          <value>MASSACHUSETTS</value>
          <value>MICHIGAN</value>
          <value>MINNESOTA</value>
          <value>MISSISSIPPI</value>
          <value>MISSOURI</value>
          <value>MONTANA</value>
          <value>NEBRASKA</value>
          <value>NEVADA</value>
          <value>NEW BRUNSWICK</value>
          <value>NEW HAMPSHIRE</value>
          <value>NEW JERSEY</value>
          <value>NEW MEXICO</value>
          <value>NEW YORK</value>
          <value>NEWFOUNDLAND</value>
          <value>NORTH CAROLINA</value>
          <value>NORTH DAKOTA</value>
          <value>NORTH WEST TERRITORY</value>
          <value>NOVA SCOTIA</value>
          <value>OHIO</value>
          <value>OKLAHOMA</value>
          <value>ONTARIO</value>
          <value>OREGON</value>
          <value>PENNSYLVANIA</value>
          <value>PRINCE EDWARD ISLAND</value>
          <value>PUERTO RICO</value>
          <value>QUEBEC</value>
          <value>RHODE ISLAND</value>
          <value>SASKATCHEWAN</value>
          <value>SOUTH CAROLINA</value>
          <value>SOUTH DAKOTA</value>
          <value>TENNESSEE</value>
          <value>TEXAS</value>
          <value>UTAH</value>
          <value>VERMONT</value>
          <value>VIRGINIA</value>
          <value>WASHINGTON</value>
          <value>WEST VIRGINIA</value>
          <value>WISCONSIN</value>
          <value>WYOMING</value>
          <value>YUKON</value>
        </domain>
      </attr>
    </attrgroup>
    <attrgroup>
      <attr name="Make :" ename="make">
        <domain format="selection_list">
          <value>Any</value>
          <value>ACURA</value>
          <value>ALFA ROMEO</value>
          <value>AMC</value>
          <value>ASTON MARTIN</value>
          <value>AUDI</value>
          <value>AUSTIN</value>
          <value>BENTLEY</value>
          <value>BMW</value>
          <value>BUGATTI</value>
          <value>BUICK</value>
          <value>CADILLAC</value>
          <value>CHEVROLET</value>
          <value>CHRYSLER</value>
          <value>DAIHATSU</value>
          <value>DATSUN</value>
          <value>DODGE</value>
          <value>EAGLE</value>
          <value>FERRARI</value>
          <value>FIAT</value>
          <value>FORD</value>
          <value>GEO</value>
          <value>GMC</value>
          <value>HONDA</value>
          <value>HUMMER</value>
          <value>HYUNDAI</value>
          <value>INFINITI</value>
          <value>INTERMECCANICA</value>
          <value>ISUZU</value>
          <value>JAGUAR</value>
          <value>JEEP</value>
          <value>KIA</value>
          <value>LADA</value>
          <value>LAMBORGHINI</value>
          <value>LAND ROVER</value>
          <value>LEXUS</value>
          <value>LINCOLN</value>
          <value>LOTUS</value>
          <value>MASERATI</value>
          <value>MAZDA</value>
          <value>MERCEDES</value>
          <value>MERCURY</value>
          <value>MERKUR</value>
          <value>MG</value>
          <value>MITSUBISHI</value>
          <value>MOTORHOME</value>
          <value>NISSAN</value>
          <value>NIVA</value>
          <value>OLDSMOBILE</value>
          <value>PLYMOUTH</value>
          <value>PONTIAC</value>
          <value>PORSCHE</value>
          <value>RENAULT</value>
          <value>ROLLS ROYCE</value>
          <value>SAAB</value>
          <value>SATURN</value>
          <value>STERLING</value>
          <value>SUBARU</value>
          <value>SUZUKI</value>
          <value>TOYOTA</value>
          <value>TRIUMPH</value>
          <value>VOLKSWAGEN</value>
          <value>VOLVO</value>
          <value>YUGO</value>
        </domain>
      </attr>
    </attrgroup>
    <attrgroup>
      <attr name="Class:" ename="class">
        <domain format="selection_list">
          <value>Any</value>
          <value>Compact</value>
          <value>Exotic</value>
          <value>Full Size</value>
          <value>Luxury</value>
          <value>Luxury Sports</value>
          <value>Mid Size</value>
          <value>Minivan</value>
          <value>Sub-Compact</value>
          <value>Sports</value>
          <value>Sports Utility Vehicle</value>
          <value>Truck</value>
        </domain>
      </attr>
    </attrgroup>
    <attrgroup>
      <attr name="Model:" ename="model">
        <domain format="text_box" />
      </attr>
    </attrgroup>
    <attrgroup>
      <attr name="Year :" level="1" ename="year">
        <input>
          <operator name="From" ename="from" />
          <domain format="text_box" />
        </input>
        <input>
          <operator name="To" ename="to" />
          <domain format="text_box" />
        </input>
      </attr>
    </attrgroup>
    <attrgroup>
      <attr name="Price Range:" level="1" ename="Price Range">
        <additional>(leave blank for all)</additional>
        <input>
          <operator name="From: $" ename="from" />
          <domain format="text_box" />
        </input>
        <input>
          <operator name="To: $" ename="to" />
          <domain format="text_box" />
        </input>
      </attr>
    </attrgroup>
    <attrgroup>
      <attr name="Options: " ename="options">
        <domain format="check_box">
          <option>Air Conditioning.</option>
          <option>Certified.</option>
          <option>Sunroof.</option>
        </domain>
      </attr>
    </attrgroup>
    <attrgroup>
      <attr name="Body Type:" ename="body type">
        <domain format="radio_button">
          <value>Any.</value>
          <value>2 Door.</value>
          <value>4 Door.</value>
          <value>5 Door.</value>
        </domain>
      </attr>
    </attrgroup>
    <attrgroup>
      <attr name="Transmission Type:" ename="transmission type">
        <domain format="radio_button">
          <value>Any.</value>
          <value>Automatic.</value>
          <value>Standard.</value>
        </domain>
      </attr>
    </attrgroup>
    <attrgroup>
      <attr name="Engine Size" ename="engine size">
        <domain format="selection_list">
          <value>Any</value>
          <value>2 Cylinder</value>
          <value>3 Cylinder</value>
          <value>4 Cylinder</value>
          <value>5 Cylinder</value>
          <value>6 Cylinder</value>
          <value>8 Cylinder</value>
          <value>10 Cylinder</value>
          <value>12 Cylinder</value>
        </domain>
      </attr>
    </attrgroup>
  </form>
</source>