<source url="http://amarillo.autochooser.com/index.asp" interurl="http://amarillo.autochooser.com/sfrmain.asp">
  <srcname>AmarilloAutos.com</srcname>
  <form>
    <attrgroup>
      <attr name="Make/Model" level="1" ename="make|model">
        <additional>Select Up To five makes &amp; models OR one category</additional>
        <domain format="selection_list">
          <value>Acura 3.2 TL</value>
          <value>Acura 3.5</value>
          <value>Acura 3.5 RL</value>
          <value>Acura Legend</value>
          <value>Acura Legend GS</value>
          <value>Acura Mdx 4x4</value>
          <value>Acura Rsx</value>
          <value>Acura Tl</value>
          <value>American Motors Wagoneer</value>
          <value>BMW 325ci</value>
          <value>BMW 325i</value>
          <value>BMW 325XI</value>
          <value>BMW 330I</value>
          <value>BMW 525i</value>
          <value>BMW 528i</value>
          <value>BMW 530I Automatic</value>
          <value>BMW 635 Csi</value>
          <value>BMW 745LI</value>
          <value>BMW C3</value>
          <value>BMW Convertible</value>
          <value>BMW M3</value>
          <value>BMW X5 3.0I</value>
          <value>BMW X5 4.4I</value>
          <value>BMW Z3 2.3</value>
          <value>BMW Z4 3.0I</value>
          <value>Buick Century</value>
          <value>Buick Century Custom</value>
          <value>Buick Century Special</value>
          <value>Buick Electra</value>
          <value>Buick Electra Park Avenue</value>
          <value>Buick Lesabre</value>
          <value>Buick Lesabre Custom</value>
          <value>Buick Lesabre Limited</value>
          <value>Buick Limo</value>
          <value>Buick Park Avenue</value>
          <value>Buick Park Avenue Ultra</value>
          <value>Buick Regal</value>
          <value>Buick Regal Custom</value>
          <value>Buick Regal GS</value>
          <value>Buick Regal LS</value>
          <value>Buick Rendezvous</value>
          <value>Buick Rendezvous CX</value>
          <value>Buick Riviera</value>
          <value>Buick Skylark</value>
          <value>Buick Skylark Custom</value>
          <value>Cadillac Catera</value>
          <value>Cadillac Cts</value>
          <value>Cadillac Delegance</value>
          <value>Cadillac Deville</value>
          <value>Cadillac Deville Concours</value>
          <value>Cadillac Deville Dhs</value>
          <value>Cadillac Deville Dts</value>
          <value>Cadillac El Dorado</value>
          <value>Cadillac Eldorado</value>
          <value>Cadillac Escalade</value>
          <value>Cadillac Escalade Ext</value>
          <value>Cadillac Escalade Luxury</value>
          <value>Cadillac Fleetwood</value>
          <value>Cadillac Runs Good</value>
          <value>Cadillac Seville</value>
          <value>Cadillac Seville SLS</value>
          <value>Cadillac Seville STS</value>
          <value>Cadillac Sls</value>
          <value>Cadillac SLS Only 11K</value>
          <value>Cadillac Sts</value>
          <value>Chevrolet 2 Car Hauler</value>
          <value>Chevrolet 2 Door Hard</value>
          <value>Chevrolet 2 dr</value>
          <value>Chevrolet 3.75 Ton</value>
          <value>Chevrolet 3rd dr</value>
          <value>Chevrolet 4dr.</value>
          <value>Chevrolet Astro Van</value>
          <value>Chevrolet Avalanche</value>
          <value>Chevrolet Avalanche K1500</value>
          <value>Chevrolet Blazer</value>
          <value>Chevrolet C/c</value>
          <value>Chevrolet C/c LT</value>
          <value>Chevrolet C10</value>
          <value>Chevrolet C10 Suburban</value>
          <value>Chevrolet C1500</value>
          <value>Chevrolet C1500 Silverado</value>
          <value>Chevrolet C1500 Suburban</value>
          <value>Chevrolet C1500 Tahoe</value>
          <value>Chevrolet C2500HD Silverado</value>
          <value>Chevrolet C3500</value>
          <value>Chevrolet C3500 Silverado</value>
          <value>Chevrolet Camaro</value>
          <value>Chevrolet Cavalier</value>
          <value>Chevrolet Cavalier LS</value>
          <value>Chevrolet Cavalier Ls Sport</value>
          <value>Chevrolet Conversion Van</value>
          <value>Chevrolet Corsica</value>
          <value>Chevrolet Corsica LT</value>
          <value>Chevrolet Corvette</value>
          <value>Chevrolet Custom Van</value>
          <value>Chevrolet El Camino</value>
          <value>Chevrolet Ex- Cab</value>
          <value>Chevrolet Express Van</value>
          <value>Chevrolet Final Offer</value>
          <value>Chevrolet G20</value>
          <value>Chevrolet Impala</value>
          <value>Chevrolet Impala LS</value>
          <value>Chevrolet K10</value>
          <value>Chevrolet K1500</value>
          <value>Chevrolet K1500 Silverado</value>
          <value>Chevrolet K1500 Suburban</value>
          <value>Chevrolet K1500 Tahoe</value>
          <value>Chevrolet K1500HD Silverado</value>
          <value>Chevrolet K2500 Silverado</value>
          <value>Chevrolet K2500HD Silverado</value>
          <value>Chevrolet K3500 Silverado</value>
          <value>Chevrolet Long Wide</value>
          <value>Chevrolet Long Wide Bed</value>
          <value>Chevrolet Ls</value>
          <value>Chevrolet Lumina</value>
          <value>Chevrolet Malibu</value>
          <value>Chevrolet Malibu LS</value>
          <value>Chevrolet Monte Carlo</value>
          <value>Chevrolet Monte Carlo LS</value>
          <value>Chevrolet Must Sell</value>
          <value>Chevrolet One Ton</value>
          <value>Chevrolet Pick Up</value>
          <value>Chevrolet Prizm</value>
          <value>Chevrolet R/c</value>
          <value>Chevrolet R/cab</value>
          <value>Chevrolet R10 Suburban</value>
          <value>Chevrolet R1500 Suburban</value>
          <value>Chevrolet R2500</value>
          <value>Chevrolet Raised Custom Van</value>
          <value>Chevrolet S10</value>
          <value>Chevrolet Setup For Drag</value>
          <value>Chevrolet Short Narrow Bed</value>
          <value>Chevrolet Silverado</value>
          <value>Chevrolet Suburban</value>
          <value>Chevrolet Tahoe</value>
          <value>Chevrolet Tandem</value>
          <value>Chevrolet Tracker</value>
          <value>Chevrolet Trailblazer</value>
          <value>Chevrolet Trailblazer Ext</value>
          <value>Chevrolet V10 Blazer</value>
          <value>Chevrolet V1500 Suburban</value>
          <value>Chevrolet Venture</value>
          <value>Chevrolet Venture Luxury</value>
          <value>Chevrolet W/t</value>
          <value>Chevrolet Z71</value>
          <value>Chrysler 300M</value>
          <value>Chrysler Concord</value>
          <value>Chrysler Concord LXI</value>
          <value>Chrysler Concorde</value>
          <value>Chrysler Concorde LX</value>
          <value>Chrysler Concorde LXI</value>
          <value>Chrysler Conquest Tsi</value>
          <value>Chrysler Conquest/mitsubishi Starion</value>
          <value>Chrysler Fifth Avenue</value>
          <value>Chrysler Imperial</value>
          <value>Chrysler Laser</value>
          <value>Chrysler Lebaron</value>
          <value>Chrysler Lebaron GTC</value>
          <value>Chrysler LHS</value>
          <value>Chrysler New Paint Needs</value>
          <value>Chrysler New Yorker</value>
          <value>Chrysler New Yorker Landau</value>
          <value>Chrysler New Yorker With</value>
          <value>Chrysler Pacifica</value>
          <value>Chrysler Pt Cruiser</value>
          <value>Chrysler Pt Cruiser Classic</value>
          <value>Chrysler Pt Cruiser GT</value>
          <value>Chrysler Pt Cruiser Limited</value>
          <value>Chrysler Pt Cruiser Touringedition</value>
          <value>Chrysler Sebring</value>
          <value>Chrysler Sebring LX</value>
          <value>Chrysler Sebring LXI</value>
          <value>Chrysler Town &amp; Country</value>
          <value>Chrysler Town &amp; Country EL</value>
          <value>Chrysler Town &amp; Country EX</value>
          <value>Chrysler Town &amp; Country Lmt</value>
          <value>Chrysler Town &amp; Country LX</value>
          <value>Chrysler Town &amp; Country LXI</value>
          <value>Chrysler Voyager</value>
          <value>Chrysler Voyager LX</value>
          <value>Dodge Auto</value>
          <value>Dodge Avenger</value>
          <value>Dodge Caravan</value>
          <value>Dodge Caravan SE</value>
          <value>Dodge Caravan Sport</value>
          <value>Dodge Cargo Van</value>
          <value>Dodge Conversion Van</value>
          <value>Dodge Crew Cab 4x4</value>
          <value>Dodge Custom Van</value>
          <value>Dodge D-250</value>
          <value>Dodge D-350</value>
          <value>Dodge Dakota</value>
          <value>Dodge Dakota Quad Cab Slt</value>
          <value>Dodge Dakota Quadcab</value>
          <value>Dodge Dakota Quadcab Sport</value>
          <value>Dodge Dakota RT</value>
          <value>Dodge Dakota Slt</value>
          <value>Dodge Dakota Sport</value>
          <value>Dodge Dakota Sxt</value>
          <value>Dodge Durango</value>
          <value>Dodge Durango Slt</value>
          <value>Dodge Durango Slt+</value>
          <value>Dodge Durango Sport</value>
          <value>Dodge Dynasty</value>
          <value>Dodge Grand Caravan</value>
          <value>Dodge Grand Caravan EL</value>
          <value>Dodge Grand Caravan ES</value>
          <value>Dodge Grand Caravan EX</value>
          <value>Dodge Grand Caravan SE</value>
          <value>Dodge Grand Caravan Sport</value>
          <value>Dodge Intrepid</value>
          <value>Dodge Intrepid ES</value>
          <value>Dodge Intrepid SE</value>
          <value>Dodge Mini Cargo Van</value>
          <value>Dodge Motor37K Miles</value>
          <value>Dodge Neon</value>
          <value>Dodge Neon Highline</value>
          <value>Dodge Neon SE</value>
          <value>Dodge Pick Up</value>
          <value>Dodge Ram</value>
          <value>Dodge Ram 1500</value>
          <value>Dodge Ram 1500 Quad</value>
          <value>Dodge Ram 2500</value>
          <value>Dodge Ram 3500</value>
          <value>Dodge Ram 3500 Quad</value>
          <value>Dodge Ram Van B1500</value>
          <value>Dodge Ram Van B2500</value>
          <value>Dodge Ram1500 Quad</value>
          <value>Dodge Ram1500 Quad ST</value>
          <value>Dodge Ram1500 ST</value>
          <value>Dodge Ram2500 Quad</value>
          <value>Dodge Ram3500 Quad</value>
          <value>Dodge Shadow</value>
          <value>Dodge Short Bed</value>
          <value>Dodge Status ES</value>
          <value>Dodge Stratus</value>
          <value>Dodge Stratus ES</value>
          <value>Dodge Stratus SE</value>
          <value>Dodge Stratus Se Plus</value>
          <value>Dodge Stratus Sxt</value>
          <value>Dodge X-cab</value>
          <value>Dodge X-cab Sle</value>
          <value>Dodge X-cab Slt</value>
          <value>Eagle Talon ES</value>
          <value>Ford 1 Ton Diesel</value>
          <value>Ford 2dr Sedan</value>
          <value>Ford Aerostar</value>
          <value>Ford Aspire</value>
          <value>Ford Big Block 400</value>
          <value>Ford Bronco</value>
          <value>Ford Bronco II</value>
          <value>Ford Contour</value>
          <value>Ford Contour SE</value>
          <value>Ford Courier</value>
          <value>Ford Crown Victoria</value>
          <value>Ford Crown Victoria LX</value>
          <value>Ford Diesel</value>
          <value>Ford Econoline E150</value>
          <value>Ford Econoline E250</value>
          <value>Ford Engine</value>
          <value>Ford Escape</value>
          <value>Ford Escape Xls</value>
          <value>Ford Escape Xlt</value>
          <value>Ford Escort</value>
          <value>Ford Escort LX</value>
          <value>Ford Escort SE</value>
          <value>Ford Escort ZX2</value>
          <value>Ford Excursion</value>
          <value>Ford Excursion Eddie Bauer</value>
          <value>Ford Excursion Limited</value>
          <value>Ford Excursion Xlt</value>
          <value>Ford Expedition</value>
          <value>Ford Expedition Eddie Bauer</value>
          <value>Ford Expedition Xlt</value>
          <value>Ford Explorer</value>
          <value>Ford Explorer Eddie Bauer</value>
          <value>Ford Explorer Limited</value>
          <value>Ford Explorer Sport</value>
          <value>Ford Explorer Sport Trac</value>
          <value>Ford Explorer Xls</value>
          <value>Ford Explorer Xlt</value>
          <value>Ford F150</value>
          <value>Ford F150 Supercrew</value>
          <value>Ford F250</value>
          <value>Ford F250 Super Duty</value>
          <value>Ford F350</value>
          <value>Ford F350 Super Duty</value>
          <value>Ford F550 Super Duty</value>
          <value>Ford Fairlane</value>
          <value>Ford Fairmont</value>
          <value>Ford Focus</value>
          <value>Ford Focus LX</value>
          <value>Ford Focus SE</value>
          <value>Ford Focus Se Comfort</value>
          <value>Ford Focus Zts</value>
          <value>Ford Focus ZX3</value>
          <value>Ford Focus ZX5</value>
          <value>Ford Lightning</value>
          <value>Ford Long Bed</value>
          <value>Ford Ltd</value>
          <value>Ford Ltd Crown Vic Country Sqr</value>
          <value>Ford Mustang</value>
          <value>Ford Mustang GT</value>
          <value>Ford Mustang Mach I</value>
          <value>Ford P.u</value>
          <value>Ford Pick Up</value>
          <value>Ford Ranger</value>
          <value>Ford Ranger Super</value>
          <value>Ford S/c</value>
          <value>Ford Sairlane</value>
          <value>Ford Sport Trac 23K</value>
          <value>Ford Svt Cobra</value>
          <value>Ford Svt Lightning</value>
          <value>Ford Swb</value>
          <value>Ford T-Bird</value>
          <value>Ford Taurus</value>
          <value>Ford Taurus GL</value>
          <value>Ford Taurus LX</value>
          <value>Ford Taurus SE</value>
          <value>Ford Taurus Se Comfort</value>
          <value>Ford Taurus Ses</value>
          <value>Ford Windstar</value>
          <value>Ford Windstar LX</value>
          <value>Ford Windstar SE</value>
          <value>Ford Windstar Wagon</value>
          <value>Ford Xlt</value>
          <value>Geo Metro LSI</value>
          <value>Geo Prism</value>
          <value>Geo Prizm</value>
          <value>Geo Tracker</value>
          <value>GMC C4500 C4C042</value>
          <value>GMC Denali</value>
          <value>GMC Denali Xl K1500</value>
          <value>GMC Envoy</value>
          <value>GMC Envoy Slt</value>
          <value>GMC Envoy XL</value>
          <value>GMC Jimmy</value>
          <value>GMC K1500 Suburban</value>
          <value>GMC Pick Up</value>
          <value>GMC Safari</value>
          <value>GMC Sahara</value>
          <value>GMC Savanna Conv Van</value>
          <value>GMC Sierra</value>
          <value>GMC Sierra C1500</value>
          <value>GMC Sierra K1500</value>
          <value>GMC SierraC1500 HD</value>
          <value>GMC SierraC2500 HD</value>
          <value>GMC SierraK1500 Denali</value>
          <value>GMC SierraK1500 HD</value>
          <value>GMC SierraK2500 HD</value>
          <value>GMC Sl</value>
          <value>GMC Sonoma</value>
          <value>GMC Sport Side</value>
          <value>GMC Suburban</value>
          <value>GMC Van Has Lift</value>
          <value>GMC Vandura Mark III</value>
          <value>GMC X-cab Sle</value>
          <value>GMC Yukon</value>
          <value>GMC Yukon Denali</value>
          <value>GMC Yukon Denali XL</value>
          <value>GMC Yukon Xl C1500</value>
          <value>GMC Yukon Xl K1500</value>
          <value>GMC Z-71</value>
          <value>Harley-Davidson Motorcycle</value>
          <value>Honda 400EX 4-wheeler</value>
          <value>Honda 700 Interceptor</value>
          <value>Honda Accord</value>
          <value>Honda Accord DX</value>
          <value>Honda Accord EX</value>
          <value>Honda Accord LX</value>
          <value>Honda Accord LXI</value>
          <value>Honda Accord SE</value>
          <value>Honda Civic</value>
          <value>Honda Civic LX</value>
          <value>Honda Cr-v</value>
          <value>Honda Cr-v LX</value>
          <value>Honda CR500</value>
          <value>Honda Crv</value>
          <value>Honda Motorcycle</value>
          <value>Honda Odyssey</value>
          <value>Honda Passport</value>
          <value>Honda Prelude 1800</value>
          <value>Honda Rancher Es 4x4</value>
          <value>Honda Sabre 1100</value>
          <value>Honda Trx250X 4</value>
          <value>Hyundai Accent</value>
          <value>Hyundai Elantra</value>
          <value>Hyundai Santa Fe</value>
          <value>Hyundai Santa Fe 6</value>
          <value>Hyundai Santa Fe GLS</value>
          <value>Hyundai Sonata Perfect Cond</value>
          <value>Hyundai Tiburon</value>
          <value>Hyundai Triburon</value>
          <value>Infiniti G20</value>
          <value>Infiniti J30</value>
          <value>Infiniti QX4</value>
          <value>Isuzu Amigo</value>
          <value>Isuzu Ascender</value>
          <value>Isuzu Axiom</value>
          <value>Isuzu Reg Cab Short Bed</value>
          <value>Isuzu Rodeo</value>
          <value>Isuzu Rodeo S</value>
          <value>Isuzu Trooper</value>
          <value>Isuzu Trooper S</value>
          <value>Jaguar X Type</value>
          <value>Jaguar XJ6</value>
          <value>Jaguar Xjs</value>
          <value>Jeep 4wd</value>
          <value>Jeep Cherokee</value>
          <value>Jeep Cherokee Sport</value>
          <value>Jeep CJ5</value>
          <value>Jeep CJ7</value>
          <value>Jeep Grand Cherokee</value>
          <value>Jeep Grand Cherokee Laredo</value>
          <value>Jeep Grand Cherokee Limited</value>
          <value>Jeep Grand Cherokee Lmtd 5.9L</value>
          <value>Jeep Grand Cherokee Overland</value>
          <value>Jeep Grand Wagoneer</value>
          <value>Jeep Liberty</value>
          <value>Jeep Liberty Limited</value>
          <value>Jeep Liberty Renegade</value>
          <value>Jeep Liberty Sport</value>
          <value>Jeep Liberty4x4 Ltd</value>
          <value>Jeep Sahara</value>
          <value>Jeep Sport</value>
          <value>Jeep Suzuki Sam- Urai</value>
          <value>Jeep Wagoneer</value>
          <value>Jeep Wrangler</value>
          <value>Jeep Wrangler Rubicon</value>
          <value>KIA Rio</value>
          <value>KIA Sedona</value>
          <value>KIA Sportage</value>
          <value>Land Rover Cruiser FJ40</value>
          <value>Land Rover Discovery</value>
          <value>Land Rover DiscoveryII SD</value>
          <value>Land Rover DiscoveryII SE</value>
          <value>Land Rover Frelander S</value>
          <value>Land Rover Frelander SE</value>
          <value>Land Rover Range Rover Hse</value>
          <value>Land Rover SeriesII Only</value>
          <value>Lexus ES 300</value>
          <value>Lexus ES300</value>
          <value>Lexus GS300</value>
          <value>Lexus LS 400</value>
          <value>Lexus LS400</value>
          <value>Lexus Rx 300</value>
          <value>Lexus RX300</value>
          <value>Lexus SC300</value>
          <value>Lincoln Aviator</value>
          <value>Lincoln Cartier</value>
          <value>Lincoln Continental</value>
          <value>Lincoln Ls</value>
          <value>Lincoln Mark IV</value>
          <value>Lincoln Mark VIII</value>
          <value>Lincoln MarkVIII Lsc</value>
          <value>Lincoln Navigator</value>
          <value>Lincoln Town Car</value>
          <value>Lincoln Town Car Cartier</value>
          <value>Lincoln Town Car Cartier L</value>
          <value>Lincoln Town Car Executive</value>
          <value>Lincoln Town Car Signature</value>
          <value>Mazda 626</value>
          <value>Mazda A6 I</value>
          <value>Mazda B2300 Regular Cab</value>
          <value>Mazda B3000 Cab Plus</value>
          <value>Mazda B4000 Cab Plus</value>
          <value>Mazda Miata</value>
          <value>Mazda Millenia</value>
          <value>Mazda Mpv Wagon</value>
          <value>Mazda Protege</value>
          <value>Mazda Protege ES</value>
          <value>Mazda Protege PR5</value>
          <value>Mazda Tribute ES</value>
          <value>Mazda Tribute Green Tan</value>
          <value>Mazda Tribute LX</value>
          <value>Mercedes 560SEL1 Owner</value>
          <value>Mercedes BenzC230 Sport</value>
          <value>Mercedes C230</value>
          <value>Mercedes E320</value>
          <value>Mercedes ML320</value>
          <value>Mercedes Roadster Kit Car</value>
          <value>Mercury Cougar</value>
          <value>Mercury Cougar LS</value>
          <value>Mercury Cougar V6</value>
          <value>Mercury Cougar XR7</value>
          <value>Mercury Grand Marquis</value>
          <value>Mercury Grand Marquis GS</value>
          <value>Mercury Grand Marquis LS</value>
          <value>Mercury Marauder</value>
          <value>Mercury Marquis</value>
          <value>Mercury Montero</value>
          <value>Mercury Mountaineer</value>
          <value>Mercury Mystique</value>
          <value>Mercury Sable</value>
          <value>Mercury Sable GS</value>
          <value>Mercury Sable Ls Premium</value>
          <value>Mercury Topaz GS</value>
          <value>Mercury Tracer</value>
          <value>Mercury Villager</value>
          <value>Mercury Villager Estate</value>
          <value>Mercury Villager Sport</value>
          <value>Mitsubishi 3000 Gt SL</value>
          <value>Mitsubishi Diamante</value>
          <value>Mitsubishi Diamante LS</value>
          <value>Mitsubishi Diamante Vr-x</value>
          <value>Mitsubishi Eclipse</value>
          <value>Mitsubishi Eclipse GS</value>
          <value>Mitsubishi Eclipse GT</value>
          <value>Mitsubishi Eclipse Gt Premium</value>
          <value>Mitsubishi Eclipse Gts</value>
          <value>Mitsubishi Eclipse RS</value>
          <value>Mitsubishi Eclipse Spyder GS</value>
          <value>Mitsubishi Eclipse Spyder GT</value>
          <value>Mitsubishi Eclipse Spyder Gts</value>
          <value>Mitsubishi Endeavor</value>
          <value>Mitsubishi Galant</value>
          <value>Mitsubishi Galant DE</value>
          <value>Mitsubishi Galant S</value>
          <value>Mitsubishi Lancer</value>
          <value>Mitsubishi Lancer ES</value>
          <value>Mitsubishi Lancer LE</value>
          <value>Mitsubishi Lancer Oz Rally</value>
          <value>Mitsubishi Mighty Max</value>
          <value>Mitsubishi Mirage</value>
          <value>Mitsubishi Mirage DE</value>
          <value>Mitsubishi Montero</value>
          <value>Mitsubishi Montero Limited</value>
          <value>Mitsubishi Montero LS</value>
          <value>Mitsubishi Montero Sport</value>
          <value>Mitsubishi Montero Sport Limited</value>
          <value>Mitsubishi Montero Sport LS</value>
          <value>Mitsubishi Montero Sport Xls</value>
          <value>Mitsubishi Montero Xls</value>
          <value>Mitsubishi Outlander LS</value>
          <value>Mitsubishi Outlander Xls</value>
          <value>Nissan 240SX</value>
          <value>Nissan 350Z</value>
          <value>Nissan 720 Short Bed</value>
          <value>Nissan Altima</value>
          <value>Nissan Crew Cab V6</value>
          <value>Nissan Ext</value>
          <value>Nissan Flat Bed Rickup</value>
          <value>Nissan Frontier</value>
          <value>Nissan Frontier King Cab</value>
          <value>Nissan Kc</value>
          <value>Nissan Maxima</value>
          <value>Nissan Pathfinder</value>
          <value>Nissan Pickup</value>
          <value>Nissan Quest</value>
          <value>Nissan Sentra</value>
          <value>Nissan Standard</value>
          <value>Nissan Stanza</value>
          <value>Nissan Xterra</value>
          <value>Oldsmobile 4dr</value>
          <value>Oldsmobile 88</value>
          <value>Oldsmobile 88 50TH Anniversary</value>
          <value>Oldsmobile 98</value>
          <value>Oldsmobile Achieva SL</value>
          <value>Oldsmobile Achieva Sports Coupe</value>
          <value>Oldsmobile Alero</value>
          <value>Oldsmobile Alero GL</value>
          <value>Oldsmobile Aurora</value>
          <value>Oldsmobile Bravada</value>
          <value>Oldsmobile Cutlass</value>
          <value>Oldsmobile Cutlass GL</value>
          <value>Oldsmobile Cutlass GLS</value>
          <value>Oldsmobile Intrigue</value>
          <value>Oldsmobile Intrigue GL</value>
          <value>Oldsmobile Intrigue GX</value>
          <value>Oldsmobile Regency</value>
          <value>Oldsmobile Silhouette</value>
          <value>Oldsmobile Silhouette Luxury</value>
          <value>Oldsmobile Toronado Brougham</value>
          <value>Plymouth Breeze</value>
          <value>Plymouth Grand Voyager</value>
          <value>Plymouth Grand Voyager SE</value>
          <value>Plymouth Neon</value>
          <value>Plymouth Neon Highline</value>
          <value>Plymouth Reliant LE</value>
          <value>Plymouth Voyager</value>
          <value>Pontiac 6000</value>
          <value>Pontiac Aztek</value>
          <value>Pontiac Bonneville</value>
          <value>Pontiac Bonneville SE</value>
          <value>Pontiac Bonneville Sle</value>
          <value>Pontiac Bonneville SSEI</value>
          <value>Pontiac Firebird</value>
          <value>Pontiac Firebird Trans AM</value>
          <value>Pontiac Fireird</value>
          <value>Pontiac Grand Am</value>
          <value>Pontiac Grand Am GT</value>
          <value>Pontiac Grand Am GT1</value>
          <value>Pontiac Grand Am SE</value>
          <value>Pontiac Grand Am SE1</value>
          <value>Pontiac Grand Am SE2</value>
          <value>Pontiac Grand Prix</value>
          <value>Pontiac Grand Prix GT</value>
          <value>Pontiac Grand Prix SE</value>
          <value>Pontiac Luxury Lemans 41k</value>
          <value>Pontiac Montana</value>
          <value>Pontiac Montana Luxury</value>
          <value>Pontiac Sunfire</value>
          <value>Pontiac Sunfire SE</value>
          <value>Pontiac Trans Am</value>
          <value>Pontiac Trans Sport</value>
          <value>Pontiac Vibe</value>
          <value>Pontiac Vibe Awd</value>
          <value>Pontiac Vibe GT</value>
          <value>Porsche 356 Speedster C</value>
          <value>Porsche Boxster</value>
          <value>Porsche Boxter Convertible</value>
          <value>Saab 900-S Auto</value>
          <value>Saturn 3 Door Coupe</value>
          <value>Saturn Auto</value>
          <value>Saturn L100</value>
          <value>Saturn L200</value>
          <value>Saturn L300</value>
          <value>Saturn L300 Series</value>
          <value>Saturn Ls</value>
          <value>Saturn LS1</value>
          <value>Saturn LS2</value>
          <value>Saturn LW200</value>
          <value>Saturn LW300</value>
          <value>Saturn SC1</value>
          <value>Saturn SC2</value>
          <value>Saturn Sci</value>
          <value>Saturn Sl</value>
          <value>Saturn Sl Spring Special</value>
          <value>Saturn SL1</value>
          <value>Saturn SL2</value>
          <value>Saturn Vue</value>
          <value>Subaru Baja</value>
          <value>Subaru Forester 2.5X</value>
          <value>Subaru Leg Outbk H6</value>
          <value>Subaru Legacy</value>
          <value>Subaru Legacy Outback Awp</value>
          <value>Subaru Legacy Outbk Ll Bean</value>
          <value>Subaru Legacy Sudan</value>
          <value>Subaru Outback</value>
          <value>Subaru Outback Ltd.</value>
          <value>Suzuki 650</value>
          <value>Suzuki Drz400 Dual</value>
          <value>Suzuki DRZ400E Exc Cond</value>
          <value>Suzuki Esteem</value>
          <value>Suzuki Grand Vitara</value>
          <value>Suzuki Motorcycle</value>
          <value>Suzuki XL7</value>
          <value>Toyota 4Runner</value>
          <value>Toyota 4RUNNER Ltd</value>
          <value>Toyota 4RUNNER SR5</value>
          <value>Toyota Altima</value>
          <value>Toyota Avalon</value>
          <value>Toyota Camry</value>
          <value>Toyota Camry LE</value>
          <value>Toyota Camry Solara</value>
          <value>Toyota Camry Solara SE</value>
          <value>Toyota Camry XLE</value>
          <value>Toyota Celica</value>
          <value>Toyota Celica GT</value>
          <value>Toyota Corolla</value>
          <value>Toyota Echo</value>
          <value>Toyota Highlander</value>
          <value>Toyota Landcruiser</value>
          <value>Toyota Landcruiser Wagon</value>
          <value>Toyota Long Bed</value>
          <value>Toyota RAV4</value>
          <value>Toyota Sequoia Limited</value>
          <value>Toyota Sequoia SR5</value>
          <value>Toyota Sienna</value>
          <value>Toyota Solara Sle</value>
          <value>Toyota Standard Bed</value>
          <value>Toyota T100 Xtracab SR5</value>
          <value>Toyota Tacoma</value>
          <value>Toyota Tacoma Xtracab</value>
          <value>Toyota Tacoma Xtracab Prerunner</value>
          <value>Toyota Tercel Deluxe</value>
          <value>Toyota Tundra</value>
          <value>Toyota Tundra SR5</value>
          <value>Volvo 240</value>
          <value>Volvo 540 Lthr Roof</value>
          <value>Volvo 850</value>
          <value>Volvo S-40</value>
          <value>Volvo S80T6</value>
          <value>VW Beatle Tdi</value>
          <value>VW Beetle</value>
          <value>VW Beetle GLS Tdi</value>
          <value>VW Cabrio GLS</value>
          <value>VW Convt</value>
          <value>VW Jetta</value>
          <value>YAMAHA Motorcycle</value>
        </domain>
      </attr>
    </attrgroup>
    <attrgroup>
      <attr name="-OR- Select one of these categories:" ename="categories">
        <domain format="selection_list">
          <value>* No Preference *</value>
          <value>Autos For sale</value>
        </domain>
      </attr>
    </attrgroup>
    <attrgroup>
      <attr name="Price" ename="price">
        <domain format="selection_list">
          <value>* No Preference *</value>
          <value>$500 or Less</value>
          <value>$1000 or Less</value>
          <value>$2000 or Less</value>
          <value>$3000 or Less</value>
          <value>$4000 or Less</value>
          <value>$5000 or Less</value>
          <value>$10,000 or Less</value>
          <value>$15,000 or Less</value>
          <value>$20,000 or Less</value>
          <value>$25,000 or Less</value>
          <value>$30,000 or Less</value>
          <value>$35,000 or Less</value>
          <value>$40,000 or Less</value>
          <value>$45,000 or Less</value>
          <value>$50,000 or Less</value>
          <value>$55,000 or Less</value>
          <value>$60,000 or Less</value>
          <value>$70,000 or Less</value>
          <value>$80,000 or Less</value>
          <value>$90,000 or Less</value>
        </domain>
      </attr>
    </attrgroup>
    <attrgroup>
      <attr name="4-Digit Year Range" level="1" ename="year range">
        <input>
          <operator name="" ename="" />
          <domain format="text_box" />
        </input>
        <input>
          <operator name="to" ename="to" />
          <domain format="text_box" />
	`	</input>
      </attr>
    </attrgroup>
    <attrgroup>
      <attr name="Mileage" ename="mileage">
        <domain format="selection_list">
          <value>* No Preference *</value>
          <value>200,000 or Less</value>
          <value>150,000 or Less</value>
          <value>100,000 or Less</value>
          <value>50,000 or Less</value>
          <value>30,000 or Less</value>
          <value>20,000 or Less</value>
          <value>10,000 or Less</value>
          <value>5,000 or Less</value>
        </domain>
      </attr>
    </attrgroup>
    <attrgroup>
      <attr name="Body Style" ename="body style">
        <domain format="selection_list">
          <value>* No Preference *</value>
          <value>Extended Sport Van</value>
          <value>Extended Cargo Van</value>
          <value>Convertible</value>
          <value>Utility</value>
          <value>Cargo Van</value>
          <value>Pickup</value>
          <value>Coupe</value>
          <value>Station Wagon</value>
          <value>Crew Pickup</value>
          <value>Sport Van</value>
          <value>Chassis and Cab</value>
        </domain>
      </attr>
    </attrgroup>
    <attrgroup>
      <attr name="Cylinders" ename="cylinders">
        <domain format="selection_list">
          <value>* No Preference *</value>
          <value>1</value>
          <value>2</value>
          <value>4</value>
          <value>6</value>
          <value>8</value>
          <value>10</value>
          <value>12</value>
        </domain>
      </attr>
    </attrgroup>
    <attrgroup>
      <attr name="Fuel Type" ename="fuel type">
        <domain format="selection_list">
          <value>* No Preference *</value>
          <value>Diesel</value>
          <value>Gas</value>
          <value>Electronic</value>
          <value>Flexible Fuel</value>
          <value>Comp. Nat. Gas</value>
          <value>Propane</value>
        </domain>
      </attr>
    </attrgroup>
    <attrgroup>
      <attr name="Option" level="1" ename="option">
        <input>
          <operator format="radio_button" name="Air Bag(s)" ename="air bags">
            <value>Must</value>
            <value>Wish</value>
            <value>Not</value>
          </operator>
        </input>
        <input>
          <operator format="radio_button" name="Antilock Brakes" ename="antilock brakes">
            <value>Must</value>
            <value>Wish</value>
            <value>Not</value>
          </operator>
        </input>
        <input>
          <operator format="radio_button" name="Power Brakes" ename="power brakes">
            <value>Must</value>
            <value>Wish</value>
            <value>Not</value>
          </operator>
        </input>
        <input>
          <operator format="radio_button" name="Air Conditioning" ename="air conditioning">
            <value>Must</value>
            <value>Wish</value>
            <value>Not</value>
          </operator>
        </input>
        <input>
          <operator format="radio_button" name="CD Player" ename="CD player">
            <value>Must</value>
            <value>Wish</value>
            <value>Not</value>
          </operator>
        </input>
        <input>
          <operator format="radio_button" name="Cassette" ename="cassette">
            <value>Must</value>
            <value>Wish</value>
            <value>Not</value>
          </operator>
        </input>
        <input>
          <operator format="radio_button" name="Cellular Phone" ename="cellular phone">
            <value>Must</value>
            <value>Wish</value>
            <value>Not</value>
          </operator>
        </input>
        <input>
          <operator format="radio_button" name="Cruise Control" ename="cruise control">
            <value>Must</value>
            <value>Wish</value>
            <value>Not</value>
          </operator>
        </input>
        <input>
          <operator format="radio_button" name="Electronic Seats" ename="electronic seats">
            <value>Must</value>
            <value>Wish</value>
            <value>Not</value>
          </operator>
        </input>
        <input>
          <operator format="radio_button" name="Leather Seats" ename="leather seats">
            <value>Must</value>
            <value>Wish</value>
            <value>Not</value>
          </operator>
        </input>
        <input>
          <operator format="radio_button" name="Power Locks" ename="power locks">
            <value>Must</value>
            <value>Wish</value>
            <value>Not</value>
          </operator>
        </input>
        <input>
          <operator format="radio_button" name="Power Steering" ename="power steering">
            <value>Must</value>
            <value>Wish</value>
            <value>Not</value>
          </operator>
        </input>
        <input>
          <operator format="radio_button" name="Power Windows" ename="power windows">
            <value>Must</value>
            <value>Wish</value>
            <value>Not</value>
          </operator>
        </input>
        <input>
          <operator format="radio_button" name="Special Roof" ename="special roof">
            <value>Must</value>
            <value>Wish</value>
            <value>Not</value>
          </operator>
        </input>
      </attr>
    </attrgroup>
  </form>
</source>