<source url="http://www.akguam.com/" interurl="http://www.akguam.com/">
  <srcname>Atkins Kroll, Inc of Guam</srcname>
  <form>
    <attrgroup>
      <attr name="" ename="">
        <domain format="selection_list">
          <value>All Makes BMW (1)</value>
          <value>Cadillac (2)</value>
          <value>Chevrolet (1)</value>
          <value>Chrysler (3)</value>
          <value>Ford (2)</value>
          <value>Honda (2)</value>
          <value>Jeep (1)</value>
          <value>Lexus (1)</value>
          <value>Mercedes-Benz (2)</value>
          <value>Nissan (2)</value>
          <value>Pontiac (1)</value>
          <value>Toyota (7)</value>
        </domain>
      </attr>
    </attrgroup>
    <attrgroup>
      <attr name="" ename="">
        <domain format="selection_list">
          <value>All Models 300 (1)</value>
          <value>5 Series (1)</value>
          <value>Accord (1)</value>
          <value>Avalon (1)</value>
          <value>Camry (2)</value>
          <value>Cirrus (1)</value>
          <value>DeVille (2)</value>
          <value>E-Class (1)</value>
          <value>Explorer (1)</value>
          <value>Grand Am (1)</value>
          <value>Grand Cherokee (1)</value>
          <value>Highlander (1)</value>
          <value>LX 470 (1)</value>
          <value>Land Cruiser (1)</value>
          <value>PT Cruiser (1)</value>
          <value>Prelude (1)</value>
          <value>Probe (1)</value>
          <value>RAV4 (1)</value>
          <value>Sentra (1)</value>
          <value>Sequoia (1)</value>
          <value>Town &amp; Country (1)</value>
          <value>Tracker (1)</value>
          <value>Xterra (1)</value>
        </domain>
      </attr>
    </attrgroup>
    <attrgroup>
      <attr name="" ename="">
        <domain format="selection_list">
          <value>All Body Styles Coupe (1)</value>
          <value>Hatchback (1)</value>
          <value>Mini-van (1)</value>
          <value>SUV (9)</value>
          <value>Sedan (11)</value>
          <value>Wagon (2)</value>
        </domain>
      </attr>
    </attrgroup>
  </form>
</source>