<source url="http://www.autonation.com/" interurl="http://www.autonation.com/Corporate/NewInventory.asp?SearchTab=2">
  <srcname>AutoNation</srcname>
  <form>
    <attrgroup>
      <attr name="Body Style:" ename="body style">
        <domain format="selection_list">
          <value>Coupe</value>
          <value>Hatchback</value>
          <value>Sedan</value>
          <value>Sport</value>
          <value>Utility</value>
          <value>Truck</value>
          <value>Wagon</value>
          <value>Van/Minivan</value>
        </domain>
      </attr>
    </attrgroup>
    <attrgroup>
      <attr name="" ename="">
        <input>
          <operator name="Zip Code:" ename="zip code" />
          <domain format="text_box" />
        </input>
        <input>
          <operator name="Radius:" ename="radius" />
          <additional>miles</additional>
          <domain format="selection_list">
            <value>5</value>
            <value>10</value>
            <value>15</value>
            <value>20</value>
            <value>25</value>
            <value>30</value>
            <value>35</value>
            <value>40</value>
            <value>45</value>
            <value>50</value>
            <value>55</value>
            <value>60</value>
            <value>65</value>
            <value>70</value>
            <value>75</value>
            <value>80</value>
            <value>85</value>
            <value>90</value>
            <value>95</value>
            <value>100</value>
          </domain>
        </input>
      </attr>
    </attrgroup>
    <attrgroup>
      <attr name="Region:" ename="region">
        <domain format="selection_list">
          <value>All Locations</value>
          <value>ABILENE-SWEETWATER</value>
          <value>ADA-ARDMORE</value>
          <value>ALBANY, GA</value>
          <value>ALBANY-SCHENECTADY-TROY</value>
          <value>ALBUQUERQUE-SANTA FE</value>
          <value>ALEXANDRIA, LA</value>
          <value>ALPENA</value>
          <value>AMARILLO</value>
          <value>ANCHORAGE</value>
          <value>ANNISTON</value>
          <value>ATLANTA</value>
          <value>AUGUSTA</value>
          <value>AUSTIN</value>
          <value>BAKERSFIELD</value>
          <value>BALTIMORE</value>
          <value>BANGOR</value>
          <value>BATON ROUGE</value>
          <value>BEAUMONT-PORT ARTHUR</value>
          <value>BEND, OR</value>
          <value>BILLINGS</value>
          <value>BILOXI-GULFPORT</value>
          <value>BINGHAMTON</value>
          <value>BIRMINGHAM</value>
          <value>BLUEFIELD-BECKLEY-OAK HILL</value>
          <value>BOISE</value>
          <value>BOSTON</value>
          <value>BOWLING GREEN</value>
          <value>BUFFALO</value>
          <value>BURLINGTON-PLATTSBURGH</value>
          <value>BUTTE</value>
          <value>CASPER-RIVERTON</value>
          <value>CEDAR RAPIDS-WATERLOO&amp;DUBQ</value>
          <value>CHAMPAIGN&amp;SPRNGFLD-DECATUR</value>
          <value>CHARLESTON, SC</value>
          <value>CHARLESTON-HUNTINGTON</value>
          <value>CHARLOTTE</value>
          <value>CHARLOTTESVILLE</value>
          <value>CHATTANOOGA</value>
          <value>CHEYENNE-SCOTTSBLUF-STRLNG</value>
          <value>CHICAGO</value>
          <value>CHICO-REDDING</value>
          <value>CINCINNATI</value>
          <value>CLARKSBURG-WESTON</value>
          <value>CLEVELAND</value>
          <value>COLORADO SPRINGS-PUEBLO</value>
          <value>COLUMBIA, SC</value>
          <value>COLUMBIA-JEFFERSON CITY</value>
          <value>COLUMBUS, GA</value>
          <value>COLUMBUS, OH</value>
          <value>COLUMBUS-TUPELO-WEST POINT</value>
          <value>CORPUS CHRISTI</value>
          <value>DALLAS-FT. WORTH</value>
          <value>DAVENPORT-R.ISLAND-MOLINE</value>
          <value>DAYTON</value>
          <value>DENVER</value>
          <value>DES MOINES-AMES</value>
          <value>DETROIT</value>
          <value>DOTHAN</value>
          <value>DULUTH-SUPERIOR</value>
          <value>EL PASO</value>
          <value>ELMIRA</value>
          <value>ERIE</value>
          <value>EUGENE</value>
          <value>EUREKA</value>
          <value>EVANSVILLE</value>
          <value>FAIRBANKS</value>
          <value>FARGO-VALLEY CITY</value>
          <value>FLINT-SAGINAW-BAY CITY</value>
          <value>FLORENCE-MYRTLE BEACH</value>
          <value>FORT WAYNE</value>
          <value>FRESNO-VISALIA</value>
          <value>FT. MYERS-NAPLES</value>
          <value>FT. SMITH</value>
          <value>GAINESVILLE</value>
          <value>GLENDIVE</value>
          <value>GRAND JUNCTION-MONTROSE</value>
          <value>GRAND RAPIDS-KALMZOO-B.CRK</value>
          <value>GREAT FALLS</value>
          <value>GREEN BAY-APPLETON</value>
          <value>GREENSBORO-H.POINT-W.SALEM</value>
          <value>GREENVILLE-N.BERN-WASHNGTN</value>
          <value>GREENVILLE-SPART-ASHEVILLE</value>
          <value>GREENWOOD-GREENVILLE</value>
          <value>HARLINGEN-WESLACO-BRNSVLLE</value>
          <value>HARRISBURG-LNCSTR-LEB-YORK</value>
          <value>HARRISONBURG</value>
          <value>HARTFORD &amp; NEW HAVEN</value>
          <value>HATTIESBURG-LAUREL</value>
          <value>HELENA</value>
          <value>HONOLULU</value>
          <value>HOUSTON</value>
          <value>HUNTSVILLE-DECATUR,FLOR</value>
          <value>IDAHO FALLS-POCATELLO</value>
          <value>INDIAN</value>
        </domain>
      </attr>
    </attrgroup>
  </form>
</source>