<source url="http://xtra.autopoint.co.nz/" interurl="http://xtra.autopoint.co.nz/marketplace/UsedCarHome.asp">
  <srcname>AutoPoint Used Car Marketplace</srcname>
  <form>
    <attrgroup>
      <attr name="Make" ename="make">
        <domain format="selection_list">
          <value>Any make</value>
          <value>ALFA ROMEO</value>
          <value>ASTON MARTIN</value>
          <value>AUDI</value>
          <value>AUSTIN</value>
          <value>BEDFORD</value>
          <value>BENTLEY</value>
          <value>BMW</value>
          <value>BMW APPROVED</value>
          <value>BRIARRI</value>
          <value>BUICK</value>
          <value>CADILLAC</value>
          <value>CATERHAM</value>
          <value>CHEVROLET</value>
          <value>CHRYSLER</value>
          <value>CITROEN</value>
          <value>DAEWOO</value>
          <value>DAF</value>
          <value>DAIHATSU</value>
          <value>DAIMLER</value>
          <value>DODGE</value>
          <value>DUCATI</value>
          <value>EUNOS</value>
          <value>FERRARI</value>
          <value>FIAT</value>
          <value>FORD</value>
          <value>FRASER</value>
          <value>GMC</value>
          <value>GOLDSTREAM</value>
          <value>HINO</value>
          <value>HOLDEN</value>
          <value>HONDA</value>
          <value>HSV</value>
          <value>HYUNDAI</value>
          <value>ISUZU</value>
          <value>JAGUAR</value>
          <value>JBA</value>
          <value>JEEP</value>
          <value>KIA</value>
          <value>LAND ROVER</value>
          <value>LEXUS</value>
          <value>LOTUS</value>
          <value>MASERATI</value>
          <value>MAZDA</value>
          <value>MERCEDES-BENZ</value>
          <value>MG</value>
          <value>MINI</value>
          <value>MITSUBISHI</value>
          <value>MORRIS</value>
          <value>NISSAN</value>
          <value>OPEL</value>
          <value>PEUGEOT</value>
          <value>PONTIAC</value>
          <value>PORSCHE</value>
          <value>PRINCE/PMC</value>
          <value>PROTON</value>
          <value>RAMBLER</value>
          <value>RANGE ROVER</value>
          <value>RENAULT</value>
          <value>ROLLS-ROYCE</value>
          <value>ROVER</value>
          <value>SAAB</value>
          <value>SATURN</value>
          <value>SEAT</value>
          <value>SSANGYONG</value>
          <value>SUBARU</value>
          <value>SUZUKI</value>
          <value>TOYOTA</value>
          <value>TRIUMPH</value>
          <value>VOLKSWAGEN</value>
          <value>VOLVO</value>
          <value>WSAL</value>
        </domain>
      </attr>
    </attrgroup>
    <attrgroup>
      <attr name="Model" ename="model">
        <domain format="selection_list">
          <value>Any model</value>
        </domain>
      </attr>
    </attrgroup>
    <attrgroup>
      <attr name="Price Range (between)" level="1" ename="price range">
        <input>
          <operator name="" ename="" />
          <domain format="selection_list">
            <value>Any</value>
            <value>$0</value>
            <value>$5,000</value>
            <value>$10,000</value>
            <value>$20,000</value>
            <value>$30,000</value>
            <value>$40,000</value>
            <value>$50,000</value>
            <value>$60,000</value>
            <value>$70,000</value>
            <value>$80,000</value>
            <value>$90,000</value>
            <value>$100,000</value>
            <value>$110,000</value>
            <value>$120,000</value>
            <value>$130,000</value>
            <value>$140,000</value>
            <value>$150,000</value>
            <value>$160,000</value>
            <value>$170,000</value>
            <value>$180,000</value>
            <value>$190,000</value>
            <value>$200,000</value>
            <value>$200,000+</value>
          </domain>
        </input>
        <input>
          <operator name="to" ename="to" />
          <domain format="selection_list">
            <value>Any</value>
            <value>$0</value>
            <value>$5,000</value>
            <value>$10,000</value>
            <value>$20,000</value>
            <value>$30,000</value>
            <value>$40,000</value>
            <value>$50,000</value>
            <value>$60,000</value>
            <value>$70,000</value>
            <value>$80,000</value>
            <value>$90,000</value>
            <value>$100,000</value>
            <value>$110,000</value>
            <value>$120,000</value>
            <value>$130,000</value>
            <value>$140,000</value>
            <value>$150,000</value>
            <value>$160,000</value>
            <value>$170,000</value>
            <value>$180,000</value>
            <value>$190,000</value>
            <value>$200,000</value>
            <value>$200,000+</value>
          </domain>
        </input>
      </attr>
    </attrgroup>
    <attrgroup>
      <attr name="Region" ename="region">
        <domain format="selection_list">
          <value>All States</value>
          <value>AKL</value>
          <value>CENT</value>
          <value>CTL</value>
          <value>NZ</value>
          <value>STH</value>
          <value>WBOP</value>
          <value>WTN</value>
        </domain>
      </attr>
    </attrgroup>
  </form>
  <form>
    <attrgroup>
      <attr name="Category" ename="category">
        <domain format="selection_list">
          <value>Any category</value>
          <value>Small Passenger</value>
          <value>Medium Passenger</value>
          <value>Large Passenger</value>
          <value>Small 4x4</value>
          <value>Medium 4x4</value>
          <value>Large 4x4</value>
          <value>Sports</value>
          <value>Classic &amp; Rare</value>
          <value>MPV &amp; Campervan</value>
          <value>Commercial</value>
          <value>Prestige &amp; Luxury</value>
        </domain>
      </attr>
    </attrgroup>
    <attrgroup>
      <attr name="Price Range (between)" level="1" ename="price range">
        <input>
          <operator name="" ename="" />
          <domain format="selection_list">
            <value>Any</value>
            <value>$0</value>
            <value>$5,000</value>
            <value>$10,000</value>
            <value>$20,000</value>
            <value>$30,000</value>
            <value>$40,000</value>
            <value>$50,000</value>
            <value>$60,000</value>
            <value>$70,000</value>
            <value>$80,000</value>
            <value>$90,000</value>
            <value>$100,000</value>
            <value>$110,000</value>
            <value>$120,000</value>
            <value>$130,000</value>
            <value>$140,000</value>
            <value>$150,000</value>
            <value>$160,000</value>
            <value>$170,000</value>
            <value>$180,000</value>
            <value>$190,000</value>
            <value>$200,000</value>
            <value>$200,000+</value>
          </domain>
        </input>
        <input>
          <operator name="to" ename="to" />
          <domain format="selection_list">
            <value>Any</value>
            <value>$0</value>
            <value>$5,000</value>
            <value>$10,000</value>
            <value>$20,000</value>
            <value>$30,000</value>
            <value>$40,000</value>
            <value>$50,000</value>
            <value>$60,000</value>
            <value>$70,000</value>
            <value>$80,000</value>
            <value>$90,000</value>
            <value>$100,000</value>
            <value>$110,000</value>
            <value>$120,000</value>
            <value>$130,000</value>
            <value>$140,000</value>
            <value>$150,000</value>
            <value>$160,000</value>
            <value>$170,000</value>
            <value>$180,000</value>
            <value>$190,000</value>
            <value>$200,000</value>
            <value>$200,000+</value>
          </domain>
        </input>
      </attr>
    </attrgroup>
    <attrgroup>
      <attr name="Region" ename="region">
        <domain format="selection_list">
          <value>All States</value>
          <value>AKL</value>
          <value>CENT</value>
          <value>CTL</value>
          <value>NZ</value>
          <value>STH</value>
          <value>WBOP</value>
          <value>WTN</value>
        </domain>
      </attr>
    </attrgroup>
  </form>
</source>