<source url="http://usedcars.autonet.ca/" interurl="http://usedcars.autonet.ca/AutonetFinder.cfm">
  <srcname>Autonet.ca</srcname>
  <form>
    <attrgroup>
      <attr name="Postal Code" level="1" ename="postal code">
        <input>
          <operator name="" ename="" />
          <domain format="text_box" />
        </input>
        <input>
          <operator name="" ename="" />
          <domain format="text_box" />
        </input>
      </attr>
    </attrgroup>
  </form>
</source>