<source url="http://www.autofinder.ie/" interurl="http://www.autofinder.ie/autofinder/usedsearch2_content.htm">
  <srcname>Autofinder - Find a used car</srcname>
  <form>
    <attrgroup>
      <attr name="Make" ename="make">
        <domain format="selection_list">
          <value>All makes</value>
          <value>AC</value>
          <value>Aixam</value>
          <value>Alfa Romeo</value>
          <value>Asia</value>
          <value>Aston Martin</value>
          <value>Audi</value>
          <value>Austin</value>
          <value>Bentley</value>
          <value>BMW</value>
          <value>Bristol</value>
          <value>Cadillac</value>
          <value>Caterham</value>
          <value>Chevrolet</value>
          <value>Chrysler</value>
          <value>Citroen</value>
          <value>Dacia</value>
          <value>Daewoo</value>
          <value>Daihatsu</value>
          <value>Daimler</value>
          <value>De Tomaso</value>
          <value>Ferrari</value>
          <value>Fiat</value>
          <value>Ford</value>
          <value>FSO</value>
          <value>HMC</value>
          <value>Honda</value>
          <value>Hyundai</value>
          <value>Isuzu</value>
          <value>Jaguar</value>
          <value>Jeep</value>
          <value>Kia</value>
          <value>Lada</value>
          <value>Lamborghini</value>
          <value>Lancia</value>
          <value>Land Rover</value>
          <value>Lexus</value>
          <value>Ligier</value>
          <value>Lonsdale</value>
          <value>Lotus</value>
          <value>M.G.</value>
          <value>MacNeillie</value>
          <value>Marcos</value>
          <value>Marlin</value>
          <value>Maserati</value>
          <value>Mazda</value>
          <value>Mercedes-Benz</value>
          <value>Microcar</value>
          <value>Mini</value>
          <value>Mitsubishi</value>
          <value>Morgan</value>
          <value>Morris</value>
          <value>Nissan</value>
          <value>Opel</value>
          <value>Perodua</value>
          <value>Peugeot</value>
          <value>Porsche</value>
          <value>Proton</value>
          <value>Reliant</value>
          <value>Renault</value>
          <value>Rolls-Royce</value>
          <value>Rover</value>
          <value>Saab</value>
          <value>Sao</value>
          <value>Seat</value>
          <value>Sebring</value>
          <value>Simca</value>
          <value>Skoda</value>
          <value>Smart Car</value>
          <value>Spectre</value>
          <value>Ssangyong</value>
          <value>Startins</value>
          <value>Subaru</value>
          <value>Suzuki</value>
          <value>Talbot</value>
          <value>Tata</value>
          <value>Toyota</value>
          <value>Triumph</value>
          <value>TVR</value>
          <value>Vauxhall</value>
          <value>Venturi</value>
          <value>Volkswagen</value>
          <value>Volvo</value>
          <value>Westfield</value>
          <value>Yugo</value>
        </domain>
      </attr>
    </attrgroup>
    <attrgroup>
      <attr name="Model" ename="model">
        <domain format="selection_list">
          <value>All models</value>
          <value>Accord</value>
          <value>Aerodeck</value>
          <value>Ballade</value>
          <value>Civic</value>
          <value>Concerto</value>
          <value>CR-V</value>
          <value>CRX</value>
          <value>HR-V</value>
          <value>Insight</value>
          <value>Integra</value>
          <value>Jazz</value>
          <value>Legend</value>
          <value>Logo</value>
          <value>NSX</value>
          <value>Prelude</value>
          <value>Quintet</value>
          <value>S2000</value>
          <value>Shuttle</value>
          <value>Stream</value>
        </domain>
      </attr>
    </attrgroup>
    <attrgroup>
      <attr name="Keyword" ename="keyword">
        <domain format="text_box" />
      </attr>
    </attrgroup>
    <attrgroup>
      <attr name="Minimum Price" ename="minimum price">
        <domain format="selection_list">
          <value>Please select</value>
          <value>Any</value>
          <value>500</value>
          <value>1000</value>
          <value>2000</value>
          <value>3000</value>
          <value>4000</value>
          <value>5000</value>
          <value>6000</value>
          <value>7000</value>
          <value>8000</value>
          <value>9000</value>
          <value>10000</value>
          <value>15000</value>
          <value>20000</value>
          <value>25000</value>
          <value>30000</value>
          <value>40000</value>
          <value>50000</value>
        </domain>
      </attr>
    </attrgroup>
    <attrgroup>
      <attr name=" Maximum Price" ename="maximum price">
        <domain format="selection_list">
          <value>Please select</value>
          <value>Any</value>
          <value>500</value>
          <value>1000</value>
          <value>2000</value>
          <value>3000</value>
          <value>4000</value>
          <value>5000</value>
          <value>6000</value>
          <value>7000</value>
          <value>8000</value>
          <value>9000</value>
          <value>10000</value>
          <value>15000</value>
          <value>20000</value>
          <value>25000</value>
          <value>30000</value>
          <value>40000</value>
          <value>50000</value>
        </domain>
      </attr>
    </attrgroup>
    <attrgroup>
      <attr name="Currency" ename="currency">
        <domain format="selection_list">
          <value>Sterling</value>
          <value>Euro</value>
        </domain>
      </attr>
    </attrgroup>
    <attrgroup>
      <attr name="Year" ename="year">
        <input>
          <operator name="" ename="Year from" />
          <domain format="selection_list">
            <value>Year from</value>
            <value>2002</value>
            <value>2001</value>
            <value>2000</value>
            <value>1999</value>
            <value>1998</value>
            <value>1997</value>
            <value>1996</value>
            <value>1995</value>
            <value>1994</value>
            <value>1993</value>
            <value>1992</value>
            <value>1991</value>
            <value>1990</value>
            <value>1989</value>
            <value>1988</value>
            <value>1987</value>
            <value>1986</value>
            <value>1985</value>
            <value>1984</value>
            <value>1983</value>
            <value>1982</value>
            <value>1981</value>
            <value>1980</value>
            <value>1970</value>
            <value>1960</value>
          </domain>
        </input>
        <input>
          <operator name="" ename="Year to" />
          <domain format="selection_list">
            <value>Year to</value>
            <value>2002</value>
            <value>2001</value>
            <value>2000</value>
            <value>1999</value>
            <value>1998</value>
            <value>1997</value>
            <value>1996</value>
            <value>1995</value>
            <value>1994</value>
            <value>1993</value>
            <value>1992</value>
            <value>1991</value>
            <value>1990</value>
            <value>1989</value>
            <value>1988</value>
            <value>1987</value>
            <value>1986</value>
            <value>1985</value>
            <value>1984</value>
            <value>1983</value>
            <value>1982</value>
            <value>1981</value>
            <value>1980</value>
            <value>1970</value>
            <value>1960</value>
          </domain>
        </input>
      </attr>
    </attrgroup>
    <attrgroup>
      <attr name="Seller Type" ename="seller type">
        <domain format="selection_list">
          <value>All</value>
          <value>Trade</value>
          <value>Private</value>
        </domain>
      </attr>
    </attrgroup>
    <attrgroup>
      <attr name="County" ename="county">
        <domain format="selection_list">
          <value>- - All Counties - -</value>
          <value>- - North - -</value>
          <value>- - South - -</value>
          <value>- - Connaught - -</value>
          <value>Galway</value>
          <value>Leitrim</value>
          <value>Mayo</value>
          <value>Roscommon</value>
          <value>Sligo</value>
          <value>- - Leinster- -</value>
          <value>Carlow</value>
          <value>Dublin</value>
          <value>Kildare</value>
          <value>Kilkenny</value>
          <value>Laois</value>
          <value>Longford</value>
          <value>Louth</value>
          <value>Meath</value>
          <value>Offaly</value>
          <value>Westmeath</value>
          <value>Wexford</value>
          <value>Wicklow</value>
          <value>- - Munster - -</value>
          <value>Clare</value>
          <value>Cork</value>
          <value>Kerry</value>
          <value>Limerick</value>
          <value>Tipperary</value>
          <value>Waterford</value>
          <value>- - Ulster - -</value>
          <value>Antrim</value>
          <value>Armagh</value>
          <value>Cavan</value>
          <value>Derry</value>
          <value>Donegal</value>
          <value>Down</value>
          <value>Fermanagh</value>
          <value>Monaghan</value>
          <value>Tyrone</value>
        </domain>
      </attr>
    </attrgroup>
  </form>
</source>