<source url="http://www.autobytel.com/" interurl="http://www.autobytel.com/content/buy/used/index.cfm">
  <srcname>Autobytel Used Car Search</srcname>
  <form>
    <attrgroup>
      <attr name="Select Vehicle:" ename="vehicle">
        <domain format="selection_list">
          <value>Acura CL</value>
          <value>Acura Integra</value>
          <value>Acura Legend</value>
          <value>Acura MDX</value>
          <value>Acura NSX</value>
          <value>Acura NSX-T</value>
          <value>Acura RL</value>
          <value>Acura RSX</value>
          <value>Acura SLX</value>
          <value>Acura TL</value>
          <value>Acura Vigor</value>
          <value>Alfa Romeo 164</value>
          <value>Alfa Romeo Graduate</value>
          <value>Alfa Romeo Milano</value>
          <value>Alfa Romeo Quadrifoglio</value>
          <value>Alfa Romeo Spider</value>
          <value>Alfa Romeo Sport</value>
          <value>AM General Hummer</value>
          <value>American Motors Alliance</value>
          <value>American Motors Concord</value>
          <value>American Motors Eagle</value>
          <value>American Motors Encore</value>
          <value>American Motors Spirit</value>
          <value>American Motors Sport</value>
          <value>Aston Martin DB7</value>
          <value>Aston Martin DB7 Vantage</value>
          <value>Aston Martin V12 Vanquish</value>
          <value>Audi 100</value>
          <value>Audi 200</value>
          <value>Audi 4000</value>
          <value>Audi 5000</value>
          <value>Audi 80</value>
          <value>Audi 90</value>
          <value>Audi A4</value>
          <value>Audi A6</value>
          <value>Audi A8</value>
          <value>Audi allroad</value>
          <value>Audi allroad quattro</value>
          <value>Audi Cabriolet</value>
          <value>Audi Coupe</value>
          <value>Audi GT</value>
          <value>Audi Quattro</value>
          <value>Audi S4</value>
          <value>Audi S6</value>
          <value>Audi S8</value>
          <value>Audi TT</value>
          <value>Audi V8</value>
          <value>Bentley Arnage</value>
          <value>Bentley Arnage T</value>
          <value>Bentley Azure</value>
          <value>Bentley Continental</value>
          <value>Bentley Continental R</value>
          <value>Bentley Continental T</value>
          <value>Bentley Turbo</value>
          <value>BMW 3 Series</value>
          <value>BMW 5 Series</value>
          <value>BMW 6 Series</value>
          <value>BMW 7 Series</value>
          <value>BMW 8 Series</value>
          <value>BMW L6</value>
          <value>BMW L7</value>
          <value>BMW M</value>
          <value>BMW M3</value>
          <value>BMW M5</value>
          <value>BMW M6</value>
          <value>BMW X5</value>
          <value>BMW Z3</value>
          <value>BMW Z4</value>
          <value>BMW Z8</value>
          <value>Buick Century</value>
          <value>Buick Electra</value>
          <value>Buick Estate</value>
          <value>Buick LeSabre</value>
          <value>Buick Park Avenue</value>
          <value>Buick Reatta</value>
          <value>Buick Regal</value>
          <value>Buick Rendezvous</value>
          <value>Buick Riviera</value>
          <value>Buick Roadmaster</value>
          <value>Buick Skyhawk</value>
          <value>Buick Skylark</value>
          <value>Buick Somerset</value>
          <value>Cadillac Allante</value>
          <value>Cadillac Brougham</value>
          <value>Cadillac Catera</value>
          <value>Cadillac Cimarron</value>
          <value>Cadillac Coupe</value>
          <value>Cadillac CTS</value>
          <value>Cadillac DeVille</value>
          <value>Cadillac Eldorado</value>
          <value>Cadillac Escalade</value>
          <value>Cadillac Escalade ESV</value>
          <value>Cadillac Fleetwood</value>
          <value>Cadillac Sedan</value>
          <value>Cadillac Seville</value>
          <value>Cadillac Sixty</value>
          <value>Cadillac Sixty Special</value>
          <value>Chevrolet 3500 BOX/HICUBE TRUCK</value>
          <value>Chevrolet APV</value>
          <value>Chevrolet Astro</value>
          <value>Chevrolet Avalanche</value>
          <value>Chevrolet Beretta</value>
          <value>Chevrolet Blazer</value>
          <value>Chevrolet C-20</value>
          <value>Chevrolet Camaro</value>
          <value>Chevrolet Caprice</value>
          <value>Chevrolet Caprice Classic</value>
          <value>Chevrolet Cargo Van</value>
          <value>Chevrolet Cavalier</value>
          <value>Chevrolet Celebrity</value>
          <value>Chevrolet Chevette</value>
          <value>Chevrolet Citation</value>
          <value>Chevrolet Conversion</value>
          <value>Chevrolet Corsica</value>
          <value>Chevrolet Corvette</value>
          <value>Chevrolet El Camino</value>
          <value>Chevrolet Express</value>
          <value>Chevrolet Express LT</value>
          <value>Chevrolet G-20 CONVERSION VAN</value>
          <value>Chevrolet G10</value>
          <value>Chevrolet G15</value>
          <value>Chevrolet G20</value>
          <value>Chevrolet G25</value>
          <value>Chevrolet G30</value>
          <value>Chevrolet G35</value>
          <value>Chevrolet Impala</value>
          <value>Chevrolet Lumina</value>
          <value>Chevrolet Malibu</value>
          <value>Chevrolet Metro</value>
          <value>Chevrolet Monte Carlo</value>
          <value>Chevrolet Nova</value>
          <value>Chevrolet Prizm</value>
          <value>Chevrolet R3500</value>
          <value>Chevrolet S-10</value>
          <value>Chevrolet Silverado (Full-Size Trucks)</value>
          <value>Chevrolet Spectrum</value>
          <value>Chevrolet Sprint</value>
          <value>Chevrolet Suburban</value>
          <value>Chevrolet T10</value>
          <value>Chevrolet Tahoe</value>
          <value>Chevrolet Tracker</value>
          <value>Chevrolet TrailBlazer</value>
          <value>Chevrolet V3500</value>
          <value>Chevrolet Venture</value>
          <value>Chrysler 300M</value>
          <value>Chrysler Cirrus</value>
          <value>Chrysler Concorde</value>
          <value>Chrysler Conquest</value>
          <value>Chrysler Fifth Avenue</value>
          <value>Chrysler Grand Voyager</value>
          <value>Chrysler Imperial</value>
          <value>Chrysler Laser</value>
          <value>Chrysler LeBaron</value>
          <value>Chrysler LHS</value>
          <value>Chrysler New Yorker</value>
          <value>Chrysler Prowler</value>
          <value>Chrysler PT Cruiser</value>
          <value>Chrysler Sebring</value>
          <value>Chrysler TC</value>
          <value>Chrysler Town &amp; Country</value>
          <value>Chrysler Voyager</value>
          <value>Daewoo Korrando</value>
          <value>Daewoo Lanos</value>
          <value>Daewoo Leganza</value>
          <value>Daewoo Nubira</value>
          <value>Daihatsu Charade</value>
          <value>Daihatsu Rocky</value>
          <value>Dodge 400</value>
          <value>Dodge 600</value>
          <value>Dodge Aries</value>
          <value>Dodge Avenger</value>
          <value>Dodge B150</value>
          <value>Dodge B250</value>
          <value>Dodge B350</value>
          <value>Dodge Caravan</value>
          <value>Dodge Charger</value>
          <value>Dodge Colt</value>
          <value>Dodge Colt Vista</value>
          <value>Dodge D350</value>
          <value>Dodge Dakota</value>
          <value>Dodge Daytona</value>
          <value>Dodge Diplomat</value>
          <value>Dodge Durango</value>
          <value>Dodge Dynasty</value>
          <value>Dodge Intrepid</value>
          <value>Dodge Lancer</value>
          <value>Dodge Mini Ram</value>
          <value>Dodge Mirada</value>
          <value>Dodge Monaco</value>
          <value>Dodge Neon</value>
          <value>Dodge Omni</value>
          <value>Dodge Power Ram</value>
          <value>Dodge Power Ram 50</value>
          <value>Dodge Raider</value>
          <value>Dodge Ram</value>
          <value>Dodge Ram 50</value>
          <value>Dodge Ram Van</value>
          <value>Dodge Ram Wagon</value>
          <value>Dodge Ramcharger</value>
          <value>Dodge Rampage</value>
          <value>Dodge Shadow</value>
          <value>Dodge Spirit</value>
          <value>Dodge Stealth</value>
          <value>Dodge Stratus</value>
          <value>Dodge Viper</value>
          <value>Dodge W100</value>
          <value>Dodge W150</value>
          <value>Dodge W250</value>
          <value>Dodge W350</value>
          <value>Eagle Medallion</value>
          <value>Eagle Premier</value>
          <value>Eagle Summit</value>
          <value>Eagle Talon</value>
          <value>Eagle Vision</value>
          <value>Ferrari 328</value>
          <value>Ferrari 348</value>
          <value>Ferrari 355</value>
          <value>Ferrari 360 Modena</value>
          <value>Ferrari 456</value>
          <value>Ferrari 456M</value>
          <value>Ferrari 550</value>
          <value>Ferrari 575M</value>
          <value>Ferrari F355</value>
          <value>Ferrari F50</value>
          <value>Ferrari Mondail</value>
          <value>Ferrari Testarossa</value>
          <value>Ford Aerostar</value>
          <value>Ford Aspire</value>
          <value>Ford Bronco</value>
          <value>Ford Bronco II</value>
          <value>Ford Club Wagon</value>
          <value>Ford Contour</value>
          <value>Ford Crown Victoria</value>
          <value>Ford Econoline</value>
          <value>Ford Escape</value>
          <value>Ford Escort</value>
          <value>Ford Excursion</value>
          <value>Ford EXP</value>
          <value>Ford Expedition</value>
          <value>Ford Explorer</value>
          <value>Ford Explorer Sport</value>
          <value>Ford Explorer Sport Trac</value>
          <value>Ford F150</value>
          <value>Ford F150 S/C LARIAT STEPSIDE</value>
          <value>Ford F250</value>
          <value>Ford F350</value>
          <value>Ford F450</value>
          <value>Ford Fairmont</value>
          <value>Ford Festiva</value>
          <value>Ford Focus</value>
          <value>Ford LTD</value>
          <value>Ford Mustang</value>
          <value>Ford Probe</value>
          <value>Ford Ranger</value>
          <value>Ford SVT</value>
          <value>Ford SVT Focus</value>
          <value>Ford SVT Mustang Cobra</value>
          <value>Ford Taurus</value>
          <value>Ford Tempo</value>
          <value>Ford Thunderbird</value>
          <value>Ford Windstar</value>
          <value>Ford Windstar Wagon</value>
          <value>Ford ZX2</value>
          <value>Geo Metro</value>
          <value>Geo Prizm</value>
          <value>Geo Spectrum</value>
          <value>Geo Storm</value>
          <value>Geo Tracker</value>
          <value>GMC Blazer</value>
          <value>GMC C1500</value>
          <value>GMC C2500</value>
          <value>GMC C3500</value>
          <value>GMC Caballero</value>
          <value>GMC Envoy</value>
          <value>GMC Envoy XL</value>
          <value>GMC G1500</value>
          <value>GMC G2500</value>
          <value>GMC G3500</value>
          <value>GMC Jimmy</value>
          <value>GMC K1500</value>
          <value>GMC K2500</value>
          <value>GMC K3500</value>
          <value>GMC Rally</value>
          <value>GMC Rally Wagon</value>
          <value>GMC S-15</value>
          <value>GMC S-15 Jimmy</value>
          <value>GMC Safari</value>
          <value>GMC Savana</value>
          <value>GMC Savana SLT</value>
          <value>GMC Sierra</value>
          <value>GMC Sonoma</value>
          <value>GMC Suburban</value>
          <value>GMC Vandura</value>
          <value>GMC Yukon</value>
          <value>GMC Yukon Denali</value>
          <value>GMC Yukon XL</value>
          <value>Honda Accord</value>
          <value>Honda Civic</value>
          <value>Honda Civic CRX</value>
          <value>Honda Civic del Sol</value>
          <value>Honda Civic Hybrid</value>
          <value>Honda Civic Si</value>
          <value>Honda CR-V</value>
          <value>Honda CRX</value>
          <value>Honda Element</value>
          <value>Honda Insight</value>
          <value>Honda Odyssey</value>
          <value>Honda Passport</value>
          <value>Honda Pilot</value>
          <value>Honda Prelude</value>
          <value>Honda S2000</value>
          <value>Hummer H1</value>
          <value>Hummer H2</value>
          <value>Hyundai Accent</value>
          <value>Hyundai Elantra</value>
          <value>Hyundai Excel</value>
          <value>Hyundai Santa Fe</value>
          <value>Hyundai Scoupe</value>
          <value>Hyundai Sonata</value>
          <value>Hyundai Tiburon</value>
          <value>Hyundai XG 350</value>
          <value>Hyundai XG300</value>
          <value>Hyundai XG350</value>
          <value>Infiniti FX35</value>
          <value>Infiniti FX45</value>
          <value>Infiniti G20</value>
          <value>Infiniti G35</value>
          <value>Infiniti I30</value>
          <value>Infiniti I30t</value>
          <value>Infiniti I35</value>
          <value>Infiniti J30</value>
          <value>Infiniti M30</value>
          <value>Infiniti M45</value>
          <value>Infiniti Q45</value>
          <value>Infiniti Q45a</value>
          <value>Infiniti QX4</value>
          <value>Isuzu Amigo</value>
          <value>Isuzu Ascender</value>
          <value>Isuzu Axiom</value>
          <value>Isuzu Hombre</value>
          <value>Isuzu I-Mark</value>
          <value>Isuzu Impulse</value>
          <value>Isuzu Oasis</value>
          <value>Isuzu One Ton</value>
          <value>Isuzu Pickup</value>
          <value>Isuzu Rodeo</value>
          <value>Isuzu Rodeo Sport</value>
          <value>Isuzu Spacecab</value>
          <value>Isuzu Stylus</value>
          <value>Isuzu Trooper</value>
          <value>Isuzu VehiCross</value>
          <value>Jaguar S-Type</value>
          <value>Jaguar Vanden Plas</value>
          <value>Jaguar Vanden Plas Supercharged</value>
          <value>Jaguar X-Type</value>
          <value>Jaguar XJ</value>
          <value>Jaguar XJ-S</value>
          <value>Jaguar XJ12</value>
          <value>Jaguar XJ6</value>
          <value>Jaguar XJ6L</value>
          <value>Jaguar XJ8</value>
          <value>Jaguar XJ8L</value>
          <value>Jaguar XJR</value>
          <value>Jaguar XJS</value>
          <value>Jaguar XK</value>
          <value>Jaguar XK8</value>
          <value>Jaguar XKR</value>
          <value>Jeep Cherokee</value>
          <value>Jeep CJ5</value>
          <value>Jeep CJ7</value>
          <value>Jeep Comanche</value>
          <value>Jeep Grand Cherokee</value>
          <value>Jeep Grand Wagoneer</value>
          <value>Jeep J10</value>
          <value>Jeep J20</value>
          <value>Jeep Liberty</value>
          <value>Jeep Scrambler</value>
          <value>Jeep Wagoneer</value>
          <value>Jeep Wrangler</value>
          <value>Kia Optima</value>
          <value>Kia Rio</value>
          <value>Kia Sedona</value>
          <value>Kia Sephia</value>
          <value>Kia Sorento</value>
          <value>Kia Spectra</value>
          <value>Kia Sportage</value>
          <value>Lamborghini Diablo</value>
          <value>Lamborghini Murcielago</value>
          <value>Land Rover Defender</value>
          <value>Land Rover Defender 90</value>
          <value>Land Rover Discovery</value>
          <value>Land Rover Freelander</value>
          <value>Land Rover Great Divide</value>
          <value>Land Rover Range Rover</value>
          <value>Lexus ES</value>
          <value>Lexus ES 300</value>
          <value>Lexus GS</value>
          <value>Lexus GS 300</value>
          <value>Lexus GS 400</value>
          <value>Lexus GS 430</value>
          <value>Lexus GX</value>
          <value>Lexus IS</value>
          <value>Lexus IS 300</value>
          <value>Lexus LS</value>
          <value>Lexus LS 400</value>
          <value>Lexus LS 430</value>
          <value>Lexus LX</value>
          <value>Lexus LX 450</value>
          <value>Lexus LX 470</value>
          <value>Lexus RX</value>
          <value>Lexus RX 300</value>
          <value>Lexus SC</value>
          <value>Lexus SC 300</value>
          <value>Lexus SC 400</value>
          <value>Lincoln Aviator</value>
          <value>Lincoln Blackwood</value>
          <value>Lincoln Continental</value>
          <value>Lincoln LS</value>
          <value>Lincoln Mark VI</value>
          <value>Lincoln Mark VII</value>
          <value>Lincoln Mark VIII</value>
          <value>Lincoln Navigator</value>
          <value>Lincoln Town Car</value>
          <value>Lotus Elise</value>
          <value>Lotus Esprit</value>
          <value>Lotus Esprit V8</value>
          <value>Maserati Coupe</value>
          <value>Maserati Spyder</value>
          <value>Mazda 323</value>
          <value>Mazda 626</value>
          <value>Mazda 929</value>
          <value>Mazda B2000</value>
          <value>Mazda B2200</value>
          <value>Mazda B2300</value>
          <value>Mazda B2500</value>
          <value>Mazda B2600</value>
          <value>Mazda B2600i</value>
          <value>Mazda B3000</value>
          <value>Mazda B4000</value>
          <value>Mazda Cab Plus 4x2</value>
          <value>Mazda Cab Plus 4x4</value>
          <value>Mazda GLC</value>
          <value>Mazda Mazda6</value>
          <value>Mazda MAZDASPEED Proteg?/OPTION&gt;</value>
          <value>Mazda Miata</value>
          <value>Mazda Millenia</value>
          <value>Mazda MPV</value>
          <value>Mazda MX-3</value>
          <value>Mazda MX-6</value>
          <value>Mazda Navajo</value>
          <value>Mazda Protege</value>
          <value>Mazda Proteg?/OPTION&gt;</value>
          <value>Mazda Proteg?</value>
          <value>Mazda Regular Cab 4x2</value>
          <value>Mazda RX-7</value>
          <value>Mazda Tribute</value>
          <value>Mercedes-Benz 190</value>
          <value>Mercedes-Benz 240</value>
          <value>Mercedes-Benz 260</value>
          <value>Mercedes-Benz 300</value>
          <value>Mercedes-Benz 350</value>
          <value>Mercedes-Benz 380</value>
          <value>Mercedes-Benz 400</value>
          <value>Mercedes-Benz 420</value>
          <value>Mercedes-Benz 500</value>
          <value>Mercedes-Benz 560</value>
          <value>Mercedes-Benz 600</value>
          <value>Mercedes-Benz C</value>
          <value>Mercedes-Benz C220</value>
          <value>Mercedes-Benz C230</value>
          <value>Mercedes-Benz C280</value>
          <value>Mercedes-Benz C36</value>
          <value>Mercedes-Benz C43</value>
          <value>Mercedes-Benz CABROLET</value>
          <value>Mercedes-Benz CL</value>
          <value>Mercedes-Benz CL500</value>
          <value>Mercedes-Benz CL600</value>
          <value>Mercedes-Benz CLK</value>
          <value>Mercedes-Benz E</value>
          <value>Mercedes-Benz E300</value>
          <value>Mercedes-Benz E320</value>
          <value>Mercedes-Benz E420</value>
          <value>Mercedes-Benz E430</value>
          <value>Mercedes-Benz E55</value>
          <value>Mercedes-Benz G</value>
          <value>Mercedes-Benz M</value>
          <value>Mercedes-Benz ML 320</value>
          <value>Mercedes-Benz ML430</value>
          <value>Mercedes-Benz S</value>
          <value>Mercedes-Benz S320</value>
          <value>Mercedes-Benz S350</value>
          <value>Mercedes-Benz S420</value>
          <value>Mercedes-Benz S430</value>
          <value>Mercedes-Benz S500</value>
          <value>Mercedes-Benz S55</value>
          <value>Mercedes-Benz S600</value>
          <value>Mercedes-Benz SL</value>
          <value>Mercedes-Benz SL320</value>
          <value>Mercedes-Benz SL500</value>
          <value>Mercedes-Benz SL600</value>
          <value>Mercedes-Benz SLK</value>
          <value>Mercedes-Benz SLK2</value>
          <value>Mercedes-Benz SLK230</value>
          <value>Mercury Capri</value>
          <value>Mercury Colony</value>
          <value>Mercury Cougar</value>
          <value>Mercury Grand Marquis</value>
          <value>Mercury LN7</value>
          <value>Mercury Lynx</value>
          <value>Mercury Marauder</value>
          <value>Mercury Marquis</value>
          <value>Mercury Mountaineer</value>
          <value>Mercury Mystique</value>
          <value>Mercury Sable</value>
          <value>Mercury Topaz</value>
          <value>Mercury Tracer</value>
          <value>Mercury Villager</value>
          <value>Mercury Zephyr</value>
          <value>Merkur Scorpio</value>
          <value>MINI Cooper</value>
          <value>Mitsubishi 3000GT</value>
          <value>Mitsubishi Cordia</value>
          <value>Mitsubishi Diamante</value>
          <value>Mitsubishi Eclipse</value>
          <value>Mitsubishi Eclipse Spyder</value>
          <value>Mitsubishi Expo</value>
          <value>Mitsubishi Galant</value>
          <value>Mitsubishi Lancer</value>
          <value>Mitsubishi Mighty Max</value>
          <value>Mitsubishi Mirage</value>
          <value>Mitsubishi Montero</value>
          <value>Mitsubishi Montero Sport</value>
          <value>Mitsubishi Outlander</value>
          <value>Mitsubishi Pickup</value>
          <value>Mitsubishi Precis</value>
          <value>Mitsubishi SPX</value>
          <value>Mitsubishi Starion</value>
          <value>Mitsubishi Tredia</value>
          <value>Mitsubishi Wagon</value>
          <value>Nissan 200SX</value>
          <value>Nissan 240SX</value>
          <value>Nissan 280ZX</value>
          <value>Nissan 300ZX</value>
          <value>Nissan 350Z</value>
          <value>Nissan Altima</value>
          <value>Nissan Axxess</value>
          <value>Nissan Frontier</value>
          <value>Nissan Hardbody</value>
          <value>Nissan King Cab</value>
          <value>Nissan KingCab</value>
          <value>Nissan Maxima</value>
          <value>Nissan Murano</value>
          <value>Nissan NX</value>
          <value>Nissan Pathfinder</value>
          <value>Nissan Pickup</value>
          <value>Nissan Pulsar</value>
          <value>Nissan Quest</value>
          <value>Nissan Sentra</value>
          <value>Nissan Sentra SE-R</value>
          <value>Nissan Stanza</value>
          <value>Nissan Van</value>
          <value>Nissan Wagon</value>
          <value>Nissan Xterra</value>
          <value>Oldsmobile Achieva</value>
          <value>Oldsmobile Alero</value>
          <value>Oldsmobile Aurora</value>
          <value>Oldsmobile Bravada</value>
          <value>Oldsmobile Calais</value>
          <value>Oldsmobile Ciera</value>
          <value>Oldsmobile Custom Cruiser</value>
          <value>Oldsmobile Cutlass</value>
          <value>Oldsmobile Cutlass Calais</value>
          <value>Oldsmobile Cutlass Cruiser</value>
          <value>Oldsmobile Cutlass Supreme</value>
          <value>Oldsmobile Delta 88</value>
          <value>Oldsmobile Eighty Eight</value>
          <value>Oldsmobile Firenza</value>
          <value>Oldsmobile Intrigue</value>
          <value>Oldsmobile LSS</value>
          <value>Oldsmobile Ninety Eight</value>
          <value>Oldsmobile Omega</value>
          <value>Oldsmobile Regency</value>
          <value>Oldsmobile Silhouette</value>
          <value>Oldsmobile Toronado</value>
          <value>Panoz Esperante</value>
          <value>Peugeot 405</value>
          <value>Peugeot 504</value>
          <value>Peugeot 505</value>
          <value>Peugeot 604</value>
          <value>Plymouth Acclaim</value>
          <value>Plymouth Breeze</value>
          <value>Plymouth Caravelle</value>
          <value>Plymouth Colt</value>
          <value>Plymouth Colt Vista</value>
          <value>Plymouth Gran Fury</value>
          <value>Plymouth Grand Voyager</value>
          <value>Plymouth Horizon</value>
          <value>Plymouth Laser</value>
          <value>Plymouth Neon</value>
          <value>Plymouth Prowler</value>
          <value>Plymouth Reliant</value>
          <value>Plymouth Sapporo</value>
          <value>Plymouth Sundance</value>
          <value>Plymouth Turismo</value>
          <value>Plymouth Voyager</value>
          <value>Pontiac 2000</value>
          <value>Pontiac 6000</value>
          <value>Pontiac Aztek</value>
          <value>Pontiac Bonneville</value>
          <value>Pontiac Fiero</value>
          <value>Pontiac Firebird</value>
          <value>Pontiac Grand Am</value>
          <value>Pontiac Grand Prix</value>
          <value>Pontiac LeMans</value>
          <value>Pontiac Montana</value>
          <value>Pontiac Parisienne</value>
          <value>Pontiac Phoenix</value>
          <value>Pontiac Sunbird</value>
          <value>Pontiac Sunfire</value>
          <value>Pontiac Trans Sport</value>
          <value>Pontiac Vibe</value>
          <value>Porsche 911</value>
          <value>Porsche 924</value>
          <value>Porsche 928</value>
          <value>Porsche 944</value>
          <value>Porsche 968</value>
          <value>Porsche 996 CARRERA4 CABRIOLET</value>
          <value>Porsche Boxster</value>
          <value>Rolls-Royce Corniche</value>
          <value>Rolls-Royce Park Ward</value>
          <value>Rolls-Royce Silver Seraph</value>
          <value>Rolls-Royce Silver Spur</value>
          <value>Saab 9-3</value>
          <value>Saab 9-5</value>
          <value>Saab 900</value>
          <value>Saab 9000</value>
          <value>Saturn Ion</value>
          <value>Saturn L</value>
          <value>Saturn LS</value>
          <value>Saturn LS1</value>
          <value>Saturn LS2</value>
          <value>Saturn LW</value>
          <value>Saturn LW1</value>
          <value>Saturn LW2</value>
          <value>Saturn S</value>
          <value>Saturn SC</value>
          <value>Saturn SC1</value>
          <value>Saturn SC2</value>
          <value>Saturn SL</value>
          <value>Saturn SL1</value>
          <value>Saturn SL2</value>
          <value>Saturn SW</value>
          <value>Saturn SW1</value>
          <value>Saturn SW2</value>
          <value>Saturn VUE</value>
          <value>Sterling 827</value>
          <value>Subaru Baja</value>
          <value>Subaru Brat</value>
          <value>Subaru DL</value>
          <value>Subaru Forester</value>
          <value>Subaru GL</value>
          <value>Subaru GL-10</value>
          <value>Subaru Impreza</value>
          <value>Subaru Justy</value>
          <value>Subaru Legacy</value>
          <value>Subaru Loyale</value>
          <value>Subaru Outback</value>
          <value>Subaru RX</value>
          <value>Subaru STD</value>
          <value>Subaru SVX</value>
          <value>Subaru XT</value>
          <value>Subaru XT6</value>
          <value>Suzuki Aerio Sedan</value>
          <value>Suzuki Aerio SX</value>
          <value>Suzuki Esteem</value>
          <value>Suzuki Grand Vitara</value>
          <value>Suzuki Grand Vitara XL-7</value>
          <value>Suzuki Samurai</value>
          <value>Suzuki Sidekick</value>
          <value>Suzuki Swift</value>
          <value>Suzuki Vitara</value>
          <value>Suzuki X-90</value>
          <value>Suzuki XL-7</value>
          <value>Toyota 4Runner</value>
          <value>Toyota Avalon</value>
          <value>Toyota Camry</value>
          <value>Toyota Camry Solara</value>
          <value>Toyota Celica</value>
          <value>Toyota Corolla</value>
          <value>Toyota Cressida</value>
          <value>Toyota Deluxe</value>
          <value>Toyota Echo</value>
          <value>Toyota Highlander</value>
          <value>Toyota Land Cruiser</value>
          <value>Toyota Matrix</value>
          <value>Toyota MR-2 Spyder</value>
          <value>Toyota MR2</value>
          <value>Toyota MR2 Spyder</value>
          <value>Toyota Panel Van</value>
          <value>Toyota Paseo</value>
          <value>Toyota Pickup</value>
          <value>Toyota Previa</value>
          <value>Toyota Prius</value>
          <value>Toyota RAV4</value>
          <value>Toyota Sequoia</value>
          <value>Toyota Sienna</value>
          <value>Toyota Supra</value>
          <value>Toyota T100</value>
          <value>Toyota Tacoma</value>
          <value>Toyota Tercel</value>
          <value>Toyota Tundra</value>
          <value>Toyota Wagon</value>
          <value>Toyota Xtracab</value>
          <value>Volkswagen Cabrio</value>
          <value>Volkswagen Cabriolet</value>
          <value>Volkswagen Corrado</value>
          <value>Volkswagen EuroVan</value>
          <value>Volkswagen Fox</value>
          <value>Volkswagen Golf</value>
          <value>Volkswagen GTI</value>
          <value>Volkswagen Jetta</value>
          <value>Volkswagen New Beetle</value>
          <value>Volkswagen Passat</value>
          <value>Volkswagen Quantum</value>
          <value>Volkswagen Rabbit</value>
          <value>Volkswagen Scirocco</value>
          <value>Volkswagen Vanagon</value>
          <value>Volvo 240</value>
          <value>Volvo 240dl</value>
          <value>Volvo 740</value>
          <value>Volvo 760</value>
          <value>Volvo 780</value>
          <value>Volvo 850</value>
          <value>Volvo 940</value>
          <value>Volvo 960</value>
          <value>Volvo C70</value>
          <value>Volvo GLT</value>
          <value>Volvo S40</value>
          <value>Volvo S60</value>
          <value>Volvo S70</value>
          <value>Volvo S80</value>
          <value>Volvo S90</value>
          <value>Volvo V40</value>
          <value>Volvo V70</value>
          <value>Volvo V90</value>
          <value>Volvo XC70</value>
          <value>Volvo XC90</value>
          <value>Yugo Cabrio</value>
          <value>Yugo GV</value>
        </domain>
      </attr>
    </attrgroup>
    <attrgroup>
      <attr name="Enter Your ZIP Code and Search Area:" level="1" ename="zip code|area">
        <input>
          <operator name="Search within miles" ename="miles" />
          <domain format="selection_list">
            <value>25</value>
            <value>50</value>
            <value>100</value>
            <value>150</value>
            <value>250</value>
            <value>500</value>
          </domain>
        </input>
        <input>
          <opeator name="" ename="" />
          <domain format="text_box" />
        </input>
      </attr>
    </attrgroup>
    <attrgroup>
      <attr name="Price range:" level="1" ename="price range">
        <input>
          <opeator name="" ename="" />
          <domain format="selection_list">
            <value>Any</value>
            <value>$5,000</value>
            <value>$10,000</value>
            <value>$15,000</value>
            <value>$20,000</value>
            <value>$25,000</value>
            <value>$30,000</value>
            <value>$35,000</value>
            <value>$40,000</value>
          </domain>
        </input>
        <input>
          <opeator name="to" ename="to" />
          <domain format="selection_list">
            <value>Any</value>
            <value>$5,000</value>
            <value>$10,000</value>
            <value>$15,000</value>
            <value>$20,000</value>
            <value>$25,000</value>
            <value>$30,000</value>
            <value>$35,000</value>
            <value>$40,000</value>
            <value>$40,000 +</value>
          </domain>
        </input>
      </attr>
    </attrgroup>
  </form>
</source>