<source url="http://findwhat.automob.com/" interurl="http://findwhat.automob.com/">
  <srcname>AutoMob.com - The Car Site For Car People</srcname>
  <form>
    <attrgroup>
      <attr name="Make" ename="make">
        <domain format="selection_list">
          <value>Acura</value>
          <value>AM General</value>
          <value>Aston Martin</value>
          <value>Audi</value>
          <value>Bentley</value>
          <value>BMW</value>
          <value>Buick</value>
          <value>Cadillac</value>
          <value>Chevrolet</value>
          <value>Chrysler</value>
          <value>Daewoo</value>
          <value>Dodge</value>
          <value>Ferrari</value>
          <value>Ford</value>
          <value>GMC</value>
          <value>Honda</value>
          <value>Hyundai</value>
          <value>Infiniti</value>
          <value>Isuzu</value>
          <value>Jaguar</value>
          <value>Jeep</value>
          <value>Kia</value>
          <value>Lamborghini</value>
          <value>Land Rover</value>
          <value>Lexus</value>
          <value>Lincoln</value>
          <value>Lotus</value>
          <value>Mazda</value>
          <value>Mercedes-Benz</value>
          <value>Mercury</value>
          <value>Mitsubishi</value>
          <value>Nissan</value>
          <value>Oldsmobile</value>
          <value>Plymouth</value>
          <value>Pontiac</value>
          <value>Porsche</value>
          <value>Rolls Royce</value>
          <value>Saab</value>
          <value>Saturn</value>
          <value>Subaru</value>
          <value>Suzuki</value>
          <value>Toyota</value>
          <value>Volkswagen</value>
          <value>Volvo</value>
        </domain>
      </attr>
    </attrgroup>
    <attrgroup>
      <attr name="Year" ename="year">
        <domain format="selection_list">
          <value>2003</value>
        </domain>
      </attr>
    </attrgroup>
    <attrgroup>
      <attr name="Model" ename="model">
        <domain format="selection_list">
          <value>3.2CL</value>
          <value>3.2TL</value>
          <value>3.5RL</value>
          <value>MDX</value>
          <value>NSX</value>
          <value>RSX</value>
        </domain>
      </attr>
    </attrgroup>
    <attrgroup>
      <attr name="Your Zip" ename="zip">
        <domain format="text_box" />
      </attr>
    </attrgroup>
  </form>
</source>