<source url="http://www.automiledirect.com/" interurl="http://www.automiledirect.com/">
  <srcname>Beechmont AUTOMILE</srcname>
  <form>
    <attrgroup>
      <attr name="" ename="">
        <domain format="selection_list">
          <value>New</value>
          <value>Used</value>
        </domain>
      </attr>
    </attrgroup>
    <attrgroup>
      <attr name="" ename="">
        <domain format="selection_list">
          <value>AUDI</value>
          <value>Audi</value>
          <value>Chevrolet</value>
          <value>Honda</value>
          <value>Isuzu</value>
          <value>Lincoln</value>
          <value>Mercury</value>
          <value>Porsche</value>
          <value>Toyota</value>
          <value>Volvo</value>
        </domain>
      </attr>
    </attrgroup>
    <attrgroup>
      <attr name="" ename="">
        <domain format="selection_list">
          <value>Select Model</value>
          <value>A4</value>
          <value>A6</value>
          <value>A8</value>
          <value>ALLROAD</value>
          <value>TT-COUPE</value>
          <value>TT-ROADSTER</value>
        </domain>
      </attr>
    </attrgroup>
  </form>
</source>