<source url="http://grandisland.autochooser.com/index.asp" interurl="http://grandisland.autochooser.com/sfrmain.asp">
  <srcname>BestAutoBuys.com</srcname>
  <form>
    <attrgroup>
      <attr name="" ename="">
        <domain format="radio_button">
          <value>Search for all cars</value>
          <value>Find new cars only</value>
          <value>Find used cars only</value>
        </domain>
      </attr>
    </attrgroup>
    <attrgroup>
      <attr name="Select up to five makes to show models desired..." ename="makes">
        <domain format="selection_list">
          <value>* -----No Preference----- *</value>
          <value>American Motors (1)</value>
          <value>BMW (21)</value>
          <value>Buick (26)</value>
          <value>Cadillac (26)</value>
          <value>Chevrolet (272)</value>
          <value>Chrysler (71)</value>
          <value>Dodge (194)</value>
          <value>Eagle (2)</value>
          <value>Ford (103)</value>
          <value>Geo (3)</value>
          <value>GMC (33)</value>
          <value>Honda (18)</value>
          <value>Isuzu (5)</value>
          <value>Jeep (47)</value>
          <value>KIA (1)</value>
          <value>Lexus (2)</value>
          <value>Lincoln (7)</value>
          <value>Mazda (39)</value>
          <value>Mercedes (2)</value>
          <value>Mercury (14)</value>
          <value>Mitsubishi (2)</value>
          <value>Nissan (13)</value>
          <value>Oldsmobile (24)</value>
          <value>Plymouth (16)</value>
          <value>Pontiac (41)</value>
          <value>Saturn (5)</value>
          <value>Subaru (1)</value>
          <value>Suzuki (4)</value>
          <value>Toyota (14)</value>
          <value>VW (2)</value>
        </domain>
      </attr>
    </attrgroup>
    <attrgroup>
      <attr name="then select up to five models:" ename="models">
        <domain format="selection_list">
          <value>* --------No Preference-------- *</value>
          <value>Accord EX (4)</value>
          <value>CIVIC EX (1)</value>
          <value>CIVIC LX (2)</value>
          <value>CR-V EX (2)</value>
          <value>Cr-v LX (1)</value>
          <value>Motorcycle (6)</value>
          <value>PASSPORT (2)</value>
        </domain>
      </attr>
    </attrgroup>
    <attrgroup>
      <attr name="Select Price Range:" ename="price range">
        <domain format="selection_list">
          <value>* No Preference *</value>
          <value>$500 or Less</value>
          <value>$1000 or Less</value>
          <value>$2000 or Less</value>
          <value>$3000 or Less</value>
          <value>$4000 or Less</value>
          <value>$5000 or Less</value>
          <value>$10,000 or Less</value>
          <value>$15,000 or Less</value>
          <value>$20,000 or Less</value>
          <value>$25,000 or Less</value>
          <value>$30,000 or Less</value>
          <value>$35,000 or Less</value>
          <value>$40,000 or Less</value>
          <value>$45,000 or Less</value>
          <value>$50,000 or Less</value>
          <value>$55,000 or Less</value>
          <value>$60,000 or Less</value>
          <value>$70,000 or Less</value>
          <value>$80,000 or Less</value>
          <value>$90,000 or Less</value>
        </domain>
      </attr>
    </attrgroup>
  </form>
</source>