<source url="http://www.bigbillybarrett.com/" interurl="http://www.bigbillybarrett.com/frameset2.asp?LINK=UsedCars&amp;MAIN=used_vehicle_search">
  <srcname>Big Billy Barrett Chrysler Jeep Hyundai Mazda</srcname>
  <form>
    <attrgroup>
      <attr name="YEAR" ename="year">
        <domain format="selection_list">
          <value>ALL YEARS</value>
          <value>2002</value>
          <value>2001</value>
          <value>2000</value>
          <value>1999</value>
          <value>1998</value>
          <value>1997</value>
          <value>1996</value>
          <value>1995</value>
          <value>1994</value>
          <value>1993</value>
          <value>1992</value>
          <value>0</value>
        </domain>
      </attr>
    </attrgroup>
    <attrgroup>
      <attr name="MAKE" ename="make">
        <domain format="selection_list">
          <value>ALL MAKES</value>
          <value>ACURA</value>
          <value>BUICK</value>
          <value>CADILLAC</value>
          <value>CHEVROLET</value>
          <value>CHRYSLER</value>
          <value>CHRYSLER VAN</value>
          <value>DODGE</value>
          <value>DODGETRUCK</value>
          <value>FORD</value>
          <value>GMC</value>
          <value>HONDA</value>
          <value>HYUNDAI</value>
          <value>HYUNDIA</value>
          <value>INFINITI</value>
          <value>JEEP</value>
          <value>MAZDA</value>
          <value>MAZDA B3000</value>
          <value>MERCURY</value>
          <value>MITSUBISHI</value>
          <value>NISSAN</value>
          <value>PLYMOUTH</value>
          <value>PONTIAC</value>
          <value>PRE-OWNED SPECIAL</value>
          <value>SUZUKI MPV</value>
          <value>TOYOTA</value>
          <value>VOLKSWAGEN</value>
        </domain>
      </attr>
    </attrgroup>
    <attrgroup>
      <attr name="MODEL" ename="model">
        <domain format="selection_list">
          <value>ALL MODELS</value>
          <value>300M</value>
          <value>ACCENT</value>
          <value>ACCORD</value>
          <value>ACCORD EX</value>
          <value>ALTIMA</value>
          <value>B 3000 PICKUP</value>
          <value>BLAZER LS</value>
          <value>BREEZE</value>
          <value>CAMARO</value>
          <value>CARAVAN</value>
          <value>CATERA</value>
          <value>CAVALIER</value>
          <value>CENTURY CUSTOM</value>
          <value>CHEREOKEE LIMITED</value>
          <value>CHEROKEE SPORT</value>
          <value>CONTOUR</value>
          <value>CONTOUR SE</value>
          <value>COROLLA</value>
          <value>COROLLA VE</value>
          <value>ELANTRA GLS</value>
          <value>ESCORT</value>
          <value>ESCORT ZX2</value>
          <value>EXPEDITION XLT</value>
          <value>EXPLORER SPORT</value>
          <value>EXPLORER XLT</value>
          <value>FOCUS</value>
          <value>FOCUS ZX-3</value>
          <value>G20</value>
          <value>GALANT</value>
          <value>GALANT ES</value>
          <value>GRAND AM</value>
          <value>GRAND CHEROK</value>
          <value>GRAND CHEROKEE</value>
          <value>GRAND CHEROKEE LAREDO</value>
          <value>GRAND CHEROKEE LIMITED</value>
          <value>GRAND MARQUI</value>
          <value>GRAND PRIX</value>
          <value>GRAND VITARA JLX</value>
          <value>INTREPID</value>
          <value>JETTA</value>
          <value>MALIBU</value>
          <value>MILLENIA</value>
          <value>MIRAGE</value>
          <value>MONTE CARLO Z-34</value>
          <value>MONTECARLO LS</value>
          <value>MONTERO SPORT</value>
          <value>MPV</value>
          <value>MUSTANG</value>
          <value>MYSTIQUE</value>
          <value>NEON</value>
          <value>NEON SE</value>
          <value>ODYSSEY</value>
          <value>PASSAT</value>
          <value>PASSPORT EX</value>
          <value>PRIZM</value>
          <value>PROBE SE</value>
          <value>PROTEGE ES</value>
          <value>PROTOGE</value>
          <value>PT CRUISER</value>
          <value>PT CRUSIER TOURING EDITION</value>
          <value>QUEST GXE 3 DOOR</value>
          <value>RAM P/U 1500</value>
          <value>RAMP/U1500</value>
          <value>RANGER</value>
          <value>RANGER XLT</value>
          <value>RANGER XLT EXTENDED CAB</value>
          <value>RAV4</value>
          <value>S-10 PICKUP LS SPORTSIDE</value>
          <value>SABLE</value>
          <value>SAFARI</value>
          <value>SEBRING</value>
          <value>SEBRING CONVERTIBLE</value>
          <value>SEBRING LX</value>
          <value>SEBRING LXI</value>
          <value>SEBRING LXI CONV.</value>
          <value>SEVILLE</value>
          <value>SOLARA</value>
          <value>SPECIAL</value>
          <value>STRATUS</value>
          <value>STRATUS SE</value>
          <value>STRATUS SE PLUS</value>
          <value>TAURUS</value>
          <value>TAURUS SE</value>
          <value>TL-2.5</value>
          <value>TOWN &amp; COUNTRY</value>
          <value>TRAIL BLAZER LS</value>
          <value>TRANS AM</value>
          <value>TRIBUTE LX</value>
          <value>TUNDRA</value>
          <value>VOYAGER</value>
          <value>WINDSTAR</value>
          <value>WRANGLER</value>
        </domain>
      </attr>
    </attrgroup>
    <attrgroup>
      <attr name="MILEAGE" ename="mileage">
        <domain format="selection_list">
          <value>ALL MILEAGE</value>
          <value>Up To 10,000</value>
          <value>Up To 20,000</value>
          <value>Up To 30,000</value>
          <value>Up To 40,000</value>
          <value>Up To 50,000</value>
          <value>Up To 60,000</value>
          <value>Up To 70,000</value>
          <value>Up To 80,000</value>
          <value>Up To 90,000</value>
          <value>Up To 100,000</value>
          <value>Up To 110,000</value>
          <value>Up To 120,000</value>
          <value>Up To 160,000</value>
        </domain>
      </attr>
    </attrgroup>
    <attrgroup>
      <attr name="Internet Price" ename="internet price">
        <domain format="selection_list">
          <value>ALL PRICES</value>
          <value>Up To 5000</value>
          <value>Up To 10000</value>
          <value>Up To 15000</value>
          <value>Up To 20000</value>
          <value>Up To 25000</value>
          <value>Up To 30000</value>
          <value>Up To 35000</value>
        </domain>
      </attr>
    </attrgroup>
  </form>
</source>