<source url="http://www.carbuyer.com/" interurl="http://www.carbuyer.com/index.phtml">
  <srcname>Carbuyer.com</srcname>
  <form>
    <attrgroup>
      <attr name="MAKE" ename="make">
        <domain format="selection_list">
          <value>------ All Makes ------</value>
          <value>Acura</value>
          <value>Alfa Romeo</value>
          <value>AMC</value>
          <value>Aston Martin</value>
          <value>Audi</value>
          <value>Austin Healey</value>
          <value>Bentley</value>
          <value>BMW</value>
          <value>Bricklin</value>
          <value>Bugatti</value>
          <value>Buick</value>
          <value>Cadillac</value>
          <value>Checker</value>
          <value>Chevrolet</value>
          <value>Chrysler</value>
          <value>Citroen</value>
          <value>Custom</value>
          <value>Daewoo</value>
          <value>Daihatsu</value>
          <value>Datsun</value>
          <value>DeLorean</value>
          <value>DeSoto</value>
          <value>DeTomaso</value>
          <value>Dodge</value>
          <value>Eagle</value>
          <value>Excalibur</value>
          <value>Ferrari</value>
          <value>Fiat</value>
          <value>Ford</value>
          <value>Geo</value>
          <value>Honda</value>
          <value>Hyundai</value>
          <value>Infiniti</value>
          <value>Isuzu</value>
          <value>Jaguar</value>
          <value>Jensen</value>
          <value>Kia</value>
          <value>Kit Car</value>
          <value>Lada</value>
          <value>Lagonda</value>
          <value>Lamborghini</value>
          <value>Lancia</value>
          <value>Lexus</value>
          <value>Lincoln</value>
          <value>Lotus</value>
          <value>Maserati</value>
          <value>Mazda</value>
          <value>Mercedes-Benz</value>
          <value>Mercury</value>
          <value>Merkur</value>
          <value>MG</value>
          <value>Mini</value>
          <value>Mitsubishi</value>
          <value>Nissan</value>
          <value>Oldsmobile</value>
          <value>Opel</value>
          <value>Packard</value>
          <value>Peugeot</value>
          <value>Plymouth</value>
          <value>Pontiac</value>
          <value>Porsche</value>
          <value>Renault</value>
          <value>Rolls Royce</value>
          <value>Saab</value>
          <value>Saturn</value>
          <value>Skoda</value>
          <value>Sterling</value>
          <value>Studebaker</value>
          <value>Subaru</value>
          <value>Sunbeam</value>
          <value>Suzuki</value>
          <value>Toyota</value>
          <value>Triumph</value>
          <value>TVR</value>
          <value>Volkswagen</value>
          <value>Volvo</value>
          <value>Yugo</value>
          <value>Zimmer</value>
          <value>[Other]</value>
        </domain>
      </attr>
    </attrgroup>
    <attrgroup>
      <attr name="LOCATION" ename="location">
        <domain format="selection_list">
          <value>------ All Areas ------</value>
          <value>Alabama</value>
          <value>Alaska</value>
          <value>Arizona</value>
          <value>Arkansas</value>
          <value>California</value>
          <value>Colorado</value>
          <value>Connecticut</value>
          <value>Delaware</value>
          <value>District of Columbia</value>
          <value>Florida</value>
          <value>Georgia</value>
          <value>Hawaii</value>
          <value>Idaho</value>
          <value>Illinois</value>
          <value>Indiana</value>
          <value>Iowa</value>
          <value>Kansas</value>
          <value>Kentucky</value>
          <value>Louisiana</value>
          <value>Maine</value>
          <value>Maryland</value>
          <value>Massachusetts</value>
          <value>Michigan</value>
          <value>Minnesota</value>
          <value>Mississippi</value>
          <value>Missouri</value>
          <value>Montana</value>
          <value>Nebraska</value>
          <value>Nevada</value>
          <value>New Hampshire</value>
          <value>New Jersey</value>
          <value>New Mexico</value>
          <value>New York</value>
          <value>North Carolina</value>
          <value>North Dakota</value>
          <value>Ohio</value>
          <value>Oklahoma</value>
          <value>Oregon</value>
          <value>Pennsylvania</value>
          <value>Rhode Island</value>
          <value>South Carolina</value>
          <value>South Dakota</value>
          <value>Tennessee</value>
          <value>Texas</value>
          <value>Utah</value>
          <value>Vermont</value>
          <value>Virginia</value>
          <value>Washington</value>
          <value>West Virginia</value>
          <value>Wisconsin</value>
          <value>Wyoming</value>
          <value>Alberta</value>
          <value>British Columbia</value>
          <value>Manitoba</value>
          <value>New Brunswick</value>
          <value>Newfoundland</value>
          <value>Northwest Territories</value>
          <value>Nova Scotia</value>
          <value>Ontario</value>
          <value>Prince Edward Island</value>
          <value>Quebec</value>
          <value>Saskatchewan</value>
          <value>Yukon Territory</value>
          <value>Mexico</value>
          <value>Europe</value>
          <value>Great Britain</value>
          <value>Germany</value>
          <value>Australia</value>
          <value>Japan</value>
          <value>South America</value>
          <value>Other</value>
        </domain>
      </attr>
    </attrgroup>
  </form>
</source>