<source url="http://www.carparts.com/" interurl="http://www.carparts.com/">
  <srcname>CarParts.com</srcname>
  <form>
    <attrgroup>
      <attr name="" ename="">
        <additional>Choose your vehicle make and year</additional>
        <domain format="selection_list">
          <value>Choose a Make</value>
          <value>Acura</value>
          <value>Alfa Romeo</value>
          <value>AM General</value>
          <value>AMC</value>
          <value>Audi</value>
          <value>Bentley</value>
          <value>BMW</value>
          <value>Buick</value>
          <value>Cadillac</value>
          <value>Chevrolet</value>
          <value>Chrysler</value>
          <value>Crosley</value>
          <value>Daewoo</value>
          <value>Daihatsu</value>
          <value>De Soto</value>
          <value>Dodge</value>
          <value>Eagle</value>
          <value>Edsel</value>
          <value>Fiat</value>
          <value>Ford</value>
          <value>Frazer</value>
          <value>General Motors</value>
          <value>Geo</value>
          <value>GMC</value>
          <value>Henry J</value>
          <value>Hillman</value>
          <value>Honda</value>
          <value>Hudson</value>
          <value>Hyundai</value>
          <value>Infiniti</value>
          <value>International</value>
          <value>Isuzu</value>
          <value>Jaguar</value>
          <value>Jeep</value>
          <value>Kaiser</value>
          <value>Kia</value>
          <value>Land Rover</value>
          <value>Lexus</value>
          <value>Lotus</value>
          <value>Lincoln</value>
          <value>Mazda</value>
          <value>Mercedes</value>
          <value>Mercury</value>
          <value>Merkur</value>
          <value>MG</value>
          <value>Mitsubishi</value>
          <value>Nash</value>
          <value>Nissan</value>
          <value>Oldsmobile</value>
          <value>Opel</value>
          <value>Packard</value>
          <value>Peugeot</value>
          <value>Plymouth</value>
          <value>Pontiac</value>
          <value>Porsche</value>
          <value>Rambler</value>
          <value>Renault</value>
          <value>Rolls Royce</value>
          <value>Saab</value>
          <value>Saturn</value>
          <value>Studebaker</value>
          <value>Subaru</value>
          <value>Sunbeam</value>
          <value>Suzuki</value>
          <value>Toyota</value>
          <value>Triumph</value>
          <value>Volkswagen</value>
          <value>Volvo</value>
          <value>Yugo</value>
        </domain>
      </attr>
    </attrgroup>
    <attrgroup>
      <attr name="" ename="">
        <additional>Choose your vehicle make and year</additional>
        <domain format="selection_list">
          <value>Year</value>
          <value>2001</value>
          <value>2000</value>
          <value>1999</value>
          <value>1998</value>
          <value>1997</value>
          <value>1996</value>
          <value>1995</value>
          <value>1994</value>
          <value>1993</value>
          <value>1992</value>
          <value>1991</value>
          <value>1990</value>
          <value>1989</value>
          <value>1988</value>
          <value>1987</value>
          <value>1986</value>
          <value>1985</value>
          <value>1984</value>
          <value>1983</value>
          <value>1982</value>
          <value>1981</value>
          <value>1980</value>
          <value>1979</value>
          <value>1978</value>
          <value>1977</value>
          <value>1976</value>
          <value>1975</value>
          <value>1974</value>
          <value>1973</value>
          <value>1972</value>
          <value>1971</value>
          <value>1970</value>
          <value>1969</value>
          <value>1968</value>
          <value>1967</value>
          <value>1966</value>
          <value>1965</value>
          <value>1964</value>
          <value>1963</value>
          <value>1962</value>
          <value>1961</value>
          <value>1960</value>
          <value>1959</value>
          <value>1958</value>
          <value>1957</value>
          <value>1956</value>
          <value>1955</value>
          <value>1954</value>
          <value>1953</value>
          <value>1952</value>
          <value>1951</value>
          <value>1950</value>
        </domain>
      </attr>
    </attrgroup>
  </form>
</source>