<source url="http://www.carsforsale.com/" interurl="http://www.carsforsale.com/">
  <srcname>Carsforsale.com - Buy Used Cars, Sell Your Car</srcname>
  <form>
    <attrgroup>
      <attr name="Location" ename="location">
        <domain format="selection_list">
          <value>Any</value>
          <value>Alabama</value>
          <value>Alaska</value>
          <value>American Samoa</value>
          <value>Arizona</value>
          <value>Arkansas</value>
          <value>California</value>
          <value>Canal Zone</value>
          <value>Colorado</value>
          <value>Connecticut</value>
          <value>Delaware</value>
          <value>Dist. of Col.</value>
          <value>Florida</value>
          <value>Georgia</value>
          <value>Guam</value>
          <value>Hawaii</value>
          <value>Idaho</value>
          <value>Illinois</value>
          <value>Indiana</value>
          <value>Iowa</value>
          <value>Kansas</value>
          <value>Kentucky</value>
          <value>Louisiana</value>
          <value>Maine</value>
          <value>Maryland</value>
          <value>Massachusetts</value>
          <value>Michigan</value>
          <value>Minnesota</value>
          <value>Mississippi</value>
          <value>Missouri</value>
          <value>Montana</value>
          <value>Nebraska</value>
          <value>Nevada</value>
          <value>New Hampshire</value>
          <value>New Jersey</value>
          <value>New Mexico</value>
          <value>New York</value>
          <value>North Carolina</value>
          <value>North Dakota</value>
          <value>Northern Mariana</value>
          <value>Ohio</value>
          <value>Oklahoma</value>
          <value>Oregon</value>
          <value>Pennsylvania</value>
          <value>Puerto Rico</value>
          <value>Rhode Island</value>
          <value>South Carolina</value>
          <value>South Dakota</value>
          <value>Tennessee</value>
          <value>Texas</value>
          <value>Trust Territories</value>
          <value>Utah</value>
          <value>Vermont</value>
          <value>Virgin Islands</value>
          <value>Virginia</value>
          <value>Washington</value>
          <value>West Virginia</value>
          <value>Wisconsin</value>
          <value>Wyoming</value>
        </domain>
      </attr>
    </attrgroup>
    <attrgroup>
      <attr name="Year" level="1" ename="year">
        <input>
          <operator name="" ename="" />
          <domain format="selection_list">
            <value>Any</value>
            <value>2004</value>
            <value>2003</value>
            <value>2002</value>
            <value>2001</value>
            <value>2000</value>
            <value>1999</value>
            <value>1998</value>
            <value>1997</value>
            <value>1996</value>
            <value>1995</value>
            <value>1994</value>
            <value>1993</value>
            <value>1992</value>
            <value>1991</value>
            <value>1990</value>
            <value>1989</value>
            <value>1988</value>
            <value>1987</value>
            <value>1986</value>
            <value>1985</value>
            <value>1984</value>
            <value>1983</value>
            <value>1982</value>
            <value>1981</value>
            <value>1980</value>
            <value>1979</value>
            <value>1978</value>
            <value>1977</value>
            <value>1976</value>
            <value>1975</value>
            <value>1974</value>
            <value>1973</value>
            <value>1972</value>
            <value>1971</value>
            <value>1970</value>
            <value>1969</value>
            <value>1968</value>
            <value>1967</value>
            <value>1966</value>
            <value>1965</value>
            <value>1964</value>
            <value>1963</value>
            <value>1962</value>
            <value>1961</value>
            <value>1960</value>
            <value>1959</value>
            <value>1958</value>
            <value>1957</value>
            <value>1956</value>
            <value>1955</value>
            <value>1954</value>
            <value>1953</value>
            <value>1952</value>
            <value>1951</value>
            <value>1950</value>
            <value>1949</value>
            <value>1948</value>
            <value>1947</value>
            <value>1946</value>
            <value>1945</value>
            <value>1944</value>
            <value>1943</value>
            <value>1942</value>
            <value>1941</value>
            <value>1940</value>
            <value>1939</value>
            <value>1938</value>
            <value>1937</value>
            <value>1936</value>
            <value>1935</value>
            <value>1934</value>
            <value>1933</value>
            <value>1932</value>
            <value>1931</value>
            <value>1930</value>
            <value>1929</value>
            <value>1928</value>
            <value>1927</value>
            <value>1926</value>
            <value>1925</value>
            <value>1924</value>
            <value>1923</value>
            <value>1922</value>
            <value>1921</value>
            <value>1920</value>
          </domain>
        </input>
        <input>
          <operator name="To" ename="to" />
          <domain format="selection_list">
            <value>Any</value>
            <value>2004</value>
            <value>2003</value>
            <value>2002</value>
            <value>2001</value>
            <value>2000</value>
            <value>1999</value>
            <value>1998</value>
            <value>1997</value>
            <value>1996</value>
            <value>1995</value>
            <value>1994</value>
            <value>1993</value>
            <value>1992</value>
            <value>1991</value>
            <value>1990</value>
            <value>1989</value>
            <value>1988</value>
            <value>1987</value>
            <value>1986</value>
            <value>1985</value>
            <value>1984</value>
            <value>1983</value>
            <value>1982</value>
            <value>1981</value>
            <value>1980</value>
            <value>1979</value>
            <value>1978</value>
            <value>1977</value>
            <value>1976</value>
            <value>1975</value>
            <value>1974</value>
            <value>1973</value>
            <value>1972</value>
            <value>1971</value>
            <value>1970</value>
            <value>1969</value>
            <value>1968</value>
            <value>1967</value>
            <value>1966</value>
            <value>1965</value>
            <value>1964</value>
            <value>1963</value>
            <value>1962</value>
            <value>1961</value>
            <value>1960</value>
            <value>1959</value>
            <value>1958</value>
            <value>1957</value>
            <value>1956</value>
            <value>1955</value>
            <value>1954</value>
            <value>1953</value>
            <value>1952</value>
            <value>1951</value>
            <value>1950</value>
            <value>1949</value>
            <value>1948</value>
            <value>1947</value>
            <value>1946</value>
            <value>1945</value>
            <value>1944</value>
            <value>1943</value>
            <value>1942</value>
            <value>1941</value>
            <value>1940</value>
            <value>1939</value>
            <value>1938</value>
            <value>1937</value>
            <value>1936</value>
            <value>1935</value>
            <value>1934</value>
            <value>1933</value>
            <value>1932</value>
            <value>1931</value>
            <value>1930</value>
            <value>1929</value>
            <value>1928</value>
            <value>1927</value>
            <value>1926</value>
            <value>1925</value>
            <value>1924</value>
            <value>1923</value>
            <value>1922</value>
            <value>1921</value>
            <value>1920</value>
          </domain>
        </input>
      </attr>
    </attrgroup>
    <attrgroup>
      <attr name="Make" ename="make">
        <domain format="selection_list">
          <value>Any</value>
          <value>Acura</value>
          <value>Alfa Romeo</value>
          <value>AM General</value>
          <value>AMCAston Martin</value>
          <value>Audi</value>
          <value>Austin</value>
          <value>Avanti</value>
          <value>Bentley</value>
          <value>BMW</value>
          <value>Buick</value>
          <value>Cadillac</value>
          <value>Chevrolet</value>
          <value>Chief</value>
          <value>Chrysler</value>
          <value>Citroen</value>
          <value>Daewoo</value>
          <value>Daihatsu</value>
          <value>Datsun</value>
          <value>De Tomaso</value>
          <value>Delorean</value>
          <value>Desoto</value>
          <value>DICO</value>
          <value>Dodge</value>
          <value>Eagle</value>
          <value>Excalibur</value>
          <value>Ferrari</value>
          <value>Fiat</value>
          <value>Ford</value>
          <value>Geo</value>
          <value>GMGMC</value>
          <value>Harley Davidson</value>
          <value>Honda</value>
          <value>Hummer</value>
          <value>Hyundai</value>
          <value>Infiniti</value>
          <value>International</value>
          <value>Isuzu</value>
          <value>Jaguar</value>
          <value>Jeep</value>
          <value>Kenworth</value>
          <value>KIA</value>
          <value>Lamborghini</value>
          <value>Land Rover</value>
          <value>Lexus</value>
          <value>Lincoln</value>
          <value>Lotus</value>
          <value>Mack</value>
          <value>Maserati</value>
          <value>Mazda</value>
          <value>Mercedes</value>
          <value>Mercury</value>
          <value>Merkur</value>
          <value>MG</value>
          <value>Mitsubishi</value>
          <value>Morgan</value>
          <value>Nissan</value>
          <value>Oldsmobile</value>
          <value>Other</value>
          <value>Packard</value>
          <value>Peterbilt</value>
          <value>Peugeot</value>
          <value>Plymouth</value>
          <value>Pontiac</value>
          <value>Porsche</value>
          <value>Renault</value>
          <value>Rolls-Royce</value>
          <value>Saab</value>
          <value>Safari</value>
          <value>Saturn</value>
          <value>Shelby</value>
          <value>SkyLine</value>
          <value>Spartan</value>
          <value>Sterling</value>
          <value>Studebaker</value>
          <value>Stutz</value>
          <value>Subaru</value>
          <value>Suzuki</value>
          <value>Toyota</value>
          <value>Triumph</value>
          <value>Volkswagen</value>
          <value>Volvo</value>
          <value>Willys</value>
          <value>Winnebago</value>
        </domain>
      </attr>
    </attrgroup>
    <attrgroup>
      <attr name="Model" ename="model">
        <domain format="selection_list">
          <value>Any</value>
          <value>Accent</value>
          <value>Elantra</value>
          <value>Excel</value>
          <value>Pony</value>
          <value>Santa Fe</value>
          <value>Scoupe</value>
          <value>Sonata</value>
          <value>Stellar</value>
          <value>Tiburon</value>
          <value>XG300</value>
        </domain>
      </attr>
    </attrgroup>
  </form>
</source>