<source url="http://www.2buycars.net/" interurl="http://www.2buycars.net/search2.asp">
  <srcname>Cars For Sale By Owner, Auto Classified Advertising Car Listings</srcname>
  <form>
    <attrgroup>
      <attr name="Select Your State" ename="state">
        <domain format="selection_list">
          <value>ALL</value>
          <value>ALABAMA</value>
          <value>ALASKA</value>
          <value>AMERICAN SAMOA</value>
          <value>ARIZONA</value>
          <value>ARKANSAS</value>
          <value>CALIFORNIA</value>
          <value>COLORADO</value>
          <value>CONNECTICUT</value>
          <value>DELAWARE</value>
          <value>DISTRICT OF COLUMBIA</value>
          <value>FLORIDA</value>
          <value>GEORGIA</value>
          <value>GUAM</value>
          <value>HAWAII</value>
          <value>IDAHO</value>
          <value>ILLINOIS</value>
          <value>INDIANA</value>
          <value>IOWA</value>
          <value>KANSAS</value>
          <value>KENTUCKY</value>
          <value>LOUISIANA</value>
          <value>MAINE</value>
          <value>MARSHALL ISLANDS</value>
          <value>MARYLAND</value>
          <value>MASSACHUSETTS</value>
          <value>MICHIGAN</value>
          <value>MINNESOTA</value>
          <value>MISSISSIPPI</value>
          <value>MISSOURI</value>
          <value>MONTANA</value>
          <value>NEBRASKA</value>
          <value>NEVADA</value>
          <value>NEW HAMPSHIRE</value>
          <value>NEW JERSEY</value>
          <value>NEW MEXICO</value>
          <value>NEW YORK</value>
          <value>NORTH CAROLINA</value>
          <value>NORTH DAKOTA</value>
          <value>OHIO</value>
          <value>OKLAHOMA</value>
          <value>OREGON</value>
          <value>PALAU</value>
          <value>PENNSYLVANIA</value>
          <value>PUERTO RICO</value>
          <value>RHODE ISLAND</value>
          <value>SOUTH CAROLINA</value>
          <value>SOUTH DAKOTA</value>
          <value>TENNESSEE</value>
          <value>TEXAS</value>
          <value>UTAH</value>
          <value>VERMONT</value>
          <value>VIRGIN ISLANDS</value>
          <value>VIRGINIA</value>
          <value>WASHINGTON</value>
          <value>WEST VIRGINIA</value>
          <value>WISCONSIN</value>
          <value>WYOMING</value>
        </domain>
      </attr>
    </attrgroup>
    <attrgroup>
      <attr name="" ename="">
        <input>
          <operator name="MAXimum Price" ename="maximum price" />
          <domain format="text_box" />
        </input>
        <input>
          <operator name="MINimum Price" ename="minimum price" />
          <domain format="text_box" />
        </input>
      </attr>
    </attrgroup>
    <attrgroup>
      <attr name="Listing Type" ename="listing type">
        <domain format="selection_list">
          <value>For Sale</value>
        </domain>
      </attr>
    </attrgroup>
    <attrgroup>
      <attr name="County(s)" ename="county">
        <domain format="selection_list">
          <value>ALL</value>
        </domain>
      </attr>
    </attrgroup>
    <attrgroup>
      <attr name="Zip Code" ename="zip code">
        <domain format="text_box" />
      </attr>
    </attrgroup>
    <attrgroup>
      <attr name="Sale Type" ename="sale type">
        <domain format="selection_list">
          <value>ALL</value>
          <value>private party</value>
          <value>used by dealer</value>
          <value>new by dealer</value>
        </domain>
      </attr>
    </attrgroup>
    <attrgroup>
      <attr name="Category" ename="category">
        <domain format="selection_list">
          <value>ALL</value>
          <value>Two-Door Coupe</value>
          <value>Four-Door Sedan</value>
          <value>Hatchback</value>
          <value>Wagon</value>
          <value>Sport/Utility</value>
          <value>Truck</value>
          <value>Convertible</value>
          <value>Minivan/Van</value>
        </domain>
      </attr>
    </attrgroup>
    <attrgroup>
      <attr name="Make" ename="make">
        <domain format="selection_list">
          <value>Acura</value>
          <value>Alfa Romeo</value>
          <value>American Motors</value>
          <value>AM General</value>
          <value>Aston Martin</value>
          <value>Audi</value>
          <value>Austin Healey</value>
          <value>Bantam</value>
          <value>Bentley</value>
          <value>BMW</value>
          <value>Bricklin</value>
          <value>Buell</value>
          <value>Bugatti</value>
          <value>Buick</value>
          <value>Cadillac</value>
          <value>Checker</value>
          <value>Chevrolet</value>
          <value>Chrysler</value>
          <value>Citroen</value>
          <value>Daihatsu</value>
          <value>Datsun</value>
          <value>DeLorean</value>
          <value>DeSoto</value>
          <value>Dodge</value>
          <value>Eagle</value>
          <value>Ferrari</value>
          <value>Fiat</value>
          <value>Ford</value>
          <value>Geo</value>
          <value>GMC</value>
          <value>Hillman</value>
          <value>Honda</value>
          <value>Hyundai</value>
          <value>International</value>
          <value>Infiniti</value>
          <value>Isuzu</value>
          <value>Jensen</value>
          <value>Jaguar</value>
          <value>Jeep</value>
          <value>Kia</value>
          <value>Lamborghini</value>
          <value>Lancia</value>
          <value>Lexus</value>
          <value>Lincoln</value>
          <value>Lotus</value>
          <value>Maserati</value>
          <value>Morris</value>
          <value>Mazda</value>
          <value>Mercedes-Benz</value>
          <value>Mercury</value>
          <value>Merkur</value>
          <value>MG</value>
          <value>Mitsubishi</value>
          <value>Nissan</value>
          <value>Oldsmobile</value>
          <value>Opel</value>
          <value>Packard</value>
          <value>Peugeot</value>
          <value>Plymouth</value>
          <value>Pontiac</value>
          <value>Porsche</value>
          <value>Renault</value>
          <value>Rolls Royce</value>
          <value>Saab</value>
          <value>Saturn</value>
          <value>Sterling</value>
          <value>Studebaker</value>
          <value>Subaru</value>
          <value>Sunbeam</value>
          <value>Suzuki</value>
          <value>Toyota</value>
          <value>TVR</value>
          <value>Triumph</value>
          <value>Volkswagen</value>
          <value>Volvo</value>
          <value>Yugo</value>
        </domain>
      </attr>
    </attrgroup>
    <attrgroup>
      <attr name="Model" ename="model">
        <domain format="text_box" />
      </attr>
    </attrgroup>
    <attrgroup>
      <attr name="MAXimum Desired Mileage" ename="maximum desired mileage">
        <domain format="text_box" />
      </attr>
    </attrgroup>
    <attrgroup>
      <attr name="Exterior Color" ename="exterior color">
        <domain format="text_box" />
      </attr>
    </attrgroup>
    <attrgroup>
      <attr name="Oldest Year Desired" ename="oldest year desired">
        <domain format="selection_list">
          <value>ALL</value>
          <value>1900</value>
          <value>1925</value>
          <value>1930</value>
          <value>1935</value>
          <value>1940</value>
          <value>1945</value>
          <value>1950</value>
          <value>1955</value>
          <value>1956</value>
          <value>1957</value>
          <value>1958</value>
          <value>1959</value>
          <value>1960</value>
          <value>1961</value>
          <value>1962</value>
          <value>1963</value>
          <value>1964</value>
          <value>1965</value>
          <value>1966</value>
          <value>1967</value>
          <value>1968</value>
          <value>1969</value>
          <value>1970</value>
          <value>1971</value>
          <value>1972</value>
          <value>1973</value>
          <value>1974</value>
          <value>1975</value>
          <value>1976</value>
          <value>1977</value>
          <value>1978</value>
          <value>1979</value>
          <value>1980</value>
          <value>1981</value>
          <value>1982</value>
          <value>1983</value>
          <value>1984</value>
          <value>1985</value>
          <value>1986</value>
          <value>1987</value>
          <value>1988</value>
          <value>1989</value>
          <value>1990</value>
          <value>1991</value>
          <value>1992</value>
          <value>1993</value>
          <value>1994</value>
          <value>1995</value>
          <value>1996</value>
          <value>1997</value>
          <value>1998</value>
          <value>1999</value>
          <value>2000</value>
          <value>2001</value>
          <value>2002</value>
          <value>2003</value>
        </domain>
      </attr>
    </attrgroup>
    <attrgroup>
      <attr name="Engine" ename="engine">
        <domain format="selection_list">
          <value>ALL</value>
          <value>8 Cylinder</value>
          <value>6 Cylinder</value>
          <value>4 Cylinder</value>
          <value>Other</value>
        </domain>
      </attr>
    </attrgroup>
    <attrgroup>
      <attr name="Transmission" ename="transmission">
        <domain format="selection_list">
          <value>ALL</value>
          <value>Automatic</value>
          <value>Standard</value>
        </domain>
      </attr>
    </attrgroup>
    <attrgroup>
      <attr name="" ename="">
        <domain format="check_box">
          <option>One Owner</option>
          <option>Power Accessories</option>
          <option>Sun Roof</option>
          <option>4 Wheel Drive</option>
          <option>Air Conditioning</option>
        </domain>
      </attr>
    </attrgroup>
  </form>
</source>