<source url="http://www.classicmo.com/" interurl="http://www.classicmo.com/powersearch.cfm">
  <srcname>Classic Motors, Inc.</srcname>
  <form>
    <attrgroup>
      <attr name="Year:" level="1" ename="year">
        <input>
          <operator name="Between" ename="between" />
          <domain format="selection_list">
            <value>2004</value>
            <value>2003</value>
            <value>2002</value>
            <value>2001</value>
            <value>2000</value>
            <value>1999</value>
            <value>1998</value>
            <value>1997</value>
            <value>1996</value>
            <value>1995</value>
            <value>1994</value>
            <value>1993</value>
            <value>1992</value>
            <value>1991</value>
            <value>1990</value>
            <value>1989</value>
            <value>1988</value>
            <value>1987</value>
            <value>1986</value>
            <value>1985</value>
            <value>1984</value>
            <value>1983</value>
            <value>1982</value>
            <value>1981</value>
            <value>1980</value>
            <value>1979</value>
            <value>1978</value>
            <value>1977</value>
            <value>1976</value>
            <value>1975</value>
            <value>1974</value>
            <value>1973</value>
            <value>1972</value>
            <value>1971</value>
            <value>1970</value>
          </domain>
        </input>
        <input>
          <operator name="and" ename="and" />
          <domain format="selection_list">
            <value>2004</value>
            <value>2003</value>
            <value>2002</value>
            <value>2001</value>
            <value>2000</value>
            <value>1999</value>
            <value>1998</value>
            <value>1997</value>
            <value>1996</value>
            <value>1995</value>
            <value>1994</value>
            <value>1993</value>
            <value>1992</value>
            <value>1991</value>
            <value>1990</value>
            <value>1989</value>
            <value>1988</value>
            <value>1987</value>
            <value>1986</value>
            <value>1985</value>
            <value>1984</value>
            <value>1983</value>
            <value>1982</value>
            <value>1981</value>
            <value>1980</value>
            <value>1979</value>
            <value>1978</value>
            <value>1977</value>
            <value>1976</value>
            <value>1975</value>
            <value>1974</value>
            <value>1973</value>
            <value>1972</value>
            <value>1971</value>
            <value>1970</value>
          </domain>
        </input>
      </attr>
    </attrgroup>
    <attrgroup>
      <attr name="Make:" ename="make">
        <domain format="selection_list">
          <value>Any</value>
          <value>Acura</value>
          <value>Audi</value>
          <value>BMW</value>
          <value>Buick</value>
          <value>Cadillac</value>
          <value>Chevrolet</value>
          <value>CHEVROLETE</value>
          <value>CHRY SLER</value>
          <value>Chrysler</value>
          <value>Dodge</value>
          <value>Eagle</value>
          <value>Ford</value>
          <value>Geo</value>
          <value>GMC</value>
          <value>Honda</value>
          <value>Infiniti</value>
          <value>Isuzu</value>
          <value>Jaguar</value>
          <value>Jeep</value>
          <value>Kia</value>
          <value>Lexus</value>
          <value>Lincoln</value>
          <value>Mazda</value>
          <value>Mercedes-Benz</value>
          <value>Mercury</value>
          <value>MITSIBUISH</value>
          <value>Mitsubishi</value>
          <value>Nissan</value>
          <value>OLDS</value>
          <value>Oldsmobile</value>
          <value>Plymouth</value>
          <value>PONITAC</value>
          <value>Pontiac</value>
          <value>Saab</value>
          <value>Saturn</value>
          <value>Subaru</value>
          <value>Suzuki</value>
          <value>Toyota</value>
          <value>Volkswagen</value>
          <value>Volvo</value>
        </domain>
      </attr>
    </attrgroup>
    <attrgroup>
      <attr name="Model:" ename="model">
        <domain format="text_box" />
      </attr>
    </attrgroup>
    <attrgroup>
      <attr name="Max Price: $" ename="max price">
        <domain format="text_box" />
      </attr>
    </attrgroup>
    <attrgroup>
      <attr name="Category:" ename="category">
        <domain format="selection_list">
          <value>Any</value>
          <value>Cars</value>
          <value>SUVs</value>
          <value>Trucks</value>
          <value>Vans</value>
        </domain>
      </attr>
    </attrgroup>
  </form>
</source>