<source url="http://www.consumerreports.org/" interurl="http://www.consumerreports.org/main/search/used_car_truck.jsp?AFFID=00000019&amp;AFFADID=00000002">
  <srcname>ComsumerReports.com</srcname>
  <form>
    <attrgroup>
      <attr name="" ename="">
        <input>
          <operator name="Lowest Price:" ename="lowest price" />
          <domain format="selection_list">
            <value>$0.00</value>
            <value>$2,000</value>
            <value>$4,000</value>
            <value>$6,000</value>
            <value>$8,000</value>
            <value>$10,000</value>
            <value>$12,000</value>
            <value>$14,000</value>
            <value>$16,000</value>
            <value>$18,000</value>
            <value>$20,000</value>
            <value>$22,000</value>
            <value>$24,000</value>
            <value>$26,000</value>
            <value>$28,000</value>
            <value>$30,000</value>
          </domain>
        </input>
        <input>
          <operator name="Highest Price:" ename="highest price" />
          <domain format="selection_list">
            <value>$2,000</value>
            <value>$4,000</value>
            <value>$6,000</value>
            <value>$8,000</value>
            <value>$10,000</value>
            <value>$12,000</value>
            <value>$14,000</value>
            <value>$16,000</value>
            <value>$18,000</value>
            <value>$20,000</value>
            <value>$22,000</value>
            <value>$24,000</value>
            <value>$26,000</value>
            <value>$28,000</value>
            <value>$30,000</value>
            <value>Over $30,000</value>
          </domain>
        </input>
      </attr>
    </attrgroup>
    <attrgroup>
      <attr name="Make:" ename="make">
        <domain format="selection_list">
          <value>All</value>
          <value>Acura</value>
          <value>Audi</value>
          <value>BMW</value>
          <value>Buick</value>
          <value>Cadillac</value>
          <value>Chevrolet</value>
          <value>Chrysler</value>
          <value>Dodge</value>
          <value>Eagle</value>
          <value>Ford</value>
          <value>GMC</value>
          <value>Geo</value>
          <value>Honda</value>
          <value>Hyundai</value>
          <value>Infiniti</value>
          <value>Isuzu</value>
          <value>Jaguar</value>
          <value>Jeep</value>
          <value>Kia</value>
          <value>Land</value>
          <value>Lexus</value>
          <value>Lincoln</value>
          <value>Mazda</value>
          <value>Mercedes-Benz</value>
          <value>Mercury</value>
          <value>Mitsubishi</value>
          <value>Nissan</value>
          <value>Oldsmobile</value>
          <value>Plymouth</value>
          <value>Pontiac</value>
          <value>Porsche</value>
          <value>Saab</value>
          <value>Saturn</value>
          <value>Subaru</value>
          <value>Suzuki</value>
          <value>Toyota</value>
          <value>Volkswagen</value>
          <value>Volvo</value>
        </domain>
      </attr>
    </attrgroup>
    <attrgroup>
      <attr name="Type:" ename="type">
        <domain format="selection_list">
          <value>All</value>
          <value>Convertible</value>
          <value>Coupe</value>
          <value>Coupe and convertible</value>
          <value>Family car</value>
          <value>Large car</value>
          <value>Luxury car</value>
          <value>Minivan</value>
          <value>Pickup truck</value>
          <value>Small car</value>
          <value>Sport-utility vehicle</value>
          <value>Sports/sporty car</value>
          <value>Upscale car</value>
        </domain>
      </attr>
    </attrgroup>
    <attrgroup>
      <attr name="Drive wheels available: " ename="drive wheels">
        <domain format="selection_list">
          <value>Any Type</value>
          <value>Rear</value>
          <value>Front</value>
          <value>All Wheel Drive</value>
          <value>Part-time 4WD</value>
          <value>Full-time 4WD</value>
        </domain>
      </attr>
    </attrgroup>
  </form>
</source>