<source url="http://www.crystalautomall.com/" interurl="http://www.crystalautomall.com/f_inventory.cgi">
  <srcname>Crystal Auto Mall  - Green Brook, New Jersey</srcname>
  <form>
    <attrgroup>
      <attr name="MAKE:" ename="make">
        <domain format="selection_list">
          <value>ALL</value>
          <value>-------------------------</value>
          <value>Dodge</value>
          <value>Mazda</value>
          <value>Toyota</value>
        </domain>
      </attr>
    </attrgroup>
    <attrgroup>
      <attr name="MODEL:" ename="model">
        <domain format="selection_list">
          <value>ALL</value>
          <value>-------------------------</value>
          <value>2WD Truck</value>
          <value>4Runner</value>
          <value>Avalon</value>
          <value>B2300 Pickup</value>
          <value>B Series Cargo Van</value>
          <value>Camry</value>
          <value>Camry Solara</value>
          <value>Caravan</value>
          <value>Celica</value>
          <value>Corolla</value>
          <value>Dakota</value>
          <value>Dakota Pickup</value>
          <value>Durango</value>
          <value>Grand Caravan</value>
          <value>Highlander</value>
          <value>Intrepid</value>
          <value>Land Cruiser</value>
          <value>Matrix</value>
          <value>Mazda6</value>
          <value>Miata</value>
          <value>Millenia</value>
          <value>MPV Wagon</value>
          <value>MX5 Miata</value>
          <value>Neon</value>
          <value>Prius</value>
          <value>Protege</value>
          <value>Protege5</value>
          <value>Ram 1500</value>
          <value>Ram 2500</value>
          <value>Ram 3500</value>
          <value>RAV4</value>
          <value>Sequoia</value>
          <value>Sienna</value>
          <value>Speed Protege</value>
          <value>Stratus</value>
          <value>Tacoma</value>
          <value>Tribute</value>
          <value>Tribute SUV</value>
          <value>Tundra Access Cab</value>
        </domain>
      </attr>
    </attrgroup>
    <attrgroup>
      <attr name="YEAR RANGE: " level="1" ename="year range">
        <input>
          <operator name="" ename="" />
          <domain format="selection_list">
            <value>Earliest</value>
            <value>2002</value>
            <value>2003</value>
            <value>2004</value>
          </domain>
        </input>
        <input>
          <operator name="TO" ename="to" />
          <domain format="selection_list">
            <value>Latest</value>
            <value>2002</value>
            <value>2003</value>
            <value>2004</value>
          </domain>
        </input>
      </attr>
    </attrgroup>
    <attrgroup>
      <attr name="MAXIMUM PRICE:" ename="maximum price">
        <domain format="text_box" />
      </attr>
    </attrgroup>
    <attrgroup>
      <attr name="MAXIMUM MILES:" ename="maximum miles">
        <domain format="text_box" />
      </attr>
    </attrgroup>
  </form>
</source>