<source url="http://www.cunninghammotors.com/" interurl="http://www.cunninghammotors.com/">
  <srcname>Cunningham Motors</srcname>
  <form>
    <attrgroup>
      <attr name="select new vehicle" ename="new vehicle">
        <domain format="selection_list">
          <value>Browse New</value>
          <value>View ALL</value>
        </domain>
      </attr>
    </attrgroup>
  </form>
  <form>
    <attrgroup>
      <attr name="select preowned" ename="preowned">
        <domain format="selection_list">
          <value>Browse Pre-owned</value>
          <value>View ALL</value>
        </domain>
      </attr>
    </attrgroup>
  </form>
</source>