<source url="http://www.cybermotors.com/" interurl="http://www.cybermotors.com/db/show.cgi?su=cm.su">
  <srcname>Cyber Motors</srcname>
  <form>
    <attrgroup>
      <attr name="Year:" ename="year">
        <domain format="selection_list">
          <value>All Years</value>
          <value>2000</value>
          <value>1999</value>
          <value>1998</value>
          <value>1997</value>
          <value>1996</value>
          <value>1995</value>
          <value>1994</value>
          <value>1993</value>
          <value>1992</value>
          <value>1991</value>
          <value>1990</value>
          <value>1989</value>
          <value>1988</value>
          <value>1987</value>
          <value>1986</value>
          <value>1985</value>
          <value>1981</value>
          <value>1939</value>
        </domain>
      </attr>
    </attrgroup>
    <attrgroup>
      <attr name="Make:" ename="make">
        <domain format="selection_list">
          <value>All Makes</value>
          <value>Acura</value>
          <value>BMW</value>
          <value>Buick</value>
          <value>Cadillac</value>
          <value>Chevy</value>
          <value>Chrysler</value>
          <value>Dodge</value>
          <value>Eagle</value>
          <value>Ford</value>
          <value>GMC</value>
          <value>Geo</value>
          <value>Honda</value>
          <value>Hyundai</value>
          <value>Infiniti</value>
          <value>Isuzu</value>
          <value>Jeep</value>
          <value>Lexus</value>
          <value>Lincoln</value>
          <value>Mazda</value>
          <value>Mercedes</value>
          <value>Mercury</value>
          <value>Mitsubishi</value>
          <value>Nissan</value>
          <value>Oldsmobile</value>
          <value>Plymouth</value>
          <value>Pontiac</value>
          <value>Saturn</value>
          <value>Suzuki</value>
          <value>Toyota</value>
          <value>Volkswagen</value>
          <value>Volvo</value>
        </domain>
      </attr>
    </attrgroup>
    <attrgroup>
      <attr name="Model:" ename="model">
        <domain format="selection_list">
          <value>All Models</value>
          <value>1500</value>
          <value>2500</value>
          <value>325</value>
          <value>325i</value>
          <value>3500</value>
          <value>400E</value>
          <value>528i</value>
          <value>600SL</value>
          <value>626 LX</value>
          <value>740 TURBO</value>
          <value>740iL</value>
          <value>88</value>
          <value>98</value>
          <value>Accent</value>
          <value>Accord LX</value>
          <value>Accord SE</value>
          <value>Achieva</value>
          <value>Alero</value>
          <value>Altima GXE</value>
          <value>Astro</value>
          <value>Astro LT EXT AWD</value>
          <value>Aurora</value>
          <value>Avenger</value>
          <value>Beretta</value>
          <value>Blazer</value>
          <value>Blazer LS</value>
          <value>Blazer LT</value>
          <value>Bonneville</value>
          <value>Bonneville SE</value>
          <value>Bonneville SSEI</value>
          <value>Bravada</value>
          <value>Bronco XLT</value>
          <value>CRV</value>
          <value>Camaro</value>
          <value>Camry LE</value>
          <value>Camry XLE</value>
          <value>Caprice</value>
          <value>Caravan</value>
          <value>Catera</value>
          <value>Cavalier</value>
          <value>Cavalier</value>
          <value>Cavalier Z24</value>
          <value>Century</value>
          <value>Cherokee</value>
          <value>Cherokee Country</value>
          <value>Cherokee Laredo</value>
          <value>Cherokee Sport</value>
          <value>Ciera SL</value>
          <value>Cirrus</value>
          <value>Concorde</value>
          <value>Contour</value>
          <value>Contour GL</value>
          <value>Corvette</value>
          <value>Cougar</value>
          <value>Crown Victoria</value>
          <value>Cutlass</value>
          <value>Dakota</value>
          <value>Dakota SLT</value>
          <value>Dakota Sport</value>
          <value>DeVille</value>
          <value>Delta 88</value>
          <value>Durango</value>
          <value>Eclipse GS</value>
          <value>Eclipse GS-T</value>
          <value>Elantra</value>
          <value>Eldorado</value>
          <value>Escalade</value>
          <value>Escort</value>
          <value>Escort LX</value>
          <value>Expedition</value>
          <value>Explorer</value>
          <value>Explorer Sport</value>
          <value>Explorer XLT</value>
          <value>F150</value>
          <value>F150 XL</value>
          <value>F150 XL XCAB</value>
          <value>F150 XLT</value>
          <value>F250 XLT</value>
          <value>Firebird</value>
          <value>Firebird Formula</value>
          <value>G-20 Starcraft GT</value>
          <value>Gran Marquis</value>
          <value>Gran Marquis GS</value>
          <value>Grand Am</value>
          <value>Grand Am GT</value>
          <value>Grand Am LE</value>
          <value>Grand Am SE</value>
          <value>Grand Caravan SE</value>
          <value>Grand Cherokee Laredo</value>
          <value>Grand Cherokee Limited</value>
          <value>Grand Marquis</value>
          <value>Grand Prix GT</value>
          <value>Grand Prix GTP</value>
          <value>Grand Vita</value>
          <value>Grand Vitara</value>
          <value>Grand Voyager LE</value>
          <value>I30</value>
          <value>Impala SS</value>
          <value>Integra SE</value>
          <value>Intrepid</value>
          <value>Intrigue</value>
          <value>JX</value>
          <value>Jetta GL</value>
          <value>Jimmy</value>
          <value>LeSabre</value>
          <value>Lemans</value>
          <value>Lumina</value>
          <value>Lumina Euro</value>
          <value>Lumina LS</value>
          <value>Malibu</value>
          <value>Mark VII</value>
          <value>Mark VIII</value>
          <value>Maxima GXE</value>
          <value>Metro</value>
          <value>Mirage LS</value>
          <value>Monte Carlo</value>
          <value>Mustang</value>
          <value>Mystique</value>
          <value>Neon</value>
          <value>Park Avenue</value>
          <value>Pathfinder</value>
          <value>Prelude</value>
          <value>Prizm</value>
          <value>Probe</value>
          <value>Probe GT</value>
          <value>Protege</value>
          <value>RAV4</value>
          <value>RX4</value>
          <value>Ram 1500</value>
          <value>Ram 2500</value>
          <value>Ram 3500</value>
          <value>Ram Van</value>
          <value>Ranger XLT</value>
          <value>Regal</value>
          <value>Riviera</value>
          <value>Roadmaster</value>
          <value>Rodeo</value>
          <value>S10</value>
          <value>S10 Blazer</value>
          <value>SL1</value>
          <value>SL2</value>
          <value>Sable LS</value>
          <value>Sentra</value>
          <value>Sentra GXE</value>
          <value>Seville</value>
          <value>Shadow</value>
          <value>Sidekick</value>
          <value>Sierra 1500 SLE</value>
          <value>Silverado</value>
          <value>Skylark</value>
          <value>Sonata</value>
          <value>Stratus</value>
          <value>Suburban</value>
          <value>Suburban C2500</value>
          <value>Sunfire</value>
          <value>Tahoe</value>
          <value>Talon</value>
          <value>Talon ESI</value>
          <value>Taurus</value>
          <value>Tempo</value>
          <value>Thunderbird LX</value>
          <value>Tiburon</value>
          <value>Topaz LTS</value>
          <value>Town &amp; Country</value>
          <value>Tracer</value>
          <value>Tracker</value>
          <value>Trans Am</value>
          <value>Trans Sport</value>
          <value>Venture</value>
          <value>Voyager</value>
          <value>Wagoneer</value>
          <value>Windstar</value>
          <value>Wrangler</value>
          <value>Z3</value>
        </domain>
      </attr>
    </attrgroup>
    <attrgroup>
      <attr name="Color:" ename="Color">
        <domain format="selection_list">
          <value>All Colors</value>
          <value>Beige</value>
          <value>Black</value>
          <value>Blue</value>
          <value>Brown</value>
          <value>Burgundy</value>
          <value>Champagne</value>
          <value>Cranberry</value>
          <value>Dark Green</value>
          <value>Emerald Green</value>
          <value>Gold</value>
          <value>Gray</value>
          <value>Green</value>
          <value>Iris</value>
          <value>Lt Blue</value>
          <value>Maroon</value>
          <value>Maroon/Red</value>
          <value>Metallic Blue</value>
          <value>Mint Green</value>
          <value>Mulberry</value>
          <value>Other</value>
          <value>Pearl White</value>
          <value>Pewter</value>
          <value>Purple</value>
          <value>Red</value>
          <value>Rose</value>
          <value>Seamist Green</value>
          <value>Silver</value>
          <value>Silver Metallic</value>
          <value>Spruce</value>
          <value>Teal</value>
          <value>White</value>
          <value>White Diamond</value>
          <value>Yellow</value>
        </domain>
      </attr>
    </attrgroup>
    <attrgroup>
      <attr name="Price:" level="1" ename="price">
        <input>
          <operator name="" ename="" />
          <domain format="text_box" />
        </input>
        <input>
          <operator name="to" ename="to" />
          <domain format="text_box" />
        </input>
      </attr>
    </attrgroup>
    <attrgroup>
      <attr name="Stock #" ename="stock">
        <domain format="text_box" />
      </attr>
    </attrgroup>
    <attrgroup>
      <attr name="Dealership:" ename="dealership">
        <domain format="selection_list">
          <value>Auto Network Sales</value>
          <value>Big Boys Toys</value>
          <value>Cadi Auto Wholesale</value>
          <value>D &amp; M Auto Sales</value>
          <value>Ed James Chevy</value>
          <value>Howard Pontiac</value>
          <value>Loren Auto Group</value>
          <value>Madison Auto Exchange</value>
          <value>Marquardt Buick</value>
          <value>Mike Haggerty Pontiac</value>
          <value>Miro Motors</value>
          <value>Olympia Auto</value>
          <value>Peter Levin BMW Pontiac</value>
          <value>Torco Cadillac/Oldsmobile</value>
          <value>Torco Chrysler/Plymouth</value>
          <value>Torco Dodge</value>
          <value>Tri Star Motor Cars</value>
          <value>West Chicago Car Company</value>
          <value>West Side Dodge</value>
        </domain>
      </attr>
    </attrgroup>
  </form>
</source>