<source url="http://www.dealernet.com/" interurl="http://www.dealernet.com/auto_search/inventory.cgi">
  <srcname>DealerNet.com - The Key To Your Car</srcname>
  <form>
    <attrgroup>
      <attr name="" ename="">
        <input>
          <operator name="Zip Code:" ename="zip code" />
          <domain format="text_box" />
        </input>
        <input>
          <operator name="Distance:" ename="distance" />
          <domain format="selection_list">
            <value>10 miles</value>
            <value>25 miles</value>
            <value>50 miles</value>
            <value>75 miles</value>
            <value>100 miles</value>
            <value>150 miles</value>
            <value>200 miles</value>
          </domain>
        </input>
      </attr>
    </attrgroup>
    <attrgroup>
      <attr name="This State Only:" ename="">
        <domain format="radio_button">
          <value>Yes</value>
          <value>No</value>
        </domain>
      </attr>
    </attrgroup>
    <attrgroup>
      <attr name="Inventory Type:" ename="inventory type">
        <domain format="radio_button">
          <value>New and Used</value>
          <value>New</value>
          <value>Used</value>
        </domain>
      </attr>
    </attrgroup>
    <attrgroup>
      <attr name="Select Vehicle Make and Model. Use your Control key to select up to 4 vehicles." ename="make and model">
        <domain format="selection_list">
          <value>--- Acura ---</value>
          <value>Acura CL</value>
          <value>Acura Integra</value>
          <value>Acura Legend</value>
          <value>Acura MDX</value>
          <value>Acura NSX</value>
          <value>Acura RL</value>
          <value>Acura RSX</value>
          <value>Acura SLX</value>
          <value>Acura TL</value>
          <value>Acura Vigor</value>
          <value>--- Alfa Romeo ---</value>
          <value>Alfa Romeo Spider</value>
          <value>--- Audi ---</value>
          <value>Audi 100</value>
          <value>Audi 200</value>
          <value>Audi 80</value>
          <value>Audi 90</value>
          <value>Audi A4</value>
          <value>Audi A4 Series</value>
          <value>Audi A6</value>
          <value>Audi A6 Series</value>
          <value>Audi A8</value>
          <value>Audi A8 Series</value>
          <value>Audi Cabriolet</value>
          <value>Audi Coupe</value>
          <value>Audi S4</value>
          <value>Audi S4 Series</value>
          <value>Audi S6</value>
          <value>Audi S8</value>
          <value>Audi TT</value>
          <value>Audi TT Coupe</value>
          <value>Audi V8</value>
          <value>Audi allroad</value>
          <value>--- BMW ---</value>
          <value>BMW 3-Series</value>
          <value>BMW 323i</value>
          <value>BMW 323iC</value>
          <value>BMW 328i</value>
          <value>BMW 5-Series</value>
          <value>BMW 528i</value>
          <value>BMW 540i</value>
          <value>BMW 7-Series</value>
          <value>BMW 740iL</value>
          <value>BMW 8-Series</value>
          <value>BMW Cooper</value>
          <value>BMW Coupe</value>
          <value>BMW M3</value>
          <value>BMW Sedan</value>
          <value>BMW X5-Series</value>
          <value>BMW Z3</value>
          <value>BMW Z3-Series</value>
          <value>BMW Z4-Series</value>
          <value>BMW Z8</value>
          <value>BMW Z8-Series</value>
          <value>--- Buick ---</value>
          <value>Buick Century</value>
          <value>Buick Electra</value>
          <value>Buick Lesabre</value>
          <value>Buick Park Avenue</value>
          <value>Buick Reatta</value>
          <value>Buick Regal</value>
          <value>Buick Rendezvous</value>
          <value>Buick Riviera</value>
          <value>Buick Roadmaster</value>
          <value>Buick Skyhawk</value>
          <value>Buick Skylark</value>
          <value>--- Cadillac ---</value>
          <value>Cadillac Brougham</value>
          <value>Cadillac CTS</value>
          <value>Cadillac Catera</value>
          <value>Cadillac Concours</value>
          <value>Cadillac DeVille DTS</value>
          <value>Cadillac Deville</value>
          <value>Cadillac Eldorado</value>
          <value>Cadillac Escalade</value>
          <value>Cadillac Escalade ESV</value>
          <value>Cadillac Escalade EXT</value>
          <value>Cadillac Fleetwood</value>
          <value>Cadillac Seville</value>
          <value>Cadillac Sixty Special</value>
          <value>Cadillac d'Elegance</value>
          <value>--- Chevrolet ---</value>
          <value>Chevrolet Astro Cargo</value>
          <value>Chevrolet Astro Cargo Van</value>
          <value>Chevrolet Astro Passenger</value>
          <value>Chevrolet Astro Passenger Wagon</value>
          <value>Chevrolet Astro Van</value>
          <value>Chevrolet Avalanche</value>
          <value>Chevrolet Beretta</value>
          <value>Chevrolet Blazer</value>
          <value>Chevrolet C 3500 HD</value>
          <value>Chevrolet C/K 2500</value>
          <value>Chevrolet C/K 2500 Crew Cab</value>
          <value>Chevrolet C/K 3500</value>
          <value>Chevrolet C/K 3500 Crew Cab</value>
          <value>Chevrolet C1500</value>
          <value>Chevrolet C1500 Pickup 2WD</value>
          <value>Chevrolet C2500 Pickup 2WD</value>
          <value>Chevrolet C3500 Pickup 2WD</value>
          <value>Chevrolet Camaro</value>
          <value>Chevrolet Caprice</value>
          <value>Chevrolet Cavalier</value>
          <value>Chevrolet Celebrity</value>
          <value>Chevrolet Corsica</value>
          <value>Chevrolet Corvette</value>
          <value>Chevrolet Express</value>
          <value>Chevrolet Express Cargo</value>
          <value>Chevrolet Express Cargo Van</value>
          <value>Chevrolet Express Commrcl Cutaway</value>
          <value>Chevrolet Express Van</value>
          <value>Chevrolet Impala</value>
          <value>Chevrolet Impala SS</value>
          <value>Chevrolet K1500</value>
          <value>Chevrolet K2500</value>
          <value>Chevrolet K3500 Pickup 4WD</value>
          <value>Chevrolet Lumina</value>
          <value>Chevrolet Lumina APV</value>
          <value>Chevrolet Malibu</value>
          <value>Chevrolet Metro</value>
          <value>Chevrolet Monte Carlo</value>
          <value>Chevrolet Prizm</value>
          <value>Chevrolet R20 4d Pickup 2WD</value>
          <value>Chevrolet R30 4d Pickup 2WD</value>
          <value>Chevrolet R3500 4d Pickup 2WD</value>
          <value>Chevrolet S-10</value>
          <value>Chevrolet S10</value>
          <value>Chevrolet S10 Blazer</value>
          <value>Chevrolet S10 Pickup</value>
          <value>Chevrolet Silverado 1500</value>
          <value>Chevrolet Silverado 1500HD</value>
          <value>Chevrolet Silverado 2500</value>
          <value>Chevrolet Silverado 2500HD</value>
          <value>Chevrolet Silverado 3500</value>
          <value>Chevrolet Spectrum</value>
          <value>Chevrolet Sportvan</value>
          <value>Chevrolet Suburban</value>
          <value>Chevrolet Tahoe</value>
          <value>Chevrolet Tracker</value>
          <value>Chevrolet TrailBlazer</value>
          <value>Chevrolet V10 Blazer 4WD</value>
          <value>Chevrolet V3500 4d Pickup 4WD</value>
          <value>Chevrolet Venture</value>
          <value>--- Chrysler ---</value>
          <value>Chrysler 300 Series</value>
          <value>Chrysler 300M</value>
          <value>Chrysler Cabriolet</value>
          <value>Chrysler Cirrus</value>
          <value>Chrysler Concorde</value>
          <value>Chrysler Conquest</value>
          <value>Chrysler Daytona</value>
          <value>Chrysler Dynasty</value>
          <value>Chrysler Fifth Avenue</value>
          <value>Chrysler Grand Voyager</value>
          <value>Chrysler Imperial</value>
          <value>Chrysler Intrepid</value>
          <value>Chrysler LHS</value>
          <value>Chrysler Laser</value>
          <value>Chrysler Lebaron</value>
          <value>Chrysler Lebaron Convertible</value>
          <value>Chrysler Neon</value>
          <value>Chrysler New Yorker</value>
          <value>Chrysler New Yorker Fifth Avenue</value>
          <value>Chrysler New Yorker Landau</value>
          <value>Chrysler New Yorker Salon</value>
          <value>Chrysler PT Cruiser</value>
          <value>Chrysler Pacifica</value>
          <value>Chrysler Prowler</value>
          <value>Chrysler Sebring</value>
          <value>Chrysler TC</value>
          <value>Chrysler Town &amp; Country</value>
          <value>Chrysler Voyager</value>
          <value>--- Daewoo ---</value>
          <value>Daewoo Lanos</value>
          <value>Daewoo Leganza</value>
          <value>Daewoo Nubira</value>
          <value>--- Daihatsu ---</value>
          <value>Daihatsu Charade</value>
          <value>Daihatsu Rocky 4WD</value>
          <value>--- Dodge ---</value>
          <value>Dodge 600 Series</value>
          <value>Dodge Aries America</value>
          <value>Dodge Avenger</value>
          <value>Dodge B Series Cargo Van</value>
          <value>Dodge B Series Wagon</value>
          <value>Dodge Caravan</value>
          <value>Dodge Caravan FWD</value>
          <value>Dodge Colt</value>
          <value>Dodge D100 Pickup 2WD</value>
          <value>Dodge D150 Pickup 2WD</value>
          <value>Dodge D250 Pickup 2WD</value>
          <value>Dodge D350 Pickup 2WD</value>
          <value>Dodge Dakota</value>
          <value>Dodge Dakota Pickup</value>
          <value>Dodge Daytona</value>
          <value>Dodge Diplomat</value>
          <value>Dodge Durango</value>
          <value>Dodge Dynasty</value>
          <value>Dodge Grand Caravan</value>
          <value>Dodge Intrepid</value>
          <value>Dodge Lancer</value>
          <value>Dodge Monaco</value>
          <value>Dodge Neon</value>
          <value>Dodge Omni</value>
          <value>Dodge Raider 4WD</value>
          <value>Dodge Ram</value>
          <value>Dodge Ram 1500</value>
          <value>Dodge Ram 2500</value>
          <value>Dodge Ram 3500</value>
          <value>Dodge Ram BR1500</value>
          <value>Dodge Ram BR2500</value>
          <value>Dodge Ram BR3500 Chassis Cab</value>
          <value>Dodge Ram Van</value>
          <value>Dodge Ram Wagon</value>
          <value>Dodge Shadow</value>
          <value>Dodge Spirit</value>
          <value>Dodge Sprinter</value>
          <value>Dodge Stealth</value>
          <value>Dodge Stratus</value>
          <value>Dodge Viper</value>
          <value>Dodge W100 Pickup 4WD</value>
          <value>Dodge W150 Pickup 4WD</value>
          <value>Dodge W250 Pickup 4WD</value>
          <value>Dodge W350 Pickup 4WD</value>
          <value>--- Eagle ---</value>
          <value>Eagle Medallion</value>
          <value>Eagle Premier</value>
          <value>Eagle Summit</value>
          <value>Eagle Talon</value>
          <value>Eagle Vision</value>
          <value>--- Ferrari ---</value>
          <value>Ferrari F355</value>
          <value>--- Ford ---</value>
          <value>Ford Aerostar</value>
          <value>Ford Aerostar Wagon</value>
          <value>Ford Aspire</value>
          <value>Ford Bronco</value>
          <value>Ford Club Wagon</value>
          <value>Ford Contour</value>
          <value>Ford Crown Victoria</value>
          <value>Ford Econoline</value>
          <value>Ford Econoline Commrcl Chassis</value>
          <value>Ford Econoline Cutaway</value>
          <value>Ford Econoline Wagon</value>
          <value>Ford Escape</value>
          <value>Ford Escort</value>
          <value>Ford Escort ZX2</value>
          <value>Ford Excursion</value>
          <value>Ford Expedition</value>
          <value>Ford Explorer</value>
          <value>Ford Explorer 2WD</value>
          <value>Ford Explorer Sport</value>
          <value>Ford Explorer Sport Trac</value>
          <value>Ford F-150</value>
          <value>Ford F-150 Series</value>
          <value>Ford F-150 SuperCrew</value>
          <value>Ford F-250 Series</value>
          <value>Ford F150</value>
          <value>Ford F250</value>
          <value>Ford F350</value>
          <value>Ford F450</value>
          <value>Ford F550</value>
          <value>Ford Festiva</value>
          <value>Ford Focus</value>
          <value>Ford Ltd Crown Victoria</value>
          <value>Ford Mustang</value>
          <value>Ford Probe</value>
          <value>Ford Ranger</value>
          <value>Ford Ranger Pickup</value>
          <value>Ford Super Duty F-250</value>
          <value>Ford Super Duty F-350 DRW</value>
          <value>Ford Super Duty F-350 SRW</value>
          <value>Ford Super Duty F-650</value>
          <value>Ford Taurus</value>
          <value>Ford Tempo</value>
          <value>Ford Thunderbird</value>
          <value>Ford Windstar</value>
          <value>--- GMC ---</value>
          <value>GMC C1500</value>
          <value>GMC C2500 Pickup 2WD</value>
          <value>GMC C3500 Pickup 2WD</value>
          <value>GMC Denali</value>
          <value>GMC Envoy</value>
          <value>GMC Envoy XL</value>
          <value>GMC Jimmy</value>
          <value>GMC K1500</value>
          <value>GMC K2500</value>
          <value>GMC K3500 Pickup 4WD</value>
          <value>GMC R2500 4d Pickup 2WD</value>
          <value>GMC R3500 4d Pickup 2WD</value>
          <value>GMC Rally</value>
          <value>GMC S15 Jimmy</value>
          <value>GMC Safari</value>
          <value>GMC Safari Cargo</value>
          <value>GMC Safari Passenger</value>
          <value>GMC Safari Passenger Wagon</value>
          <value>GMC Savana</value>
          <value>GMC Savana Cargo</value>
          <value>GMC Savana Cargo Van</value>
          <value>GMC Savana Cutaway</value>
          <value>GMC Savana Passenger</value>
          <value>GMC Sierra "Classic 1500"</value>
          <value>GMC Sierra 1500</value>
          <value>GMC Sierra 1500HD</value>
          <value>GMC Sierra 2500</value>
          <value>GMC Sierra 2500 Crew Cab</value>
          <value>GMC Sierra 2500HD</value>
          <value>GMC Sierra 3500</value>
          <value>GMC Sierra Denali</value>
          <value>GMC Sonoma</value>
          <value>GMC Suburban</value>
          <value>GMC Tracker</value>
          <value>GMC V1500 Jimmy 4WD</value>
          <value>GMC Vandura</value>
          <value>GMC Yukon</value>
          <value>GMC Yukon Denali</value>
          <value>GMC Yukon XL</value>
          <value>GMC Yukon XL Denali</value>
          <value>--- Geo ---</value>
          <value>Geo Metro</value>
          <value>Geo Prizm</value>
          <value>Geo Spectrum</value>
          <value>Geo Storm</value>
          <value>Geo Tracker</value>
          <value>--- Honda ---</value>
          <value>Honda Accord</value>
          <value>Honda Accord Coupe</value>
          <value>Honda Accord Cpe</value>
          <value>Honda Accord Sdn</value>
          <value>Honda Accord Sedan</value>
          <value>Honda CR-V</value>
          <value>Honda CRX</value>
          <value>Honda Civic</value>
          <value>Honda Civic del Sol</value>
          <value>Honda Element</value>
          <value>Honda Insight</value>
          <value>Honda Odyssey</value>
          <value>Honda Passport</value>
          <value>Honda Pilot</value>
          <value>Honda Prelude</value>
          <value>Honda S2000</value>
          <value>--- Hummer ---</value>
          <value>Hummer H1</value>
          <value>Hummer H2</value>
          <value>Hummer Hummer</value>
          <value>--- Hyundai ---</value>
          <value>Hyundai Accent</value>
          <value>Hyundai Elantra</value>
          <value>Hyundai Excel</value>
          <value>Hyundai Santa Fe</value>
          <value>Hyundai Scoupe</value>
          <value>Hyundai Sonata</value>
          <value>Hyundai Tiburon</value>
          <value>Hyundai XG300</value>
          <value>Hyundai XG350</value>
          <value>--- Infiniti ---</value>
          <value>Infiniti FX35</value>
          <value>Infiniti FX45</value>
          <value>Infiniti G20</value>
          <value>Infiniti G35</value>
          <value>Infiniti G35 Sedan</value>
          <value>Infiniti G35 Sport Coupe</value>
          <value>Infiniti I30</value>
          <value>Infiniti I30T</value>
          <value>Infiniti I35</value>
          <value>Infiniti J30</value>
          <value>Infiniti M30</value>
          <value>Infiniti M45</value>
          <value>Infiniti Q45</value>
          <value>Infiniti Q45T</value>
          <value>Infiniti QX4</value>
          <value>Infiniti Yukon</value>
          <value>--- Isuzu ---</value>
          <value>Isuzu Amigo</value>
          <value>Isuzu Ascender</value>
          <value>Isuzu Axiom</value>
          <value>Isuzu Hombre Pickup</value>
          <value>Isuzu I-Mark</value>
          <value>Isuzu Impulse</value>
          <value>Isuzu Oasis</value>
          <value>Isuzu Pickup 2WD</value>
          <value>Isuzu Rodeo</value>
          <value>Isuzu Rodeo Sport</value>
          <value>Isuzu Stylus</value>
          <value>Isuzu Trooper</value>
          <value>Isuzu Vehicross</value>
          <value>--- Jaguar ---</value>
          <value>Jaguar S-Type</value>
          <value>Jaguar Super Duty E-350 DRW</value>
          <value>Jaguar Vanden Plas</value>
          <value>Jaguar X-TYPE</value>
          <value>Jaguar XJ Series</value>
          <value>Jaguar XJ Series Sedan</value>
          <value>Jaguar XJ12</value>
          <value>Jaguar XJ6</value>
          <value>Jaguar XJ8</value>
          <value>Jaguar XJR</value>
          <value>Jaguar XJS</value>
          <value>Jaguar XK Series</value>
          <value>Jaguar XK8</value>
          <value>Jaguar XKR</value>
          <value>--- Jeep ---</value>
          <value>Jeep Cherokee</value>
          <value>Jeep Cherokee 4WD</value>
          <value>Jeep Comanche Pickup</value>
          <value>Jeep Grand Cherokee</value>
          <value>Jeep Liberty</value>
          <value>Jeep Wagoneer 4WD</value>
          <value>Jeep Wrangler</value>
          <value>--- Kia ---</value>
          <value>Kia Optima</value>
          <value>Kia Rio</value>
          <value>Kia Sedona</value>
          <value>Kia Sephia</value>
          <value>Kia Sorento</value>
          <value>Kia Spectra</value>
          <value>Kia Sportage</value>
          <value>--- Lamborghini ---</value>
          <value>Lamborghini Diablo</value>
          <value>Lamborghini Jalpa</value>
          <value>--- Land Rover ---</value>
          <value>Land Rover Defender 110 4WD</value>
          <value>Land Rover Discovery</value>
          <value>Land Rover Discovery Series II</value>
          <value>Land Rover Freelander</value>
          <value>Land Rover Range Rover</value>
          <value>--- Lexus ---</value>
          <value>Lexus ES 250</value>
          <value>Lexus ES 300</value>
          <value>Lexus ES 300 Luxury Sport Sdn</value>
          <value>Lexus ES250</value>
          <value>Lexus ES300</value>
          <value>Lexus GS 300</value>
          <value>Lexus GS 300 Luxury Perform Sdn</value>
          <value>Lexus GS 400</value>
          <value>Lexus GS 400 Luxury Perform Sdn</value>
          <value>Lexus GS 430</value>
          <value>Lexus GS300</value>
          <value>Lexus GS400</value>
          <value>Lexus GX 470</value>
          <value>Lexus IS 300</value>
          <value>Lexus LS 400</value>
          <value>Lexus LS 400 Luxury Sdn</value>
          <value>Lexus LS 430</value>
          <value>Lexus LS400</value>
          <value>Lexus LX 450</value>
          <value>Lexus LX 470</value>
          <value>Lexus LX450</value>
          <value>Lexus LX470</value>
          <value>Lexus RX 300</value>
          <value>Lexus RX 300 Luxury SUV</value>
          <value>Lexus RX300</value>
          <value>Lexus RX300 4WD</value>
          <value>Lexus SC 300</value>
          <value>Lexus SC 300 Luxury Sport Cpe</value>
          <value>Lexus SC 400</value>
          <value>Lexus SC 400 Luxury Sport Cpe</value>
          <value>Lexus SC 430</value>
          <value>Lexus SC300</value>
          <value>Lexus SC400</value>
          <value>--- Lincoln ---</value>
          <value>Lincoln Aviator</value>
          <value>Lincoln Blackwood</value>
          <value>Lincoln Continental</value>
          <value>Lincoln LS</value>
          <value>Lincoln Mark VII</value>
          <value>Lincoln Mark VIII</value>
          <value>Lincoln Navigator</value>
          <value>Lincoln Town Car</value>
          <value>--- MINI ---</value>
          <value>MINI Cooper</value>
          <value>--- Mazda ---</value>
          <value>Mazda 2WD B-Series Pickup</value>
          <value>Mazda 2WD Truck</value>
          <value>Mazda 323</value>
          <value>Mazda 4WD Truck</value>
          <value>Mazda 626</value>
          <value>Mazda 929</value>
          <value>Mazda B2200 Pickup</value>
          <value>Mazda B2300 Pickup</value>
          <value>Mazda B2500 Pickup</value>
          <value>Mazda B3000 Pickup</value>
          <value>Mazda B4000 Pickup</value>
          <value>Mazda MAZDA6</value>
          <value>Mazda MPV</value>
          <value>Mazda MPV Wagon</value>
          <value>Mazda MX3</value>
          <value>Mazda MX5 Miata</value>
          <value>Mazda MX6</value>
          <value>Mazda Miata</value>
          <value>Mazda Millenia</value>
          <value>Mazda Navajo</value>
          <value>Mazda Protege</value>
          <value>Mazda Protege5</value>
          <value>Mazda RX7</value>
          <value>Mazda Tribute</value>
          <value>Mazda Tribute SUV</value>
          <value>--- Mercedes-Benz ---</value>
          <value>Mercedes-Benz 323</value>
          <value>Mercedes-Benz C Class</value>
          <value>Mercedes-Benz C230</value>
          <value>Mercedes-Benz C280</value>
          <value>Mercedes-Benz CL Class</value>
          <value>Mercedes-Benz CLK Class</value>
          <value>Mercedes-Benz Cabriolet</value>
          <value>Mercedes-Benz E Class</value>
          <value>Mercedes-Benz E320</value>
          <value>Mercedes-Benz E430</value>
          <value>Mercedes-Benz G Class</value>
          <value>Mercedes-Benz M Class</value>
          <value>Mercedes-Benz ML-Class</value>
          <value>Mercedes-Benz S Class</value>
          <value>Mercedes-Benz SL Class</value>
          <value>Mercedes-Benz SL500</value>
          <value>Mercedes-Benz SLK 230</value>
          <value>Mercedes-Benz SLK Class</value>
          <value>--- Mercury ---</value>
          <value>Mercury Capri</value>
          <value>Mercury Cougar</value>
          <value>Mercury Cougar XR7</value>
          <value>Mercury Grand Marquis</value>
          <value>Mercury Marauder</value>
          <value>Mercury Mountaineer</value>
          <value>Mercury Mystique</value>
          <value>Mercury Sable</value>
          <value>Mercury Topaz</value>
          <value>Mercury Tracer</value>
          <value>Mercury Villager</value>
          <value>Mercury Villager Wgn</value>
          <value>--- Merkur ---</value>
          <value>Merkur Scorpio</value>
          <value>Merkur XR4Ti</value>
          <value>--- Mitsubishi ---</value>
          <value>Mitsubishi 3000GT</value>
          <value>Mitsubishi Diamante</value>
          <value>Mitsubishi Eclipse</value>
          <value>Mitsubishi Expo</value>
          <value>Mitsubishi Expo LRV</value>
          <value>Mitsubishi Galant</value>
          <value>Mitsubishi Lancer</value>
          <value>Mitsubishi Mirage</value>
          <value>Mitsubishi Montero</value>
          <value>Mitsubishi Montero Sport</value>
          <value>Mitsubishi Outlander</value>
          <value>Mitsubishi Precis</value>
          <value>Mitsubishi Van / Wagon</value>
          <value>--- Nissan ---</value>
          <value>Nissan 200SX</value>
          <value>Nissan 240SX</value>
          <value>Nissan 300ZX</value>
          <value>Nissan 350Z</value>
          <value>Nissan Altima</value>
          <value>Nissan Axxess Van</value>
          <value>Nissan Frontier</value>
          <value>Nissan Frontier 2WD</value>
          <value>Nissan Frontier 4WD</value>
          <value>Nissan Maxima</value>
          <value>Nissan Murano</value>
          <value>Nissan NX</value>
          <value>Nissan Pathfinder</value>
          <value>Nissan Pickup 2WD</value>
          <value>Nissan Pulsar NX</value>
          <value>Nissan Quest</value>
          <value>Nissan Sentra</value>
          <value>Nissan Stanza</value>
          <value>Nissan Van</value>
          <value>Nissan Xterra</value>
          <value>--- Oldsmobile ---</value>
          <value>Oldsmobile Achieva</value>
          <value>Oldsmobile Alero</value>
          <value>Oldsmobile Aurora</value>
          <value>Oldsmobile Bravada</value>
          <value>Oldsmobile Bravada AWD</value>
          <value>Oldsmobile Custom Cruiser</value>
          <value>Oldsmobile Cutlass</value>
          <value>Oldsmobile Cutlass Calais</value>
          <value>Oldsmobile Cutlass Ciera</value>
          <value>Oldsmobile Cutlass Cruiser</value>
          <value>Oldsmobile Cutlass Supreme</value>
          <value>Oldsmobile Eighty-Eight</value>
          <value>Oldsmobile Eighty-Eight Royale</value>
          <value>Oldsmobile Intrigue</value>
          <value>Oldsmobile LSS</value>
          <value>Oldsmobile Ninety-Eight Regency</value>
          <value>Oldsmobile Regency</value>
          <value>Oldsmobile Silhouette</value>
          <value>Oldsmobile Toronado</value>
          <value>--- Peugeot ---</value>
          <value>Peugeot 505</value>
          <value>--- Plymouth ---</value>
          <value>Plymouth Acclaim</value>
          <value>Plymouth Breeze</value>
          <value>Plymouth Colt</value>
          <value>Plymouth Gran Fury</value>
          <value>Plymouth Grand Voyager</value>
          <value>Plymouth Horizon</value>
          <value>Plymouth Laser</value>
          <value>Plymouth Neon</value>
          <value>Plymouth Prowler</value>
          <value>Plymouth Reliant America</value>
          <value>Plymouth Sundance</value>
          <value>Plymouth Voyager</value>
          <value>--- Pontiac ---</value>
          <value>Pontiac 6000</value>
          <value>Pontiac Aztek</value>
          <value>Pontiac Bonneville</value>
          <value>Pontiac Fiero</value>
          <value>Pontiac Firebird</value>
          <value>Pontiac Grand Am</value>
          <value>Pontiac Grand Prix</value>
          <value>Pontiac Lemans</value>
          <value>Pontiac Montana</value>
          <value>Pontiac Safari</value>
          <value>Pontiac Sunbird</value>
          <value>Pontiac Sunfire</value>
          <value>Pontiac Trans Sport</value>
          <value>Pontiac Vibe</value>
          <value>--- Porsche ---</value>
          <value>Porsche 911 America</value>
          <value>Porsche 911 Carrera</value>
          <value>Porsche 911 Turbo</value>
          <value>Porsche 928</value>
          <value>Porsche 944</value>
          <value>Porsche 968</value>
          <value>Porsche Boxster</value>
          <value>Porsche Cayenne</value>
          <value>--- Saab ---</value>
          <value>Saab 9-3</value>
          <value>Saab 9-5</value>
          <value>Saab 900</value>
          <value>Saab 9000</value>
          <value>--- Saturn ---</value>
          <value>Saturn 2dr Coupe</value>
          <value>Saturn 4dr Sedan</value>
          <value>Saturn 4dr Wagon</value>
          <value>Saturn Coupe</value>
          <value>Saturn Ion</value>
          <value>Saturn LS</value>
          <value>Saturn LS 4dr Sedan</value>
          <value>Saturn LW 4dr Wagon</value>
          <value>Saturn Legacy</value>
          <value>Saturn SC 300</value>
          <value>Saturn SC 3dr Coupe</value>
          <value>Saturn SL 4dr Sedan</value>
          <value>Saturn SW 4dr RHD Wagon</value>
          <value>Saturn SW 4dr Wagon</value>
          <value>Saturn Sedan</value>
          <value>Saturn VUE 4dr SUV</value>
          <value>Saturn Wagon</value>
          <value>--- Sterling ---</value>
          <value>Sterling 827</value>
          <value>--- Subaru ---</value>
          <value>Subaru Baja</value>
          <value>Subaru DL</value>
          <value>Subaru Forester</value>
          <value>Subaru GL</value>
          <value>Subaru GL10</value>
          <value>Subaru Impreza</value>
          <value>Subaru Impreza Sedan</value>
          <value>Subaru Impreza Wagon</value>
          <value>Subaru Justy</value>
          <value>Subaru Legacy</value>
          <value>Subaru Legacy Sedan</value>
          <value>Subaru Legacy Wagon</value>
          <value>Subaru Loyale</value>
          <value>Subaru Outback AWD</value>
          <value>Subaru SVX</value>
          <value>Subaru XT</value>
          <value>Subaru XT6</value>
          <value>--- Suzuki ---</value>
          <value>Suzuki Aerio</value>
          <value>Suzuki Esteem</value>
          <value>Suzuki Grand Vitara</value>
          <value>Suzuki Samurai</value>
          <value>Suzuki Sidekick</value>
          <value>Suzuki Swift</value>
          <value>Suzuki Vitara</value>
          <value>Suzuki X-90</value>
          <value>Suzuki XL-7</value>
          <value>--- Toyota ---</value>
          <value>Toyota 4Runner</value>
          <value>Toyota 4Runner SR5</value>
          <value>Toyota Avalon</value>
          <value>Toyota Camry</value>
          <value>Toyota Camry Solara</value>
          <value>Toyota Celica</value>
          <value>Toyota Corolla</value>
          <value>Toyota Cressida</value>
          <value>Toyota Echo</value>
          <value>Toyota Highlander</value>
          <value>Toyota Land Cruiser</value>
          <value>Toyota Landcruiser 4WD</value>
          <value>Toyota MR2</value>
          <value>Toyota MR2 Spyder</value>
          <value>Toyota Matrix</value>
          <value>Toyota Paseo</value>
          <value>Toyota Pickup 2WD</value>
          <value>Toyota Previa</value>
          <value>Toyota Prius</value>
          <value>Toyota RAV4</value>
          <value>Toyota Sequoia</value>
          <value>Toyota Sienna</value>
          <value>Toyota Solara</value>
          <value>Toyota Supra</value>
          <value>Toyota T100</value>
          <value>Toyota Tacoma</value>
          <value>Toyota Tacoma Pickup 4WD</value>
          <value>Toyota Tercel</value>
          <value>Toyota Tundra</value>
          <value>Toyota Van</value>
          <value>--- Volkswagen ---</value>
          <value>Volkswagen Beetle</value>
          <value>Volkswagen Cabrio</value>
          <value>Volkswagen Cabriolet</value>
          <value>Volkswagen Corrado</value>
          <value>Volkswagen Eurovan</value>
          <value>Volkswagen Fox</value>
          <value>Volkswagen GTI</value>
          <value>Volkswagen Golf</value>
          <value>Volkswagen Golf GL</value>
          <value>Volkswagen Golf III</value>
          <value>Volkswagen Jetta</value>
          <value>Volkswagen Jetta III</value>
          <value>Volkswagen Jetta Sedan</value>
          <value>Volkswagen Jetta Wagon</value>
          <value>Volkswagen New Beetle</value>
          <value>Volkswagen New Beetle Convertible</value>
          <value>Volkswagen New Beetle Coupe</value>
          <value>Volkswagen New Golf</value>
          <value>Volkswagen New Jetta</value>
          <value>Volkswagen New Passat</value>
          <value>Volkswagen Passat</value>
          <value>Volkswagen Vanagon</value>
          <value>--- Volvo ---</value>
          <value>Volvo 240</value>
          <value>Volvo 740</value>
          <value>Volvo 760</value>
          <value>Volvo 780</value>
          <value>Volvo 850</value>
          <value>Volvo 940</value>
          <value>Volvo 960</value>
          <value>Volvo C70</value>
          <value>Volvo S40</value>
          <value>Volvo S60</value>
          <value>Volvo S70</value>
          <value>Volvo S70 Series</value>
          <value>Volvo S80</value>
          <value>Volvo S80 Series</value>
          <value>Volvo S90</value>
          <value>Volvo V40</value>
          <value>Volvo V40 Series</value>
          <value>Volvo V70</value>
          <value>Volvo V70 Series</value>
          <value>Volvo V90</value>
          <value>Volvo XC90</value>
        </domain>
      </attr>
    </attrgroup>
    <attrgroup>
      <attr name="Earliest Year:" ename="earliest year">
        <domain format="text_box" />
      </attr>
    </attrgroup>
    <attrgroup>
      <attr name="Latest Year:" ename="latest year">
        <domain format="text_box" />
      </attr>
    </attrgroup>
    <attrgroup>
      <attr name="" ename="">
        <input>
          <operator name="max Price:" ename="max price" />
          <domain format="text_box" />
        </input>
        <input>
          <operator name="Min Price:" ename="min price" />
          <domain format="text_box" />
        </input>
      </attr>
    </attrgroup>
  </form>
</source>