<source url="http://www.dickwalterauto.com/" interurl="http://www.dickwalterauto.com/inventory.cgi">
  <srcname>Dick Walter Auto Center</srcname>
  <form>
    <attrgroup>
      <attr name="MAKE:" ename="make">
        <domain format="selection_list">
          <value>Any</value>
          <value>Audi</value>
          <value>Isuzu</value>
          <value>Jeep</value>
          <value>Subaru</value>
          <value>Volkswagen</value>
        </domain>
      </attr>
    </attrgroup>
    <attrgroup>
      <attr name="MODEL/TYPE:" ename="model|type">
        <domain format="selection_list">
          <value>Any</value>
          <value>Ascender</value>
          <value>Axiom</value>
          <value>Trooper</value>
          <value>-------------------------</value>
          <value>SUV</value>
        </domain>
      </attr>
    </attrgroup>
    <attrgroup>
      <attr name="MAXIMUM PRICE:" ename="maximum price">
        <domain format="selection_list">
          <value>Any</value>
          <value>5,000</value>
          <value>10,000</value>
          <value>15,000</value>
          <value>20,000</value>
          <value>25,000</value>
          <value>30,000</value>
          <value>40,000</value>
          <value>50,000</value>
        </domain>
      </attr>
    </attrgroup>
  </form>
</source>