<source url="http://www.discountautopricing.com/" interurl="http://www.discountautopricing.com/quote.htm">
  <srcname>Discount Auto Pricing</srcname>
  <form>
    <attrgroup>
      <attr name="Vehicle Year:" ename="vehicle year">
        <domain format="text_box" />
      </attr>
    </attrgroup>
    <attrgroup>
      <attr name="Vehicle Make:" ename="vehicle make">
        <domain format="selection_list">
          <value>Select Make</value>
          <value>Acura</value>
          <value>Audi</value>
          <value>BMW</value>
          <value>Buick</value>
          <value>Cadillac</value>
          <value>Chevrolet</value>
          <value>Chrysler</value>
          <value>Daewoo</value>
          <value>Dodge</value>
          <value>Ford</value>
          <value>GMC</value>
          <value>Honda</value>
          <value>Hyundai</value>
          <value>Infiniti</value>
          <value>Isuzu</value>
          <value>Jeep</value>
          <value>Kia</value>
          <value>Land Rover</value>
          <value>Lexus</value>
          <value>Lincoln</value>
          <value>Mazda</value>
          <value>Mercedes-Benz</value>
          <value>Mercury</value>
          <value>Mitsubishi</value>
          <value>Nissan</value>
          <value>Oldsmobile</value>
          <value>Plymouth</value>
          <value>Pontiac</value>
          <value>Porsche</value>
          <value>Saab</value>
          <value>Saturn</value>
          <value>Subaru</value>
          <value>Suzuki</value>
          <value>Toyota</value>
          <value>Volkswagen</value>
          <value>Volvo</value>
        </domain>
      </attr>
    </attrgroup>
    <attrgroup>
      <attr name="Vehicle Model:" ename="vehicle model">
        <domain format="text_box" />
      </attr>
    </attrgroup>
    <attrgroup>
      <attr name="Number of Doors:" ename="number of doors">
        <domain format="selection_list">
          <value>4 Door</value>
          <value>3 Door</value>
          <value>2 Door</value>
        </domain>
      </attr>
    </attrgroup>
    <attrgroup>
      <attr name="Number of Cylinders:" ename="number of cylinders">
        <domain format="selection_list">
          <value>4 Cylinders</value>
          <value>6 Cylinders</value>
          <value>8 Cylinders</value>
          <value>12 Cylinders</value>
          <value>2 Cylinders</value>
          <value>3 Cylinders</value>
        </domain>
      </attr>
    </attrgroup>
    <attrgroup>
      <attr name="Transmission:" ename="transmission">
        <domain format="selection_list">
          <value>Manual</value>
          <value>Automatic</value>
          <value>Don't Care</value>
        </domain>
      </attr>
    </attrgroup>
    <attrgroup>
      <attr name="Exterior Color:" ename="exterior color">
        <domain format="selection_list">
          <value>Select Color</value>
          <value>Black</value>
          <value>Blue</value>
          <value>Brown</value>
          <value>Champagne</value>
          <value>Green</value>
          <value>Maroon</value>
          <value>Silver</value>
          <value>Red</value>
          <value>Tan</value>
          <value>White</value>
          <value>Yellow</value>
        </domain>
      </attr>
    </attrgroup>
    <attrgroup>
      <attr name="Interior Color:" ename="interior color">
        <domain format="selection_list">
          <value>Select Color</value>
          <value>Black</value>
          <value>Blue</value>
          <value>Grey</value>
          <value>Tan</value>
          <value>White</value>
        </domain>
      </attr>
    </attrgroup>
    <attrgroup>
      <attr name="Buying How Soon:" ename="buying how soon">
        <domain format="selection_list">
          <value>48 Hours</value>
          <value>14 Days</value>
          <value>30 Days</value>
        </domain>
      </attr>
    </attrgroup>
    <attrgroup>
      <attr name="Best Time to Contact:" ename="best time to contact">
        <domain format="selection_list">
          <value>Morning</value>
          <value>Afternoon</value>
          <value>Late Afternoon</value>
          <value>Evening</value>
          <value>Weekends</value>
        </domain>
      </attr>
    </attrgroup>
    <attrgroup>
      <attr name="Payment Method:" ename="payment method">
        <domain format="selection_list">
          <value>Cash</value>
          <value>Financing</value>
          <value>Lease</value>
        </domain>
      </attr>
    </attrgroup>
    <attrgroup>
      <attr name="Are you interested in extended warranty information?" ename="">
        <domain format="selection_list">
          <value>Yes</value>
          <value>No</value>
        </domain>
      </attr>
    </attrgroup>
    <attrgroup>
      <attr name="Do you have a trade-in?" ename="">
        <domain format="selection_list">
          <value>Yes</value>
          <value>No</value>
        </domain>
      </attr>
    </attrgroup>
    <attrgroup>
      <attr name="if so, what year is your trade?" ename="">
        <domain format="text_box" />
      </attr>
    </attrgroup>
  </form>
</source>