<source url="http://www.drive.com.au/" interurl="http://www.drive.com.au/buy/used/advanced_search.asp">
  <srcname>Drive.com.au</srcname>
  <form>
    <attrgroup>
      <attr name="Make" ename="make">
        <domain format="selection_list">
          <value>AC COBRA REPLICA</value>
          <value>ALFA ROMEO</value>
          <value>ASTON MARTIN</value>
          <value>AUDI</value>
          <value>AUSTIN HEALEY</value>
          <value>BENTLEY</value>
          <value>BMW</value>
          <value>BORGWARD</value>
          <value>CHEVROLET</value>
          <value>CHRYSLER</value>
          <value>CITROEN</value>
          <value>DAEWOO</value>
          <value>DAIHATSU</value>
          <value>DATSUN</value>
          <value>DODGE</value>
          <value>EUNOS</value>
          <value>FERRARI</value>
          <value>FIAT</value>
          <value>FORD</value>
          <value>GMC</value>
          <value>HILLMAN</value>
          <value>HOLDEN</value>
          <value>HOLDEN HDT</value>
          <value>HOLDEN SPECIAL VEHICLES</value>
          <value>HONDA</value>
          <value>HYUNDAI</value>
          <value>ISUZU</value>
          <value>JAGUAR</value>
          <value>JEEP</value>
          <value>KIA</value>
          <value>LAMBORGHINI</value>
          <value>LAND ROVER</value>
          <value>LEXUS</value>
          <value>LEYLAND</value>
          <value>LOTUS</value>
          <value>M.G.</value>
          <value>MASERATI</value>
          <value>MAZDA</value>
          <value>MERCEDES-BENZ</value>
          <value>MINI</value>
          <value>MITSUBISHI</value>
          <value>MORGAN</value>
          <value>MORRIS</value>
          <value>NASH</value>
          <value>NISSAN</value>
          <value>PEUGEOT</value>
          <value>PONTIAC</value>
          <value>PORSCHE</value>
          <value>PROTON</value>
          <value>RANGE ROVER</value>
          <value>RENAULT</value>
          <value>ROBNELL</value>
          <value>ROLLS-ROYCE</value>
          <value>ROVER</value>
          <value>SAAB</value>
          <value>SEAT</value>
          <value>SSANGYONG</value>
          <value>SUBARU</value>
          <value>SUNBEAM</value>
          <value>SUZUKI</value>
          <value>TOYOTA</value>
          <value>TRIUMPH</value>
          <value>TVR</value>
          <value>VESPA</value>
          <value>VOLKSWAGEN</value>
          <value>VOLVO</value>
        </domain>
      </attr>
    </attrgroup>
    <attrgroup>
      <attr name="Model" ename="model">
        <domain format="selection_list">
          <value>*  All  *</value>
          <value>3500</value>
        </domain>
      </attr>
    </attrgroup>
    <attrgroup>
      <attr name="Series" ename="series">
        <domain format="selection_list">
          <value>*  All  *</value>
          <value>SL</value>
          <value>Other</value>
        </domain>
      </attr>
    </attrgroup>
    <attrgroup>
      <attr name="Location" ename="location">
        <domain format="selection_list">
          <value>ACT - Canberra</value>
          <value>NSW - Illawarra &amp; South Coast</value>
          <value>NSW - Newcastle &amp; Central Coast</value>
          <value>NSW - Regional NSW</value>
          <value>NSW - Sydney</value>
          <value>NSW - North Coast</value>
          <value>NT - Alice Springs Region</value>
          <value>NT - Darwin Region</value>
          <value>QLD - Brisbane</value>
          <value>QLD - Central Coast</value>
          <value>QLD - Central QLD</value>
          <value>QLD - North QLD</value>
          <value>QLD - South Eastern QLD</value>
          <value>QLD - South Western QLD</value>
          <value>SA - Adelaide</value>
          <value>SA - Mid North</value>
          <value>SA - South East</value>
          <value>SA - Spencer Gulf</value>
          <value>SA - West Coast</value>
          <value>Tasmania</value>
          <value>VIC - Melbourne</value>
          <value>VIC - North Western Victoria</value>
          <value>VIC - Northern Victoria</value>
          <value>VIC - South Eastern Victoria</value>
          <value>VIC - South Western Victoria</value>
          <value>WA  - Northern Central</value>
          <value>WA  - South West Coast</value>
          <value>WA  - Southern Central</value>
          <value>WA  - West Coast</value>
          <value>WA - Perth</value>
        </domain>
      </attr>
    </attrgroup>
    <attrgroup>
      <attr name="Price Range" level="1" ename="price range">
        <input>
          <operator name="" ename="" />
          <domain format="selection_list">
            <value>0</value>
            <value>$5,000</value>
            <value>$10,000</value>
            <value>$15,000</value>
            <value>$20,000</value>
            <value>$25,000</value>
            <value>$30,000</value>
            <value>$40,000</value>
            <value>$50,000</value>
          </domain>
        </input>
        <input>
          <operator name="to" ename="to" />
          <domain format="selection_list">
            <value>$5,000</value>
            <value>$10,000</value>
            <value>$15,000</value>
            <value>$20,000</value>
            <value>$25,000</value>
            <value>$30,000</value>
            <value>$40,000</value>
            <value>$50,000</value>
            <value>$50,000+</value>
          </domain>
        </input>
      </attr>
    </attrgroup>
    <attrgroup>
      <attr name="Year Range" level="1" ename="year range">
        <input>
          <operator name="" ename="" />
          <domain format="selection_list">
            <value>2003</value>
            <value>2002</value>
            <value>2001</value>
            <value>2000</value>
            <value>1999</value>
            <value>1998</value>
            <value>1997</value>
            <value>1996</value>
            <value>1995</value>
            <value>1994</value>
            <value>1993</value>
            <value>1992</value>
            <value>1991</value>
            <value>1990</value>
            <value>1989</value>
            <value>1988</value>
            <value>1987</value>
            <value>1986</value>
            <value>1985</value>
            <value>1984</value>
            <value>1983</value>
            <value>1982</value>
            <value>1981</value>
            <value>1980</value>
            <value>1979</value>
            <value>1978</value>
            <value>1977</value>
            <value>1976</value>
            <value>1975</value>
            <value>1974</value>
            <value>1973</value>
            <value>1972</value>
            <value>1971</value>
            <value>1970</value>
            <value>1970-</value>
          </domain>
        </input>
        <input>
          <operator name="to" ename="to" />
          <domain format="selection_list">
            <value>2003</value>
            <value>2002</value>
            <value>2001</value>
            <value>2000</value>
            <value>1999</value>
            <value>1998</value>
            <value>1997</value>
            <value>1996</value>
            <value>1995</value>
            <value>1994</value>
            <value>1993</value>
            <value>1992</value>
            <value>1991</value>
            <value>1990</value>
            <value>1989</value>
            <value>1988</value>
            <value>1987</value>
            <value>1986</value>
            <value>1985</value>
            <value>1984</value>
            <value>1983</value>
            <value>1982</value>
            <value>1981</value>
            <value>1980</value>
            <value>1979</value>
            <value>1978</value>
            <value>1977</value>
            <value>1976</value>
            <value>1975</value>
            <value>1974</value>
            <value>1973</value>
            <value>1972</value>
            <value>1971</value>
            <value>1970</value>
          </domain>
        </input>
      </attr>
    </attrgroup>
    <attrgroup>
      <attr name="Body Type" ename="body type">
        <domain format="selection_list">
          <value>4WD</value>
          <value>CONVERTIBLE</value>
          <value>COUPE</value>
          <value>HATCHBACK</value>
          <value>LIFTBACK</value>
          <value>SEDAN</value>
          <value>STATION WAGON</value>
          <value>UTILITY</value>
          <value>VAN</value>
        </domain>
      </attr>
    </attrgroup>
    <attrgroup>
      <attr name="Features" ename="features">
        <domain format="selection_list">
          <value>Air Conditioning</value>
          <value>Power Steering</value>
          <value>Power Windows</value>
          <value>Cruise Control</value>
          <value>Alloy Wheels</value>
          <value>CD Player</value>
          <value>Central Locking Remote</value>
          <value>Metallic Paint</value>
          <value>Towbar</value>
          <value>Air Bag</value>
        </domain>
      </attr>
    </attrgroup>
    <attrgroup>
      <attr name="Transmission" ename="transmission">
        <domain format="selection_list">
          <value>Automatic</value>
          <value>Manual</value>
          <value>Semi Automatic</value>
        </domain>
      </attr>
    </attrgroup>
    <attrgroup>
      <attr name="Odometer reading (kms)" level="1" ename="odometer reading ">
        <input>
          <operator name="" ename="" />
          <domain format="text_box" />
        </input>
        <input>
          <operator name="to" ename="to" />
          <domain format="text_box" />
        </input>
      </attr>
    </attrgroup>
    <attrgroup>
      <attr name="Keywords" ename="keywords">
        <input>
          <operator format="check_box">
            <value>all the words</value>
            <value>any of the words</value>
          </operator>
          <domain format="selection_list" />
        </input>
      </attr>
    </attrgroup>
  </form>
</source>