<source url="http://www.earnhardt.com/" interurl="http://www.earnhardt.com/used/">
  <srcname>Earnhardt auto dealerships</srcname>
  <form>
    <attrgroup>
      <attr name="Make:" ename="make">
        <domain format="selection_list">
          <value>Any Make</value>
          <value>Chrysler</value>
          <value>Dodge</value>
          <value>Ford</value>
          <value>Honda</value>
          <value>Hyundai</value>
          <value>Jeep</value>
          <value>Kia</value>
          <value>Lincoln</value>
          <value>Mazda</value>
          <value>Mercury</value>
          <value>Nissan</value>
          <value>Suzuki</value>
          <value>Volkswagen</value>
        </domain>
      </attr>
    </attrgroup>
    <attrgroup>
      <attr name="Model:" ename="model">
        <domain format="selection_list">
          <value>Accord Coupe</value>
          <value>Accord Sedan</value>
          <value>Civic Coupe</value>
          <value>Civic Sedan</value>
          <value>CR-V</value>
          <value>Insight</value>
          <value>Odyssey</value>
          <value>Pilot</value>
          <value>S2000</value>
        </domain>
      </attr>
    </attrgroup>
    <attrgroup>
      <attr name="# of Cylinders:" ename="cylinders">
        <domain format="selection_list">
          <value>Any Number</value>
          <value>4</value>
          <value>6</value>
          <value>8</value>
          <value>10</value>
          <value>12</value>
        </domain>
      </attr>
    </attrgroup>
    <attrgroup>
      <attr name="Price Range:" ename="price range">
        <domain format="selection_list">
          <value>Any Price</value>
          <value>less than $10000</value>
          <value>less than $15000</value>
          <value>less than $20000</value>
          <value>less than $25000</value>
          <value>less than $30000</value>
          <value>less than $35000</value>
          <value>less than $40000</value>
          <value>less than $75000</value>
        </domain>
      </attr>
    </attrgroup>
  </form>
</source>