<source url="http://pages.ebay.com/" interurl="http://pages.ebay.com/ebaymotors/search/items/search_other.html">
  <srcname>eBay Motors Search</srcname>
  <form>
    <attrgroup>
      <attr name="Vehicle Make" ename="vehicle make">
        <domain format="selection_list">
          <value>All makes</value>
          <value>Acura</value>
          <value>Alfa Romeo</value>
          <value>AMC</value>
          <value>Aston Martin</value>
          <value>Audi</value>
          <value>Austin</value>
          <value>Austin Healey</value>
          <value>BMW</value>
          <value>Bentley</value>
          <value>Buick</value>
          <value>Cadillac</value>
          <value>Chevrolet</value>
          <value>Chrysler</value>
          <value>Citro&amp;euml;n</value>
          <value>Cord</value>
          <value>Daewoo</value>
          <value>Datsun</value>
          <value>DeLorean</value>
          <value>DeSoto</value>
          <value>Dodge</value>
          <value>Eagle</value>
          <value>Edsel</value>
          <value>Ferrari</value>
          <value>Fiat</value>
          <value>Ford</value>
          <value>Geo</value>
          <value>GMC</value>
          <value>Honda</value>
          <value>Hummer (AM General)</value>
          <value>Hyundai</value>
          <value>Infiniti</value>
          <value>International Harvester</value>
          <value>Isuzu</value>
          <value>Jaguar</value>
          <value>Jeep</value>
          <value>Kia</value>
          <value>Lamborghini</value>
          <value>Lancia</value>
          <value>Land Rover</value>
          <value>Lexus</value>
          <value>Lincoln</value>
          <value>Lotus</value>
          <value>Maserati</value>
          <value>Mazda</value>
          <value>Mercedes-Benz</value>
          <value>Mercury</value>
          <value>MG</value>
          <value>Mini</value>
          <value>Mitsubishi</value>
          <value>Nash</value>
          <value>Nissan</value>
          <value>Oldsmobile</value>
          <value>Opel</value>
          <value>Packard</value>
          <value>Peugeot</value>
          <value>Plymouth</value>
          <value>Pontiac</value>
          <value>Porsche</value>
          <value>Renault</value>
          <value>Rolls-Royce</value>
          <value>Saab</value>
          <value>Saturn</value>
          <value>Shelby Cobra</value>
          <value>Studebaker</value>
          <value>Subaru</value>
          <value>Suzuki</value>
          <value>Toyota</value>
          <value>Triumph</value>
          <value>Volkswagen</value>
          <value>Volvo</value>
          <value>Willys</value>
          <value>Other Makes</value>
          <value>Replica/Kit Makes</value>
        </domain>
      </attr>
    </attrgroup>
    <attrgroup>
      <attr name="Vehicle Model" ename="vehicle model">
        <domain format="selection_list">
          <value>All models</value>
          <value>200SX</value>
          <value>240SX</value>
          <value>280ZX</value>
          <value>300ZX</value>
          <value>350Z</value>
          <value>Altima</value>
          <value>Frontier</value>
          <value>Maxima</value>
          <value>Pathfinder</value>
          <value>Quest</value>
          <value>Sentra</value>
          <value>Stanza</value>
          <value>Xterra</value>
          <value>Other Models</value>
        </domain>
      </attr>
    </attrgroup>
    <attrgroup>
      <attr name="Search Title" ename="title">
        <domain format="text_box" />
      </attr>
    </attrgroup>
    <attrgroup>
      <attr name="Words to Exclude" ename="">
        <domain format="text_box" />
      </attr>
    </attrgroup>
    <attrgroup>
      <attr name="Vehicle Year" level="1" ename="vehicle year">
        <input>
          <operator name="Between" ename="between" />
          <domain format="text_box" />
        </input>
        <input>
          <operator name="and" ename="and" />
          <domain format="text_box" />
        </input>
      </attr>
    </attrgroup>
    <attrgroup>
      <attr name="Price Range" level="1" ename="price range">
        <input>
          <operator name="Between $" ename="between" />
          <domain format="text_box" />
        </input>
        <input>
          <operator name="and" ename="and" />
          <domain format="text_box" />
        </input>
      </attr>
    </attrgroup>
    <attrgroup>
      <attr name="Item Location" ename="item location">
        <domain format="selection_list">
          <value>All eBay Motors - includes all regions</value>
          <value>AZ--Phoenix</value>
          <value>CA--Los Angeles</value>
          <value>CA--Oakland</value>
          <value>CA--Orange County</value>
          <value>CA--Sacramento</value>
          <value>CA--San Diego</value>
          <value>CA--San Francisco</value>
          <value>CA--San Jose</value>
          <value>CO--Denver</value>
          <value>CT--Hartford</value>
          <value>DC--Washington</value>
          <value>FL--Jacksonville</value>
          <value>FL--Miami</value>
          <value>FL--Orlando</value>
          <value>FL--Tampa-St. Petersburg</value>
          <value>FL--West Palm Beach</value>
          <value>GA--Atlanta</value>
          <value>HI--Honolulu</value>
          <value>ID--Billings-Boise</value>
          <value>IL--Chicago</value>
          <value>IN--Indianapolis</value>
          <value>KS--Kansas City</value>
          <value>KY--Louisville</value>
          <value>LA--New Orleans</value>
          <value>MA--Boston</value>
          <value>MD--Baltimore</value>
          <value>MI--Detroit</value>
          <value>MI--Grand Rapids</value>
          <value>MN--Minneapolis-St. Paul</value>
          <value>MO--Kansas City</value>
          <value>MO--St. Louis</value>
          <value>MT--Billings-Boise</value>
          <value>NC--Charlotte</value>
          <value>NC--Greensboro</value>
          <value>NC--Raleigh-Durham</value>
          <value>ND--Bismarck-Pierre</value>
          <value>NM--Albuquerque-Santa Fe</value>
          <value>NV--Las Vegas</value>
          <value>NY--Albany</value>
          <value>NY--Buffalo</value>
          <value>NY--New York</value>
          <value>NY--Rochester</value>
          <value>OH--Cincinnati</value>
          <value>OH--Cleveland</value>
          <value>OH--Columbus</value>
          <value>OH--Dayton-Springfield</value>
          <value>OK--Oklahoma City</value>
          <value>OR--Portland</value>
          <value>PA--Philadelphia</value>
          <value>PA--Pittsburgh</value>
          <value>RI--Providence</value>
          <value>SD--Bismarck-Pierre</value>
          <value>TN--Memphis</value>
          <value>TN--Nashville</value>
          <value>TX--Austin</value>
          <value>TX--Dallas-Fort Worth</value>
          <value>TX--Houston</value>
          <value>TX--San Antonio</value>
          <value>UT--Salt Lake City</value>
          <value>VA--Norfolk-VA Beach</value>
          <value>VA--Richmond</value>
          <value>WA--Seattle-Tacoma</value>
          <value>WI--Milwaukee</value>
        </domain>
      </attr>
    </attrgroup>
  </form>
</source>