<source url="http://www.exchangeandmart.co.uk/" interurl="http://www.exchangeandmart.co.uk/motoring/index.php">
  <srcname>Exchange &amp; Mart Motoring</srcname>
  <form>
    <attrgroup>
      <attr name="Make name" ename="make">
        <domain format="selection_list">
          <value>MAKE</value>
          <value>ANY MAKE</value>
          <value>ACCOBRA</value>
          <value>AIXAM</value>
          <value>ALFA ROMEO</value>
          <value>ALVIS</value>
          <value>ANNIVERSARY</value>
          <value>ASIA</value>
          <value>ASTON MARTIN</value>
          <value>AUDI</value>
          <value>AUSTIN HEALEY</value>
          <value>BENTLEY</value>
          <value>BMW</value>
          <value>BRISTOL</value>
          <value>BUICK</value>
          <value>CADILLAC</value>
          <value>CATERHAM</value>
          <value>CHEVROLET</value>
          <value>CHRYSLER</value>
          <value>CITROEN</value>
          <value>CORVETTE</value>
          <value>DACIA</value>
          <value>DAEWOO</value>
          <value>DAF</value>
          <value>DAIHATSU</value>
          <value>DAIMLER</value>
          <value>DE LOREAN</value>
          <value>DE TOMASO</value>
          <value>DODGE</value>
          <value>FERRARI</value>
          <value>FIAT</value>
          <value>FORD</value>
          <value>FSO</value>
          <value>GINETTA</value>
          <value>GMC</value>
          <value>HILLMAN</value>
          <value>HONDA</value>
          <value>HUMBER</value>
          <value>HYUNDAI</value>
          <value>ISUZU</value>
          <value>JAGUAR</value>
          <value>JEEP</value>
          <value>JENSEN</value>
          <value>KIA</value>
          <value>LADA</value>
          <value>LAMBORGHINI</value>
          <value>LANCIA</value>
          <value>LAND ROVER</value>
          <value>LEXUS</value>
          <value>LIGIER</value>
          <value>LINCOLN</value>
          <value>LOTUS</value>
          <value>MAHINDRA</value>
          <value>MARCOS</value>
          <value>MARLIN</value>
          <value>MASERATI</value>
          <value>MATRA SIMCA</value>
          <value>MAZDA</value>
          <value>MERCEDES</value>
          <value>MG</value>
          <value>MINI</value>
          <value>MITSUBISHI</value>
          <value>MORGAN</value>
          <value>MORRIS</value>
          <value>NISSAN</value>
          <value>OLDSMOBILE</value>
          <value>OPEL</value>
          <value>PANTHER</value>
          <value>PERODUA</value>
          <value>PEUGEOT</value>
          <value>PLYMOUTH</value>
          <value>PONTIAC</value>
          <value>PORSCHE</value>
          <value>PROTON</value>
          <value>RELIANT</value>
          <value>RENAULT</value>
          <value>RILEY</value>
          <value>ROLLS ROYCE</value>
          <value>ROVER</value>
          <value>SAAB</value>
          <value>SAO</value>
          <value>SEAT</value>
          <value>SKODA</value>
          <value>SMARTS</value>
          <value>SANGYONG</value>
          <value>SUBARU</value>
          <value>SUNBEAM</value>
          <value>SUZUKI</value>
          <value>TALBOT</value>
          <value>TATA</value>
          <value>TAXIS</value>
          <value>TOYOTA</value>
          <value>TRABANT</value>
          <value>TRIUMPH</value>
          <value>TVR</value>
          <value>UMM</value>
          <value>VAUXHALL</value>
          <value>VENTURI</value>
          <value>VOLKSWAGEN</value>
          <value>VOLVO</value>
          <value>WESTFIELD</value>
          <value>WOLSELEY</value>
          <value>YUGO</value>
        </domain>
      </attr>
    </attrgroup>
    <attrgroup>
      <attr name="Model name" ename="model">
        <domain format="selection_list">
          <value>ANY</value>
          <value>ACCORD</value>
          <value>AERODECK</value>
          <value>BALLADE</value>
          <value>CIVIC</value>
          <value>CONCERTO</value>
          <value>CRV</value>
          <value>CRX</value>
          <value>HRV</value>
          <value>INTEGRA</value>
          <value>JAZZ</value>
          <value>LEGEND</value>
          <value>LOGO</value>
          <value>NSX</value>
          <value>PRELUDE</value>
          <value>QUINTET</value>
          <value>S2000</value>
          <value>SHUTTLE</value>
          <value>STREAM</value>
        </domain>
      </attr>
    </attrgroup>
    <attrgroup>
      <attr name="" ename="">
        <input>
          <operator name="Minimum price" ename="minimum price" />
          <domain format="selection_list">
            <value>Any</value>
            <value>¡ê100</value>
            <value>¡ê500</value>
            <value>¡ê1000</value>
            <value>¡ê2000</value>
            <value>¡ê3000</value>
            <value>¡ê4000</value>
            <value>¡ê5000</value>
            <value>¡ê6000</value>
            <value>¡ê7000</value>
            <value>¡ê8000</value>
            <value>¡ê10000</value>
            <value>¡ê12000</value>
            <value>¡ê15000</value>
            <value>¡ê20000</value>
            <value>¡ê25000</value>
            <value>¡ê40000</value>
          </domain>
        </input>
        <input>
          <operator name="Maximum price" ename="maximum price" />
          <domain format="selection_list">
            <value>Any</value>
            <value>¡ê100</value>
            <value>¡ê500</value>
            <value>¡ê1000</value>
            <value>¡ê2000</value>
            <value>¡ê3000</value>
            <value>¡ê4000</value>
            <value>¡ê5000</value>
            <value>¡ê6000</value>
            <value>¡ê7000</value>
            <value>¡ê8000</value>
            <value>¡ê10000</value>
            <value>¡ê12000</value>
            <value>¡ê15000</value>
            <value>¡ê20000</value>
            <value>¡ê25000</value>
            <value>¡ê40000</value>
            <value>¡ê40000+</value>
          </domain>
        </input>
      </attr>
    </attrgroup>
    <attrgroup>
      <attr name="Distance" level="1" ename="distance">
        <input>
          <operator name="My PostCode is" ename="postcode" />
          <domain format="text_box" />
        </input>
        <input>
          <operator name="" ename="" />
          <domain format="selection_list">
            <value>5 miles</value>
            <value>10 miles</value>
            <value>25 miles</value>
            <value>50 miles</value>
            <value>75 miles</value>
            <value>100 miles</value>
            <value>150 miles</value>
            <value>National Search</value>
          </domain>
        </input>
      </attr>
    </attrgroup>
  </form>
  <form>
    <attrgroup>
      <attr name="Mileage" ename="mileage">
        <domain format="selection_list">
          <value>Any</value>
          <value>10000-</value>
          <value>20000-</value>
          <value>30000-</value>
          <value>40000-</value>
          <value>50000-</value>
          <value>60000-</value>
          <value>70000-</value>
          <value>80000-</value>
          <value>90000-</value>
          <value>100000-</value>
          <value>100000+</value>
        </domain>
      </attr>
    </attrgroup>
    <attrgroup>
      <attr name="Trade or private?" ename="trade or private">
        <domain format="selection_list">
          <value>Both</value>
          <value>Trade</value>
          <value>Private</value>
        </domain>
      </attr>
    </attrgroup>
    <attrgroup>
      <attr name="Registration year" ename="registration year">
        <domain format="selection_list">
          <value>Any</value>
          <value>Pre 1985</value>
          <value>85 (B/C) +</value>
          <value>86 (C/D) +</value>
          <value>87 (D/E) +</value>
          <value>88 (E/F) +</value>
          <value>89 (F/G) +</value>
          <value>90 (G/H) +</value>
          <value>91 (H/J) +</value>
          <value>92 (J/K) +</value>
          <value>93 (K/L) +</value>
          <value>94 (L/M) +</value>
          <value>95 (M/N) +</value>
          <value>96 (N/P) +</value>
          <value>97 (P/R) +</value>
          <value>98 (R/S) +</value>
          <value>99 (S/T/V) +</value>
          <value>00 (V/W/X) +</value>
          <value>01 (X/Y/51) +</value>
          <value>02 (51/02/52) +</value>
          <value>New Unregistered</value>
        </domain>
      </attr>
    </attrgroup>
    <attrgroup>
      <attr name="Colour" ename="colour">
        <domain format="selection_list">
          <value>Any</value>
          <value>Beige</value>
          <value>Black</value>
          <value>Blue</value>
          <value>Bronze</value>
          <value>Brown</value>
          <value>Gold</value>
          <value>Green</value>
          <value>Grey</value>
          <value>Magnolia</value>
          <value>Orange</value>
          <value>Pink</value>
          <value>Purple</value>
          <value>Red</value>
          <value>Silver</value>
          <value>White</value>
          <value>Yellow</value>
        </domain>
      </attr>
    </attrgroup>
    <attrgroup>
      <attr name="Keywords separate with a comma (e.g. GTi,GLX,Towbar)" ename="keywords">
        <domain format="text_box" />
      </attr>
    </attrgroup>
  </form>
  <form>
    <attrgroup>
      <attr name="The car I'm looking for must have/be..." ename="">
        <domain format="check_box">
          <option>Automatic</option>
          <option>Left Hand Drive</option>
          <option>Diesel</option>
          <option>One Owner</option>
          <option>History</option>
          <option>Warranty</option>
        </domain>
      </attr>
    </attrgroup>
  </form>
</source>