<source url="http://www.warrantygold.com/" interurl="http://www.warrantygold.com/index.asp">
  <srcname>Extended Vehicle Warranty - Warranty Gold</srcname>
  <form>
    <attrgroup>
      <attr name="Year:" ename="year">
        <domain format="selection_list">
          <value>2004</value>
          <value>2003</value>
          <value>2002</value>
          <value>2001</value>
          <value>2000</value>
          <value>1999</value>
          <value>1998</value>
          <value>1997</value>
          <value>1996</value>
          <value>1995</value>
        </domain>
      </attr>
    </attrgroup>
    <attrgroup>
      <attr name="Make:" ename="make">
        <domain format="selection_list">
          <value>Acura</value>
          <value>Audi</value>
          <value>BMW</value>
          <value>Buick</value>
          <value>Cadillac</value>
          <value>Chevrolet</value>
          <value>Chrysler</value>
          <value>Dodge</value>
          <value>Ford</value>
          <value>Geo</value>
          <value>GMC</value>
          <value>Honda</value>
          <value>Hummer</value>
          <value>Hyundai</value>
          <value>Infiniti</value>
          <value>Isuzu</value>
          <value>Jaguar</value>
          <value>Jeep</value>
          <value>Kia</value>
          <value>Land Rover</value>
          <value>Lexus</value>
          <value>Lincoln</value>
          <value>Mazda</value>
          <value>Mercedes-Benz</value>
          <value>Mercury</value>
          <value>Mini</value>
          <value>Mitsubishi</value>
          <value>Nissan</value>
          <value>Oldsmobile</value>
          <value>Plymouth</value>
          <value>Pontiac</value>
          <value>Porsche</value>
          <value>Saab</value>
          <value>Saturn</value>
          <value>Subaru</value>
          <value>Suzuki</value>
          <value>Toyota</value>
          <value>Volkswagen</value>
          <value>Volvo</value>
        </domain>
      </attr>
    </attrgroup>
    <attrgroup>
      <attr name="State:" ename="state">
        <domain format="selection_list">
          <value>Alabama</value>
          <value>Alaska</value>
          <value>Arizona</value>
          <value>Arkansas</value>
          <value>California</value>
          <value>Colorado</value>
          <value>Connecticut</value>
          <value>D.C.</value>
          <value>Delaware</value>
          <value>Florida</value>
          <value>Georgia</value>
          <value>Hawaii</value>
          <value>Idaho</value>
          <value>Illinois</value>
          <value>Indiana</value>
          <value>Iowa</value>
          <value>Kansas</value>
          <value>Kentucky</value>
          <value>Louisiana</value>
          <value>Maine</value>
          <value>Maryland</value>
          <value>Massachusetts</value>
          <value>Michigan</value>
          <value>Minnesota</value>
          <value>Mississippi</value>
          <value>Missouri</value>
          <value>Montana</value>
          <value>Nebraska</value>
          <value>Nevada</value>
          <value>New Hampshire</value>
          <value>New Jersey</value>
          <value>New Mexico</value>
          <value>New York</value>
          <value>North Carolina</value>
          <value>North Dakota</value>
          <value>Ohio</value>
          <value>Oklahoma</value>
          <value>Oregon</value>
          <value>Pennsylvania</value>
          <value>Rhode Island</value>
          <value>South Carolina</value>
          <value>South Dakota</value>
          <value>Tennessee</value>
          <value>Texas</value>
          <value>Utah</value>
          <value>Vermont</value>
          <value>Virginia</value>
          <value>Washington</value>
          <value>West Virginia</value>
          <value>Wisconsin</value>
          <value>Wyoming</value>
        </domain>
      </attr>
    </attrgroup>
  </form>
</source>