<source url="http://www.worldparts.com/" interurl="http://www.worldparts.com/mainmenu.html">
  <srcname>Fast-Net's World Parts Center Main Menu</srcname>
  <form>
    <attrgroup>
      <attr name="Select Manufacturer" ename="manufacturer">
        <domain format="selection_list">
          <value>------- Select -------</value>
          <value>Acura</value>
          <value>Audi</value>
          <value>BMW</value>
          <value>Buick</value>
          <value>Cadillac</value>
          <value>Chevrolet</value>
          <value>Chrysler</value>
          <value>Daewoo</value>
          <value>Dodge</value>
          <value>Eagle</value>
          <value>Ford</value>
          <value>Geo</value>
          <value>GMC</value>
          <value>Honda</value>
          <value>Hyundai</value>
          <value>Infiniti</value>
          <value>Isuzu</value>
          <value>Jaguar</value>
          <value>Jeep</value>
          <value>Kia</value>
          <value>Lexus</value>
          <value>Lincoln</value>
          <value>Mazda</value>
          <value>Mercedes</value>
          <value>Mercury</value>
          <value>Mitubishi</value>
          <value>Nissan</value>
          <value>Oldsmobile</value>
          <value>Plymouth</value>
          <value>Pontiac</value>
          <value>Porsche</value>
          <value>Peugeot</value>
          <value>Saab</value>
          <value>Saturn</value>
          <value>Subaru</value>
          <value>Suzuki</value>
          <value>Sterling</value>
          <value>Toyota</value>
          <value>Volvo</value>
          <value>Volkswagen</value>
        </domain>
      </attr>
    </attrgroup>
  </form>
  <form>
    <attrgroup>
      <attr name="Select Manufacturer" ename="manufacturer">
        <domain format="selection_list">
          <value>-------- Select -------</value>
          <value>BMW</value>
          <value>Chrysler</value>
          <value>Ford</value>
          <value>GM</value>
          <value>Honda</value>
          <value>Isuzu</value>
          <value>Infiniti</value>
          <value>Kia</value>
          <value>Lexus</value>
          <value>Mazda</value>
          <value>Mercedes Benz</value>
          <value>Mercury</value>
          <value>Mitsubishi</value>
          <value>Nissan</value>
          <value>Saab</value>
          <value>Saturn</value>
          <value>Subaru</value>
          <value>Toyota</value>
          <value>Volkswagen</value>
        </domain>
      </attr>
    </attrgroup>
    <attrgroup>
      <attr name="Enter Part Number" ename="part number">
        <domain format="text_box" />
      </attr>
    </attrgroup>
    <attrgroup>
      <attr name="Select Area Code" ename="area code">
        <domain format="selection_list">
          <value>----------Select-------</value>
          <value>201</value>
          <value>202</value>
          <value>203</value>
          <value>204</value>
          <value>205</value>
          <value>206</value>
          <value>207</value>
          <value>208</value>
          <value>209</value>
          <value>210</value>
          <value>212</value>
          <value>213</value>
          <value>214</value>
          <value>215</value>
          <value>216</value>
          <value>217</value>
          <value>218</value>
          <value>219</value>
          <value>224</value>
          <value>225</value>
          <value>228</value>
          <value>231</value>
          <value>240</value>
          <value>248</value>
          <value>252</value>
          <value>253</value>
          <value>254</value>
          <value>256</value>
          <value>262</value>
          <value>267</value>
          <value>270</value>
          <value>281</value>
          <value>301</value>
          <value>302</value>
          <value>303</value>
          <value>304</value>
          <value>305</value>
          <value>306</value>
          <value>307</value>
          <value>308</value>
          <value>309</value>
          <value>310</value>
          <value>312</value>
          <value>313</value>
          <value>314</value>
          <value>315</value>
          <value>316</value>
          <value>317</value>
          <value>318</value>
          <value>319</value>
          <value>320</value>
          <value>321</value>
          <value>323</value>
          <value>330</value>
          <value>334</value>
          <value>336</value>
          <value>352</value>
          <value>360</value>
          <value>401</value>
          <value>402</value>
          <value>403</value>
          <value>404</value>
          <value>405</value>
          <value>406</value>
          <value>407</value>
          <value>408</value>
          <value>409</value>
          <value>410</value>
          <value>412</value>
          <value>413</value>
          <value>414</value>
          <value>415</value>
          <value>417</value>
          <value>419</value>
          <value>423</value>
          <value>425</value>
          <value>435</value>
          <value>440</value>
          <value>443</value>
          <value>450</value>
          <value>464</value>
          <value>469</value>
          <value>480</value>
          <value>484</value>
          <value>501</value>
          <value>502</value>
          <value>503</value>
          <value>504</value>
          <value>505</value>
          <value>507</value>
          <value>508</value>
          <value>509</value>
          <value>510</value>
          <value>512</value>
          <value>513</value>
          <value>515</value>
          <value>516</value>
          <value>517</value>
          <value>518</value>
          <value>519</value>
          <value>520</value>
          <value>530</value>
          <value>540</value>
          <value>541</value>
          <value>559</value>
          <value>561</value>
          <value>562</value>
          <value>573</value>
          <value>580</value>
          <value>586</value>
          <value>601</value>
          <value>602</value>
          <value>603</value>
          <value>605</value>
          <value>606</value>
          <value>607</value>
          <value>608</value>
          <value>609</value>
          <value>610</value>
          <value>612</value>
          <value>613</value>
          <value>614</value>
          <value>615</value>
          <value>616</value>
          <value>617</value>
          <value>618</value>
          <value>619</value>
          <value>623</value>
          <value>626</value>
          <value>630</value>
          <value>631</value>
          <value>636</value>
          <value>646</value>
          <value>647</value>
          <value>650</value>
          <value>651</value>
          <value>657</value>
          <value>660</value>
          <value>661</value>
          <value>662</value>
          <value>669</value>
          <value>678</value>
          <value>701</value>
          <value>702</value>
          <value>703</value>
          <value>704</value>
          <value>706</value>
          <value>707</value>
          <value>708</value>
          <value>709</value>
          <value>712</value>
          <value>713</value>
          <value>714</value>
          <value>715</value>
          <value>716</value>
          <value>717</value>
          <value>718</value>
          <value>719</value>
          <value>720</value>
          <value>724</value>
          <value>727</value>
          <value>732</value>
          <value>734</value>
          <value>740</value>
          <value>757</value>
          <value>760</value>
          <value>765</value>
          <value>770</value>
          <value>773</value>
          <value>781</value>
          <value>785</value>
          <value>786</value>
          <value>801</value>
          <value>802</value>
          <value>803</value>
          <value>804</value>
          <value>805</value>
          <value>806</value>
          <value>808</value>
          <value>810</value>
          <value>812</value>
          <value>813</value>
          <value>814</value>
          <value>815</value>
          <value>816</value>
          <value>817</value>
          <value>818</value>
          <value>828</value>
          <value>830</value>
          <value>831</value>
          <value>843</value>
          <value>847</value>
          <value>850</value>
          <value>860</value>
          <value>864</value>
          <value>870</value>
          <value>872</value>
          <value>901</value>
          <value>902</value>
          <value>903</value>
          <value>904</value>
          <value>906</value>
          <value>907</value>
          <value>908</value>
          <value>909</value>
          <value>910</value>
          <value>912</value>
          <value>913</value>
          <value>914</value>
          <value>915</value>
          <value>916</value>
          <value>917</value>
          <value>918</value>
          <value>919</value>
          <value>920</value>
          <value>925</value>
          <value>931</value>
          <value>935</value>
          <value>937</value>
          <value>940</value>
          <value>941</value>
          <value>949</value>
          <value>954</value>
          <value>956</value>
          <value>970</value>
          <value>972</value>
          <value>973</value>
          <value>978</value>
        </domain>
      </attr>
    </attrgroup>
  </form>
</source>