<source url="http://www.findausedcaronline.com/" interurl="http://www.findausedcaronline.com/frame.htm">
  <srcname>findausedcaronline.com car_finder</srcname>
  <form>
    <attrgroup>
      <attr name="Vehicle Type:" ename="vehicle type">
        <domain format="radio_button">
          <value>New</value>
          <value>Used</value>
          <value>Any</value>
        </domain>
      </attr>
    </attrgroup>
    <attrgroup>
      <attr name="Vehicle Type:" ename="vehicle type">
        <domain format="radio_button">
          <value>Car</value>
          <value>Truck</value>
          <value>SUV</value>
          <value>Other</value>
        </domain>
      </attr>
    </attrgroup>
    <attrgroup>
      <attr name="Color:" ename="color">
        <domain format="text_box" />
      </attr>
    </attrgroup>
    <attrgroup>
      <attr name="Make:" ename="make">
        <domain format="selection_list">
          <value>Any</value>
          <value>Acura</value>
          <value>AM General</value>
          <value>Aston Martin</value>
          <value>Audi</value>
          <value>Bentley</value>
          <value>BMW</value>
          <value>Buick</value>
          <value>Cadillac</value>
          <value>Chevrolet</value>
          <value>Chrysler</value>
          <value>Daewoo</value>
          <value>Dodge</value>
          <value>Ford</value>
          <value>GMC</value>
          <value>Honda</value>
          <value>Hummer</value>
          <value>Hyundai</value>
          <value>Infiniti</value>
          <value>Isuzu</value>
          <value>Jaguar</value>
          <value>Jeep</value>
          <value>Kia</value>
          <value>Land Rover</value>
          <value>Lexus</value>
          <value>Lincoln</value>
          <value>Mazda</value>
          <value>Mercedes-Benz</value>
          <value>Mercury</value>
          <value>MINI</value>
          <value>Mitsubishi</value>
          <value>Nissan</value>
          <value>Oldsmobile</value>
          <value>Pontiac</value>
          <value>Porsche</value>
          <value>Rolls-Royce</value>
          <value>Saab</value>
          <value>Saturn</value>
          <value>Subaru</value>
          <value>Suzuki</value>
          <value>Toyota</value>
          <value>Volkswagen</value>
          <value>Volvo</value>
        </domain>
      </attr>
    </attrgroup>
    <attrgroup>
      <attr name="Model:" ename="model">
        <domain format="selection_list">
          <value>Accord</value>
          <value>Civic</value>
          <value>CR-V</value>
          <value>Insight</value>
          <value>Odyssey</value>
          <value>Passport</value>
          <value>Pilot</value>
          <value>S2000</value>
        </domain>
      </attr>
    </attrgroup>
    <attrgroup>
      <attr name="Please Select a Trim:" ename="trim">
        <domain format="selection_list">
          <value>2003-DX4DrSedan</value>
          <value>2003-EX2DrCoupe</value>
          <value>2003-EX4DrSedan</value>
          <value>2003-EXV62DrCoupe</value>
          <value>2003-EXV64DrSedan</value>
          <value>2003-LX2DrCoupe</value>
          <value>2003-LX4DrSedan</value>
          <value>2003-LXV62DrCoupe</value>
          <value>2003-LXV64DrSedan</value>
          <value>2002-SE2DrCoupe</value>
          <value>2002-SE4DrSedan</value>
          <value>2002-VP4DrSedan</value>
        </domain>
      </attr>
    </attrgroup>
  </form>
</source>