<source url="http://www.find-me-cars.co.uk/" interurl="http://www.find-me-cars.co.uk/">
  <srcname>FindMe Cars - Cars for sale</srcname>
  <form>
    <attrgroup>
      <attr name="Manufacturer:" ename="manufacturer">
        <domain format="selection_list">
          <value>Alfa Romeo</value>
          <value>Asia</value>
          <value>Audi</value>
          <value>Austin</value>
          <value>Bentley</value>
          <value>BMW</value>
          <value>Chevrolet</value>
          <value>Chrysler</value>
          <value>Citroen</value>
          <value>Daewoo</value>
          <value>Daihatsu</value>
          <value>Fiat</value>
          <value>Ford</value>
          <value>Honda</value>
          <value>Hyundai</value>
          <value>Isuzu</value>
          <value>Jaguar</value>
          <value>Jeep</value>
          <value>Kia</value>
          <value>Lada</value>
          <value>Lancia</value>
          <value>Land Rover</value>
          <value>Lexus</value>
          <value>Lotus</value>
          <value>Maserati</value>
          <value>Mazda</value>
          <value>MCC</value>
          <value>Mercedes-Benz</value>
          <value>MG</value>
          <value>Mitsubishi</value>
          <value>Morgan</value>
          <value>Morris</value>
          <value>Nissan</value>
          <value>Noble</value>
          <value>Opel</value>
          <value>Perodua</value>
          <value>Peugeot</value>
          <value>Porsche</value>
          <value>Proton</value>
          <value>Range Rover</value>
          <value>Reliant</value>
          <value>Renault</value>
          <value>Rolls-Royce</value>
          <value>Rover</value>
          <value>Saab</value>
          <value>Seat</value>
          <value>Skoda</value>
          <value>Subaru</value>
          <value>Suzuki</value>
          <value>Tata</value>
          <value>Toyota</value>
          <value>Triumph</value>
          <value>TVR</value>
          <value>Vauxhall</value>
          <value>Venturi</value>
          <value>Volvo</value>
          <value>VW</value>
        </domain>
      </attr>
    </attrgroup>
    <attrgroup>
      <attr name="Model (e.g. Vectra):" ename="model">
        <domain format="text_box" />
      </attr>
    </attrgroup>
    <attrgroup>
      <attr name="Postcode:" level="1" ename="postcode">
        <input>
          <operator name="" ename="" />
          <domain format="text_box" />
        </input>
        <input>
          <operator name="" ename="" />
          <domain format="text_box" />
        </input>
      </attr>
    </attrgroup>
    <attrgroup>
      <attr name="Distance:" ename="distance">
        <domain format="selection_list">
          <value>Regional</value>
          <value>National</value>
        </domain>
      </attr>
    </attrgroup>
    <attrgroup>
      <attr name="Maximum price :" ename="maximum price">
        <domain format="text_box" />
      </attr>
    </attrgroup>
  </form>
</source>