<source url="http://www.bigjons.com/" interurl="http://www.bigjons.com/find_used_car.htm">
  <srcname>find used cars pickup trucks 4x4s or suvs used car locator</srcname>
  <form>
    <attrgroup>
      <attr name="Year:" ename="year">
        <domain format="text_box" />
      </attr>
    </attrgroup>
    <attrgroup>
      <attr name="Make:" ename="make">
        <domain format="text_box" />
      </attr>
    </attrgroup>
    <attrgroup>
      <attr name="Model:" ename="model">
        <domain format="text_box" />
      </attr>
    </attrgroup>
    <attrgroup>
      <attr name="Body:" ename="body">
        <domain format="text_box" />
      </attr>
    </attrgroup>
    <attrgroup>
      <attr name="Color(s):" ename="colors">
        <domain format="text_box" />
      </attr>
    </attrgroup>
    <attrgroup>
      <attr name="Price Range:" ename="price range">
        <domain format="text_box" />
      </attr>
    </attrgroup>
    <attrgroup>
      <attr name="Need Help Financing?" ename="">
        <domain format="selection_list">
          <value>YES</value>
          <value>NO</value>
        </domain>
      </attr>
    </attrgroup>
  </form>
</source>