<source url="http://www.fish4cars.co.uk/" interurl="http://www.fish4cars.co.uk/findit/powerresults.cgi?category=motors">
  <srcname>fish4cars - UK car search</srcname>
  <form>
    <attrgroup>
      <attr name="Make (eg Ford)" ename="make">
        <additional>What type of car are you looking for?</additional>
        <domain format="selection_list" />
      </attr>
    </attrgroup>
    <attrgroup>
      <attr name="Model (eg Fiesta)" ename="model">
        <additional>What type of car are you looking for?</additional>
        <domain format="selection_list" />
      </attr>
    </attrgroup>
    <attrgroup>
      <attr name="How much do you want to spend?" level="1" ename="">
        <input>
          <operator name="Min ¡ê" ename="min" />
          <domain format="text_box" />
        </input>
        <input>
          <operator name="Max ¡ê" ename="max" />
          <domain format="text_box" />
        </input>
      </attr>
    </attrgroup>
    <attrgroup>
      <attr name=" Where would you like to search?" level="1" ename="">
        <additional>eg York or SW1</additional>
        <input>
          <operator name="Within" ename="within" />
          <domain format="text_box" />
        </input>
        <input>
          <operator name="miles of" ename="miles" />
          <domain format="text_box" />
        </input>
      </attr>
    </attrgroup>
  </form>
</source>