<source url="http://www.fredbondesen.com/" interurl="http://www.fredbondesen.com/frameset2.asp?LINK=UsedCars&amp;MAIN=Used_vehicle_search">
  <srcname>Fred Bondesen Chevrolet Oldsmobile Cadillac</srcname>
  <form>
    <attrgroup>
      <attr name="Hot Word" ename="word">
        <domain format="selection_list">
          <value>ALL Hot Word</value>
        </domain>
      </attr>
    </attrgroup>
    <attrgroup>
      <attr name="VEHICLE TYPE" ename="vehicle type">
        <domain format="selection_list">
          <value>ALL VEHICLE TYPES</value>
        </domain>
      </attr>
    </attrgroup>
    <attrgroup>
      <attr name="MAKE" ename="make">
        <domain format="selection_list">
          <value>ALL MAKES</value>
          <value>BUICK</value>
          <value>CADILLAC</value>
          <value>CHEVROLET</value>
          <value>DODGE</value>
          <value>JEEP</value>
          <value>OLDSMOBILE</value>
          <value>PONTIAC</value>
          <value>SATURN</value>
          <value>TOYOTA</value>
        </domain>
      </attr>
    </attrgroup>
    <attrgroup>
      <attr name="MODEL" ename="model">
        <domain format="selection_list">
          <value>ALL MODELS</value>
          <value>ACHIEVA</value>
          <value>ALERO</value>
          <value>ASTRO</value>
          <value>BLAZER</value>
          <value>CAMARO</value>
          <value>CAVALIER</value>
          <value>CENTURY</value>
          <value>CHEEROKEE</value>
          <value>CIERRA</value>
          <value>CUTLASS CIERA</value>
          <value>DEVILLE</value>
          <value>DURANGO</value>
          <value>ELDORADO</value>
          <value>ESCALADE</value>
          <value>GRAND PRIX</value>
          <value>IMPALA</value>
          <value>INTRIGUE</value>
          <value>L SERIES</value>
          <value>LESABRE</value>
          <value>MALIBU</value>
          <value>MONTECARLO</value>
          <value>PRIZM</value>
          <value>S-10</value>
          <value>S10</value>
          <value>SEVILLE</value>
          <value>SIENNA</value>
          <value>SILHOUETTE</value>
          <value>SILVERADO</value>
          <value>SUBURBAN</value>
          <value>TRACKER</value>
        </domain>
      </attr>
    </attrgroup>
    <attrgroup>
      <attr name="SELLING PRICE" ename="selling price">
        <domain format="selection_list">
          <value>ALL PRICES</value>
          <value>Up To 5000</value>
          <value>Up To 10000</value>
          <value>Up To 15000</value>
          <value>Up To 20000</value>
          <value>Up To 25000</value>
          <value>Up To 30000</value>
          <value>Up To 35000</value>
        </domain>
      </attr>
    </attrgroup>
  </form>
</source>