<source url="http://www.azautonet.com/" interurl="http://autonetmail.com/UsedVehiclePriceQuote.asp?State=AZ">
  <srcname>Free Carfinder service from Arizona AutoNet</srcname>
  <form>
    <attrgroup>
      <attr name="Approximate Purchase Date:" ename="purchase date">
        <domain format="radio_button">
          <value>Now</value>
          <value>1 - 2 Weeks</value>
          <value>2 - 3 Weeks</value>
          <value>1 Mo. or more</value>
        </domain>
      </attr>
    </attrgroup>
    <attrgroup>
      <attr name="Vehicle type:" ename="vehicle type">
        <domain format="radio_button">
          <value>Sport / Ute</value>
          <value>Car</value>
          <value>Van</value>
          <value>Truck</value>
        </domain>
      </attr>
    </attrgroup>
    <attrgroup>
      <attr name="Make:" ename="make">
        <domain format="selection_list">
          <value>Any</value>
          <value>Acura</value>
          <value>Alfa Romeo</value>
          <value>AMC</value>
          <value>Audi</value>
          <value>Bertone</value>
          <value>BMW</value>
          <value>Buick</value>
          <value>Cadillac</value>
          <value>Chevrolet</value>
          <value>Chrysler</value>
          <value>Daewoo</value>
          <value>Daihatsu</value>
          <value>Dodge</value>
          <value>Eagle</value>
          <value>Ferrari</value>
          <value>Fiat</value>
          <value>Ford</value>
          <value>Geo</value>
          <value>GMC</value>
          <value>Honda</value>
          <value>Hummer</value>
          <value>Hyundai</value>
          <value>Infiniti</value>
          <value>Isuzu</value>
          <value>Jaguar</value>
          <value>Jeep</value>
          <value>Kia</value>
          <value>Lamborghini</value>
          <value>Land Rover</value>
          <value>Lexus</value>
          <value>Lincoln</value>
          <value>Lotus</value>
          <value>Maserati</value>
          <value>Mazda</value>
          <value>Mercedes-Benz</value>
          <value>Mercury</value>
          <value>MINI</value>
          <value>Mitsubishi</value>
          <value>Nissan</value>
          <value>Oldsmobile</value>
          <value>Peugeot</value>
          <value>Plymouth</value>
          <value>Pontiac</value>
          <value>Porsche</value>
          <value>Renault</value>
          <value>Rolls Royce</value>
          <value>Saab</value>
          <value>Saturn</value>
          <value>Sterling</value>
          <value>Subaru</value>
          <value>Suzuki</value>
          <value>Toyota</value>
          <value>Triumph</value>
          <value>Volkswagen</value>
          <value>Volvo</value>
          <value>Yugo</value>
          <value>Other</value>
        </domain>
      </attr>
    </attrgroup>
    <attrgroup>
      <attr name="Model(s):" ename="models">
        <domain format="text_box" />
      </attr>
    </attrgroup>
    <attrgroup>
      <attr name="2nd choice Make: if applicable" ename="make">
        <domain format="selection_list">
          <value>none</value>
          <value>Acura</value>
          <value>Alfa Romeo</value>
          <value>AMC</value>
          <value>Audi</value>
          <value>Bertone</value>
          <value>BMW</value>
          <value>Buick</value>
          <value>Cadillac</value>
          <value>Chevrolet</value>
          <value>Chrysler</value>
          <value>Daewoo</value>
          <value>Daihatsu</value>
          <value>Dodge</value>
          <value>Eagle</value>
          <value>Ferrari</value>
          <value>Fiat</value>
          <value>Ford</value>
          <value>Geo</value>
          <value>GMC</value>
          <value>Honda</value>
          <value>Hummer</value>
          <value>Hyundai</value>
          <value>Infiniti</value>
          <value>Isuzu</value>
          <value>Jaguar</value>
          <value>Jeep</value>
          <value>Kia</value>
          <value>Lamborghini</value>
          <value>Land Rover</value>
          <value>Lexus</value>
          <value>Lincoln</value>
          <value>Lotus</value>
          <value>Maserati</value>
          <value>Mazda</value>
          <value>Mercedes-Benz</value>
          <value>Mercury</value>
          <value>MINI</value>
          <value>Mitsubishi</value>
          <value>Nissan</value>
          <value>Oldsmobile</value>
          <value>Peugeot</value>
          <value>Plymouth</value>
          <value>Pontiac</value>
          <value>Porsche</value>
          <value>Renault</value>
          <value>Rolls Royce</value>
          <value>Saab</value>
          <value>Saturn</value>
          <value>Sterling</value>
          <value>Subaru</value>
          <value>Suzuki</value>
          <value>Toyota</value>
          <value>Triumph</value>
          <value>Volkswagen</value>
          <value>Volvo</value>
          <value>Yugo</value>
          <value>Other</value>
        </domain>
      </attr>
    </attrgroup>
    <attrgroup>
      <attr name="2nd choice Model(s): if applicable" ename="models">
        <domain format="text_box" />
      </attr>
    </attrgroup>
    <attrgroup>
      <attr name="Made In Or After:" ename="">
        <domain format="selection_list">
          <value>Any Year</value>
          <value>1980-1985</value>
          <value>1985-1990</value>
          <value>1991</value>
          <value>1992</value>
          <value>1993</value>
          <value>1994</value>
          <value>1995</value>
          <value>1996</value>
          <value>1997</value>
          <value>1998</value>
          <value>1999</value>
          <value>2000</value>
          <value>2001</value>
        </domain>
      </attr>
    </attrgroup>
    <attrgroup>
      <attr name="Color Preference:" ename="color">
        <domain format="selection_list">
          <value>White</value>
          <value>Black</value>
          <value>Blue</value>
          <value>Red</value>
          <value>Tan</value>
          <value>Brown</value>
          <value>Gold</value>
          <value>Gray</value>
          <value>Green</value>
          <value>Any</value>
        </domain>
      </attr>
    </attrgroup>
    <attrgroup>
      <attr name="Options (check preferred):" ename="options">
        <domain format="check_box">
          <option>Air Conditioning</option>
          <option>Power Windows</option>
          <option>2 Door</option>
          <option>4 Door</option>
          <option>Power Locks</option>
          <option>Cruise Control</option>
          <option>Alloy Wheels</option>
          <option>Anti-LockBrakes</option>
          <option>1/2 Ton</option>
          <option>One Ton</option>
          <option>3/4 Ton</option>
          <option>Tow Package</option>
          <option>Moon Roof</option>
          <option>Sun Roof</option>
          <option>Leather Interior</option>
          <option>Cassette Player</option>
          <option>Extended Cab</option>
          <option>Crew Cab</option>
          <option>Automatic</option>
          <option>5 Speed</option>
          <option>CD Player</option>
          <option>4 Wheel Drive</option>
          <option>2 Wheel Drive</option>
          <option>Slding-rear-window</option>
          <option>Bench Seat</option>
          <option>Bucket Seats</option>
          <option>Long Bed</option>
          <option>ShortBed</option>
        </domain>
      </attr>
    </attrgroup>
  </form>
</source>