<source url="http://www.gotcars4sale.com/" interurl="http://www.gotcars4sale.com/listing/search_listings.asp?mode=advanced">
  <srcname>Got Cars 4 Sale - Search Listings</srcname>
  <form>
    <attrgroup>
      <attr name="Make" ename="make">
        <additional>Car Information</additional>
        <domain format="selection_list">
          <value>Select Make</value>
          <value>All</value>
          <value>--------------------------------</value>
          <value>Abarth</value>
          <value>Abbott Detroit</value>
          <value>AC</value>
          <value>Acura</value>
          <value>Adler</value>
          <value>Ajax</value>
          <value>Alco</value>
          <value>Aldo Auto Capas</value>
          <value>Alfa Remeo</value>
          <value>Allard</value>
          <value>Alpine</value>
          <value>Alvis</value>
          <value>Am General</value>
          <value>AMC</value>
          <value>American</value>
          <value>American Austin</value>
          <value>American Steam</value>
          <value>American Underslung</value>
          <value>Amilcar</value>
          <value>Amphicar</value>
          <value>Anderson</value>
          <value>Apperson</value>
          <value>Archer</value>
          <value>Armstrong Siddel</value>
          <value>Asc/Mclaren</value>
          <value>Aston Martin</value>
          <value>Asuna</value>
          <value>Atlas</value>
          <value>Auburn</value>
          <value>Audi</value>
          <value>Aurora</value>
          <value>Austin</value>
          <value>Austin Healey</value>
          <value>Austin/Bentam</value>
          <value>Austin-Bantam</value>
          <value>Auto Car</value>
          <value>Auto Union</value>
          <value>Avanti</value>
          <value>Baker Electric</value>
          <value>Baldwin</value>
          <value>Bantam</value>
          <value>Barley</value>
          <value>Bay State</value>
          <value>Beardmore</value>
          <value>Bentley</value>
          <value>Berkeley</value>
          <value>Berkley</value>
          <value>Bernardi</value>
          <value>Biddle</value>
          <value>Binford</value>
          <value>Bitter</value>
          <value>Bizzarini</value>
          <value>Blackhauwk</value>
          <value>BMW</value>
          <value>Bond</value>
          <value>Borgward</value>
          <value>Brewster</value>
          <value>Bricklin</value>
          <value>Briscoe</value>
          <value>Bristrol</value>
          <value>Brooks Steam</value>
          <value>Brush</value>
          <value>Buffum</value>
          <value>Bugatti</value>
          <value>Buick</value>
          <value>Cadillac</value>
          <value>Cameron</value>
          <value>Can-Am Cobra</value>
          <value>Carroll Six</value>
          <value>Cartercar</value>
          <value>Case</value>
          <value>Chalmers</value>
          <value>Chandler</value>
          <value>Chase</value>
          <value>Checker</value>
          <value>Chevrolet</value>
          <value>Chrysler</value>
          <value>Cisitalia</value>
          <value>Citroen</value>
          <value>Classic Roadster</value>
          <value>Clenet</value>
          <value>Cleveland</value>
          <value>Climber</value>
          <value>Coey</value>
          <value>Cole</value>
          <value>Colonial</value>
          <value>Columbia</value>
          <value>Columbin Six</value>
          <value>Contemporary</value>
          <value>Continental</value>
          <value>Cord</value>
          <value>Cord Li</value>
          <value>Courier</value>
          <value>Crane</value>
          <value>Crestmobile</value>
          <value>Crosley</value>
          <value>Crow Elkhart</value>
          <value>Cunningham</value>
          <value>Cushman</value>
          <value>Cutting</value>
          <value>Daewoo</value>
          <value>Daf</value>
          <value>Dagmar</value>
          <value>Daihatsu</value>
          <value>Daimler</value>
          <value>Dale</value>
          <value>Daniels</value>
          <value>Darracq</value>
          <value>Datsun</value>
          <value>Davis</value>
          <value>De Dion American</value>
          <value>De- Dion Bouton</value>
          <value>De Soto</value>
          <value>De Tamble</value>
          <value>De Tomaso</value>
          <value>De vaux</value>
          <value>Default</value>
          <value>Delage</value>
          <value>Delahaye</value>
          <value>Delorean</value>
          <value>Detroit Electric</value>
          <value>Detroiter</value>
          <value>Diamond T</value>
          <value>Diana (moon)</value>
          <value>DKW</value>
          <value>Doble</value>
          <value>Dodge</value>
          <value>Dodge Brothers</value>
          <value>Dorris</value>
          <value>Dort</value>
          <value>Dual-Ghia</value>
          <value>Duesenberg</value>
          <value>Dupont</value>
          <value>Durant</value>
          <value>Durocar</value>
          <value>Eagle</value>
          <value>Elcar</value>
          <value>Eldredge</value>
          <value>Elgin</value>
          <value>Elmore</value>
          <value>Elva</value>
          <value>Empire</value>
          <value>England</value>
          <value>Era</value>
          <value>Erskine</value>
          <value>Essex</value>
          <value>Everitt</value>
          <value>Excalibur</value>
          <value>Facel Vega</value>
          <value>Fargo</value>
          <value>Federal</value>
          <value>Fenton</value>
          <value>Ferrari</value>
          <value>Fiat</value>
          <value>Flanders Six</value>
          <value>Flanders20</value>
          <value>Flint</value>
          <value>Folcon Knight</value>
          <value>Ford</value>
          <value>Ford-British</value>
          <value>Ford-Capri</value>
          <value>France Jet</value>
          <value>Franklin</value>
          <value>Frazer</value>
          <value>Frazer Nash</value>
          <value>Fugi</value>
          <value>Gale</value>
          <value>Gardner</value>
          <value>Garfield</value>
          <value>Geo</value>
          <value>Ghia</value>
          <value>Ginetta</value>
          <value>Glas</value>
          <value>Glide</value>
          <value>Goggomobil</value>
          <value>Goliath</value>
          <value>Gordon-Keeble</value>
          <value>Graham</value>
          <value>Graham Paige</value>
          <value>Grant</value>
          <value>Gray</value>
          <value>Griffith</value>
          <value>Grout</value>
          <value>Hanover</value>
          <value>Haynes</value>
          <value>Henderson</value>
          <value>Henry J</value>
          <value>Hillman</value>
          <value>Hispano Suiza</value>
          <value>Holsman</value>
          <value>Honda</value>
          <value>Horch</value>
          <value>Hotchkiss</value>
          <value>Hudson</value>
          <value>Humber</value>
          <value>Hupmobile</value>
          <value>Hyundai</value>
          <value>Imperial</value>
          <value>Infiniti</value>
          <value>Intermeccanica</value>
          <value>International</value>
          <value>Invicta</value>
          <value>Iso</value>
          <value>Isotta Fraschini</value>
          <value>Isuzu</value>
          <value>Italia</value>
          <value>Jackson</value>
          <value>Jaguar</value>
          <value>Jaxon Steam</value>
          <value>Jeep Kaised</value>
          <value>Jeffery</value>
          <value>Jeffrey</value>
          <value>Jennis</value>
          <value>Jensen</value>
          <value>Jewel</value>
          <value>Jewett</value>
          <value>Jones</value>
          <value>Jordan</value>
          <value>Kaiser</value>
          <value>Kearns</value>
          <value>Kelly</value>
          <value>Kia</value>
          <value>King</value>
          <value>Kissel</value>
          <value>Kleiber</value>
          <value>Kline Kar</value>
          <value>Knox</value>
          <value>Koehler</value>
          <value>Krit</value>
          <value>La Zebre</value>
          <value>Lada</value>
          <value>Lafayette</value>
          <value>Laforza</value>
          <value>Lagonda</value>
          <value>Lambert</value>
          <value>Lamborghini</value>
          <value>Lancia</value>
          <value>Larraine</value>
          <value>Lasalle</value>
          <value>Lea Francis</value>
          <value>Leggett</value>
          <value>Legrand</value>
          <value>Lenox</value>
          <value>Lewis</value>
          <value>Lexington</value>
          <value>Lexus</value>
          <value>Liberty</value>
          <value>Lincoln</value>
          <value>Lloyd</value>
          <value>Locomobile</value>
          <value>Lotus</value>
          <value>Lozier</value>
          <value>Luxxon</value>
          <value>Marcos</value>
          <value>Marion</value>
          <value>Marion Handley</value>
          <value>Marmon</value>
          <value>Marquette</value>
          <value>Maruti</value>
          <value>Maserati</value>
          <value>Matra</value>
          <value>Maxwell</value>
          <value>Maybach</value>
          <value>Mazda</value>
          <value>McFarlan</value>
          <value>McGlaughling</value>
          <value>McIntyre</value>
          <value>Melbourne</value>
          <value>Meline Knight</value>
          <value>Mercedes Benz</value>
          <value>Mercer</value>
          <value>Merkur</value>
          <value>Merlyn</value>
          <value>Messer Schmitt</value>
          <value>Metropolitan</value>
          <value>Metteor</value>
          <value>Metz</value>
          <value>Meyers</value>
          <value>MG</value>
          <value>Michigan</value>
          <value>Milburn Electric</value>
          <value>Minerua</value>
          <value>Mini</value>
          <value>Misc Parts/ Accessories</value>
          <value>Mitchell</value>
          <value>Mitsubishi</value>
          <value>Monteverdi</value>
          <value>Moon</value>
          <value>Morgan</value>
          <value>Morris</value>
          <value>Moskvitch</value>
          <value>Mosler</value>
          <value>Muntz</value>
          <value>Murcury</value>
          <value>Napier</value>
          <value>Nash</value>
          <value>Nash Healey</value>
          <value>National</value>
          <value>New Era</value>
          <value>Nissan</value>
          <value>Norrthern</value>
          <value>NSU</value>
          <value>Oakland</value>
          <value>Off Road Cars</value>
          <value>Oldsmobile</value>
          <value>Olympian</value>
          <value>Opel</value>
          <value>Orient</value>
          <value>Osca</value>
          <value>Overland</value>
          <value>Owen Manetic</value>
          <value>Packard</value>
          <value>Paige</value>
          <value>Panhard</value>
          <value>Panoz</value>
          <value>Panther</value>
          <value>Peerless</value>
          <value>Pegaso</value>
          <value>Peuqeot</value>
          <value>Pierce Arrow</value>
          <value>Pilot</value>
          <value>Playboy</value>
          <value>Plymouth</value>
          <value>Pontiac</value>
          <value>Pope Hartford</value>
          <value>Pope Tribune</value>
          <value>Porche</value>
          <value>Powell</value>
          <value>Pratt Ellchart</value>
          <value>Premier</value>
          <value>Princess</value>
          <value>Pullman</value>
          <value>Puma</value>
          <value>Race Cars</value>
          <value>Railton</value>
          <value>Rambler</value>
          <value>Rauch&amp;Lang</value>
          <value>RCH</value>
          <value>Reliant</value>
          <value>Renault</value>
          <value>Reo</value>
          <value>Replica/Kit</value>
          <value>Republic</value>
          <value>Revere</value>
          <value>Rickenbacker</value>
          <value>Riley</value>
          <value>Roamer</value>
          <value>Rockne</value>
          <value>Rockwell</value>
          <value>Rollin</value>
          <value>Rolls Royce</value>
          <value>Roosevelt</value>
          <value>Rover</value>
          <value>Ruxton</value>
          <value>Saab</value>
          <value>Sabra</value>
          <value>Saleen</value>
          <value>Samson</value>
          <value>Sand Cars</value>
          <value>Saturn</value>
          <value>Saxon</value>
          <value>Schacht</value>
          <value>Scripps Booth</value>
          <value>Sears</value>
          <value>Sebring</value>
          <value>Selden</value>
          <value>Seneca</value>
          <value>Shelby-American</value>
          <value>Sheridan</value>
          <value>Shift Karts</value>
          <value>Siata</value>
          <value>Simca</value>
          <value>Simlpex</value>
          <value>Simplex</value>
          <value>Singer</value>
          <value>Skoda</value>
          <value>Smith</value>
          <value>Sprint</value>
          <value>Stanhope</value>
          <value>Stanley Steam</value>
          <value>Star</value>
          <value>Stearns</value>
          <value>Stearns Knight</value>
          <value>Stephens</value>
          <value>Sterling</value>
          <value>Stevens Duryea</value>
          <value>Stewart</value>
          <value>Steyr</value>
          <value>Stoddard Daytona</value>
          <value>Studebaker</value>
          <value>Stuz</value>
          <value>Subaru</value>
          <value>Sunbeam</value>
          <value>Sunbeam</value>
          <value>Superformance</value>
          <value>Suzuki</value>
          <value>Talbot</value>
          <value>Tatra</value>
          <value>Templar</value>
          <value>Terraplane</value>
          <value>Thomas</value>
          <value>Thomas Detroit</value>
          <value>Tiffany</value>
          <value>Tourist</value>
          <value>Toyota</value>
          <value>Trabat</value>
          <value>Triumph</value>
          <value>Troll</value>
          <value>Tucker</value>
          <value>TVR</value>
          <value>Utilimaster</value>
          <value>Vale</value>
          <value>Vanden Plas</value>
          <value>Vauxhall</value>
          <value>Vector</value>
          <value>Velie</value>
          <value>Velorex</value>
          <value>Voisin</value>
          <value>Volkswagen</value>
          <value>Volvo</value>
          <value>Walton</value>
          <value>Wanderer</value>
          <value>Wartburg</value>
          <value>Waverly Electric</value>
          <value>Westcott</value>
          <value>Westfield</value>
          <value>Whippet</value>
          <value>White</value>
          <value>White Diamonds</value>
          <value>Wilcox</value>
          <value>Wills St Claire</value>
          <value>Willys</value>
          <value>Willys Knight</value>
          <value>Willys Overland</value>
          <value>Windsor</value>
          <value>Winton</value>
          <value>Wolseley</value>
          <value>Wolverine (Reo)</value>
          <value>Woods Electric</value>
          <value>Yale</value>
          <value>Yugo</value>
          <value>Zedal</value>
          <value>Zil</value>
          <value>Zimmer</value>
          <value>Zimmerman</value>
        </domain>
      </attr>
    </attrgroup>
    <attrgroup>
      <attr name="Model" ename="model">
        <additional>Car Information</additional>
        <domain format="text_box" />
      </attr>
    </attrgroup>
    <attrgroup>
      <attr name="Year" level="1" ename="year">
        <additional>Car Details</additional>
        <input>
          <operator name="" ename="" />
          <domain format="selection_list">
            <value>2002</value>
            <value>2001</value>
            <value>2000</value>
            <value>1999</value>
            <value>1998</value>
            <value>1997</value>
            <value>1996</value>
            <value>1995</value>
            <value>1994</value>
            <value>1993</value>
            <value>1992</value>
            <value>1991</value>
            <value>1990</value>
            <value>1989</value>
            <value>1988</value>
            <value>1987</value>
            <value>1986</value>
            <value>1985</value>
            <value>1984</value>
            <value>1983</value>
            <value>1982</value>
            <value>1981</value>
            <value>1980</value>
            <value>1979</value>
            <value>1978</value>
            <value>1977</value>
            <value>1976</value>
            <value>1975</value>
            <value>1974</value>
            <value>1973</value>
            <value>1972</value>
            <value>1971</value>
            <value>1970</value>
            <value>1969</value>
            <value>1968</value>
            <value>1967</value>
            <value>1966</value>
            <value>1965</value>
            <value>1964</value>
            <value>1963</value>
            <value>1962</value>
            <value>1961</value>
            <value>1960</value>
            <value>1959</value>
            <value>1958</value>
            <value>1957</value>
            <value>1956</value>
            <value>1955</value>
            <value>1954</value>
            <value>1953</value>
            <value>1952</value>
            <value>1951</value>
            <value>1950</value>
            <value>1949</value>
            <value>1948</value>
            <value>1947</value>
            <value>1946</value>
            <value>1945</value>
            <value>1944</value>
            <value>1943</value>
            <value>1942</value>
            <value>1941</value>
            <value>1940</value>
            <value>1939</value>
            <value>1938</value>
            <value>1937</value>
            <value>1936</value>
            <value>1935</value>
            <value>1934</value>
            <value>1933</value>
            <value>1932</value>
            <value>1931</value>
            <value>1930</value>
            <value>1929</value>
            <value>1928</value>
            <value>1927</value>
            <value>1926</value>
            <value>1925</value>
            <value>1924</value>
            <value>1923</value>
            <value>1922</value>
            <value>1921</value>
            <value>1920</value>
            <value>1919</value>
            <value>1918</value>
            <value>1917</value>
            <value>1916</value>
            <value>1915</value>
            <value>1914</value>
            <value>1913</value>
            <value>1912</value>
            <value>1911</value>
            <value>1910</value>
            <value>1909</value>
            <value>1908</value>
            <value>1907</value>
            <value>1906</value>
            <value>1905</value>
            <value>1904</value>
            <value>1903</value>
            <value>1902</value>
            <value>1901</value>
            <value>1900</value>
            <value>Before 1900</value>
          </domain>
        </input>
        <input>
          <operator name="to" ename="to" />
          <domain format="selection_list">
            <value>2002</value>
            <value>2001</value>
            <value>2000</value>
            <value>1999</value>
            <value>1998</value>
            <value>1997</value>
            <value>1996</value>
            <value>1995</value>
            <value>1994</value>
            <value>1993</value>
            <value>1992</value>
            <value>1991</value>
            <value>1990</value>
            <value>1989</value>
            <value>1988</value>
            <value>1987</value>
            <value>1986</value>
            <value>1985</value>
            <value>1984</value>
            <value>1983</value>
            <value>1982</value>
            <value>1981</value>
            <value>1980</value>
            <value>1979</value>
            <value>1978</value>
            <value>1977</value>
            <value>1976</value>
            <value>1975</value>
            <value>1974</value>
            <value>1973</value>
            <value>1972</value>
            <value>1971</value>
            <value>1970</value>
            <value>1969</value>
            <value>1968</value>
            <value>1967</value>
            <value>1966</value>
            <value>1965</value>
            <value>1964</value>
            <value>1963</value>
            <value>1962</value>
            <value>1961</value>
            <value>1960</value>
            <value>1959</value>
            <value>1958</value>
            <value>1957</value>
            <value>1956</value>
            <value>1955</value>
            <value>1954</value>
            <value>1953</value>
            <value>1952</value>
            <value>1951</value>
            <value>1950</value>
            <value>1949</value>
            <value>1948</value>
            <value>1947</value>
            <value>1946</value>
            <value>1945</value>
            <value>1944</value>
            <value>1943</value>
            <value>1942</value>
            <value>1941</value>
            <value>1940</value>
            <value>1939</value>
            <value>1938</value>
            <value>1937</value>
            <value>1936</value>
            <value>1935</value>
            <value>1934</value>
            <value>1933</value>
            <value>1932</value>
            <value>1931</value>
            <value>1930</value>
            <value>1929</value>
            <value>1928</value>
            <value>1927</value>
            <value>1926</value>
            <value>1925</value>
            <value>1924</value>
            <value>1923</value>
            <value>1922</value>
            <value>1921</value>
            <value>1920</value>
            <value>1919</value>
            <value>1918</value>
            <value>1917</value>
            <value>1916</value>
            <value>1915</value>
            <value>1914</value>
            <value>1913</value>
            <value>1912</value>
            <value>1911</value>
            <value>1910</value>
            <value>1909</value>
            <value>1908</value>
            <value>1907</value>
            <value>1906</value>
            <value>1905</value>
            <value>1904</value>
            <value>1903</value>
            <value>1902</value>
            <value>1901</value>
            <value>1900</value>
            <value>Before 1900</value>
          </domain>
        </input>
      </attr>
    </attrgroup>
    <attrgroup>
      <attr name="Price (US$)" level="1" ename="price">
        <additional>Car Details</additional>
        <input>
          <operator name="" ename="" />
          <domain format="selection_list">
            <value>$0</value>
            <value>$5,000</value>
            <value>$10,000</value>
            <value>$15,000</value>
            <value>$20,000</value>
            <value>$25,000</value>
            <value>$30,000</value>
            <value>$40,000</value>
            <value>$50,000</value>
            <value>$75,000</value>
            <value>$100,000</value>
            <value>$150,000</value>
            <value>$200,000</value>
            <value>$300,000</value>
            <value>$400,000</value>
            <value>$500,000</value>
            <value>$1,000,000</value>
          </domain>
        </input>
        <input>
          <operator name="to" ename="to" />
          <domain format="selection_list">
            <value>No maximum</value>
            <value>$5,000</value>
            <value>$10,000</value>
            <value>$15,000</value>
            <value>$20,000</value>
            <value>$25,000</value>
            <value>$30,000</value>
            <value>$40,000</value>
            <value>$50,000</value>
            <value>$75,000</value>
            <value>$100,000</value>
            <value>$150,000</value>
            <value>$200,000</value>
            <value>$300,000</value>
            <value>$400,000</value>
            <value>$500,000</value>
            <value>$1,000,000</value>
          </domain>
        </input>
      </attr>
    </attrgroup>
    <attrgroup>
      <attr name="City" ename="city">
        <additional>Car Location</additional>
        <domain format="text_box" />
      </attr>
    </attrgroup>
    <attrgroup>
      <attr name="State/Province" level="1" ename="state|province">
        <additional>Car Location</additional>
        <input>
          <operator name="" ename="" />
          <domain format="selection_list">
            <value>Select Your State/Province</value>
            <value>--------------------------------</value>
            <value>Alabama</value>
            <value>Alaska</value>
            <value>Arizona</value>
            <value>Arkansas</value>
            <value>California</value>
            <value>Colorado</value>
            <value>Connecticut</value>
            <value>Delaware</value>
            <value>District of Columbia</value>
            <value>Florida</value>
            <value>Georgia</value>
            <value>Hawaii</value>
            <value>Idaho</value>
            <value>Illinois</value>
            <value>Indiana</value>
            <value>Iowa</value>
            <value>Kansas</value>
            <value>Kentucky</value>
            <value>Louisiana</value>
            <value>Maine</value>
            <value>Maryland</value>
            <value>Massachusetts</value>
            <value>Michigan</value>
            <value>Minnesota</value>
            <value>Mississippi</value>
            <value>Missouri</value>
            <value>Montana</value>
            <value>Nebraska</value>
            <value>Nevada</value>
            <value>New Hampshire</value>
            <value>New Jersey</value>
            <value>New Mexico</value>
            <value>New York</value>
            <value>North Carolina</value>
            <value>North Dakota</value>
            <value>Ohio</value>
            <value>Oklahoma</value>
            <value>Oregon</value>
            <value>Pennsylvania</value>
            <value>Puerto Rico</value>
            <value>Rhode Island</value>
            <value>South Carolina</value>
            <value>South Dakota</value>
            <value>Tennessee</value>
            <value>Texas</value>
            <value>Utah</value>
            <value>Vermont</value>
            <value>Virginia</value>
            <value>Washington</value>
            <value>West Virginia</value>
            <value>Wisconsin</value>
            <value>Wyoming</value>
            <value>--------------------------------</value>
            <value>Alberta</value>
            <value>British Columbia</value>
            <value>Manitoba</value>
            <value>New Brunswick</value>
            <value>Newfoundland</value>
            <value>North West Territories</value>
            <value>Nova Scotia</value>
            <value>Ontario</value>
            <value>Prince Edward Island</value>
            <value>Quebec</value>
            <value>Saskatchewan</value>
            <value>Yukon</value>
            <value>--------------------------------</value>
            <value>Not Applicable</value>
            <value>Enter Other -------&amp;gt;</value>
          </domain>
        </input>
        <input>
          <operator name="" ename="" />
          <domain format="text_box" />
        </input>
      </attr>
    </attrgroup>
    <attrgroup>
      <attr name="Country" level="1" ename="country">
        <additional>Car Location</additional>
        <input>
          <operator name="" ename="" />
          <domain format="selection_list">
            <value>Select Your Country</value>
            <value>--------------------------------</value>
            <value>UNITED STATES</value>
            <value>CANADA</value>
            <value>AFGHANISTAN</value>
            <value>ALBANIA</value>
            <value>ALGERIA</value>
            <value>AMERICAN SAMOA</value>
            <value>ANDORRA</value>
            <value>ANGOLA</value>
            <value>ANGUILLA</value>
            <value>ANTARCTICA</value>
            <value>ANTIGUA AND BARBUDA</value>
            <value>ARGENTINA</value>
            <value>ARMENIA</value>
            <value>ARUBA</value>
            <value>AUSTRALIA</value>
            <value>AUSTRIA</value>
            <value>AZERBAIJAN</value>
            <value>BAHAMAS</value>
            <value>BAHRAIN</value>
            <value>BANGLADESH</value>
            <value>BARBADOS</value>
            <value>BELARUS</value>
            <value>BELGIUM</value>
            <value>BELIZE</value>
            <value>BENIN</value>
            <value>BERMUDA</value>
            <value>BHUTAN</value>
            <value>BOLIVIA</value>
            <value>BOSNIA AND HERZEGOWINA</value>
            <value>BOTSWANA</value>
            <value>BOUVET ISLAND</value>
            <value>BRAZIL</value>
            <value>BRITISH INDIAN OCEAN TERRITORY</value>
            <value>BRUNEI DARUSSALAM</value>
            <value>BULGARIA</value>
            <value>BURKINA FASO</value>
            <value>BURUNDI</value>
            <value>CAMBODIA</value>
            <value>CAMEROON</value>
            <value>CANADA</value>
            <value>CAPE VERDE</value>
            <value>CAYMAN ISLANDS</value>
            <value>CENTRAL AFRICAN REPUBLIC</value>
            <value>CHAD</value>
            <value>CHILE</value>
            <value>CHINA</value>
            <value>CHRISTMAS ISLAND</value>
            <value>COCOS (KEELING) ISLANDS</value>
            <value>COLOMBIA</value>
            <value>COMOROS</value>
            <value>CONGO</value>
            <value>COOK ISLANDS</value>
            <value>COSTA RICA</value>
            <value>COTE D'IVOIRE</value>
            <value>CROATIA (local name: Hrvatska)</value>
            <value>CUBA</value>
            <value>CYPRUS</value>
            <value>CZECH REPUBLIC</value>
            <value>DENMARK</value>
            <value>DJIBOUTI</value>
            <value>DOMINICA</value>
            <value>DOMINICAN REPUBLIC</value>
            <value>EAST TIMOR</value>
            <value>ECUADOR</value>
            <value>EGYPT</value>
            <value>EL SALVADOR</value>
            <value>EQUATORIAL GUINEA</value>
            <value>ERITREA</value>
            <value>ESTONIA</value>
            <value>ETHIOPIA</value>
            <value>FALKLAND ISLANDS (MALVINAS)</value>
            <value>FAROE ISLANDS</value>
            <value>FIJI</value>
            <value>FINLAND</value>
            <value>FRANCE</value>
            <value>FRENCH GUIANA</value>
            <value>FRENCH POLYNESIA</value>
            <value>FRENCH SOUTHERN TERRITORIES</value>
            <value>GABON</value>
            <value>GAMBIA</value>
            <value>GEORGIA</value>
            <value>GERMANY</value>
            <value>GHANA</value>
            <value>GIBRALTAR</value>
            <value>GREECE</value>
            <value>GREENLAND</value>
            <value>GRENADA</value>
            <value>GUADELOUPE</value>
            <value>GUAM</value>
            <value>GUATEMALA</value>
            <value>GUINEA</value>
            <value>GUINEA-BISSAU</value>
            <value>GUYANA</value>
            <value>HAITI</value>
            <value>HEARD AND MC DONALD ISLANDS</value>
            <value>HOLY SEE (VATICAN CITY STATE)</value>
            <value>HONDURAS</value>
            <value>HONG KONG</value>
            <value>HUNGARY</value>
            <value>ICELAND</value>
            <value>INDIA</value>
            <value>INDONESIA</value>
            <value>IRAN (ISLAMIC REPUBLIC OF)</value>
            <value>IRAQ</value>
            <value>IRELAND</value>
            <value>ISRAEL</value>
            <value>ITALY</value>
            <value>JAMAICA</value>
            <value>JAPAN</value>
            <value>JORDAN</value>
            <value>KAZAKHSTAN</value>
            <value>KENYA</value>
            <value>KIRIBATI</value>
            <value>KOREA, DEM PEOPLE'S REPUBLIC</value>
            <value>KOREA, REPUBLIC OF</value>
            <value>KUWAIT</value>
            <value>KYRGYZSTAN</value>
            <value>LAO PEOPLE'S DEM REPUBLIC</value>
            <value>LATVIA</value>
            <value>LEBANON</value>
            <value>LESOTHO</value>
            <value>LIBERIA</value>
            <value>LIBYAN ARAB JAMAHIRIYA</value>
            <value>LIECHTENSTEIN</value>
            <value>LITHUANIA</value>
            <value>LUXEMBOURG</value>
            <value>MACAU</value>
            <value>MACEDONIA</value>
            <value>MADAGASCAR</value>
            <value>MALAWI</value>
            <value>MALAYSIA</value>
            <value>MALDIVES</value>
            <value>MALI</value>
            <value>MALTA</value>
            <value>MARSHALL ISLANDS</value>
            <value>MARTINIQUE</value>
            <value>MAURITANIA</value>
            <value>MAURITIUS</value>
            <value>MAYOTTE</value>
            <value>MEXICO</value>
            <value>MICRONESIA, FEDERATED STATES</value>
            <value>MOLDOVA, REPUBLIC OF</value>
            <value>MONACO</value>
            <value>MONGOLIA</value>
            <value>MONTSERRAT</value>
            <value>MOROCCO</value>
            <value>MOZAMBIQUE</value>
            <value>MYANMAR</value>
            <value>NAMIBIA</value>
            <value>NAURU</value>
            <value>NEPAL</value>
            <value>NETHERLANDS</value>
            <value>NETHERLANDS ANTILLES</value>
            <value>NEW CALEDONIA</value>
            <value>NEW ZEALAND</value>
            <value>NICARAGUA</value>
            <value>NIGER</value>
            <value>NIGERIA</value>
            <value>NIUE</value>
            <value>NORFOLK ISLAND</value>
            <value>NORTHERN MARIANA ISLANDS</value>
            <value>NORWAY</value>
            <value>OMAN</value>
            <value>PAKISTAN</value>
            <value>PALAU</value>
            <value>PANAMA</value>
            <value>PAPUA NEW GUINEA</value>
            <value>PARAGUAY</value>
            <value>PERU</value>
            <value>PHILIPPINES</value>
            <value>PITCAIRN</value>
            <value>POLAND</value>
            <value>PORTUGAL</value>
            <value>PUERTO RICO</value>
            <value>QATAR</value>
            <value>REUNION</value>
            <value>ROMANIA</value>
            <value>RUSSIAN FEDERATION</value>
            <value>RWANDA</value>
            <value>SAINT KITTS AND NEVIS</value>
            <value>SAINT LUCIA</value>
            <value>SAINT VINCENT, THE GRENADINES</value>
            <value>SAMOA</value>
            <value>SAN MARINO</value>
            <value>SAO TOME AND PRINCIPE</value>
            <value>SAUDI ARABIA</value>
            <value>SENEGAL</value>
            <value>SEYCHELLES</value>
            <value>SIERRA LEONE</value>
            <value>SINGAPORE</value>
            <value>SLOVAKIA (Slovak Republic)</value>
            <value>SLOVENIA</value>
            <value>SOLOMON ISLANDS</value>
            <value>SOMALIA</value>
            <value>SOUTH AFRICA</value>
            <value>SOUTH GEORGIA , S SANDWICH IS.</value>
            <value>SPAIN</value>
            <value>SRI LANKA</value>
            <value>ST. HELENA</value>
            <value>ST. PIERRE AND MIQUELON</value>
            <value>SUDAN</value>
            <value>SURIname</value>
            <value>SVALBARD, JAN MAYEN ISLANDS</value>
            <value>SWAZILAND</value>
            <value>SWEDEN</value>
            <value>SWITZERLAND</value>
            <value>SYRIAN ARAB REPUBLIC</value>
            <value>TAIWAN</value>
            <value>TAJIKISTAN</value>
            <value>TANZANIA, UNITED REPUBLIC OF</value>
            <value>THAILAND</value>
            <value>TOGO</value>
            <value>TOKELAU</value>
            <value>TONGA</value>
            <value>TRINIDAD AND TOBAGO</value>
            <value>TUNISIA</value>
            <value>TURKEY</value>
            <value>TURKMENISTAN</value>
            <value>TURKS AND CAICOS ISLANDS</value>
            <value>TUVALU</value>
            <value>UGANDA</value>
            <value>UKRAINE</value>
            <value>UNITED ARAB EMIRATES</value>
            <value>UNITED KINGDOM</value>
            <value>UNITED STATES</value>
            <value>UNITED STATES MINOR IS.</value>
            <value>URUGUAY</value>
            <value>UZBEKISTAN</value>
            <value>VANUATU</value>
            <value>VENEZUELA</value>
            <value>VIET NAM</value>
            <value>VIRGIN ISLANDS (BRITISH)</value>
            <value>VIRGIN ISLANDS (U.S.)</value>
            <value>WALLIS AND FUTUNA ISLANDS</value>
            <value>WESTERN SAHARA</value>
            <value>YEMEN</value>
            <value>YUGOSLAVIA</value>
            <value>ZAIRE</value>
            <value>ZAMBIA</value>
            <value>ZIMBABWE</value>
            <value>--------------------------------</value>
            <value>Not Applicable</value>
            <value>Enter Other -------&amp;gt;</value>
          </domain>
        </input>
        <input>
          <operator name="" ename="" />
          <domain format="text_box" />
        </input>
      </attr>
    </attrgroup>
    <attrgroup>
      <attr name="Postal Code" ename="postal code">
        <additional>Car Location</additional>
        <domain format="text_box" />
      </attr>
    </attrgroup>
  </form>
</source>