<source url="http://www.herzogmeier.com/" interurl="http://www.herzogmeier.com/en_US/f_PreOwnedVehicleSearch_1.chtml">
  <srcname>Herzog Meier Auto Center</srcname>
  <form>
    <attrgroup>
      <attr name="MAKE:" ename="make">
        <domain format="selection_list">
          <value>Any</value>
          <value>Acura</value>
          <value>Audi</value>
          <value>BMW</value>
          <value>Cadillac</value>
          <value>Chevrolet</value>
          <value>Chrysler</value>
          <value>Dodge</value>
          <value>Ford</value>
          <value>GMC</value>
          <value>Honda</value>
          <value>Isuzu</value>
          <value>Jeep</value>
          <value>Mercedes-Benz</value>
          <value>Nissan</value>
          <value>Oldsmobile</value>
          <value>Pontiac</value>
          <value>Saab</value>
          <value>Saturn</value>
          <value>Subaru</value>
          <value>Toyota</value>
          <value>Volkswagen</value>
          <value>Volvo</value>
        </domain>
      </attr>
    </attrgroup>
    <attrgroup>
      <attr name="MODEL/TYPE:" ename="model|type">
        <domain format="selection_list">
          <value>Any</value>
          <value>CAR</value>
          <value>WAGON</value>
          <value>SUV</value>
          <value>TRUCK</value>
          <value>VAN</value>
        </domain>
      </attr>
    </attrgroup>
    <attrgroup>
      <attr name="YEAR RANGE:" level="1" ename="year range">
        <input>
          <operator name="From" ename="from" />
          <domain format="selection_list">
            <value>Pre 1993</value>
            <value>1993</value>
            <value>1994</value>
            <value>1995</value>
            <value>1996</value>
            <value>1997</value>
            <value>1998</value>
            <value>1999</value>
            <value>2000</value>
            <value>2001</value>
            <value>2002</value>
            <value>2003</value>
            <value>2004</value>
          </domain>
        </input>
        <input>
          <operator name="To" ename="to" />
          <domain format="selection_list">
            <value>Pre 1993</value>
            <value>1993</value>
            <value>1994</value>
            <value>1995</value>
            <value>1996</value>
            <value>1997</value>
            <value>1998</value>
            <value>1999</value>
            <value>2000</value>
            <value>2001</value>
            <value>2002</value>
            <value>2003</value>
            <value>2004</value>
          </domain>
        </input>
      </attr>
    </attrgroup>
    <attrgroup>
      <attr name="Miles:" ename="miles">
        <domain format="selection_list">
          <value>Any</value>
          <value>Under 10,000 miles</value>
          <value>Under 20,000 miles</value>
          <value>Under 30,000 miles</value>
          <value>Under 40,000 miles</value>
          <value>Under 50,000 miles</value>
          <value>Under 60,000 miles</value>
          <value>Under 70,000 miles</value>
          <value>Under 80,000 miles</value>
          <value>Under 90,000 miles</value>
          <value>Under 100,000 miles</value>
        </domain>
      </attr>
    </attrgroup>
    <attrgroup>
      <attr name="PRICE RANGE:" level="1" ename="price range">
        <input>
          <operator name="From" ename="from" />
          <domain format="selection_list">
            <value>Any</value>
            <value>$10,000.00</value>
            <value>$15,000.00</value>
            <value>$20,000.00</value>
            <value>$25,000.00</value>
            <value>$30,000.00</value>
            <value>$35,000.00</value>
            <value>$40,000.00</value>
            <value>$45,000.00</value>
            <value>$50,000.00</value>
            <value>$55,000.00</value>
            <value>$60,000.00</value>
          </domain>
        </input>
        <input>
          <operator name="To" ename="to" />
          <domain format="selection_list">
            <value>Any</value>
            <value>$10,000.00</value>
            <value>$15,000.00</value>
            <value>$20,000.00</value>
            <value>$25,000.00</value>
            <value>$30,000.00</value>
            <value>$35,000.00</value>
            <value>$40,000.00</value>
            <value>$45,000.00</value>
            <value>$50,000.00</value>
            <value>$55,000.00</value>
            <value>$60,000.00</value>
          </domain>
        </input>
      </attr>
    </attrgroup>
  </form>
</source>