<source url="http://www.hoakmotors.com/" interurl="http://www.carcast.com/cf/search/srch_dlr.cfm?X_LISTING_OWNER_ID=108437&amp;d_template=db:108437&amp;d_region_code=AutoObjects&amp;X_FRAME_MODE=F">
  <srcname>Hoak Motors</srcname>
  <form>
    <attrgroup>
      <attr name="" ename="">
        <domain format="check_box">
          <option>New</option>
          <option>Used</option>
        </domain>
      </attr>
    </attrgroup>
    <attrgroup>
      <attr name="Year Range" level="1" ename="year range">
        <additional>Year Range</additional>
        <input>
          <operator name="" ename="" />
          <domain format="text_box" />
        </input>
        <input>
          <operator name="to" ename="to" />
          <domain format="text_box" />
        </input>
      </attr>
    </attrgroup>
    <attrgroup>
      <attr name="Vehicle Make" ename="vehicle make">
        <domain format="selection_list">
          <value>Acura</value>
          <value>Alfa Romeo</value>
          <value>AMC</value>
          <value>Audi</value>
          <value>Avanti</value>
          <value>Bentley</value>
          <value>BMW</value>
          <value>Buick</value>
          <value>Cadillac</value>
          <value>Chevrolet</value>
          <value>Chrysler</value>
          <value>Citroen</value>
          <value>Colt</value>
          <value>Daewoo</value>
          <value>Daihatsu</value>
          <value>Dodge</value>
          <value>Eagle</value>
          <value>Ferrari</value>
          <value>Fiat</value>
          <value>Ford</value>
          <value>Geo</value>
          <value>GMC</value>
          <value>Honda</value>
          <value>Hummer</value>
          <value>Hyundai</value>
          <value>Infiniti</value>
          <value>Isuzu</value>
          <value>Jaguar</value>
          <value>Jeep</value>
          <value>Kia</value>
          <value>Lamborghini</value>
          <value>Land Rover</value>
          <value>Lexus</value>
          <value>Lincoln</value>
          <value>Lotus</value>
          <value>Mazda</value>
          <value>Mercedes-Benz</value>
          <value>Mercury</value>
          <value>Merkur</value>
          <value>MG</value>
          <value>Mini</value>
          <value>Mitsubishi</value>
          <value>Nissan</value>
          <value>Oldsmobile</value>
          <value>Peugeot</value>
          <value>Plymouth</value>
          <value>Pontiac</value>
          <value>Porsche</value>
          <value>Renault</value>
          <value>Rolls-Royce</value>
          <value>Saab</value>
          <value>Saturn</value>
          <value>Subaru</value>
          <value>Suzuki</value>
          <value>Toyota</value>
          <value>Triumph</value>
          <value>Volkswagen</value>
          <value>Volvo</value>
        </domain>
      </attr>
    </attrgroup>
    <attrgroup>
      <attr name="Vehicle Model" ename="vehicle model">
        <domain format="selection_list">
          <value>Any Model</value>
          <value>CL</value>
          <value>Integra</value>
          <value>Legend</value>
          <value>MDX</value>
          <value>NSX</value>
          <value>RL</value>
          <value>RSX</value>
          <value>SLX</value>
          <value>TL</value>
          <value>TSX</value>
          <value>Vigor</value>
        </domain>
      </attr>
    </attrgroup>
    <attrgroup>
      <attr name="Vehicle Body Style" ename="vehicle body style">
        <domain format="selection_list">
          <value>All Body Styles</value>
          <value>2Dr Coupe</value>
          <value>Convertible</value>
          <value>Hatchback</value>
          <value>4Dr Sedan</value>
          <value>Sport Utility</value>
          <value>Pickup Truck</value>
          <value>Van</value>
          <value>Wagon</value>
          <value>Antique</value>
          <value>Parts</value>
        </domain>
      </attr>
    </attrgroup>
    <attrgroup>
      <attr name="Vehicle Mileage" ename="vehicle mileage">
        <domain format="selection_list">
          <value>Doesn't Matter</value>
          <value>Under 15,000</value>
          <value>Under 30,000</value>
          <value>Under 50,000</value>
          <value>Under 75,000</value>
          <value>Doesn't Matter</value>
        </domain>
      </attr>
    </attrgroup>
    <attrgroup>
      <attr name="" ename="">
        <domain format="check_box">
          <option>4WD only</option>
        </domain>
      </attr>
    </attrgroup>
    <attrgroup>
      <attr name="Price Range" level="1" ename="price range">
        <input>
          <operator name="" ename="" />
          <domain format="selection_list">
            <value>All Prices</value>
            <value>$1,000</value>
            <value>$2,500</value>
            <value>$5,000</value>
            <value>$10,000</value>
            <value>$15,000</value>
            <value>$20,000</value>
            <value>$25,000</value>
            <value>$30,000</value>
            <value>$35,000</value>
            <value>$50,000</value>
            <value>$100,000</value>
            <value>$150,000</value>
          </domain>
        </input>
        <input>
          <operator name="to" ename="to" />
          <domain format="selection_list">
            <value>All Prices</value>
            <value>$2,500</value>
            <value>$5,000</value>
            <value>$10,000</value>
            <value>$15,000</value>
            <value>$20,000</value>
            <value>$25,000</value>
            <value>$30,000</value>
            <value>$40,000</value>
            <value>$50,000</value>
            <value>$100,000</value>
            <value>$150,000</value>
            <value>$200,000</value>
          </domain>
        </input>
      </attr>
    </attrgroup>
  </form>
</source>