<source url="http://www.invoicedealers.com/" interurl="http://www.invoicedealers.com/Step1.asp?refid=22101&amp;detid=10000">
  <srcname>InvoiceDealers.com</srcname>
  <form>
    <attrgroup>
      <attr name="Make" ename="make">
        <domain format="selection_list">
          <value>Acura</value>
          <value>Audi</value>
          <value>BMW</value>
          <value>Buick</value>
          <value>Cadillac</value>
          <value>Chevrolet</value>
          <value>Chrysler</value>
          <value>Daewoo</value>
          <value>Dodge</value>
          <value>Ford</value>
          <value>GMC</value>
          <value>Honda</value>
          <value>Hummer</value>
          <value>Hyundai</value>
          <value>Infiniti</value>
          <value>Isuzu</value>
          <value>Jaguar</value>
          <value>Jeep</value>
          <value>Kia</value>
          <value>Land Rover</value>
          <value>Lexus</value>
          <value>Lincoln</value>
          <value>Mazda</value>
          <value>Mercedes-Benz</value>
          <value>Mercury</value>
          <value>MINI</value>
          <value>Mitsubishi</value>
          <value>Nissan</value>
          <value>Oldsmobile</value>
          <value>Pontiac</value>
          <value>Porsche</value>
          <value>Saab</value>
          <value>Saturn</value>
          <value>Subaru</value>
          <value>Suzuki</value>
          <value>Toyota</value>
          <value>Volkswagen</value>
          <value>Volvo</value>
        </domain>
      </attr>
    </attrgroup>
    <attrgroup>
      <attr name="Year" ename="year">
        <domain format="selection_list">
          <value>2003</value>
          <value>2002</value>
        </domain>
      </attr>
    </attrgroup>
    <attrgroup>
      <attr name="Model" ename="model">
        <domain format="selection_list">
          <value>Crown Victoria</value>
          <value>Econoline Van</value>
          <value>Econoline Wagon</value>
          <value>Escape</value>
          <value>Excursion</value>
          <value>Expedition</value>
          <value>Explorer</value>
          <value>Explorer Sport</value>
          <value>Explorer Sport Trac</value>
          <value>F150 Flareside</value>
          <value>F150 Styleside</value>
          <value>F250 Super Duty</value>
          <value>F350 Super Duty</value>
          <value>F350 Super Duty Dually</value>
          <value>Focus</value>
          <value>Mustang</value>
          <value>Ranger</value>
          <value>Taurus</value>
          <value>Thunderbird</value>
          <value>Windstar</value>
          <value>ZX2</value>
        </domain>
      </attr>
    </attrgroup>
    <attrgroup>
      <attr name="Your Zip Code" ename="zip code">
        <domain format="text_box" />
      </attr>
    </attrgroup>
  </form>
</source>