<source url="http://www.jordanmotors.com/" interurl="http://www.jordanmotors.com/inventorysearch.php?LOT_ID=15&amp;LOT_ID=65&amp;PERSISTENT_LOTS=YES">
  <srcname>Jordan Motors</srcname>
  <form>
    <attrgroup>
      <attr name="Manufacturer" ename="manufacturer">
        <domain format="selection_list">
          <value>Acura</value>
          <value>Audi</value>
          <value>BMW</value>
          <value>Buick</value>
          <value>Cadillac</value>
          <value>Chevrolet</value>
          <value>Chrysler</value>
          <value>Dodge</value>
          <value>Ford</value>
          <value>GMC</value>
          <value>Honda</value>
          <value>Infiniti</value>
          <value>Jeep</value>
          <value>Lexus</value>
          <value>Mazda</value>
          <value>Mercury</value>
          <value>Mitsubishi</value>
          <value>Nissan</value>
          <value>Oldsmobile</value>
          <value>Plymouth</value>
          <value>Pontiac</value>
          <value>SAAB</value>
          <value>Subaru</value>
          <value>Toyota</value>
          <value>Volkswagen</value>
          <value>Volvo</value>
        </domain>
      </attr>
    </attrgroup>
    <attrgroup>
      <attr name="Classification" ename="classification">
        <domain format="selection_list">
          <value>Convertible</value>
          <value>Four-Door Sedan</value>
          <value>Hatchback</value>
          <value>Minivan/Van</value>
          <value>Sport/Utility</value>
          <value>Two-Door Coupe</value>
          <value>Wagon</value>
        </domain>
      </attr>
    </attrgroup>
    <attrgroup>
      <attr name="Year Range" level="1" ename="year range">
        <input>
          <operator name="" ename="" />
          <domain format="selection_list">
            <value>1987</value>
            <value>1989</value>
            <value>1991</value>
            <value>1992</value>
            <value>1993</value>
            <value>1994</value>
            <value>1995</value>
            <value>1996</value>
            <value>1997</value>
            <value>1998</value>
            <value>1999</value>
            <value>2000</value>
            <value>2001</value>
            <value>2002</value>
            <value>2003</value>
          </domain>
        </input>
        <input>
          <operator name="to" ename="to" />
          <domain format="selection_list">
            <value>2003</value>
            <value>2002</value>
            <value>2001</value>
            <value>2000</value>
            <value>1999</value>
            <value>1998</value>
            <value>1997</value>
            <value>1996</value>
            <value>1995</value>
            <value>1994</value>
            <value>1993</value>
            <value>1992</value>
            <value>1991</value>
            <value>1989</value>
            <value>1987</value>
          </domain>
        </input>
      </attr>
    </attrgroup>
    <attrgroup>
      <attr name="Max. Price" ename="maximum price">
        <domain format="selection_list">
          <value>ANY</value>
          <value>$5,000</value>
          <value>$10,000</value>
          <value>$15,000</value>
          <value>$20,000</value>
          <value>$30,000</value>
          <value>$40,000</value>
          <value>$50,000</value>
          <value>$100,000</value>
        </domain>
      </attr>
    </attrgroup>
    <attrgroup>
      <attr name="Max. Mileage" ename="maximum mileage">
        <domain format="selection_list">
          <value>ANY</value>
          <value>5,000</value>
          <value>10,000</value>
          <value>15,000</value>
          <value>20,000</value>
          <value>30,000</value>
          <value>40,000</value>
          <value>50,000</value>
          <value>100,000</value>
        </domain>
      </attr>
    </attrgroup>
  </form>
</source>