<source url="http://www.kellygrimsley.com/" interurl="http://midland.autochooser.com/dvSearchForm.asp?dlrID=10&amp;dpath=kellygrimsley&amp;Dealer=TRUE&amp;CALLINGPAGE=dealer&amp;submit=TRUE&amp;optSellType=Used&amp;Submit=1">
  <srcname>Kelly Grimsley Auto Group</srcname>
  <form>
    <attrgroup>
      <attr name="Select Up To five makes &amp; models OR one category" ename="">
        <additional>Make/Model</additional>
        <domain format="selection_list">
          <value>* No Preference *</value>
          <value>Cadillac Eldorado Touring Coupe</value>
          <value>Cadillac Seville SLS</value>
          <value>Cadillac Seville STS</value>
          <value>Chevrolet Avalanche C1500</value>
          <value>Chevrolet Blazer</value>
          <value>Chevrolet C1500 Silverado</value>
          <value>Chevrolet C1500 Suburban</value>
          <value>Chevrolet C1500 Tahoe</value>
          <value>Chevrolet C1500HD Silverado</value>
          <value>Chevrolet Camaro</value>
          <value>Chevrolet Camaro Z28</value>
          <value>Chevrolet Cavalier</value>
          <value>Chevrolet Cavalier LS</value>
          <value>Chevrolet Impala</value>
          <value>Chevrolet K1500 Silverado</value>
          <value>Chevrolet K1500 Tahoe</value>
          <value>Chevrolet K2500HD Silverado</value>
          <value>Chevrolet Malibu</value>
          <value>Chrysler Pt Cruiser</value>
          <value>Dodge Neon</value>
          <value>Dodge Neon SE</value>
          <value>Dodge Ram1500 Quad</value>
          <value>Ford Club Wagon Xlt</value>
          <value>Ford Expedition</value>
          <value>Ford Expedition Eddie Bauer</value>
          <value>Ford Expedition Xlt</value>
          <value>Ford Explorer Sport Trac</value>
          <value>Ford F150</value>
          <value>Ford F150 Supercrew</value>
          <value>Ford F250 Super Duty</value>
          <value>Ford F350 Super Duty</value>
          <value>Ford Mustang</value>
          <value>Ford Taurus SE</value>
          <value>Ford Taurus Ses</value>
          <value>GMC Sierra C1500</value>
          <value>Honda Accord LX</value>
          <value>Honda Accord SE</value>
          <value>Honda Odyssey EX</value>
          <value>KIA Optima</value>
          <value>KIA Sephia</value>
          <value>KIA Sportage</value>
          <value>Lincoln Town Car Cartier</value>
          <value>Mazda Miata</value>
          <value>Mitsubishi Mirage ES</value>
          <value>Nissan Xterra</value>
          <value>Oldsmobile Alero GL</value>
          <value>Pontiac Bonneville SE</value>
          <value>Pontiac Firebird</value>
          <value>Pontiac Grand Prix SE</value>
          <value>Toyota 4RUNNER SR5</value>
          <value>Toyota Camry</value>
          <value>Toyota Corolla</value>
        </domain>
      </attr>
    </attrgroup>
    <attrgroup>
      <attr name="-OR- Select one of these categories:" ename="categories">
        <additional>Make/Model</additional>
        <domain format="selection_list">
          <value>* No Preference *</value>
          <value>Autos For sale</value>
        </domain>
      </attr>
    </attrgroup>
    <attrgroup>
      <attr name="Price" ename="price">
        <domain format="selection_list">
          <value>* No Preference *</value>
          <value>$500 or Less</value>
          <value>$1000 or Less</value>
          <value>$2000 or Less</value>
          <value>$3000 or Less</value>
          <value>$4000 or Less</value>
          <value>$5000 or Less</value>
          <value>$10,000 or Less</value>
          <value>$15,000 or Less</value>
          <value>$20,000 or Less</value>
          <value>$25,000 or Less</value>
          <value>$30,000 or Less</value>
          <value>$35,000 or Less</value>
          <value>$40,000 or Less</value>
          <value>$45,000 or Less</value>
          <value>$50,000 or Less</value>
          <value>$55,000 or Less</value>
          <value>$60,000 or Less</value>
          <value>$70,000 or Less</value>
          <value>$80,000 or Less</value>
          <value>$90,000 or Less</value>
        </domain>
      </attr>
    </attrgroup>
    <attrgroup>
      <attr name="Year Range" level="1" ename="year range">
        <input>
          <operator name="" ename="" />
          <domain format="text_box" />
        </input>
        <input>
          <operator name="to" ename="to" />
          <domain format="text_box" />
        </input>
      </attr>
    </attrgroup>
    <attrgroup>
      <attr name="Mileage" ename="mileage">
        <domain format="selection_list">
          <value>* No Preference *</value>
          <value>200,000 or Less</value>
          <value>150,000 or Less</value>
          <value>100,000 or Less</value>
          <value>50,000 or Less</value>
          <value>30,000 or Less</value>
          <value>20,000 or Less</value>
          <value>10,000 or Less</value>
          <value>5,000 or Less</value>
        </domain>
      </attr>
    </attrgroup>
    <attrgroup>
      <attr name="Body Style" ename="body style">
        <domain format="selection_list">
          <value>* No Preference *</value>
          <value>2 Dr. Wagon</value>
          <value>4 Door Sedan</value>
          <value>4 Dr. Wagon</value>
          <value>Extended Cab Pickup</value>
          <value>Extended Cab Pickup (4WD)</value>
          <value>Extended Wagon</value>
          <value>Hatchback 2 Dr.</value>
          <value>Pickup Quad Cab</value>
          <value>Pickup Super Cab</value>
          <value>Pickup Super Cab SD</value>
          <value>Sedan 4 Dr.</value>
          <value>Sports Van</value>
          <value>Coupe</value>
          <value>Convertible</value>
          <value>Pickup</value>
          <value>Crew Pickup</value>
        </domain>
      </attr>
    </attrgroup>
    <attrgroup>
      <attr name="Cylinders" ename="cylinders">
        <domain format="selection_list">
          <value>* No Preference *</value>
          <value>1</value>
          <value>2</value>
          <value>4</value>
          <value>6</value>
          <value>8</value>
          <value>10</value>
          <value>12</value>
        </domain>
      </attr>
    </attrgroup>
    <attrgroup>
      <attr name="Fuel Type" ename="fuel type">
        <domain format="selection_list">
          <value>* No Preference *</value>
          <value>Diesel</value>
          <value>Gas</value>
          <value>Electronic</value>
          <value>Flexible Fuel</value>
          <value>Comp. Nat. Gas</value>
          <value>Propane</value>
        </domain>
      </attr>
    </attrgroup>
    <attrgroup>
      <attr name="Option" level="1" ename="option">
        <input>
          <operator format="radio_button" name="Air Bag(s)" ename="air bags">
            <value>Must</value>
            <value>Wish</value>
            <value>Not</value>
          </operator>
        </input>
        <input>
          <operator format="radio_button" name="Antilock Brakes" ename="antilock brakes">
            <value>Must</value>
            <value>Wish</value>
            <value>Not</value>
          </operator>
        </input>
        <input>
          <operator format="radio_button" name="Power Brakes" ename="power brakes">
            <value>Must</value>
            <value>Wish</value>
            <value>Not</value>
          </operator>
        </input>
        <input>
          <operator format="radio_button" name="Air Conditioning" ename="air conditioning">
            <value>Must</value>
            <value>Wish</value>
            <value>Not</value>
          </operator>
        </input>
        <input>
          <operator format="radio_button" name="CD Player" ename="CD player">
            <value>Must</value>
            <value>Wish</value>
            <value>Not</value>
          </operator>
        </input>
        <input>
          <operator format="radio_button" name="Cassette" ename="cassette">
            <value>Must</value>
            <value>Wish</value>
            <value>Not</value>
          </operator>
        </input>
        <input>
          <operator format="radio_button" name="Cellular Phone" ename="cellular phone">
            <value>Must</value>
            <value>Wish</value>
            <value>Not</value>
          </operator>
        </input>
        <input>
          <operator format="radio_button" name="Cruise Control" ename="cruise control">
            <value>Must</value>
            <value>Wish</value>
            <value>Not</value>
          </operator>
        </input>
        <input>
          <operator format="radio_button" name="Electronic Seats" ename="electronic seats">
            <value>Must</value>
            <value>Wish</value>
            <value>Not</value>
          </operator>
        </input>
        <input>
          <operator format="radio_button" name="Leather Seats" ename="leather seats">
            <value>Must</value>
            <value>Wish</value>
            <value>Not</value>
          </operator>
        </input>
        <input>
          <operator format="radio_button" name="Power Locks" ename="power locks">
            <value>Must</value>
            <value>Wish</value>
            <value>Not</value>
          </operator>
        </input>
        <input>
          <operator format="radio_button" name="Power Steering" ename="power steering">
            <value>Must</value>
            <value>Wish</value>
            <value>Not</value>
          </operator>
        </input>
        <input>
          <operator format="radio_button" name="Power Windows" ename="power windows">
            <value>Must</value>
            <value>Wish</value>
            <value>Not</value>
          </operator>
        </input>
        <input>
          <operator format="radio_button" name="Special Roof" ename="special roof">
            <value>Must</value>
            <value>Wish</value>
            <value>Not</value>
          </operator>
        </input>
      </attr>
    </attrgroup>
  </form>
</source>