<source url="http://www.kbb.com/" interurl="http://www.kbb.com/kb/ki.dll/kw.kc.bmm?kbb">
  <srcname>Kelley Blue Book - Used Car Bluebook Values and New Car Pricing</srcname>
  <form>
    <attrgroup>
      <attr name="ZIP CODE" ename="zip code">
        <domain format="text_box" />
      </attr>
    </attrgroup>
    <attrgroup>
      <attr name="" ename="">
        <domain format="selection_list">
          <value>Select a Year</value>
          <value>2003</value>
          <value>2004</value>
        </domain>
      </attr>
    </attrgroup>
    <attrgroup>
      <attr name="" ename="">
        <domain format="selection_list">
          <value>Select a Make</value>
          <value>Acura</value>
          <value>Audi</value>
          <value>BMW</value>
          <value>Buick</value>
          <value>Cadillac</value>
          <value>Chevrolet</value>
          <value>Chrysler</value>
          <value>Dodge</value>
          <value>Ford</value>
          <value>GMC</value>
          <value>Honda</value>
          <value>Hummer</value>
          <value>Hyundai</value>
          <value>Infiniti</value>
          <value>Isuzu</value>
          <value>Jaguar</value>
          <value>Jeep</value>
          <value>Kia</value>
          <value>Land Rover</value>
          <value>Lexus</value>
          <value>Lincoln</value>
          <value>Mazda</value>
          <value>Mercedes-Benz</value>
          <value>Mercury</value>
          <value>MINI</value>
          <value>Mitsubishi</value>
          <value>Nissan</value>
          <value>Oldsmobile</value>
          <value>Pontiac</value>
          <value>Porsche</value>
          <value>Saab</value>
          <value>Saturn</value>
          <value>Subaru</value>
          <value>Suzuki</value>
          <value>Toyota</value>
          <value>Volkswagen</value>
          <value>Volvo</value>
        </domain>
      </attr>
    </attrgroup>
  </form>
</source>