<source url="http://www.maxwellnorthwest.com/" interurl="http://inventory.carprices.com/firstpage_used.html?maxwell">
  <srcname>maxwellauto.com</srcname>
  <form>
    <attrgroup>
      <attr name="Select a Make:" ename="make">
        <domain format="selection_list" />
      </attr>
    </attrgroup>
    <attrgroup>
      <attr name="Select a Model:" ename="model">
        <domain format="selection_list" />
      </attr>
    </attrgroup>
    <attrgroup>
      <attr name="" ename="">
        <domain format="check_box">
          <option>New</option>
          <option>Used</option>
        </domain>
      </attr>
    </attrgroup>
  </form>
</source>