<source url="http://www.mrac.com/" interurl="http://www.mrac.com/inventorysearch.cfm">
  <srcname>Merchants Auto Superstore</srcname>
  <form>
    <attrgroup>
      <attr name="How do you want to search?" ename="">
        <domain format="radio_button">
          <value>Select make and model below</value>
          <value>Select a vehicle type (SUV, convertible, etc.), then matching makes and models</value>
        </domain>
      </attr>
    </attrgroup>
    <attrgroup>
      <attr name="Make" ename="make">
        <domain format="selection_list">
          <value>All</value>
          <value>Acura</value>
          <value>Alfa Romeo</value>
          <value>Am General</value>
          <value>American Motors</value>
          <value>Aston Martin</value>
          <value>Audi</value>
          <value>Avanti</value>
          <value>Bentley</value>
          <value>BMW</value>
          <value>Buick</value>
          <value>Cadillac</value>
          <value>Chevrolet</value>
          <value>Chrysler</value>
          <value>Daewoo</value>
          <value>Daihatsu</value>
          <value>Datsun</value>
          <value>DeTomaso</value>
          <value>Dodge</value>
          <value>Eagle</value>
          <value>Ferrari</value>
          <value>Fiat</value>
          <value>Ford</value>
          <value>General Motors</value>
          <value>Geo</value>
          <value>GMC</value>
          <value>Honda</value>
          <value>Hummer</value>
          <value>Hyundai</value>
          <value>Infiniti</value>
          <value>Isuzu</value>
          <value>Jaguar</value>
          <value>Jeep</value>
          <value>Kia</value>
          <value>Lamborghini</value>
          <value>Land Rover</value>
          <value>Lexus</value>
          <value>Lincoln</value>
          <value>Lotus</value>
          <value>Maserati</value>
          <value>Maybach</value>
          <value>Mazda</value>
          <value>Mercedes-Benz</value>
          <value>Mercury</value>
          <value>Merkur</value>
          <value>MG</value>
          <value>Mini</value>
          <value>Mitsubishi</value>
          <value>Morgan</value>
          <value>Nissan</value>
          <value>Oldsmobile</value>
          <value>Panoz</value>
          <value>Peugeot</value>
          <value>Plymouth</value>
          <value>Pontiac</value>
          <value>Porsche</value>
          <value>Qvale</value>
          <value>Renault</value>
          <value>Rolls-Royce</value>
          <value>Saab</value>
          <value>Saturn</value>
          <value>Scion</value>
          <value>Sterling</value>
          <value>Subaru</value>
          <value>Suzuki</value>
          <value>Toyota</value>
          <value>Volkswagen</value>
          <value>Volvo</value>
          <value>Yugo</value>
        </domain>
      </attr>
    </attrgroup>
    <attrgroup>
      <attr name="Model" ename="model">
        <domain format="selection_list">
          <value>All</value>
          <value>100</value>
          <value>1000</value>
          <value>124</value>
          <value>128</value>
          <value>131</value>
          <value>1500</value>
          <value>164</value>
          <value>18i</value>
          <value>190</value>
          <value>200</value>
          <value>2000</value>
          <value>200SX</value>
          <value>228</value>
          <value>240</value>
          <value>240D</value>
          <value>240SX</value>
          <value>2500</value>
          <value>280</value>
          <value>280ZX</value>
          <value>300</value>
          <value>3000GT</value>
          <value>300M</value>
          <value>300ZX</value>
          <value>308</value>
          <value>318</value>
          <value>320</value>
          <value>3200 GT</value>
          <value>323</value>
          <value>325</value>
          <value>328</value>
          <value>330</value>
          <value>348</value>
          <value>3500</value>
          <value>350Z</value>
          <value>360 Modena</value>
          <value>400</value>
          <value>4000</value>
          <value>405</value>
          <value>430</value>
          <value>456</value>
          <value>456 GT</value>
          <value>4Runner</value>
          <value>5000</value>
          <value>504</value>
          <value>505</value>
          <value>512 M</value>
          <value>512 TR</value>
          <value>524</value>
          <value>525</value>
          <value>528</value>
          <value>530</value>
          <value>533</value>
          <value>535</value>
          <value>540</value>
          <value>550</value>
          <value>550 Barchetta</value>
          <value>575 M</value>
          <value>600</value>
          <value>6000</value>
          <value>604</value>
          <value>626</value>
          <value>633</value>
          <value>635</value>
          <value>733</value>
          <value>735</value>
          <value>740</value>
          <value>745</value>
          <value>750</value>
          <value>760</value>
          <value>780</value>
          <value>80</value>
          <value>825</value>
          <value>827</value>
          <value>840</value>
          <value>850</value>
          <value>9-3</value>
          <value>9-5</value>
          <value>90</value>
          <value>900</value>
          <value>9000</value>
          <value>911</value>
          <value>924</value>
          <value>928</value>
          <value>929</value>
          <value>940</value>
          <value>944</value>
          <value>960</value>
          <value>968</value>
          <value>A4</value>
          <value>A6</value>
          <value>A8</value>
          <value>Accent</value>
          <value>Acclaim</value>
          <value>Accord</value>
          <value>Achieva</value>
          <value>Aerio</value>
          <value>Aero 8</value>
          <value>Aerostar</value>
          <value>AIV Roadster</value>
          <value>Alero</value>
          <value>Allante</value>
          <value>Alliance</value>
          <value>allroad</value>
          <value>Altima</value>
          <value>Amanti</value>
          <value>Amigo</value>
          <value>AMX</value>
          <value>Aries</value>
          <value>Arnage</value>
          <value>Arrow</value>
          <value>Ascender</value>
          <value>Aspen</value>
          <value>Aspire</value>
          <value>Astro</value>
          <value>Aurora</value>
          <value>Avalanche</value>
          <value>Avalon</value>
          <value>Avenger</value>
          <value>Aviator</value>
          <value>Axiom</value>
          <value>Axxess</value>
          <value>Aztek</value>
          <value>Azure</value>
          <value>B-Series Trucks</value>
          <value>B2000</value>
          <value>B2200</value>
          <value>B2300</value>
          <value>B2500</value>
          <value>B2600</value>
          <value>B2600i</value>
          <value>B3000</value>
          <value>B4000</value>
          <value>Baja</value>
          <value>Beetle</value>
          <value>Beretta</value>
          <value>Biturbo</value>
          <value>Blackwood</value>
          <value>Blazer</value>
          <value>Bonneville</value>
          <value>Boxster</value>
          <value>Brat</value>
          <value>Brava</value>
          <value>Bravada</value>
          <value>Breeze</value>
          <value>Bronco</value>
          <value>Bronco II</value>
          <value>Brooklands</value>
          <value>Brougham</value>
          <value>C-Class</value>
          <value>C10/K10</value>
          <value>C20/K20</value>
          <value>C30/K30</value>
          <value>C70</value>
          <value>Caballero</value>
          <value>Cabrio</value>
          <value>Cabriolet</value>
          <value>Calais</value>
          <value>Camargue</value>
          <value>Camaro</value>
          <value>Camry</value>
          <value>Camry Solara</value>
          <value>Capri</value>
          <value>Caprice</value>
          <value>Caprice Classic</value>
          <value>Caravan</value>
          <value>Caravelle</value>
          <value>Catera</value>
          <value>Cavalier</value>
          <value>Cayenne</value>
          <value>Celebrity</value>
          <value>Celica</value>
          <value>Century</value>
          <value>Challenger</value>
          <value>Champ</value>
          <value>Charade</value>
          <value>Charger</value>
          <value>Cherokee</value>
          <value>Chevelle</value>
          <value>Chevette</value>
          <value>Cimarron</value>
          <value>Cirrus</value>
          <value>Citation</value>
          <value>Civic</value>
          <value>CJ</value>
          <value>CJ-7</value>
          <value>CL</value>
          <value>CL-Class</value>
          <value>CLK</value>
          <value>Club Wagon</value>
          <value>Colt</value>
          <value>Comanche</value>
          <value>Concord</value>
          <value>Concorde</value>
          <value>Conquest</value>
          <value>Continental</value>
          <value>Continental GT</value>
          <value>Contour</value>
          <value>Cooper</value>
          <value>Cooper S</value>
          <value>Cordia</value>
          <value>Cordoba</value>
          <value>Corniche</value>
          <value>Corolla</value>
          <value>Corrado</value>
          <value>Corsica</value>
          <value>Corvette</value>
          <value>Cougar</value>
          <value>Countach</value>
          <value>Coupe</value>
          <value>Courier</value>
          <value>CR-V</value>
          <value>Cressida</value>
          <value>Crossfire</value>
          <value>Crown Victoria</value>
          <value>CRX</value>
          <value>CTS</value>
          <value>Custom Cruiser</value>
          <value>Cutlass</value>
          <value>Cutlass Calais</value>
          <value>Cutlass Ciera</value>
          <value>Cutlass Salon</value>
          <value>Cutlass Supreme</value>
          <value>Dakota</value>
          <value>Dart</value>
          <value>Dasher</value>
          <value>Daytona</value>
          <value>DB7</value>
          <value>DB7 Vantage</value>
          <value>Defender 90</value>
          <value>del Sol</value>
          <value>DeVille</value>
          <value>Diablo</value>
          <value>Diamante</value>
          <value>Dino</value>
          <value>Diplomat</value>
          <value>Discovery</value>
          <value>DL</value>
          <value>Durango</value>
          <value>Duster</value>
          <value>Dynasty</value>
          <value>E-Class</value>
          <value>Eagle</value>
          <value>ECHO</value>
          <value>Eclipse</value>
          <value>Econoline</value>
          <value>Eight</value>
          <value>Eighty-Eight</value>
          <value>El Camino</value>
          <value>Elantra</value>
          <value>Eldorado</value>
          <value>Electra</value>
          <value>Element</value>
          <value>Encore</value>
          <value>Endeavor</value>
          <value>Envoy</value>
          <value>Enzo</value>
          <value>ES 250</value>
          <value>ES 300</value>
          <value>Escalade</value>
          <value>Escalade ESV</value>
          <value>Escalade EXT</value>
          <value>Escape</value>
          <value>Escort</value>
          <value>Esperante</value>
          <value>Esprit</value>
          <value>Esprit V8</value>
          <value>Estate</value>
          <value>Esteem</value>
          <value>Eurovan</value>
          <value>EV-1</value>
          <value>Excel</value>
          <value>Excursion</value>
          <value>EXP</value>
          <value>Expedition</value>
          <value>Explorer</value>
          <value>Explorer Sport</value>
          <value>Explorer Spt Trc</value>
          <value>Expo</value>
          <value>Express</value>
          <value>F100</value>
          <value>F150</value>
          <value>F250</value>
          <value>F350</value>
          <value>F355</value>
          <value>F40</value>
          <value>F50</value>
          <value>Fairmont</value>
          <value>Festiva</value>
          <value>Fiero</value>
          <value>Fifth Avenue</value>
          <value>Firebird</value>
          <value>Firenza</value>
          <value>Fleetwood</value>
          <value>Focus</value>
          <value>Forester</value>
          <value>Fox</value>
          <value>Freelander</value>
          <value>Frontier</value>
          <value>Fuego</value>
          <value>FX35</value>
          <value>FX45</value>
          <value>G-Class</value>
          <value>G20</value>
          <value>G35</value>
          <value>Galant</value>
          <value>GL</value>
          <value>GL-10</value>
          <value>GLC</value>
          <value>GLE</value>
          <value>GLT</value>
          <value>Golf</value>
          <value>Graduate</value>
          <value>Gran Fury</value>
          <value>Granada</value>
          <value>Grand Am</value>
          <value>Grand Caravan</value>
          <value>Grand Cherokee</value>
          <value>Grand Marquis</value>
          <value>Grand Prix</value>
          <value>Grand Vitara</value>
          <value>Grand Voyager</value>
          <value>Grand Wagoneer</value>
          <value>Gremlin</value>
          <value>GS 300</value>
          <value>GS 400</value>
          <value>GS 430</value>
          <value>GT</value>
          <value>GTB</value>
          <value>GTI</value>
          <value>GTO</value>
          <value>GTV-6</value>
          <value>GV</value>
          <value>GX 470</value>
          <value>H1</value>
          <value>H2</value>
          <value>Highlander</value>
          <value>Hombre</value>
          <value>Horizon</value>
          <value>Hornet</value>
          <value>Hummer</value>
          <value>I-Mark</value>
          <value>I30</value>
          <value>I35</value>
          <value>II</value>
          <value>Impala</value>
          <value>Imperial</value>
          <value>Impreza</value>
          <value>Impulse</value>
          <value>Insight</value>
          <value>Integra</value>
          <value>Intrepid</value>
          <value>Intrigue</value>
          <value>Ion</value>
          <value>IS 300</value>
          <value>J10 Truck</value>
          <value>J20 Truck</value>
          <value>J30</value>
          <value>Javelin</value>
          <value>Jetta</value>
          <value>Jimmy</value>
          <value>Justy</value>
          <value>L</value>
          <value>L6</value>
          <value>L7</value>
          <value>Lagonda</value>
          <value>Lancer</value>
          <value>Lancer Evolution</value>
          <value>Land Cruiser</value>
          <value>Lanos</value>
          <value>Laser</value>
          <value>LeBaron</value>
          <value>Legacy</value>
          <value>Leganza</value>
          <value>Legend</value>
          <value>LeMans</value>
          <value>LeSabre</value>
          <value>LHS</value>
          <value>Liberte</value>
          <value>Liberty</value>
          <value>LN7</value>
          <value>Loyale</value>
          <value>LS</value>
          <value>LS 400</value>
          <value>LS 430</value>
          <value>LSS</value>
          <value>LTD</value>
          <value>Lumina</value>
          <value>Lumina APV</value>
          <value>Luv</value>
          <value>LW</value>
          <value>LX 450</value>
          <value>LX 470</value>
          <value>Lynx</value>
          <value>M-Class</value>
          <value>M3</value>
          <value>M30</value>
          <value>M45</value>
          <value>M5</value>
          <value>M6</value>
          <value>Malibu</value>
          <value>Mangusta</value>
          <value>Marauder</value>
          <value>Mark VII</value>
          <value>Mark VIII</value>
          <value>Marlin</value>
          <value>Marquis</value>
          <value>Matador</value>
          <value>Matrix</value>
          <value>Maxima</value>
          <value>Mazda6</value>
          <value>MDX</value>
          <value>Medallion</value>
          <value>Metro</value>
          <value>MGB</value>
          <value>Miata MX-5</value>
          <value>Midget</value>
          <value>Milano</value>
          <value>Millenia</value>
          <value>Mini Ram</value>
          <value>Minivan</value>
          <value>Mirada</value>
          <value>Mirage</value>
          <value>Monaco</value>
          <value>Mondial</value>
          <value>Mondial t</value>
          <value>Montana</value>
          <value>Monte Carlo</value>
          <value>Montero</value>
          <value>Montero Sport</value>
          <value>Mountaineer</value>
          <value>MPV</value>
          <value>MR2</value>
          <value>Mulsanne</value>
          <value>Mulsanne S</value>
          <value>Mulsanne Turbo</value>
          <value>Murano</value>
          <value>Murcielago</value>
          <value>Mustang</value>
          <value>MX-3</value>
          <value>MX-6</value>
          <value>Mystique</value>
          <value>Mzdspeed Protege</value>
          <value>Navajo</value>
          <value>Navigator</value>
          <value>Neon</value>
          <value>New Yorker</value>
          <value>Newport</value>
          <value>Ninety-Eight</value>
          <value>Nova</value>
          <value>NSX</value>
          <value>Nubira</value>
          <value>NX</value>
          <value>Oasis</value>
          <value>Odyssey</value>
          <value>Omega</value>
          <value>Omni</value>
          <value>Optima</value>
          <value>Outback</value>
          <value>Outlander</value>
          <value>Pacer</value>
          <value>Pacifica</value>
          <value>Pantera</value>
          <value>Pantera II</value>
          <value>Parisienne</value>
          <value>Park Avenue</value>
          <value>Park Ward</value>
          <value>Paseo</value>
          <value>Passat</value>
          <value>Passport</value>
          <value>Pathfinder</value>
          <value>Pathfinder Armada</value>
          <value>Phantom III</value>
          <value>Phoenix</value>
          <value>Pickup</value>
          <value>Pickup (Other)</value>
          <value>Pilot</value>
          <value>Pininfarina</value>
          <value>Plus 8</value>
          <value>Precis</value>
          <value>Prelude</value>
          <value>Premier</value>
          <value>Previa</value>
          <value>Prius</value>
          <value>Prizm</value>
          <value>Probe</value>
          <value>Protege</value>
          <value>Protege5</value>
          <value>Prowler</value>
          <value>PT Cruiser</value>
          <value>Pulsar</value>
          <value>Q45</value>
          <value>Quadrifoglio</value>
          <value>Quantum</value>
          <value>Quattro</value>
          <value>Quattroporte</value>
          <value>Quest</value>
          <value>QX4</value>
          <value>R10</value>
          <value>R20</value>
          <value>Rabbit</value>
          <value>Raider</value>
          <value>Rally</value>
          <value>Ram</value>
          <value>Ram Van</value>
          <value>Ram Wagon</value>
          <value>Ramcharger</value>
          <value>Rampage</value>
          <value>Range Rover</value>
          <value>Ranger</value>
          <value>RAV4</value>
          <value>Reatta</value>
          <value>Rebel</value>
          <value>Regal</value>
          <value>Regency</value>
          <value>Reliant</value>
          <value>Rendezvous</value>
          <value>Rio</value>
          <value>Riviera</value>
          <value>RL</value>
          <value>Roadmaster</value>
          <value>Roadster</value>
          <value>Rocky</value>
          <value>Rodeo</value>
          <value>Rodeo Sport</value>
          <value>RS6</value>
          <value>RSX</value>
          <value>RX</value>
          <value>RX 300</value>
          <value>RX 330</value>
          <value>RX-7</value>
          <value>RX-8</value>
          <value>S-10</value>
          <value>S-10 Blazer</value>
          <value>S-15 Jimmy</value>
          <value>S-15 Pickup</value>
          <value>S-Class</value>
          <value>S-Type</value>
          <value>S2000</value>
          <value>S4</value>
          <value>S40</value>
          <value>S6</value>
          <value>S60</value>
          <value>S70</value>
          <value>S8</value>
          <value>S80</value>
          <value>S90</value>
          <value>Sable</value>
          <value>Safari</value>
          <value>Samurai</value>
          <value>Santa Fe</value>
          <value>Sapporo</value>
          <value>Savana</value>
          <value>SC</value>
          <value>SC 300</value>
          <value>SC 400</value>
          <value>SC 430</value>
          <value>Scamp</value>
          <value>Scirocco</value>
          <value>Scorpio</value>
          <value>Scoupe</value>
          <value>Scrambler</value>
          <value>Sebring</value>
          <value>Sedona</value>
          <value>Sentra</value>
          <value>Sephia</value>
          <value>Sequoia</value>
          <value>Seville</value>
          <value>Shadow</value>
          <value>Sidekick</value>
          <value>Sienna</value>
          <value>Sierra</value>
          <value>Sigma</value>
          <value>Silhouette</value>
          <value>Silver Cloud III</value>
          <value>Silver Dawn</value>
          <value>Silver Seraph</value>
          <value>Silver Shadow</value>
          <value>Silver Spirit</value>
          <value>Silver Spur</value>
          <value>Silver Wraith</value>
          <value>Silver Wrth II</value>
          <value>Silverado</value>
          <value>Sixty Special</value>
          <value>Skyhawk</value>
          <value>Skylark</value>
          <value>SL</value>
          <value>SL-Class</value>
          <value>SLK</value>
          <value>SLX</value>
          <value>Somerset</value>
          <value>Sonata</value>
          <value>Sonoma</value>
          <value>Sorento</value>
          <value>Spectra</value>
          <value>Spectrum</value>
          <value>Spider</value>
          <value>Spirit</value>
          <value>Spitfire</value>
          <value>Sportage</value>
          <value>Sportvan</value>
          <value>Sprint</value>
          <value>Sprinter</value>
          <value>Spyder</value>
          <value>SRT-4</value>
          <value>SRX</value>
          <value>SSR</value>
          <value>St Regis</value>
          <value>Stanza</value>
          <value>Starion</value>
          <value>Starlet</value>
          <value>STD</value>
          <value>Stealth</value>
          <value>Storm</value>
          <value>Strada</value>
          <value>Stratus</value>
          <value>Stylus</value>
          <value>Suburban</value>
          <value>Summit</value>
          <value>Sunbird</value>
          <value>Sundance</value>
          <value>Sunfire</value>
          <value>Super V8</value>
          <value>Supra</value>
          <value>SVX</value>
          <value>SW</value>
          <value>Swift</value>
          <value>T100</value>
          <value>T1000</value>
          <value>Tacoma</value>
          <value>Tahoe</value>
          <value>Talon</value>
          <value>Taurus</value>
          <value>TC (Maserati)</value>
          <value>Tempo</value>
          <value>Tercel</value>
          <value>Testarossa</value>
          <value>Thunderbird</value>
          <value>Tiburon</value>
          <value>TL</value>
          <value>Topaz</value>
          <value>Toronado</value>
          <value>Town &amp; Country</value>
          <value>Town Car</value>
          <value>TR3</value>
          <value>TR4</value>
          <value>TR6</value>
          <value>TR7</value>
          <value>TR8</value>
          <value>Tracer</value>
          <value>Tracker</value>
          <value>TrailBlazer</value>
          <value>TrailBlazer EXT</value>
          <value>Trans Sport</value>
          <value>Tredia</value>
          <value>Tribute</value>
          <value>Trooper</value>
          <value>TT</value>
          <value>Tundra</value>
          <value>Turbo R</value>
          <value>Turbo RL</value>
          <value>Turbo RT</value>
          <value>Turbo S</value>
          <value>Turismo</value>
          <value>Type 57</value>
          <value>Type 62</value>
          <value>V10</value>
          <value>V12 Vanquish</value>
          <value>V20</value>
          <value>V30</value>
          <value>V40</value>
          <value>V70</value>
          <value>V90</value>
          <value>Van</value>
          <value>Vanagon</value>
          <value>Vanden Plas</value>
          <value>Vandura</value>
          <value>Vantage</value>
          <value>VehiCROSS</value>
          <value>Venture</value>
          <value>Vibe</value>
          <value>Vigor</value>
          <value>Villager</value>
          <value>Viper</value>
          <value>Virage</value>
          <value>Vision</value>
          <value>Vitara</value>
          <value>Voyager</value>
          <value>VUE</value>
          <value>Wagoneer</value>
          <value>Windstar</value>
          <value>Wrangler</value>
          <value>X-90</value>
          <value>X-Type</value>
          <value>X1/9</value>
          <value>X5</value>
          <value>XC70</value>
          <value>XC90</value>
          <value>XG300</value>
          <value>XG350</value>
          <value>XJ12</value>
          <value>XJ6</value>
          <value>XJ8</value>
          <value>XJ8L</value>
          <value>XJR</value>
          <value>XJS</value>
          <value>XK8</value>
          <value>XKR</value>
          <value>XL-7</value>
          <value>XLR</value>
          <value>XR4Ti</value>
          <value>XT</value>
          <value>Xterra</value>
          <value>Yukon</value>
          <value>Yukon XL</value>
          <value>Z3</value>
          <value>Z4</value>
          <value>Z8</value>
          <value>Zephyr</value>
          <value>ZX2</value>
        </domain>
      </attr>
    </attrgroup>
    <attrgroup>
      <attr name="Price Range" level="1" ename="price range">
        <input>
          <operator name="" ename="" />
          <domain format="selection_list">
            <value>$0</value>
            <value>= 1000"&gt;$1,000</value>
            <value>= 2000"&gt;$2,000</value>
            <value>= 3000"&gt;$3,000</value>
            <value>= 4000"&gt;$4,000</value>
            <value>= 5000"&gt;$5,000</value>
            <value>= 6000"&gt;$6,000</value>
            <value>= 7000"&gt;$7,000</value>
            <value>= 8000"&gt;$8,000</value>
            <value>= 9000"&gt;$9,000</value>
            <value>= 10000"&gt;$10,000</value>
            <value>= 11000"&gt;$11,000</value>
            <value>= 12000"&gt;$12,000</value>
            <value>= 13000"&gt;$13,000</value>
            <value>= 14000"&gt;$14,000</value>
            <value>= 15000"&gt;$15,000</value>
            <value>= 16000"&gt;$16,000</value>
            <value>= 17000"&gt;$17,000</value>
            <value>= 18000"&gt;$18,000</value>
            <value>= 19000"&gt;$19,000</value>
            <value>= 20000"&gt;$20,000</value>
            <value>= 21000"&gt;$21,000</value>
            <value>= 22000"&gt;$22,000</value>
            <value>= 23000"&gt;$23,000</value>
            <value>= 24000"&gt;$24,000</value>
            <value>= 25000"&gt;$25,000</value>
            <value>= 30000"&gt;$30,000</value>
            <value>= 35000"&gt;$35,000</value>
            <value>= 40000"&gt;$40,000</value>
            <value>= 45000"&gt;$45,000</value>
            <value>= 50000"&gt;$50,000</value>
            <value>= 75000"&gt;$75,000</value>
            <value>= 100000"&gt;$100,000</value>
          </domain>
        </input>
        <input>
          <operator name="to" ename="to" />
          <domain format="selection_list">
            <value>No Maximum</value>
            <value>$1,000</value>
            <value>$2,000</value>
            <value>$3,000</value>
            <value>$4,000</value>
            <value>$5,000</value>
            <value>$6,000</value>
            <value>$7,000</value>
            <value>$8,000</value>
            <value>$9,000</value>
            <value>$10,000</value>
            <value>$11,000</value>
            <value>$12,000</value>
            <value>$13,000</value>
            <value>$14,000</value>
            <value>$15,000</value>
            <value>$16,000</value>
            <value>$17,000</value>
            <value>$18,000</value>
            <value>$19,000</value>
            <value>$20,000</value>
            <value>$21,000</value>
            <value>$22,000</value>
            <value>$23,000</value>
            <value>$24,000</value>
            <value>$25,000</value>
            <value>$30,000</value>
            <value>$35,000</value>
            <value>$40,000</value>
            <value>$45,000</value>
            <value>$50,000</value>
            <value>$75,000</value>
            <value>$100,000</value>
            <value>$100,000 +</value>
          </domain>
        </input>
      </attr>
    </attrgroup>
    <attrgroup>
      <attr name="Mileage Range" level="1" ename="mileage range">
        <input>
          <operator name="" ename="" />
          <domain format="selection_list">
            <value>0</value>
            <value>= 10000"&gt;10,000</value>
            <value>= 20000"&gt;20,000</value>
            <value>= 30000"&gt;30,000</value>
            <value>= 40000"&gt;40,000</value>
            <value>= 50000"&gt;50,000</value>
            <value>= 60000"&gt;60,000</value>
            <value>= 70000"&gt;70,000</value>
            <value>= 80000"&gt;80,000</value>
            <value>= 90000"&gt;90,000</value>
            <value>= 100000"&gt;100,000</value>
          </domain>
        </input>
        <input>
          <operator name="to" ename="to" />
          <domain format="selection_list">
            <value>No Maximum</value>
            <value>10,000</value>
            <value>20,000</value>
            <value>30,000</value>
            <value>40,000</value>
            <value>50,000</value>
            <value>60,000</value>
            <value>70,000</value>
            <value>80,000</value>
            <value>90,000</value>
            <value>100,000</value>
            <value>100,000 +</value>
          </domain>
        </input>
      </attr>
    </attrgroup>
    <attrgroup>
      <attr name="optional search words" ename="">
        <input>
          <operator format="selection_list">
            <value>Match Any Words</value>
            <value>Match All Words</value>
            <value>Match Exact Phrase</value>
          </operator>
          <domain format="text_box" />
        </input>
      </attr>
    </attrgroup>
  </form>
</source>