<source url="http://www.motornet.ie/" interurl="http://motornet.webzone.ie/newcars/">
  <srcname>MotorNET.ie - Ireland's premier motoring website</srcname>
  <form>
    <attrgroup>
      <attr name="Make:" ename="make">
        <additional>VEHICLE DESCRIPTION</additional>
        <domain format="selection_list">
          <value>Any Make</value>
        </domain>
      </attr>
    </attrgroup>
    <attrgroup>
      <attr name="Model:" ename="model">
        <additional>VEHICLE DESCRIPTION</additional>
        <domain format="selection_list">
          <value>Any Model</value>
        </domain>
      </attr>
    </attrgroup>
    <attrgroup>
      <attr name="Bodytype" ename="bodytype">
        <additional>VEHICLE DESCRIPTION</additional>
        <domain format="selection_list">
          <value>Any</value>
        </domain>
      </attr>
    </attrgroup>
    <attrgroup>
      <attr name="No. of Doors" ename="number of doors">
        <additional>VEHICLE DESCRIPTION</additional>
        <domain format="selection_list">
          <value>Any</value>
          <value>2</value>
          <value>3</value>
          <value>4</value>
          <value>5</value>
        </domain>
      </attr>
    </attrgroup>
    <attrgroup>
      <attr name="ENGINE SIZE" level="1" ename="engine size">
        <input>
          <operator name="Minimum:" ename="minimum" />
          <domain format="selection_list">
            <value>Any</value>
            <value>1.0L</value>
            <value>1.1L</value>
            <value>1.2L</value>
            <value>1.3L</value>
            <value>1.4L</value>
            <value>1.5L</value>
            <value>1.6L</value>
            <value>1.7L</value>
            <value>1.8L</value>
            <value>1.9L</value>
            <value>2.0L</value>
            <value>2.1L</value>
            <value>2.2L</value>
            <value>2.3L</value>
            <value>2.4L</value>
            <value>2.5L</value>
            <value>2.6L</value>
            <value>2.7L</value>
            <value>2.8L</value>
            <value>2.9L</value>
          </domain>
        </input>
        <input>
          <operator name="Maximum:" ename="maximum" />
          <domain format="selection_list">
            <value>Any</value>
            <value>1.0L</value>
            <value>1.1L</value>
            <value>1.2L</value>
            <value>1.3L</value>
            <value>1.4L</value>
            <value>1.5L</value>
            <value>1.6L</value>
            <value>1.7L</value>
            <value>1.8L</value>
            <value>1.9L</value>
            <value>2.0L</value>
            <value>2.1L</value>
            <value>2.2L</value>
            <value>2.3L</value>
            <value>2.4L</value>
            <value>2.5L</value>
            <value>2.6L</value>
            <value>2.7L</value>
            <value>2.8L</value>
            <value>2.9L</value>
          </domain>
        </input>
      </attr>
    </attrgroup>
    <attrgroup>
      <attr name="Seats:" ename="seats">
        <additional>INTERIOR</additional>
        <domain format="selection_list">
          <value>Any</value>
          <value>2+2</value>
          <value>2</value>
          <value>4</value>
          <value>5</value>
          <value>7</value>
          <value>8</value>
        </domain>
      </attr>
    </attrgroup>
    <attrgroup>
      <attr name="Transmission:" ename="transmission">
        <additional>INTERIOR</additional>
        <domain format="selection_list">
          <value>Any</value>
          <value>Manual</value>
          <value>Automatic</value>
        </domain>
      </attr>
    </attrgroup>
    <attrgroup>
      <attr name="PRICE" level="1" ename="price">
        <input>
          <operator name="Minimum:" ename="minimum" />
          <domain format="selection_list">
            <value>Any</value>
            <value>7,000</value>
            <value>8,000</value>
            <value>9,000</value>
            <value>10,000</value>
            <value>11,000</value>
            <value>12,000</value>
            <value>13,000</value>
            <value>14,000</value>
            <value>15,000</value>
            <value>16,000</value>
            <value>17,000</value>
            <value>18,000</value>
            <value>19,000</value>
            <value>20,000</value>
            <value>21,000</value>
            <value>22,000</value>
            <value>23,000</value>
            <value>24,000</value>
            <value>25,000</value>
            <value>26,000</value>
            <value>27,000</value>
            <value>28,000</value>
            <value>29,000</value>
            <value>30,000</value>
            <value>31,000</value>
            <value>32,000</value>
            <value>33,000</value>
            <value>34,000</value>
            <value>35,000</value>
            <value>36,000</value>
            <value>37,000</value>
            <value>38,000</value>
            <value>39,000</value>
            <value>40,000</value>
            <value>41,000</value>
            <value>42,000</value>
            <value>43,000</value>
            <value>44,000</value>
            <value>45,000</value>
            <value>46,000</value>
            <value>47,000</value>
            <value>48,000</value>
            <value>49,000</value>
            <value>50,000</value>
            <value>51,000</value>
            <value>52,000</value>
            <value>53,000</value>
            <value>54,000</value>
            <value>55,000</value>
            <value>56,000</value>
            <value>57,000</value>
            <value>58,000</value>
            <value>59,000</value>
            <value>60,000</value>
            <value>61,000</value>
            <value>62,000</value>
            <value>63,000</value>
            <value>64,000</value>
            <value>65,000</value>
            <value>66,000</value>
            <value>67,000</value>
            <value>68,000</value>
            <value>69,000</value>
            <value>70,000</value>
            <value>71,000</value>
            <value>72,000</value>
            <value>73,000</value>
            <value>74,000</value>
            <value>75,000</value>
            <value>76,000</value>
            <value>77,000</value>
            <value>78,000</value>
            <value>79,000</value>
            <value>80,000</value>
            <value>81,000</value>
            <value>82,000</value>
            <value>83,000</value>
            <value>84,000</value>
            <value>85,000</value>
            <value>86,000</value>
            <value>87,000</value>
            <value>88,000</value>
            <value>89,000</value>
            <value>90,000</value>
            <value>91,000</value>
            <value>92,000</value>
            <value>93,000</value>
            <value>94,000</value>
            <value>95,000</value>
            <value>96,000</value>
            <value>97,000</value>
            <value>98,000</value>
            <value>99,000</value>
            <value>100,000</value>
            <value>101,000</value>
            <value>102,000</value>
            <value>103,000</value>
            <value>104,000</value>
            <value>105,000</value>
            <value>106,000</value>
            <value>107,000</value>
            <value>108,000</value>
            <value>109,000</value>
            <value>110,000</value>
            <value>111,000</value>
            <value>112,000</value>
            <value>113,000</value>
            <value>114,000</value>
            <value>115,000</value>
            <value>116,000</value>
            <value>117,000</value>
            <value>118,000</value>
            <value>119,000</value>
            <value>120,000</value>
            <value>121,000</value>
            <value>122,000</value>
            <value>123,000</value>
            <value>124,000</value>
            <value>125,000</value>
            <value>126,000</value>
            <value>127,000</value>
            <value>128,000</value>
            <value>129,000</value>
            <value>130,000</value>
            <value>131,000</value>
            <value>132,000</value>
            <value>133,000</value>
            <value>134,000</value>
            <value>135,000</value>
            <value>136,000</value>
            <value>137,000</value>
            <value>138,000</value>
            <value>139,000</value>
            <value>140,000</value>
            <value>141,000</value>
            <value>142,000</value>
            <value>143,000</value>
            <value>144,000</value>
            <value>145,000</value>
            <value>146,000</value>
            <value>147,000</value>
            <value>148,000</value>
            <value>149,000</value>
            <value>150,000</value>
            <value>151,000</value>
            <value>152,000</value>
            <value>153,000</value>
          </domain>
        </input>
        <input>
          <operator name="Maximum:" ename="maximum" />
          <domain format="selection_list">
            <value>Any</value>
            <value>7,000</value>
            <value>8,000</value>
            <value>9,000</value>
            <value>10,000</value>
            <value>11,000</value>
            <value>12,000</value>
            <value>13,000</value>
            <value>14,000</value>
            <value>15,000</value>
            <value>16,000</value>
            <value>17,000</value>
            <value>18,000</value>
            <value>19,000</value>
            <value>20,000</value>
            <value>21,000</value>
            <value>22,000</value>
            <value>23,000</value>
            <value>24,000</value>
            <value>25,000</value>
            <value>26,000</value>
            <value>27,000</value>
            <value>28,000</value>
            <value>29,000</value>
            <value>30,000</value>
            <value>31,000</value>
            <value>32,000</value>
            <value>33,000</value>
            <value>34,000</value>
            <value>35,000</value>
            <value>36,000</value>
            <value>37,000</value>
            <value>38,000</value>
            <value>39,000</value>
            <value>40,000</value>
            <value>41,000</value>
            <value>42,000</value>
            <value>43,000</value>
            <value>44,000</value>
            <value>45,000</value>
            <value>46,000</value>
            <value>47,000</value>
            <value>48,000</value>
            <value>49,000</value>
            <value>50,000</value>
            <value>51,000</value>
            <value>52,000</value>
            <value>53,000</value>
            <value>54,000</value>
            <value>55,000</value>
            <value>56,000</value>
            <value>57,000</value>
            <value>58,000</value>
            <value>59,000</value>
            <value>60,000</value>
            <value>61,000</value>
            <value>62,000</value>
            <value>63,000</value>
            <value>64,000</value>
            <value>65,000</value>
            <value>66,000</value>
            <value>67,000</value>
            <value>68,000</value>
            <value>69,000</value>
            <value>70,000</value>
            <value>71,000</value>
            <value>72,000</value>
            <value>73,000</value>
            <value>74,000</value>
            <value>75,000</value>
            <value>76,000</value>
            <value>77,000</value>
            <value>78,000</value>
            <value>79,000</value>
            <value>80,000</value>
            <value>81,000</value>
            <value>82,000</value>
            <value>83,000</value>
            <value>84,000</value>
            <value>85,000</value>
            <value>86,000</value>
            <value>87,000</value>
            <value>88,000</value>
            <value>89,000</value>
            <value>90,000</value>
            <value>91,000</value>
            <value>92,000</value>
            <value>93,000</value>
            <value>94,000</value>
            <value>95,000</value>
            <value>96,000</value>
            <value>97,000</value>
            <value>98,000</value>
            <value>99,000</value>
            <value>100,000</value>
            <value>101,000</value>
            <value>102,000</value>
            <value>103,000</value>
            <value>104,000</value>
            <value>105,000</value>
            <value>106,000</value>
            <value>107,000</value>
            <value>108,000</value>
            <value>109,000</value>
            <value>110,000</value>
            <value>111,000</value>
            <value>112,000</value>
            <value>113,000</value>
            <value>114,000</value>
            <value>115,000</value>
            <value>116,000</value>
            <value>117,000</value>
            <value>118,000</value>
            <value>119,000</value>
            <value>120,000</value>
            <value>121,000</value>
            <value>122,000</value>
            <value>123,000</value>
            <value>124,000</value>
            <value>125,000</value>
            <value>126,000</value>
            <value>127,000</value>
            <value>128,000</value>
            <value>129,000</value>
            <value>130,000</value>
            <value>131,000</value>
            <value>132,000</value>
            <value>133,000</value>
            <value>134,000</value>
            <value>135,000</value>
            <value>136,000</value>
            <value>137,000</value>
            <value>138,000</value>
            <value>139,000</value>
            <value>140,000</value>
            <value>141,000</value>
            <value>142,000</value>
            <value>143,000</value>
            <value>144,000</value>
            <value>145,000</value>
            <value>146,000</value>
            <value>147,000</value>
            <value>148,000</value>
            <value>149,000</value>
            <value>150,000</value>
            <value>151,000</value>
            <value>152,000</value>
            <value>153,000</value>
          </domain>
        </input>
      </attr>
    </attrgroup>
  </form>
</source>