<source url="http://motors.scotsman.com/" interurl="http://motors.scotsman.com/cfm/home/find_search.cfm">
  <srcname>motors.scotsman.com</srcname>
  <form>
    <attrgroup>
      <attr name="I'm looking for a..." ename="">
        <domain format="radio_button">
          <value>new</value>
          <value>used</value>
          <value>new or used</value>
        </domain>
      </attr>
    </attrgroup>
    <attrgroup>
      <attr name="car made by..." ename="">
        <input>
          <operator format="radio_button">
            <value>any manufacturer</value>
            <value>this manufacturer</value>
          </operator>
          <domain format="selection_list">
            <value>ALL</value>
            <value>ALWAYS</value>
            <value>AT</value>
            <value>AUDI</value>
            <value>AUSTIN</value>
            <value>BEDFORD</value>
            <value>BMW</value>
            <value>CAR</value>
            <value>CASH</value>
            <value>CITROEN</value>
            <value>D&amp;J.</value>
            <value>FIAT</value>
            <value>FORD</value>
            <value>HIRE</value>
            <value>HONDA</value>
            <value>ITALJET</value>
            <value>JAGUAR</value>
            <value>LAND ROVER</value>
            <value>LANDROVER</value>
            <value>LUNAR</value>
            <value>M</value>
            <value>MARSHALL</value>
            <value>MAZDA</value>
            <value>MERCEDES</value>
            <value>MERCEDES  BENZ</value>
            <value>MERCEDES BENZ</value>
            <value>MGF</value>
            <value>MINI</value>
            <value>MITSUBISHI</value>
            <value>NISSAN</value>
            <value>PEUGEOT</value>
            <value>PORSCHE</value>
            <value>RENAULT</value>
            <value>ROVER</value>
            <value>SAAB</value>
            <value>SEA</value>
            <value>SUBARU</value>
            <value>SUZUKI</value>
            <value>TAXI</value>
            <value>TOYOTA</value>
            <value>TRIUMPH</value>
            <value>TVR</value>
            <value>VAUXHALL</value>
            <value>VOLKSWAGEN</value>
            <value>VOLVO</value>
            <value>VW</value>
            <value>WITTER</value>
          </domain>
        </input>
      </attr>
    </attrgroup>
    <attrgroup>
      <attr name="The model I want is..." ename="model">
        <input>
          <operator format="radio_button">
            <value>any model</value>
            <value>this model</value>
          </operator>
          <domain format="selection_list">
            <value>SCRAP</value>
          </domain>
        </input>
      </attr>
    </attrgroup>
    <attrgroup>
      <attr name="made in..." ename="made in">
        <input>
          <operator format="radio_button">
            <value>any year</value>
            <value>this year</value>
            <value>or later</value>
            <value>or earlier</value>
            <value>only</value>
          </operator>
          <domain format="selection_list">
            <value>1978</value>
            <value>1979</value>
            <value>1985</value>
            <value>1987</value>
            <value>1988</value>
            <value>1991</value>
            <value>1992</value>
            <value>1993</value>
            <value>1994</value>
            <value>1995</value>
            <value>1996</value>
            <value>1997</value>
            <value>1998</value>
            <value>1999</value>
            <value>2000</value>
            <value>2001</value>
            <value>2002</value>
          </domain>
        </input>
      </attr>
    </attrgroup>
  </form>
</source>