<source url="http://www.mswebmasters.com/" interurl="http://www.mswebmasters.com/cgi-win/selcar.exe">
  <srcname>MS Webmasters, Inc.</srcname>
  <form>
    <attrgroup>
      <attr name="Brand" ename="brand">
        <domain format="selection_list">
          <value>ANY BRAND</value>
          <value>"CALL-PARTS FINDER"</value>
          <value>"USED PARTS FINDER"</value>
          <value>100XL</value>
          <value>1928 - 1931</value>
          <value>1943 CHEVY PICKUP</value>
          <value>1955,ROUND, RADIO</value>
          <value>1960'S FALCONS</value>
          <value>1963</value>
          <value>1966</value>
          <value>1968</value>
          <value>1968-1972</value>
          <value>1969 DODGE</value>
          <value>1972307BLOCK</value>
          <value>1978 FORD</value>
          <value>1987 FORD RANGER 4X4</value>
          <value>1989 FORD</value>
          <value>1994 VW JETTA</value>
          <value>1995 PONIAC</value>
          <value>1998 CAMARO</value>
          <value>19996 CARAVAN</value>
          <value>230 SL</value>
          <value>28 SEDAN</value>
          <value>3.8L ONLY 500 MILES</value>
          <value>351-4BB CLEVLAND</value>
          <value>36 CHEVY</value>
          <value>38 OLDS FENDER SKIRT</value>
          <value>4-BOLT MAINS</value>
          <value>409</value>
          <value>48-PLYMOUTH</value>
          <value>4BFGOODRICH</value>
          <value>4X4 TRUCKS</value>
          <value>5.0 GT</value>
          <value>51-52 FORD</value>
          <value>51OR 52 CADDY</value>
          <value>54 CHEVY PARTS</value>
          <value>560SL</value>
          <value>6 CYL DIESEL</value>
          <value>6.5L</value>
          <value>65 TO 70</value>
          <value>65-74</value>
          <value>66 GTO</value>
          <value>67-74</value>
          <value>77-81</value>
          <value>78 CHEVY</value>
          <value>79 CHEVY</value>
          <value>82-92 4" COWL HOOD</value>
          <value>96 CAMERO</value>
          <value>A&amp;A PERFORMANCE</value>
          <value>ACCEL</value>
          <value>ACURA</value>
          <value>ACURA &amp; HONDA</value>
          <value>AEZ CUSTOM WHEELS</value>
          <value>AFCO</value>
          <value>AFTER MARKET</value>
          <value>ALFA ROMEO</value>
          <value>ALL</value>
          <value>ALL BRAND</value>
          <value>ALL BRANDS</value>
          <value>ALL MAKES</value>
          <value>AMC</value>
          <value>AMERICAN RACING</value>
          <value>ANTERA</value>
          <value>ANTIQUE</value>
          <value>ANY</value>
          <value>ANY BRAND</value>
          <value>ANY HUBCABS YOU NEED</value>
          <value>ARB</value>
          <value>ARC RECORD CHANGER</value>
          <value>ARELLI</value>
          <value>ATLAS</value>
          <value>AUBURN</value>
          <value>AUDI</value>
          <value>AUSTIN-HEALEY</value>
          <value>AUSTRALIAN</value>
          <value>AUTO PARTS</value>
          <value>AXIS</value>
          <value>B&amp;M</value>
          <value>B/BLOCK</value>
          <value>BBS WHEELS</value>
          <value>BF GOODRICH</value>
          <value>BIG BLOCK</value>
          <value>BIG BLOCK CHEVY</value>
          <value>BLAZER, FULL SIZE</value>
          <value>BLOCK &amp; CRANK</value>
          <value>BLOWERS</value>
          <value>BMW</value>
          <value>BONNEVILLE</value>
          <value>BORBET</value>
          <value>BORG/WARNER T-10</value>
          <value>BOSCH</value>
          <value>BOYDS</value>
          <value>BRADI</value>
          <value>BRAND NEW</value>
          <value>BRIDGESTONE</value>
          <value>BRONCO II</value>
          <value>BUICK</value>
          <value>CADILLAC</value>
          <value>CAMARO</value>
          <value>CARBURATOR</value>
          <value>CARLSSON</value>
          <value>CELECA SUPRA GT</value>
          <value>CENTERLINE</value>
          <value>CHANGHUI</value>
          <value>CHARGER</value>
          <value>CHEVELLE</value>
          <value>CHEVOLET</value>
          <value>CHEVROLET</value>
          <value>CHEVY</value>
          <value>CHEVY AND GMC</value>
          <value>CHRYS PLY DODGE JEEP</value>
          <value>CHRYSLER</value>
          <value>CHRYSLER HEMI ENGINE</value>
          <value>CHRYSLER/MASERATI TS</value>
          <value>CLARION</value>
          <value>CLEVERLAND</value>
          <value>COBRA</value>
          <value>COLORADO CUSTOM</value>
          <value>CORONET</value>
          <value>CORVAIR</value>
          <value>CORVETTE</value>
          <value>COSWORTH DXF</value>
          <value>COUPE DEVILLE</value>
          <value>CUSTOM</value>
          <value>CUSTOM COVER</value>
          <value>DART II SPORTSMAN</value>
          <value>DATSON</value>
          <value>DENON</value>
          <value>DESOTO</value>
          <value>DIFFERENT MAKES</value>
          <value>DIMOND-T</value>
          <value>DODGE</value>
          <value>DODGE 413 MAX WEDGE</value>
          <value>DODGE COLT VISTA 4X4</value>
          <value>DODGE RAM</value>
          <value>DODGE TRUCK</value>
          <value>DODGE, MITSUBISHI</value>
          <value>DORT 1918-19</value>
          <value>DUAL 40 IDF WEBBERS</value>
          <value>DURANT</value>
          <value>DYNAMOMETER SYS</value>
          <value>EAGLE</value>
          <value>EAGLE ALLOY</value>
          <value>EAGLE/MITSUBISHI</value>
          <value>EASTSIDE CLOCKS</value>
          <value>EATON</value>
          <value>EDELBROCK</value>
          <value>EDSEL</value>
          <value>ENKIE</value>
          <value>ENKIE V-1</value>
          <value>EXIDE</value>
          <value>EXTANG</value>
          <value>FABSHOP</value>
          <value>FABSHOP CARB SPACER</value>
          <value>FIAT</value>
          <value>FIBERGLASS TOPPER</value>
          <value>FISHER</value>
          <value>FLATPROOF</value>
          <value>FLEETWOOD</value>
          <value>FORD</value>
          <value>FORD SWB TRUCK</value>
          <value>FORD-LINCOLN MERCURY</value>
          <value>FORD/MERCURY</value>
          <value>FUELMAX</value>
          <value>G.M.PARTS</value>
          <value>GENUINE</value>
          <value>GEO</value>
          <value>GM</value>
          <value>GM PERFORMANCE PARTS</value>
          <value>GMC</value>
          <value>GMC PARTS</value>
          <value>GOLD FINDER TRIM</value>
          <value>GOODYEAR</value>
          <value>GRAND PRIX</value>
          <value>H &amp; R SPRING SET</value>
          <value>H.I.D CONVERSION KIT</value>
          <value>HALF TON PICKUP</value>
          <value>HARDWARE</value>
          <value>HEMI CHRYS/DODGE/DES</value>
          <value>HIGH PERFORMANCE</value>
          <value>HKS PERFORMANCE</value>
          <value>HOIST</value>
          <value>HOLLEY</value>
          <value>HONDA</value>
          <value>HONDA &amp; ACURA</value>
          <value>HONDA/TOYOTA/NISSAN</value>
          <value>HUBCAP SOURCE</value>
          <value>HUDSON</value>
          <value>HUMMER</value>
          <value>HUPMOBILE</value>
          <value>HYUNDAI</value>
          <value>IMPERIAL</value>
          <value>INTEGRA GSR</value>
          <value>INTERIGA</value>
          <value>ISUZU</value>
          <value>JAGUAR</value>
          <value>JEEP</value>
          <value>JEEP CHEROKEE</value>
          <value>KONIG</value>
          <value>KONIG &amp; CONTINENTAL</value>
          <value>LA WIRE</value>
          <value>LAMBORGHINI</value>
          <value>LANDROVER</value>
          <value>LEXANI ALLOY WHEELS</value>
          <value>LEXUS</value>
          <value>LIGHT TRUCK TIRES</value>
          <value>LINCOLN</value>
          <value>LOTUS</value>
          <value>M.G.</value>
          <value>MARK III</value>
          <value>MAXON</value>
          <value>MAZDA</value>
          <value>MERCEDES</value>
          <value>MERCEDES BENZ</value>
          <value>MERCURY</value>
          <value>MERKUR</value>
          <value>MG</value>
          <value>MGA</value>
          <value>MGA &amp; SAAB96</value>
          <value>MICHELIN</value>
          <value>MILLIES</value>
          <value>MINI/SPRITE</value>
          <value>MISCELLANEOUS</value>
          <value>MITSUBISHI</value>
          <value>MOPAR</value>
          <value>MOSTLY GM, CHEVY</value>
          <value>MOTOR</value>
          <value>MOTOR AND TRANS.</value>
          <value>MUNCIE</value>
          <value>MUSTANG</value>
          <value>NASH</value>
          <value>NASH RAMBLER</value>
          <value>NEEPER N-7'S</value>
          <value>NEEPER WHEELS</value>
          <value>NEON</value>
          <value>NEUSPEED</value>
          <value>NEW MOPAR MAGNUM 380</value>
          <value>NEW TIRE SEALANT</value>
          <value>NISSAN</value>
          <value>NITTO</value>
          <value>NOS</value>
          <value>NOS NORS &amp; USED</value>
          <value>NOT SEEKING</value>
          <value>OFFENHAUSER</value>
          <value>OLD  TITLES</value>
          <value>OLDS</value>
          <value>OLDSMOBILE</value>
          <value>OR GMC</value>
          <value>PACE SETTER</value>
          <value>PAGE</value>
          <value>PAINLESS WIRING</value>
          <value>PARTS AND ACCESSORIE</value>
          <value>PARTS CARS</value>
          <value>PARTS FOR SALE</value>
          <value>PASSAT 16V</value>
          <value>PAXTON VR4</value>
          <value>PETE JACKSON</value>
          <value>PEUGEOT</value>
          <value>PICKUP 2WD</value>
          <value>PIONEER</value>
          <value>PLATINUM</value>
          <value>PLYMOUTH</value>
          <value>PONTIAC</value>
          <value>PONTIAC BUICK OLDS</value>
          <value>PORSCHE</value>
          <value>PRELUDE</value>
          <value>PRIMAX RIMS</value>
          <value>PROLONG</value>
          <value>QUALITEX</value>
          <value>RACING PARTS 4 SALE</value>
          <value>RACON</value>
          <value>RADIATOR</value>
          <value>RADIATORS</value>
          <value>RANGER</value>
          <value>RAVEN</value>
          <value>REAR END</value>
          <value>RENU-USA</value>
          <value>REPRODUCTION GLASS</value>
          <value>RIMS</value>
          <value>ROADRUNNER</value>
          <value>SAAB</value>
          <value>SAGINAW</value>
          <value>SARATOGA</value>
          <value>SERIES PARTS</value>
          <value>SHELBY</value>
          <value>SMALL BLOCK</value>
          <value>SNAP ON</value>
          <value>SOLEX</value>
          <value>SONY CD PLAYER</value>
          <value>STANDARD TOILET</value>
          <value>STEEDA</value>
          <value>STEEL RIMS 15"</value>
          <value>STERLING</value>
          <value>STORM</value>
          <value>STUDEBAKER</value>
          <value>STUTZ</value>
          <value>SUBARU</value>
          <value>SUZUKI</value>
          <value>SWAMPERS</value>
          <value>T-18</value>
          <value>T-BIRD</value>
          <value>T-BUCKET CHASSIE</value>
          <value>TACOMA</value>
          <value>TAIL LIGHTS</value>
          <value>TEST NEW</value>
          <value>TOPSPEED</value>
          <value>TOURING</value>
          <value>TOYOTA</value>
          <value>TRAILER HITCH</value>
          <value>TRANS AM GTA</value>
          <value>TRANSPORTER</value>
          <value>TRIUMPH</value>
          <value>TRUCK</value>
          <value>TSW QUADS</value>
          <value>ULTRA WHITE</value>
          <value>UNKNOWN</value>
          <value>USED</value>
          <value>USED PARTS</value>
          <value>USED PARTS FINDER</value>
          <value>VANAGON</value>
          <value>VFDGFGF</value>
          <value>VOLKSWAGEN</value>
          <value>VOLVO</value>
          <value>VOLVO ALL MODELS</value>
          <value>VW</value>
          <value>WEAPON*R</value>
          <value>WEBER</value>
          <value>WELD</value>
          <value>WESTERN SNOW PLOW</value>
          <value>WHISTLER</value>
          <value>WILLIS-OVERLAND</value>
          <value>WILLYS</value>
          <value>WINSOR</value>
          <value>XTANT</value>
          <value>YOKOHAMA A008G TIRES</value>
          <value>ZBUCK'S</value>
        </domain>
      </attr>
    </attrgroup>
    <attrgroup>
      <attr name="Class" ename="class">
        <domain format="selection_list">
          <value>ANY CLASS</value>
          <value>!!! GREAT DEAL !!!!</value>
          <value>"AUTO PARTS FINDER"</value>
          <value>13" WHEELS</value>
          <value>16X7" RIMS</value>
          <value>1905 RADIATOR</value>
          <value>1928 COUPE BODY</value>
          <value>1934 COUPE MISC.PART</value>
          <value>1937 CHEVY PARTS</value>
          <value>1941 CHEVY TRIM, ETC</value>
          <value>1955 CHEVY PARTS</value>
          <value>1955 RADIO</value>
          <value>1957 FORD 3.22 RATIO</value>
          <value>1968-1972 G.M.</value>
          <value>1975</value>
          <value>1983</value>
          <value>1987 SCIROCCO PARTS</value>
          <value>1988 OWNERS MANUAL</value>
          <value>1998 FORD MUSTANG</value>
          <value>1998 GRILLE</value>
          <value>1ST GENERATION</value>
          <value>2 SPEED POWER GLIDE</value>
          <value>2.9</value>
          <value>220 DIESEL</value>
          <value>240D</value>
          <value>2500-2700 SRVC-MANUL</value>
          <value>292 V-8 4-SPD</value>
          <value>292V-8</value>
          <value>3 TO CHOOSE FROM</value>
          <value>300 WAYS TO SAVE GAS</value>
          <value>302 FI MOTOR</value>
          <value>302 REMANUFACTURED</value>
          <value>318ENG.4X4,727,TRANS</value>
          <value>327/CAMEL BACK</value>
          <value>35</value>
          <value>350 ENGINE</value>
          <value>350 LARGE VALVE HEAD</value>
          <value>350 MOTOR CORE</value>
          <value>350 MOTOR PARTS</value>
          <value>350 VORTEC</value>
          <value>383 MAGNUM, 4-SPEED</value>
          <value>392 MOTOR, C-6 TRANS</value>
          <value>3SPD AUTO,</value>
          <value>4 1/2 ON 4 PATTERN</value>
          <value>4 BARREL</value>
          <value>4 SPEED</value>
          <value>400 HORSEPOWER</value>
          <value>400CI 455CI</value>
          <value>454CI</value>
          <value>460 ENGINE COMPLETE</value>
          <value>4X4 PICK UP</value>
          <value>5 PIECE CAR CARE KIT</value>
          <value>5-CYL DIESEL W/TURBO</value>
          <value>5.0 MOTOR COMPLETE</value>
          <value>54CHEVY PARTS</value>
          <value>55LB. FUEL INJECTORS</value>
          <value>6 CYLINDER</value>
          <value>6-PACK</value>
          <value>6.5 ' PICKUP BED</value>
          <value>62-74 NOVA PARTS</value>
          <value>66 GTO</value>
          <value>70-81</value>
          <value>8 FOOT BED FULL SIZE</value>
          <value>8.8 REAR</value>
          <value>80'S JEEPS</value>
          <value>A/C</value>
          <value>ABS REAREND</value>
          <value>AEM AIR INTAKE</value>
          <value>AIR INTAKES</value>
          <value>AIRBAG</value>
          <value>ALL</value>
          <value>ALL BODY PARTS</value>
          <value>ALL CLASS</value>
          <value>ALL EXCEPT ENGINE</value>
          <value>ALL EXTERIOR PARTS</value>
          <value>ALL FORD PARTS</value>
          <value>ALL OR PART</value>
          <value>ALL PARTS</value>
          <value>ALL PARTS!</value>
          <value>ALLOY RIMS &amp; T-TOPS</value>
          <value>ALLOY RIMS &amp; TIRES</value>
          <value>ALMOST WHOLE</value>
          <value>ALMOST WHOLE CAR</value>
          <value>ALT.BRACKET</value>
          <value>ALTEZZA TAIL LGHTS</value>
          <value>ALUM V-8 215 CCU</value>
          <value>ALUMINUM CON RODS</value>
          <value>ALUMIUM INTAKE</value>
          <value>AMPLIFIER</value>
          <value>AND AUTO PARTS</value>
          <value>ANTENNAS</value>
          <value>ANTIQUE PARTS</value>
          <value>ANY</value>
          <value>ANY PART</value>
          <value>AOD TRANSMISSION</value>
          <value>ASSORTED</value>
          <value>AUTO GLASS</value>
          <value>AUTO PARTS</value>
          <value>AUTOMATIC</value>
          <value>AUTOMOBILE</value>
          <value>AUTOMOBILES</value>
          <value>AUTOMOBILIA</value>
          <value>AXLE</value>
          <value>AXLES</value>
          <value>BAD TRANNY</value>
          <value>BARE BLOCK</value>
          <value>BEDLINER</value>
          <value>BELLHOUSING/FLYWHEEL</value>
          <value>BLOWER</value>
          <value>BODY</value>
          <value>BODY / ENGINE NEEDS</value>
          <value>BODY AND MECHANICAL</value>
          <value>BODY PARTS</value>
          <value>BODY PARTS &amp; ACCESS.</value>
          <value>BODY PARTS ENG TRANS</value>
          <value>BODY PARTS,ENGINE</value>
          <value>BODY&amp;DRIVETRAIN PRTS</value>
          <value>BODY, ENGINES,REARS</value>
          <value>BODY,BRAKE,SUSP. ETC</value>
          <value>BODY,ENGINE,TRANS</value>
          <value>BODY,ENGINES,TRANS</value>
          <value>BODYPANEL EXTENSIONS</value>
          <value>BOOST CONTROLLERS</value>
          <value>BOOSTER CABLES</value>
          <value>BOOT COVER</value>
          <value>BORLA CAT BACK</value>
          <value>BOSE STEREO</value>
          <value>BRA/MASK</value>
          <value>BRAKE DRUMS</value>
          <value>BRAKE LIGHT HOUSING</value>
          <value>BRAKE PARTS</value>
          <value>BROCHURES</value>
          <value>BRUSH GUARD</value>
          <value>BUMPERS</value>
          <value>BUMPERS, OTHER PARTS</value>
          <value>CAB, AND OTHER PARTS</value>
          <value>CAM</value>
          <value>CAMPER SHELL</value>
          <value>CAMS</value>
          <value>CAP</value>
          <value>CAR AUDIO</value>
          <value>CARB SPACER</value>
          <value>CARB&amp;INTAKE BIG CHEV</value>
          <value>CARBS &amp; INTAKE</value>
          <value>CARBURATOR</value>
          <value>CD PLAYER</value>
          <value>CEVY TIMING GEAR</value>
          <value>CHASIS</value>
          <value>CHASSIS PARTS</value>
          <value>CHASSIS/ENGINE,PARTS</value>
          <value>CHERRY PICKER</value>
          <value>CHEVROLET</value>
          <value>CHEVY 350</value>
          <value>CHROME GRILL</value>
          <value>CHROME PIECES</value>
          <value>CHROME SIDE STEPS</value>
          <value>CHROME WHEELS</value>
          <value>CHROME,SWITCHES,ETC.</value>
          <value>CHRYS PLY DODGE JEEP</value>
          <value>CLASSIC</value>
          <value>CLIPS , ENGINE,TRANS</value>
          <value>CLOCKS</value>
          <value>CLUTCH AND PLATE</value>
          <value>COLLECTION</value>
          <value>COLLECTORS ANTIQUE</value>
          <value>COMBINATION SWITCH</value>
          <value>COMPLETE</value>
          <value>COMPLETE CHASSIS</value>
          <value>COMPLETE DRIVE TRAIN</value>
          <value>COMPLETE ENGINE</value>
          <value>COMPUTER</value>
          <value>COMPUTER AND WIRING</value>
          <value>CONSOLE</value>
          <value>CONVERTIBLE TOPS</value>
          <value>CORNER LIGHTS,GRILLE</value>
          <value>COWEL INDUCTION HOOD</value>
          <value>COWL INDUCTION HOOD</value>
          <value>CRANK,CARB,TRANS-BRA</value>
          <value>CRANKSHAFT POLISHER</value>
          <value>CREW CAB</value>
          <value>CROSLEY</value>
          <value>CUSTOM BUILT</value>
          <value>CUSTOM CHASSIS</value>
          <value>CYLINDER HEAD</value>
          <value>CYLINDER HEADS</value>
          <value>DAGENHAM (FOR 6 CYL)</value>
          <value>DART</value>
          <value>DASH CLOCK</value>
          <value>DETROIT LOCKERS</value>
          <value>DIESEL TURBO/ZFTRANS</value>
          <value>DIFFERENTIAL</value>
          <value>DISC BRAKE ROTOR</value>
          <value>DISTRIBUTOR</value>
          <value>DOORS</value>
          <value>DOORS, ETC.</value>
          <value>DOORS/REAR HATCH</value>
          <value>DOORS/UPPER COWL/ETC</value>
          <value>DOUBLE HUMP HEADS</value>
          <value>DRIVE SHAFT</value>
          <value>DRIVE TRAIN</value>
          <value>DRIVE TRAIN PARTS</value>
          <value>DRIVE TRAIN,ENG FEND</value>
          <value>DRIVER SIDE DOOR</value>
          <value>DRIVERS DOOR</value>
          <value>DTS-8800</value>
          <value>DUAL QUAD/TUNNEL RAM</value>
          <value>DUMP BODY</value>
          <value>DYNOMETER</value>
          <value>ELECTROINC ECU`S</value>
          <value>EMBLEM</value>
          <value>EMBLEMS</value>
          <value>ENGIN,TRANS,INTIR</value>
          <value>ENGINE</value>
          <value>ENGINE &amp; TRANNY</value>
          <value>ENGINE &amp; TRANS</value>
          <value>ENGINE + TRANS</value>
          <value>ENGINE AND MORE</value>
          <value>ENGINE AND TRANS</value>
          <value>ENGINE INTAKE</value>
          <value>ENGINE ON ROLLERS</value>
          <value>ENGINE SHOT</value>
          <value>ENGINE VARIOUS PARTS</value>
          <value>ENGINE'S</value>
          <value>ENGINE, BODY PARTS</value>
          <value>ENGINE, REBUILT</value>
          <value>ENGINE, TRANNY. PART</value>
          <value>ENGINE, TRANS, AXLES</value>
          <value>ENGINE, TRANS, BODY</value>
          <value>ENGINE, TRANS, PLUS</value>
          <value>ENGINE, WHEELS ANY P</value>
          <value>ENGINE,TRANS,BODY</value>
          <value>ENGINE,TRANS,R-END</value>
          <value>ENGINE,TRANS,WIRING</value>
          <value>ENGINE,TRANY,EXT.EXT</value>
          <value>ENGINE-WHEELS-DRIVEL</value>
          <value>ENGINE/TRANNY</value>
          <value>ENGINE/TRANSMISSION</value>
          <value>ENGINE: COMMANDER273</value>
          <value>ENGINES</value>
          <value>ENGINES &amp; PARTS</value>
          <value>ENTIRE CAR!</value>
          <value>EUROPE/EXPORT</value>
          <value>EVERY THING FOR SALE</value>
          <value>EXHAUST</value>
          <value>EXHAUST MANIFOLDS</value>
          <value>FACTORY  STEREO</value>
          <value>FACTORY 8TRK RADIOS</value>
          <value>FACTORY RADIOS</value>
          <value>FACTORY RIMS</value>
          <value>FAN RADIATOR</value>
          <value>FENDER SKIRTS AND ST</value>
          <value>FENDERS</value>
          <value>FENDERS, GAS TANK</value>
          <value>FIREBIRD PARTS</value>
          <value>FITS 1978 TO1982</value>
          <value>FLAT 6</value>
          <value>FLATHEAD,3SPD.OD&amp;RAD</value>
          <value>FOG LAMPS</value>
          <value>FORD FULL SIZE TRUCK</value>
          <value>FORD TRUCK</value>
          <value>FRAME</value>
          <value>FRAME &amp; MORE</value>
          <value>FRONT &amp; REAR CLIPS</value>
          <value>FRONT &amp; SIDE GLASS</value>
          <value>FRONT &amp; SIDEDOOR</value>
          <value>FRONT BODY PARTS</value>
          <value>FRONT BUMPER COVER</value>
          <value>FRONT CLIP</value>
          <value>FRONT END</value>
          <value>FRONT END-FENDERS-TR</value>
          <value>FRT BUMP-GRILL COMPL</value>
          <value>FUEL CONTROLLER</value>
          <value>FUEL DISTRIBUTOR</value>
          <value>FUEL INJECTION</value>
          <value>FUEL INJECTION SYS.</value>
          <value>FUEL PUMP</value>
          <value>FUEL SAVER</value>
          <value>FUEL TANK</value>
          <value>FULL DRIVELINE,</value>
          <value>FULL FRONT CLIP</value>
          <value>GAS TANK</value>
          <value>GASKETS</value>
          <value>GATE</value>
          <value>GAUGE CLUSTER</value>
          <value>GLASS</value>
          <value>GOLD FINDER TRIM</value>
          <value>GREMLIN</value>
          <value>GRILL</value>
          <value>GRILL AND CHROME HOO</value>
          <value>GRILLE</value>
          <value>GUAGE CLUSTER</value>
          <value>HARD TO FIND</value>
          <value>HARD TOP</value>
          <value>HARD TOP AND TONNEAU</value>
          <value>HARDTOP</value>
          <value>HARDWARE</value>
          <value>HAVE EVERYTHING!!!</value>
          <value>HAYNES WORKSHOP MANU</value>
          <value>HEAD LIGHTS</value>
          <value>HEADERS/HEAD GASKETS</value>
          <value>HEADLAMP INSERT</value>
          <value>HEADLIGHT BEZEL</value>
          <value>HEADLIGHT BUCKET</value>
          <value>HEADLIGHT HOUSING</value>
          <value>HEADS</value>
          <value>HEADS &amp; CRANK</value>
          <value>HEATER</value>
          <value>HEATER, GAS  (BA6)</value>
          <value>HEATER, GAS (BA6)</value>
          <value>HEMI</value>
          <value>HOLLEY</value>
          <value>HOOD</value>
          <value>HOOD BRA</value>
          <value>HOOD, FENDER</value>
          <value>HOODS, CAP</value>
          <value>HOODS, FENDERS, ECT.</value>
          <value>HUB CAPS</value>
          <value>HUBCABS</value>
          <value>HUBCAPS</value>
          <value>HUPMOBILE</value>
          <value>IMPALA</value>
          <value>INSTRUMENT PANEL</value>
          <value>INTAKE MANIFOLD</value>
          <value>INTERIOR</value>
          <value>INTERIOR PARTS</value>
          <value>INTERIOR, ENGINE</value>
          <value>KNEE-KNOCKER TACH</value>
          <value>LEATHER</value>
          <value>LEATHER INTERIOR</value>
          <value>LEFT AND RIGHT</value>
          <value>LICENSE PLATE FRAME</value>
          <value>LIMITED</value>
          <value>LONG BLOCK</value>
          <value>LONG CON.RODS</value>
          <value>LOTS OF PARTS</value>
          <value>LT1 ENGINE</value>
          <value>LT1 PROGRAMMERS</value>
          <value>M3 SNOW TIRES</value>
          <value>MANIFOLD</value>
          <value>MANUAL</value>
          <value>MECH/BODY/COSMETICS</value>
          <value>MERCEDES</value>
          <value>MERCEDES PARTS</value>
          <value>MIRRORS</value>
          <value>MISC BODY, INT/GLASS</value>
          <value>MISC PARTS</value>
          <value>MISC.</value>
          <value>MISC. PARTS</value>
          <value>MISC.BODY PARTS</value>
          <value>MISCELLANEOUS PARTS</value>
          <value>MODEL 504 DIESEL SED</value>
          <value>MOLDINGS/WHEELS</value>
          <value>MOTOR</value>
          <value>MUFFLERS</value>
          <value>MUSTANG 2</value>
          <value>NEW</value>
          <value>NEW FACTORY ENGINE</value>
          <value>NEW FENDERS</value>
          <value>NEW LEAF SPRINGS</value>
          <value>NEWHEADS&amp;BLOCK</value>
          <value>NICE RACING ENGINE</value>
          <value>NITROUS OXIDE SYSTEM</value>
          <value>NORTHSTAR ENGINE</value>
          <value>NOS PARTS</value>
          <value>NOSE BRA</value>
          <value>NOSTALGIA</value>
          <value>NOT SEEKING</value>
          <value>O/D TRANSMISSION</value>
          <value>OLD  TITLES</value>
          <value>OLD TITLES</value>
          <value>OLDER USED PARTS</value>
          <value>OPTIONAL PARTS</value>
          <value>ORIGINAL WHEELS</value>
          <value>OWNER'S MANUAL</value>
          <value>PARK/SIGNAL LENSE</value>
          <value>PARTED OUT</value>
          <value>PARTING OUT</value>
          <value>PARTING OUT CAR</value>
          <value>PARTS</value>
          <value>PARTS AND ACCESSORIE</value>
          <value>PARTS CAR</value>
          <value>PARTS FOR SALE</value>
          <value>PARTS LIQUIDATION</value>
          <value>PARTS ONLY</value>
          <value>PARTS OR COMPONENTS</value>
          <value>PARTS OR FIX</value>
          <value>PARTS OR WHOLE</value>
          <value>PARTS TO BE SOLD</value>
          <value>PASS. DOOR</value>
          <value>PERFORMANCE PARTS</value>
          <value>PERFORMER</value>
          <value>PICKUP COMPLETE</value>
          <value>PISTONS AND RINGS</value>
          <value>PLOWS AND PARTS</value>
          <value>PLUGS,BRAKES,CLUTCHE</value>
          <value>POWER SEAT MOTOR</value>
          <value>POWER STEERING GEAR</value>
          <value>PULLEYS</value>
          <value>RACING EQUIPMENT</value>
          <value>RADAR DETECTOR</value>
          <value>RADIATOR</value>
          <value>RADIATORS</value>
          <value>RADIOS</value>
          <value>RAM AIR HOOD</value>
          <value>REAR BAMPER</value>
          <value>REAR BUMPER</value>
          <value>REAR END</value>
          <value>REAR SENSOR</value>
          <value>REAR TAIL LIGHT</value>
          <value>REAR WINDOW GLASS</value>
          <value>REARS,TRANS&amp;CASE,CAP</value>
          <value>REBUILT ENGINE</value>
          <value>RECORD CHANGER</value>
          <value>REFRIGERANT</value>
          <value>REPAIRABLE CAR</value>
          <value>RESTORED</value>
          <value>RIMS</value>
          <value>RIMS &amp; TIRES</value>
          <value>RIMS/SPRINGS</value>
          <value>RING-N-PINON GEARS</value>
          <value>ROLLING CHASSIS</value>
          <value>RUNNING BOARDS</value>
          <value>SAGINA 4 SPEED</value>
          <value>SBC ENGINE PARTS</value>
          <value>SEAT COVERS (FABRIC)</value>
          <value>SEATS</value>
          <value>SECURITY SYSTEM</value>
          <value>SERVICE MANUALS</value>
          <value>SHAVED DOOR HANDLE</value>
          <value>SHEET METAL</value>
          <value>SHOCKS</value>
          <value>SHOP MANUAL</value>
          <value>SIDE EXHAUST</value>
          <value>SIDE LIGHTS</value>
          <value>SL WINDSCREEN</value>
          <value>SMOG PUMP</value>
          <value>SNOW PLOW</value>
          <value>SOFT TOP</value>
          <value>SOFT TOP WITH DOORS</value>
          <value>SPARE TIRE MOUNT</value>
          <value>SPEAKERS AUDIO</value>
          <value>SPEEDOMETER</value>
          <value>SPRINGS</value>
          <value>STAINLESS STEEL</value>
          <value>STALL CONVERTER</value>
          <value>STEALTH RIMS</value>
          <value>STEEL CRANKSHAFT</value>
          <value>STEEL TOP</value>
          <value>STEERING COLUNM</value>
          <value>STEERING GEAR</value>
          <value>STEERING WHEEL</value>
          <value>STI SEATS</value>
          <value>STOCK PARTS, MISC</value>
          <value>STOCK STEREO</value>
          <value>STRUT BARS/LOWER ARM</value>
          <value>SUNROOF, GLASS</value>
          <value>SUPERCAB - 351M</value>
          <value>SUPERCHARGER</value>
          <value>SUSPENSION</value>
          <value>SUV</value>
          <value>SWAP MEET INFO</value>
          <value>SWISS BED CAP</value>
          <value>T-TOPS</value>
          <value>T19</value>
          <value>TAIL LIGHT LENS</value>
          <value>TAIL LIGHTS</value>
          <value>TAILGATE LIFT</value>
          <value>TAILLIGHTS GT (GRAY)</value>
          <value>THE WHOLE CAR</value>
          <value>THE WHOLE THING</value>
          <value>THROTTLE BODY</value>
          <value>TIRE &amp; RIM - 14"X6"</value>
          <value>TIRE SEALANT</value>
          <value>TIRE, PERFORMANCE</value>
          <value>TIRES</value>
          <value>TIRES &amp; WHEELS</value>
          <value>TOILET</value>
          <value>TOOL BOX</value>
          <value>TOP PANEL</value>
          <value>TOPPER</value>
          <value>TOTAL SALVAGE</value>
          <value>TOURING/COOLER</value>
          <value>TOW HITCH CLASS III</value>
          <value>TRACK CONTROL ARM</value>
          <value>TRAILER HITCH</value>
          <value>TRANS PARTS</value>
          <value>TRANSFER CASE</value>
          <value>TRANSMISSION</value>
          <value>TRANSMISSION &amp; ENGIN</value>
          <value>TRANSMISSION W/EXTRA</value>
          <value>TRI STAR RIMS</value>
          <value>TRI-POWER</value>
          <value>TRICARBS/MANIFOLD</value>
          <value>TRIM</value>
          <value>TRUCK</value>
          <value>TRUCK BED</value>
          <value>TRUCK BED STORAGE</value>
          <value>TRUCK SHELL</value>
          <value>TRUCK/MARINE BLOCK</value>
          <value>TRUNK LID</value>
          <value>TUNED PORT 350</value>
          <value>TUNNEL RAM</value>
          <value>TURBO</value>
          <value>TURBO ENGINE</value>
          <value>V8 CONVERSION PARTS</value>
          <value>VALVE COVERS</value>
          <value>VARIOUS, USED PARTS</value>
          <value>VORTEC HEADS</value>
          <value>WALL CLOCKS</value>
          <value>WHEEL</value>
          <value>WHEEL COVERS</value>
          <value>WHEELS</value>
          <value>WHEELS &amp; TIRES</value>
          <value>WHEELS (ONLY)</value>
          <value>WHEELS + TIRES</value>
          <value>WHEELS AND TIRES</value>
          <value>WHEELS/TIRES</value>
          <value>WHOLE CAR</value>
          <value>WIDE WW GLASS BELTED</value>
          <value>WINDOW MOTORS</value>
          <value>WINDOW REGULATOR</value>
          <value>WINDOWS</value>
          <value>WINDSHIELD</value>
          <value>WINDSHIELD STAINLESS</value>
          <value>WING</value>
          <value>WOOD GRAIN DASH KIT</value>
          <value>YJ</value>
          <value>Z28</value>
          <value>Z28 CHROME WHEELS</value>
        </domain>
      </attr>
    </attrgroup>
    <attrgroup>
      <attr name="" ename="">
        <input>
          <operator name="beginning year" ename="beginning year" />
          <domain format="text_box" />
        </input>
        <input>
          <operator name="ending year" ename="ending year" />
          <domain format="text_box" />
        </input>
      </attr>
    </attrgroup>
    <attrgroup>
      <attr name="State" ename="state">
        <domain format="selection_list">
          <value>ANY</value>
          <value>65</value>
          <value>A</value>
          <value>AC</value>
          <value>AK</value>
          <value>AL</value>
          <value>AR</value>
          <value>AU</value>
          <value>AZ</value>
          <value>BC</value>
          <value>BY</value>
          <value>C</value>
          <value>CA</value>
          <value>CN</value>
          <value>CO</value>
          <value>CT</value>
          <value>DC</value>
          <value>DE</value>
          <value>FL</value>
          <value>GA</value>
          <value>GG</value>
          <value>GU</value>
          <value>HK</value>
          <value>IA</value>
          <value>ID</value>
          <value>IL</value>
          <value>IN</value>
          <value>KS</value>
          <value>KY</value>
          <value>LA</value>
          <value>MA</value>
          <value>MD</value>
          <value>ME</value>
          <value>MI</value>
          <value>MN</value>
          <value>MO</value>
          <value>MS</value>
          <value>MT</value>
          <value>NC</value>
          <value>ND</value>
          <value>NE</value>
          <value>NH</value>
          <value>NJ</value>
          <value>NM</value>
          <value>NS</value>
          <value>NV</value>
          <value>NY</value>
          <value>OH</value>
          <value>OK</value>
          <value>OR</value>
          <value>PA</value>
          <value>RI</value>
          <value>SC</value>
          <value>SD</value>
          <value>SG</value>
          <value>SP</value>
          <value>TN</value>
          <value>TX</value>
          <value>U</value>
          <value>UK</value>
          <value>US</value>
          <value>UT</value>
          <value>V</value>
          <value>VA</value>
          <value>VI</value>
          <value>VT</value>
          <value>WA</value>
          <value>WI</value>
          <value>WV</value>
          <value>WY</value>
        </domain>
      </attr>
    </attrgroup>
    <attrgroup>
      <attr name="Area Code" ename="area code">
        <domain format="selection_list">
          <value>ANY</value>
          <value />
          <value>3</value>
          <value>4</value>
          <value>5</value>
          <value>6</value>
          <value>7</value>
          <value>8</value>
          <value>31</value>
          <value>40</value>
          <value>41</value>
          <value>51</value>
          <value>61</value>
          <value>63</value>
          <value>70</value>
          <value>71</value>
          <value>73</value>
          <value>76</value>
          <value>80</value>
          <value>81</value>
          <value>91</value>
          <value>93</value>
          <value>(91</value>
          <value>+44</value>
          <value>+61</value>
          <value>-80</value>
          <value>0</value>
          <value>000</value>
          <value>001</value>
          <value>004</value>
          <value>008</value>
          <value>014</value>
          <value>015</value>
          <value>016</value>
          <value>018</value>
          <value>035</value>
          <value>065</value>
          <value>078</value>
          <value>089</value>
          <value>092</value>
          <value>121</value>
          <value>123</value>
          <value>181</value>
          <value>190</value>
          <value>201</value>
          <value>202</value>
          <value>203</value>
          <value>205</value>
          <value>206</value>
          <value>207</value>
          <value>208</value>
          <value>209</value>
          <value>210</value>
          <value>212</value>
          <value>213</value>
          <value>214</value>
          <value>215</value>
          <value>216</value>
          <value>217</value>
          <value>218</value>
          <value>219</value>
          <value>225</value>
          <value>228</value>
          <value>231</value>
          <value>248</value>
          <value>250</value>
          <value>252</value>
          <value>253</value>
          <value>254</value>
          <value>256</value>
          <value>260</value>
          <value>262</value>
          <value>270</value>
          <value>281</value>
          <value>301</value>
          <value>302</value>
          <value>303</value>
          <value>304</value>
          <value>305</value>
          <value>306</value>
          <value>307</value>
          <value>309</value>
          <value>310</value>
          <value>313</value>
          <value>314</value>
          <value>315</value>
          <value>316</value>
          <value>317</value>
          <value>318</value>
          <value>319</value>
          <value>320</value>
          <value>321</value>
          <value>323</value>
          <value>330</value>
          <value>331</value>
          <value>334</value>
          <value>336</value>
          <value>340</value>
          <value>352</value>
          <value>360</value>
          <value>401</value>
          <value>402</value>
          <value>403</value>
          <value>404</value>
          <value>405</value>
          <value>406</value>
          <value>407</value>
          <value>408</value>
          <value>409</value>
          <value>410</value>
          <value>412</value>
          <value>413</value>
          <value>414</value>
          <value>415</value>
          <value>416</value>
          <value>417</value>
          <value>418</value>
          <value>419</value>
          <value>423</value>
          <value>425</value>
          <value>435</value>
          <value>440</value>
          <value>443</value>
          <value>480</value>
          <value>501</value>
          <value>502</value>
          <value>503</value>
          <value>504</value>
          <value>505</value>
          <value>506</value>
          <value>507</value>
          <value>508</value>
          <value>509</value>
          <value>510</value>
          <value>512</value>
          <value>513</value>
          <value>514</value>
          <value>515</value>
          <value>516</value>
          <value>517</value>
          <value>518</value>
          <value>519</value>
          <value>520</value>
          <value>530</value>
          <value>540</value>
          <value>541</value>
          <value>555</value>
          <value>559</value>
          <value>561</value>
          <value>562</value>
          <value>570</value>
          <value>573</value>
          <value>574</value>
          <value>580</value>
          <value>586</value>
          <value>601</value>
          <value>602</value>
          <value>603</value>
          <value>604</value>
          <value>605</value>
          <value>606</value>
          <value>607</value>
          <value>608</value>
          <value>609</value>
          <value>61+</value>
          <value>61-</value>
          <value>610</value>
          <value>612</value>
          <value>613</value>
          <value>614</value>
          <value>615</value>
          <value>616</value>
          <value>617</value>
          <value>618</value>
          <value>619</value>
          <value>623</value>
          <value>626</value>
          <value>630</value>
          <value>631</value>
          <value>65</value>
          <value>65-</value>
          <value>650</value>
          <value>651</value>
          <value>660</value>
          <value>701</value>
          <value>702</value>
          <value>703</value>
          <value>704</value>
          <value>705</value>
          <value>706</value>
          <value>707</value>
          <value>708</value>
          <value>712</value>
          <value>713</value>
          <value>714</value>
          <value>715</value>
          <value>716</value>
          <value>717</value>
          <value>718</value>
          <value>719</value>
          <value>724</value>
          <value>727</value>
          <value>732</value>
          <value>734</value>
          <value>740</value>
          <value>753</value>
          <value>757</value>
          <value>760</value>
          <value>763</value>
          <value>765</value>
          <value>770</value>
          <value>773</value>
          <value>775</value>
          <value>780</value>
          <value>781</value>
          <value>785</value>
          <value>800</value>
          <value>801</value>
          <value>802</value>
          <value>804</value>
          <value>805</value>
          <value>806</value>
          <value>810</value>
          <value>812</value>
          <value>813</value>
          <value>814</value>
          <value>815</value>
          <value>816</value>
          <value>817</value>
          <value>818</value>
          <value>819</value>
          <value>82-</value>
          <value>828</value>
          <value>843</value>
          <value>845</value>
          <value>847</value>
          <value>850</value>
          <value>852</value>
          <value>856</value>
          <value>858</value>
          <value>860</value>
          <value>870</value>
          <value>872</value>
          <value>877</value>
          <value>888</value>
          <value>901</value>
          <value>902</value>
          <value>903</value>
          <value>904</value>
          <value>905</value>
          <value>907</value>
          <value>908</value>
          <value>909</value>
          <value>910</value>
          <value>912</value>
          <value>913</value>
          <value>914</value>
          <value>915</value>
          <value>916</value>
          <value>917</value>
          <value>918</value>
          <value>919</value>
          <value>920</value>
          <value>925</value>
          <value>931</value>
          <value>937</value>
          <value>940</value>
          <value>941</value>
          <value>949</value>
          <value>954</value>
          <value>965</value>
          <value>970</value>
          <value>972</value>
          <value>973</value>
          <value>978</value>
          <value>979</value>
          <value>989</value>
          <value>999</value>
          <value>EAS</value>
          <value>na</value>
        </domain>
      </attr>
    </attrgroup>
    <attrgroup>
      <attr name="Maximum Price" ename="maximum price">
        <domain format="text_box" />
      </attr>
    </attrgroup>
  </form>
</source>