<source url="http://autos.msn.com/" interurl="http://autos.msn.com/Search/">
  <srcname>MSN Autos - Site Search Page</srcname>
  <form>
    <attrgroup>
      <attr name="" ename="">
        <additional>by Make and Model</additional>
        <domain format="selection_list">
          <value>New</value>
          <value>Used</value>
        </domain>
      </attr>
    </attrgroup>
    <attrgroup>
      <attr name="" ename="">
        <additional>by Make and Model</additional>
        <domain format="selection_list">
          <value>Acura</value>
          <value>Aston Martin</value>
          <value>Audi</value>
          <value>Bentley</value>
          <value>BMW</value>
          <value>Buick</value>
          <value>Cadillac</value>
          <value>Chevrolet</value>
          <value>Chrysler</value>
          <value>Dodge</value>
          <value>Ferrari</value>
          <value>Ford</value>
          <value>GMC</value>
          <value>Honda</value>
          <value>Hummer</value>
          <value>Hyundai</value>
          <value>Infiniti</value>
          <value>Isuzu</value>
          <value>Jaguar</value>
          <value>Jeep</value>
          <value>Kia</value>
          <value>Lamborghini</value>
          <value>Land Rover</value>
          <value>Lexus</value>
          <value>Lincoln</value>
          <value>Lotus</value>
          <value>Maserati</value>
          <value>Mazda</value>
          <value>Mercedes-Benz</value>
          <value>Mercury</value>
          <value>MINI</value>
          <value>Mitsubishi</value>
          <value>Nissan</value>
          <value>Oldsmobile</value>
          <value>Pontiac</value>
          <value>Porsche</value>
          <value>Rolls-Royce</value>
          <value>Saab</value>
          <value>Saturn</value>
          <value>Subaru</value>
          <value>Suzuki</value>
          <value>Toyota</value>
          <value>Volkswagen</value>
          <value>Volvo</value>
        </domain>
      </attr>
    </attrgroup>
    <attrgroup>
      <attr name="" ename="">
        <additional>by Make and Model</additional>
        <domain format="selection_list">
          <value>Accord</value>
          <value>Civic</value>
          <value>CR-V</value>
          <value>Element</value>
          <value>Insight</value>
          <value>Odyssey</value>
          <value>Pilot</value>
          <value>S2000</value>
        </domain>
      </attr>
    </attrgroup>
    <attrgroup>
      <attr name="by Car Category" ename="car category">
        <domain format="selection_list">
          <value>Category:</value>
          <value>Passenger Cars</value>
          <value>Luxury Cars</value>
          <value>Sports Cars</value>
          <value>Sport Utilities</value>
          <value>Vans &amp; Minivans</value>
          <value>Pickup Trucks</value>
          <value>Future Cars</value>
          <value>Motorcycles</value>
        </domain>
      </attr>
    </attrgroup>
    <attrgroup>
      <attr name="by Automaker" ename="automaker">
        <domain format="selection_list">
          <value>Acura</value>
          <value>Aston Martin</value>
          <value>Audi</value>
          <value>Bentley</value>
          <value>BMW</value>
          <value>Buick</value>
          <value>Cadillac</value>
          <value>Chevrolet</value>
          <value>Chrysler</value>
          <value>Dodge</value>
          <value>Ferrari</value>
          <value>Ford</value>
          <value>GMC</value>
          <value>Honda</value>
          <value>Hummer</value>
          <value>Hyundai</value>
          <value>Infiniti</value>
          <value>Isuzu</value>
          <value>Jaguar</value>
          <value>Jeep</value>
          <value>Kia</value>
          <value>Lamborghini</value>
          <value>Land Rover</value>
          <value>Lexus</value>
          <value>Lincoln</value>
          <value>Lotus</value>
          <value>Maserati</value>
          <value>Mazda</value>
          <value>Mercedes-Benz</value>
          <value>Mercury</value>
          <value>MINI</value>
          <value>Mitsubishi</value>
          <value>Nissan</value>
          <value>Oldsmobile</value>
          <value>Pontiac</value>
          <value>Porsche</value>
          <value>Rolls-Royce</value>
          <value>Saab</value>
          <value>Saturn</value>
          <value>Subaru</value>
          <value>Suzuki</value>
          <value>Toyota</value>
          <value>Volkswagen</value>
          <value>Volvo</value>
        </domain>
      </attr>
    </attrgroup>
  </form>
</source>