<source url="http://nada.org/NADAHome.cfm" interurl="http://www2.nada.org/find-inventory.cgi">
  <srcname>NADA - National Automobile Dealers Association Online</srcname>
  <form>
    <attrgroup>
      <attr name="Inventory Type:" ename="inventory type">
        <additional>Select Vehicle Make/Model (up to 6)</additional>
        <domain format="radio_button">
          <value>New and Used</value>
          <value>New</value>
          <value>Used</value>
        </domain>
      </attr>
    </attrgroup>
    <attrgroup>
      <attr name="" ename="">
        <additional>Select Vehicle Make/Model (up to 6)</additional>
        <domain format="selection_list">
          <value>Select a Make</value>
          <value>AM General</value>
          <value>Acura</value>
          <value>Alfa Romeo</value>
          <value>Aston Martin</value>
          <value>Audi</value>
          <value>BMW</value>
          <value>Bentley</value>
          <value>Buick</value>
          <value>Cadillac</value>
          <value>Chevrolet</value>
          <value>Chrysler</value>
          <value>Daewoo</value>
          <value>Datsun</value>
          <value>Dodge</value>
          <value>Ferrari</value>
          <value>Fiat</value>
          <value>Ford</value>
          <value>GMC</value>
          <value>Geo</value>
          <value>HUMMER</value>
          <value>Honda</value>
          <value>Hummer</value>
          <value>Hyundai</value>
          <value>Infiniti</value>
          <value>International</value>
          <value>Isuzu</value>
          <value>Jaguar</value>
          <value>Jeep</value>
          <value>Kia</value>
          <value>Lamborghini</value>
          <value>Land Rover</value>
          <value>Lexus</value>
          <value>Lincoln</value>
          <value>Lotus</value>
          <value>MG</value>
          <value>Maserati</value>
          <value>Mazda</value>
          <value>Mercedes-Benz</value>
          <value>Mercury</value>
          <value>Mitsubishi</value>
          <value>Nissan</value>
          <value>Oldsmobile</value>
          <value>Peugeot</value>
          <value>Plymouth</value>
          <value>Pontiac</value>
          <value>Porsche</value>
          <value>Rolls Royce</value>
          <value>Saab</value>
          <value>Saturn</value>
          <value>Subaru</value>
          <value>Suzuki</value>
          <value>Toyota</value>
          <value>Volkswagen</value>
          <value>Volvo</value>
        </domain>
      </attr>
    </attrgroup>
    <attrgroup>
      <attr name="" ename="">
        <additional>Select Vehicle Make/Model (up to 6)</additional>
        <domain format="selection_list">
          <value>Select a Model</value>
        </domain>
      </attr>
    </attrgroup>
    <attrgroup>
      <attr name="selected Make/Model to search." ename="make|model">
        <additional>Select Vehicle Make/Model (up to 6)</additional>
        <domain format="text_box" />
      </attr>
    </attrgroup>
    <attrgroup>
      <attr name="Year:" level="1" ename="year">
        <additional>Narrow Your Search</additional>
        <input>
          <operator name="" ename="" />
          <domain format="selection_list">
            <value>Any Year</value>
            <value>2003</value>
            <value>2002</value>
            <value>2001</value>
            <value>2000</value>
            <value>1999</value>
            <value>1998</value>
            <value>1997</value>
            <value>1996</value>
            <value>1995</value>
            <value>1994</value>
            <value>1993</value>
            <value>1992</value>
            <value>1991</value>
            <value>1990</value>
            <value>1989</value>
            <value>1988</value>
            <value>1987</value>
            <value>1986</value>
            <value>1985</value>
            <value>1984</value>
            <value>1983</value>
            <value>1982</value>
          </domain>
        </input>
        <input>
          <operator name="to" ename="to" />
          <domain format="selection_list">
            <value>Any Year</value>
            <value>2003</value>
            <value>2002</value>
            <value>2001</value>
            <value>2000</value>
            <value>1999</value>
            <value>1998</value>
            <value>1997</value>
            <value>1996</value>
            <value>1995</value>
            <value>1994</value>
            <value>1993</value>
            <value>1992</value>
            <value>1991</value>
            <value>1990</value>
            <value>1989</value>
            <value>1988</value>
            <value>1987</value>
            <value>1986</value>
            <value>1985</value>
            <value>1984</value>
            <value>1983</value>
            <value>1982</value>
          </domain>
        </input>
      </attr>
    </attrgroup>
    <attrgroup>
      <attr name="Price:" level="1" ename="price">
        <additional>Narrow Your Search</additional>
        <input>
          <operator name="" ename="" />
          <domain format="selection_list">
            <value>$0</value>
            <value>$2,000</value>
            <value>$4,000</value>
            <value>$6,000</value>
            <value>$8,000</value>
            <value>$10,000</value>
            <value>$12,000</value>
            <value>$14,000</value>
            <value>$16,000</value>
            <value>$18,000</value>
            <value>$20,000</value>
            <value>$25,000</value>
            <value>$30,000</value>
            <value>$40,000</value>
            <value>$50,000</value>
          </domain>
        </input>
        <input>
          <operator name="to" ename="to" />
          <domain format="selection_list">
            <value>Any Price</value>
            <value>$2,000</value>
            <value>$4,000</value>
            <value>$6,000</value>
            <value>$8,000</value>
            <value>$10,000</value>
            <value>$12,000</value>
            <value>$14,000</value>
            <value>$16,000</value>
            <value>$18,000</value>
            <value>$20,000</value>
            <value>$25,000</value>
            <value>$30,000</value>
            <value>$40,000</value>
            <value>$50,000</value>
          </domain>
        </input>
      </attr>
    </attrgroup>
    <attrgroup>
      <attr name="Mileage:" level="1" ename="mileage">
        <additional>Narrow Your Search</additional>
        <input>
          <operator name="" ename="" />
          <domain format="selection_list">
            <value>0</value>
            <value>15,000</value>
            <value>30,000</value>
            <value>50,000</value>
            <value>75,000</value>
          </domain>
        </input>
        <input>
          <operator name="to" ename="to" />
          <domain format="selection_list">
            <value>Any Mileage</value>
            <value>15,000</value>
            <value>30,000</value>
            <value>50,000</value>
            <value>75,000</value>
          </domain>
        </input>
      </attr>
    </attrgroup>
    <attrgroup>
      <attr name="Tell Us Where to Search" level="1" ename="">
        <input>
          <operator name="*Zip Code:" ename="zip code" />
          <domain format="text_box" />
        </input>
        <input>
          <operator name="Distance:" ename="distance" />
          <domain format="selection_list">
            <value>10 miles</value>
            <value>25 miles</value>
            <value>50 miles</value>
            <value>75 miles</value>
            <value>100 miles</value>
            <value>150 miles</value>
            <value>200 miles</value>
          </domain>
        </input>
      </attr>
    </attrgroup>
    <attrgroup>
      <attr name="This State Only:" ename="">
        <domain format="radio_button">
          <value>Yes</value>
          <value>No</value>
        </domain>
      </attr>
    </attrgroup>
  </form>
</source>