<source url="http://applications.edmunds.com/" interurl="http://applications.edmunds.com/search/?tid=edmunds.g.home.header.search.7.*">
  <srcname>New car prices, used car pricing, auto reviews by Edmund's car buying guide</srcname>
  <form>
    <attrgroup>
      <attr name="" ename="">
        <domain format="radio_button">
          <value>New</value>
          <value>Used</value>
        </domain>
      </attr>
    </attrgroup>
    <attrgroup>
      <attr name="" ename="">
        <domain format="selection_list">
          <value>Select Year</value>
          <value>2004</value>
          <value>2003</value>
        </domain>
      </attr>
    </attrgroup>
    <attrgroup>
      <attr name="" ename="">
        <domain format="selection_list">
          <value>Select Make</value>
          <value>Acura</value>
          <value>Audi</value>
          <value>BMW</value>
          <value>Buick</value>
          <value>Cadillac</value>
          <value>Chevrolet</value>
          <value>Chrysler</value>
          <value>Dodge</value>
          <value>Ford</value>
          <value>Jaguar</value>
          <value>Jeep</value>
          <value>Lexus</value>
          <value>Lincoln</value>
          <value>Maybach</value>
          <value>Mazda</value>
          <value>Mercury</value>
          <value>Mitsubishi</value>
          <value>Nissan</value>
          <value>Pontiac</value>
          <value>Scion</value>
          <value>Subaru</value>
          <value>Toyota</value>
          <value>Volvo</value>
        </domain>
      </attr>
    </attrgroup>
    <attrgroup>
      <attr name="" ename="">
        <domain format="selection_list">
          <value>Select Model</value>
          <value>Maxima</value>
          <value>Sentra</value>
        </domain>
      </attr>
    </attrgroup>
  </form>
  <form>
    <attrgroup>
      <attr name="" ename="">
        <domain format="radio_button">
          <value>New</value>
          <value>Used</value>
        </domain>
      </attr>
    </attrgroup>
    <attrgroup>
      <attr name="" ename="">
        <domain format="selection_list">
          <value>Select Year</value>
          <value>2004</value>
          <value>2003</value>
        </domain>
      </attr>
    </attrgroup>
    <attrgroup>
      <attr name="" ename="">
        <domain format="selection_list">
          <value>Select Type</value>
          <value>Compact Convertible</value>
          <value>Compact Coupe/Hatchback</value>
          <value>Compact SUV</value>
          <value>Compact Sedan</value>
          <value>Compact Wagon</value>
          <value>Large Minivan/Van</value>
          <value>Large SUV</value>
          <value>Large Sedan</value>
          <value>Large Truck</value>
          <value>Large Wagon</value>
          <value>Midsize Convertible</value>
          <value>Midsize SUV</value>
          <value>Midsize Sedan</value>
          <value>Midsize Wagon</value>
        </domain>
      </attr>
    </attrgroup>
  </form>
  <form>
    <attrgroup>
      <attr name="Vehicle Pricing:" level="1" ename="vehicle pricing">
        <input>
          <operator name="From" ename="from" />
          <domain format="selection_list">
            <value>under $4,000</value>
            <value>$4,000</value>
            <value>$6,000</value>
            <value>$8,000</value>
            <value>$10,000</value>
            <value>$12,000</value>
            <value>$14,000</value>
            <value>$16,000</value>
            <value>$18,000</value>
            <value>$20,000</value>
            <value>$22,000</value>
            <value>$24,000</value>
            <value>$26,000</value>
            <value>$28,000</value>
            <value>$30,000</value>
            <value>$35,000</value>
            <value>$40,000</value>
            <value>$45,000</value>
            <value>$50,000</value>
            <value>$55,000</value>
            <value>$60,000</value>
          </domain>
        </input>
        <input>
          <operator name="To" ename="to" />
          <domain format="selection_list">
            <value>$8,000</value>
            <value>$10,000</value>
            <value>$12,000</value>
            <value>$14,000</value>
            <value>$16,000</value>
            <value>$18,000</value>
            <value>$20,000</value>
            <value>$22,000</value>
            <value>$24,000</value>
            <value>$26,000</value>
            <value>$28,000</value>
            <value>$30,000</value>
            <value>$35,000</value>
            <value>$40,000</value>
            <value>$45,000</value>
            <value>$50,000</value>
            <value>$55,000</value>
            <value>$60,000</value>
            <value>$80,000</value>
            <value>$100,000</value>
            <value>$120,000</value>
            <value>Over $120,000</value>
          </domain>
        </input>
      </attr>
    </attrgroup>
    <attrgroup>
      <attr name="Year" level="1" ename="year">
        <additional>Vehicle Year / Type:</additional>
        <input>
          <operator name="" ename="" />
          <domain format="selection_list">
            <value>2004</value>
            <value>2003</value>
          </domain>
        </input>
        <input>
          <operator name="to" ename="to" />
          <domain format="selection_list">
            <value>2004</value>
            <value>2003</value>
          </domain>
        </input>
      </attr>
    </attrgroup>
    <attrgroup>
      <attr name="" ename="">
        <additional>Vehicle Year / Type:</additional>
        <domain format="radio_button">
          <value>New</value>
          <value>Used</value>
        </domain>
      </attr>
    </attrgroup>
    <attrgroup>
      <attr name="Make" ename="make">
        <additional>Vehicle Year / Type:</additional>
        <domain format="selection_list">
          <value>Select Make</value>
          <value>Acura</value>
          <value>Audi</value>
          <value>BMW</value>
          <value>Buick</value>
          <value>Cadillac</value>
          <value>Chevrolet</value>
          <value>Chrysler</value>
          <value>Dodge</value>
          <value>Ford</value>
          <value>Jaguar</value>
          <value>Jeep</value>
          <value>Lexus</value>
          <value>Lincoln</value>
          <value>Maybach</value>
          <value>Mazda</value>
          <value>Mercury</value>
          <value>Mitsubishi</value>
          <value>Nissan</value>
          <value>Pontiac</value>
          <value>Scion</value>
          <value>Subaru</value>
          <value>Toyota</value>
          <value>Volvo</value>
        </domain>
      </attr>
    </attrgroup>
    <attrgroup>
      <attr name="Type" ename="type">
        <additional>Vehicle Year / Type:</additional>
        <domain format="selection_list">
          <value>Select Type</value>
          <value>Compact Convertible</value>
          <value>Compact Coupe/Hatchback</value>
          <value>Compact SUV</value>
          <value>Compact Sedan</value>
          <value>Compact Wagon</value>
          <value>Large Minivan/Van</value>
          <value>Large SUV</value>
          <value>Large Sedan</value>
          <value>Large Truck</value>
          <value>Large Wagon</value>
          <value>Midsize Convertible</value>
          <value>Midsize SUV</value>
          <value>Midsize Sedan</value>
          <value>Midsize Wagon</value>
        </domain>
      </attr>
    </attrgroup>
    <attrgroup>
      <attr name="Drive Type" ename="drive type">
        <additional>Specifications:</additional>
        <domain format="selection_list">
          <value>Any</value>
          <value>FWD</value>
          <value>RWD</value>
          <value>2WD</value>
          <value>AWD</value>
          <value>4WD</value>
        </domain>
      </attr>
    </attrgroup>
    <attrgroup>
      <attr name="Cylinders" ename="cylinders">
        <additional>Specifications:</additional>
        <domain format="selection_list">
          <value>Any</value>
          <value>3</value>
          <value>4</value>
          <value>5</value>
          <value>6</value>
          <value>8</value>
          <value>10</value>
          <value>12</value>
        </domain>
      </attr>
    </attrgroup>
    <attrgroup>
      <attr name="Doors" ename="doors">
        <additional>Specifications:</additional>
        <domain format="selection_list">
          <value>Any</value>
          <value>2</value>
          <value>3</value>
          <value>4</value>
          <value>5</value>
        </domain>
      </attr>
    </attrgroup>
    <attrgroup>
      <attr name="Seating" ename="seating">
        <additional>Specifications:</additional>
        <domain format="selection_list">
          <value>Any</value>
          <value>2</value>
          <value>4</value>
          <value>5</value>
          <value>6</value>
          <value>8</value>
          <value>10</value>
          <value>12</value>
        </domain>
      </attr>
    </attrgroup>
    <attrgroup>
      <attr name="Transmission" ename="transmission">
        <additional>Specifications:</additional>
        <domain format="selection_list">
          <value>Any</value>
          <value>Automatic</value>
          <value>Manual</value>
        </domain>
      </attr>
    </attrgroup>
    <attrgroup>
      <attr name="Fuel Efficiency" ename="fuel efficiency">
        <additional>Specifications:</additional>
        <domain format="selection_list">
          <value>Any</value>
          <value>21 MPG or better</value>
          <value>29 MPG or better</value>
          <value>37 MPG or better</value>
        </domain>
      </attr>
    </attrgroup>
    <attrgroup>
      <attr name="Safety Features:" ename="safety features">
        <domain format="check_box">
          <option>ABS</option>
          <option>Passenger Airbag</option>
          <option>Traction Control</option>
          <option>Head Airbag</option>
          <option>De-Powered Airbags</option>
          <option>Integrated Child Seats</option>
          <option>Side Airbags</option>
        </domain>
      </attr>
    </attrgroup>
  </form>
</source>