<source url="http://www.pbclassifieds.com/" interurl="http://www.pbclassifieds.com/auto.html">
  <srcname>PalBeachPost.com</srcname>
  <form>
    <attrgroup>
      <attr name="" ename="">
        <domain format="radio_button">
          <value>Used</value>
          <value>New</value>
          <value>Both</value>
        </domain>
      </attr>
    </attrgroup>
    <attrgroup>
      <attr name="" ename="">
        <domain format="selection_list">
          <value>Select a Seller</value>
          <value>Dealer</value>
          <value>Classified</value>
          <value>Dealer &amp; Classified</value>
        </domain>
      </attr>
    </attrgroup>
    <attrgroup>
      <attr name="" ename="">
        <domain format="selection_list">
          <value>Select a Make</value>
          <value>Acura</value>
          <value>Alfa Romeo</value>
          <value>Aston Martin</value>
          <value>Audi</value>
          <value>Bentley</value>
          <value>BMW</value>
          <value>Buick</value>
          <value>Cadillac</value>
          <value>Chevrolet</value>
          <value>Chrysler</value>
          <value>Daewoo</value>
          <value>Daihatsu</value>
          <value>Datsun</value>
          <value>Dodge</value>
          <value>Eagle</value>
          <value>Fiat</value>
          <value>Ferrari</value>
          <value>Ford</value>
          <value>Geo</value>
          <value>GMC</value>
          <value>Honda</value>
          <value>HUMMER</value>
          <value>Hyundai</value>
          <value>Infiniti</value>
          <value>Isuzu</value>
          <value>Jaguar</value>
          <value>Jeep</value>
          <value>Kia</value>
          <value>Land Rover</value>
          <value>Lexus</value>
          <value>Lincoln</value>
          <value>Lotus</value>
          <value>Mazda</value>
          <value>Mercedes-Benz</value>
          <value>Mercury</value>
          <value>Merkur</value>
          <value>MG</value>
          <value>MINI</value>
          <value>Mitsubishi</value>
          <value>Nissan</value>
          <value>Oldsmobile</value>
          <value>Peugeot</value>
          <value>Plymouth</value>
          <value>Pontiac</value>
          <value>Porsche</value>
          <value>Rolls Royce</value>
          <value>Saab</value>
          <value>Saturn</value>
          <value>Subaru</value>
          <value>Suzuki</value>
          <value>Toyota</value>
          <value>Triumph</value>
          <value>Volkswagen</value>
          <value>Volvo</value>
        </domain>
      </attr>
    </attrgroup>
    <attrgroup>
      <attr name="" ename="">
        <domain format="selection_list">
          <value>All (long load time)</value>
          <value>Accord Coupe</value>
          <value>Accord Sedan</value>
          <value>CR-V</value>
          <value>CRX</value>
          <value>Civic</value>
          <value>Civic del Sol</value>
          <value>Insight</value>
          <value>Element</value>
          <value>Odyssey</value>
          <value>Passport</value>
          <value>Pilot</value>
          <value>Prelude</value>
          <value>S2000</value>
          <value>Misc</value>
        </domain>
      </attr>
    </attrgroup>
    <attrgroup>
      <attr name="" ename="">
        <domain format="text_box" />
      </attr>
    </attrgroup>
  </form>
</source>