<source url="http://www.qualitymotors.com/" interurl="http://www.moto-mart.com/dealerinterface/dealersearch2.asp?stylesheet=http://www.qualitymotors.com/dealer.css&amp;Dlr=QUALITY+MOTORS&amp;Did=9">
  <srcname>Quality Motors</srcname>
  <srcname>Quality Motors</srcname>
  <form>
    <attrgroup>
      <attr name="Your Zipcode:" ename="zipcode">
        <domain format="text_box" />
      </attr>
    </attrgroup>
    <attrgroup>
      <attr name="" ename="">
        <domain format="check_box">
          <option>New</option>
          <option>Used</option>
        </domain>
      </attr>
    </attrgroup>
    <attrgroup>
      <attr name="Vehicle Type:" ename="vehicle type">
        <domain format="selection_list">
          <value>ANY</value>
          <value>Car</value>
          <value>Truck</value>
          <value>Van</value>
          <value>SUV</value>
        </domain>
      </attr>
    </attrgroup>
    <attrgroup>
      <attr name="Make:" ename="make">
        <domain format="selection_list">
          <value>ANY</value>
          <value>Acura</value>
          <value>Alfa Romeo</value>
          <value>Am General</value>
          <value>American Motors</value>
          <value>Aston-Martin</value>
          <value>Audi</value>
          <value>BMW</value>
          <value>Buick</value>
          <value>Cadillac</value>
          <value>Chevrolet</value>
          <value>Chrysler</value>
          <value>Daihatsu</value>
          <value>Dodge</value>
          <value>Eagle</value>
          <value>Ferrari</value>
          <value>Fiat</value>
          <value>Ford</value>
          <value>Geo</value>
          <value>GMC</value>
          <value>Honda</value>
          <value>Hyundai</value>
          <value>Infiniti</value>
          <value>Isuzu</value>
          <value>Jaguar</value>
          <value>Jeep</value>
          <value>Kia</value>
          <value>Land Rover</value>
          <value>Lexus</value>
          <value>Lincoln</value>
          <value>Lotus</value>
          <value>Mazda</value>
          <value>Mercedes-Benz</value>
          <value>Mercury</value>
          <value>Merkur</value>
          <value>MG</value>
          <value>Mitsubishi</value>
          <value>Nissan</value>
          <value>Oldsmobile</value>
          <value>Peugeot</value>
          <value>Plymouth</value>
          <value>Pontiac</value>
          <value>Porche</value>
          <value>Renault</value>
          <value>Rolls Royce</value>
          <value>RV</value>
          <value>Saab</value>
          <value>Saturn</value>
          <value>Sterling</value>
          <value>Subaru</value>
          <value>Suzuki</value>
          <value>Toyota</value>
          <value>Volkswagen</value>
          <value>Volvo</value>
          <value>Yugo</value>
        </domain>
      </attr>
    </attrgroup>
    <attrgroup>
      <attr name="Model:" ename="model">
        <domain format="text_box" />
      </attr>
    </attrgroup>
    <attrgroup>
      <attr name="Between Years:" level="1" ename="year">
        <input>
          <operator name="" ename="" />
          <domain format="selection_list">
            <value>ANY</value>
            <value>2003</value>
            <value>2002</value>
            <value>2001</value>
            <value>2000</value>
            <value>1999</value>
            <value>1998</value>
            <value>1997</value>
            <value>1996</value>
            <value>1995</value>
            <value>1994</value>
            <value>1993</value>
            <value>1992</value>
            <value>1991</value>
            <value>1990</value>
            <value>1989</value>
            <value>1988</value>
            <value>1987</value>
            <value>1986</value>
            <value>1985</value>
            <value>1984</value>
            <value>1983</value>
            <value>1982</value>
            <value>1981</value>
            <value>1980</value>
            <value>1979</value>
            <value>1978</value>
            <value>1977</value>
          </domain>
        </input>
        <input>
          <operator name="and" ename="and" />
          <domain format="selection_list">
            <value>ANY</value>
            <value>2003</value>
            <value>2002</value>
            <value>2001</value>
            <value>2000</value>
            <value>1999</value>
            <value>1998</value>
            <value>1997</value>
            <value>1996</value>
            <value>1995</value>
            <value>1994</value>
            <value>1993</value>
            <value>1992</value>
            <value>1991</value>
            <value>1990</value>
            <value>1989</value>
            <value>1988</value>
            <value>1987</value>
            <value>1986</value>
            <value>1985</value>
            <value>1984</value>
            <value>1983</value>
            <value>1982</value>
            <value>1981</value>
            <value>1980</value>
            <value>1979</value>
            <value>1978</value>
            <value>1977</value>
          </domain>
        </input>
      </attr>
    </attrgroup>
    <attrgroup>
      <attr name="Price Range:" ename="price range">
        <domain format="selection_list">
          <value>Any Price</value>
          <value>$0 to $5000</value>
          <value>$5000 to $7500</value>
          <value>$7,500 to $10,000</value>
          <value>$10,000 to $15,000</value>
          <value>$15,000 to $20,000</value>
          <value>$20,000 to $25,000</value>
          <value>$25,000 to $35,000</value>
          <value>$35,000+</value>
        </domain>
      </attr>
    </attrgroup>
    <attrgroup>
      <attr name="Max Mileage:" ename="maximum mileage">
        <domain format="selection_list">
          <value>ANY</value>
          <value>10,000</value>
          <value>20,000</value>
          <value>30,000</value>
          <value>40,000</value>
          <value>50,000</value>
          <value>60,000</value>
          <value>70,000</value>
          <value>80,000</value>
          <value>90,000</value>
          <value>100,000</value>
        </domain>
      </attr>
    </attrgroup>
  </form>
</source>