<source url="http://rothrockmotors.com/" interurl="http://rothrockmotors.com/frameset2.asp?LINK=UsedCars&amp;MAIN=Used_vehicle_search">
  <srcname>Rothrock Motors</srcname>
  <form>
    <attrgroup>
      <attr name="MAKE" ename="make">
        <domain format="selection_list">
          <value>ALL MAKES</value>
          <value>ACURA</value>
          <value>AUDI</value>
          <value>BMW</value>
          <value>BUICK</value>
          <value>CADILLAC</value>
          <value>CHEVROLET</value>
          <value>CHRYSLER</value>
          <value>DODGE</value>
          <value>EAGLE</value>
          <value>FORD</value>
          <value>GMC</value>
          <value>HONDA</value>
          <value>HYUNDAI</value>
          <value>INFINITI</value>
          <value>JEEP</value>
          <value>KIA</value>
          <value>LEXUS</value>
          <value>LINCOLN</value>
          <value>MAZDA</value>
          <value>MERCURY</value>
          <value>MITSUBISHI</value>
          <value>NISSAN</value>
          <value>OLDSMOBILE</value>
          <value>PLYMOUTH</value>
          <value>PONTIAC</value>
          <value>SATURN</value>
          <value>SUZUKI MPV</value>
          <value>TOYOTA</value>
          <value>VOLKSWAGEN</value>
        </domain>
      </attr>
    </attrgroup>
    <attrgroup>
      <attr name="MODEL" ename="model">
        <domain format="selection_list">
          <value>ALL MODELS</value>
          <value>300M</value>
          <value>323</value>
          <value>325E</value>
          <value>ACCENT</value>
          <value>ALERO</value>
          <value>ALTIMA</value>
          <value>ALTIMA SE</value>
          <value>AVENGER</value>
          <value>B3000</value>
          <value>BLAZER</value>
          <value>BONNEVILLE</value>
          <value>C/K1500</value>
          <value>C/K2500</value>
          <value>C25 FULL SIZE</value>
          <value>CAMARO</value>
          <value>CAMRY</value>
          <value>CARAVAN MINIVAN</value>
          <value>CARAVAN WAGON</value>
          <value>CATERA</value>
          <value>CAVALIER</value>
          <value>CENTURY</value>
          <value>CHEROKEE</value>
          <value>CIERA</value>
          <value>CIRRUS</value>
          <value>CIVIC</value>
          <value>CL</value>
          <value>CONCORDE</value>
          <value>CONTINENTAL</value>
          <value>CONTOUR</value>
          <value>COROLLA</value>
          <value>CORSICA</value>
          <value>CORVETTE</value>
          <value>COUGAR</value>
          <value>CR-V 4X4</value>
          <value>DAKOTA</value>
          <value>DODGE</value>
          <value>DURANGO</value>
          <value>ECLIPSE</value>
          <value>EIGHTY-EIGHT</value>
          <value>ELANTRA</value>
          <value>ESCORT</value>
          <value>EXPEDITION</value>
          <value>EXPLORER</value>
          <value>EXPLORER SPORT</value>
          <value>EXPRESS G3500</value>
          <value>F150 PICKUP</value>
          <value>FIREBIRD</value>
          <value>FOCUS</value>
          <value>FRONTIER</value>
          <value>GALANT</value>
          <value>GRAND AM</value>
          <value>GRAND CARAVAN</value>
          <value>GRAND CHEROKEE</value>
          <value>GRAND MARQUI</value>
          <value>GRAND MARQUIS</value>
          <value>GRAND PRIX</value>
          <value>GRAND PRIX GT</value>
          <value>GRAND VITARA</value>
          <value>GRAND VOYAGER</value>
          <value>GS300</value>
          <value>IMPALA</value>
          <value>INTEGRA</value>
          <value>INTREPID</value>
          <value>INTRIGUE</value>
          <value>JETTA</value>
          <value>JIMMY</value>
          <value>LESABRE</value>
          <value>LHS</value>
          <value>LIBERTY</value>
          <value>LS</value>
          <value>LUMINA</value>
          <value>MALIBU</value>
          <value>MARK VIII</value>
          <value>MAXIMA</value>
          <value>MIATA</value>
          <value>MIRAGE</value>
          <value>MONTE CARLO</value>
          <value>MOUNTAINEER</value>
          <value>MUSTANG</value>
          <value>MYSTIQUE</value>
          <value>NAVIGATOR</value>
          <value>NEON</value>
          <value>PASSAT</value>
          <value>PASSPORT</value>
          <value>PATHFINDER</value>
          <value>PT CRUISER</value>
          <value>QUATTRO</value>
          <value>QUEST</value>
          <value>QX4</value>
          <value>RAM P/U 1500</value>
          <value>RAM P/U 2500</value>
          <value>RAM VAN 1500</value>
          <value>RANGER</value>
          <value>RAV4</value>
          <value>S10 CREW CAB</value>
          <value>S10 PICKUP</value>
          <value>S2000</value>
          <value>SABLE</value>
          <value>SANTA FE</value>
          <value>SC</value>
          <value>SEBRING</value>
          <value>SENTRA</value>
          <value>SILVERADO 1500</value>
          <value>SL</value>
          <value>SPIRIT</value>
          <value>SPORTAGE</value>
          <value>STRATUS</value>
          <value>SUBURBAN 1500</value>
          <value>SUNDANCE</value>
          <value>SUNFIRE</value>
          <value>TACOMA</value>
          <value>TAHOE</value>
          <value>TAURUS</value>
          <value>TOWN &amp; COUNTRY</value>
          <value>TOWN CAR</value>
          <value>TRACER</value>
          <value>TRACKER</value>
          <value>TRAILBLAZER</value>
          <value>TRIBUTE</value>
          <value>VENTURE</value>
          <value>VILLAGER</value>
          <value>VISION</value>
          <value>VOYAGER</value>
          <value>VOYAGER GRAND</value>
          <value>WINDSTAR</value>
          <value>XG300</value>
          <value>XTERRA</value>
          <value>YUKON</value>
        </domain>
      </attr>
    </attrgroup>
    <attrgroup>
      <attr name="YEAR" ename="year">
        <domain format="selection_list">
          <value>ALL YEARS</value>
          <value>2003</value>
          <value>2002</value>
          <value>2001</value>
          <value>2000</value>
          <value>1999</value>
          <value>1998</value>
          <value>1997</value>
          <value>1996</value>
          <value>1995</value>
          <value>1994</value>
          <value>1993</value>
          <value>1988</value>
          <value>1987</value>
          <value>1985</value>
        </domain>
      </attr>
    </attrgroup>
    <attrgroup>
      <attr name="VEHICLE TYPE" ename="vehicle type">
        <domain format="selection_list">
          <value>ALL VEHICLE TYPES</value>
          <value />
          <value>Compact Car</value>
          <value>Full Size</value>
          <value>Mini Van</value>
          <value>Sports Car</value>
          <value>Van</value>
        </domain>
      </attr>
    </attrgroup>
    <attrgroup>
      <attr name="Retail Price RANGE" ename="retail price range">
        <domain format="selection_list">
          <value>ALL PRICES</value>
          <value>Up To 5000</value>
          <value>5000 To 10000</value>
          <value>10000 To 15000</value>
          <value>15000 To 20000</value>
          <value>20000 To 25000</value>
          <value>25000 To 30000</value>
          <value>30000 To 35000</value>
        </domain>
      </attr>
    </attrgroup>
  </form>
</source>