<source url="http://www.autobroker.net/" interurl="http://www.autobroker.net/search.htm">
  <srcname>Search for Cars</srcname>
  <form>
    <attrgroup>
      <attr name="Enter Make &amp; Model of Vehicle:" ename="make and model">
        <domain format="text_box" />
      </attr>
    </attrgroup>
    <attrgroup>
      <attr name="Year:" ename="year">
        <additional>Leave this blank to see all available Years.</additional>
        <domain format="text_box" />
      </attr>
    </attrgroup>
  </form>
</source>