<source url="http://www.toyotacertified.com/" interurl="http://www.toyotacertified.com/inventory_search.htt">
  <srcname>Shop Toyota Certified Used Vehicles</srcname>
  <form>
    <attrgroup>
      <attr name="Select a Vehicle" ename="vehicle">
        <domain format="selection_list">
          <value>All Models</value>
          <value>Avalon</value>
          <value>Camry</value>
          <value>Camry Solara</value>
          <value>Celica</value>
          <value>Corolla</value>
          <value>ECHO</value>
          <value>Highlander</value>
          <value>Land Cruiser</value>
          <value>Matrix</value>
          <value>MR2 Spyder</value>
          <value>Tercel</value>
          <value>Paseo</value>
          <value>Previa</value>
          <value>Prius</value>
          <value>RAV4</value>
          <value>Sequoia</value>
          <value>Sienna</value>
          <value>Tacoma</value>
          <value>Tundra</value>
          <value>4Runner</value>
        </domain>
      </attr>
    </attrgroup>
    <attrgroup>
      <attr name="Price Range" level="1" ename="price range">
        <input>
          <operator name="" ename="" />
          <domain format="selection_list">
            <value>Min. Price</value>
            <value>4,000</value>
            <value>6,000</value>
            <value>8,000</value>
            <value>10,000</value>
            <value>12,000</value>
            <value>14,000</value>
            <value>16,000</value>
            <value>18,000</value>
            <value>20,000</value>
            <value>22,000</value>
            <value>24,000</value>
            <value>26,000</value>
            <value>28,000</value>
            <value>30,000</value>
            <value>32,000</value>
            <value>34,000</value>
            <value>36,000</value>
            <value>38,000</value>
            <value>40,000</value>
            <value>42,000</value>
            <value>44,000</value>
            <value>46,000</value>
            <value>48,000</value>
            <value>50,000</value>
            <value>52,000</value>
            <value>54,000</value>
            <value>56,000</value>
            <value>58,000</value>
            <value>60,000</value>
          </domain>
        </input>
        <input>
          <operator name="" ename="" />
          <domain format="selection_list">
            <value>Max. Price</value>
            <value>4,000</value>
            <value>6,000</value>
            <value>8,000</value>
            <value>10,000</value>
            <value>12,000</value>
            <value>14,000</value>
            <value>16,000</value>
            <value>18,000</value>
            <value>20,000</value>
            <value>22,000</value>
            <value>24,000</value>
            <value>26,000</value>
            <value>28,000</value>
            <value>30,000</value>
            <value>32,000</value>
            <value>34,000</value>
            <value>36,000</value>
            <value>38,000</value>
            <value>40,000</value>
            <value>42,000</value>
            <value>44,000</value>
            <value>46,000</value>
            <value>48,000</value>
            <value>50,000</value>
            <value>52,000</value>
            <value>54,000</value>
            <value>56,000</value>
            <value>58,000</value>
            <value>60,000</value>
          </domain>
        </input>
      </attr>
    </attrgroup>
    <attrgroup>
      <attr name="Select Year" ename="year">
        <domain format="selection_list">
          <value>All Years</value>
          <value>1998</value>
          <value>1999</value>
          <value>2000</value>
          <value>2001</value>
          <value>2002</value>
          <value>2003</value>
          <value>2004</value>
        </domain>
      </attr>
    </attrgroup>
    <attrgroup>
      <attr name="Your State" ename="state">
        <domain format="selection_list">
          <value>All States</value>
          <value>AL</value>
          <value>AK</value>
          <value>AZ</value>
          <value>AR</value>
          <value>CA</value>
          <value>CO</value>
          <value>CT</value>
          <value>DE</value>
          <value>FL</value>
          <value>GA</value>
          <value>ID</value>
          <value>IL</value>
          <value>IN</value>
          <value>IA</value>
          <value>KS</value>
          <value>KY</value>
          <value>LA</value>
          <value>ME</value>
          <value>MD</value>
          <value>MA</value>
          <value>MI</value>
          <value>MN</value>
          <value>MS</value>
          <value>MO</value>
          <value>MT</value>
          <value>NE</value>
          <value>NV</value>
          <value>NH</value>
          <value>NJ</value>
          <value>NM</value>
          <value>NY</value>
          <value>NC</value>
          <value>ND</value>
          <value>OH</value>
          <value>OK</value>
          <value>OR</value>
          <value>PA</value>
          <value>RI</value>
          <value>SC</value>
          <value>SD</value>
          <value>TN</value>
          <value>TX</value>
          <value>UT</value>
          <value>VT</value>
          <value>VA</value>
          <value>WA</value>
          <value>WV</value>
          <value>WI</value>
          <value>WY</value>
        </domain>
      </attr>
    </attrgroup>
    <attrgroup>
      <attr name="" level="1" ename="">
        <input>
          <operator name="Your ZIP code" ename="zip code" />
          <domain format="text_box" />
        </input>
        <input>
          <operator name="and Search Radius" ename="search radius" />
          <domain format="selection_list">
            <value>25 miles</value>
            <value>50 miles</value>
            <value>100 miles</value>
            <value>250 miles</value>
          </domain>
        </input>
      </attr>
    </attrgroup>
  </form>
</source>