<source url="http://www.stoneage.com/" interurl="http://www.stoneage.com/auto/used/searcha.cfm">
  <srcname>StoneAge.com</srcname>
  <form>
    <attrgroup>
      <attr name="Location:" level="1" ename="location">
        <input>
          <operator name="Zip:" ename="zip" />
          <domain format="text_box" />
        </input>
        <input>
          <operator name="Radius:" ename="radius" />
          <domain format="selection_list">
            <value>10 miles</value>
            <value>20 miles</value>
            <value>30 miles</value>
            <value>50 miles</value>
            <value>100 miles</value>
            <value>150 miles</value>
            <value>200 miles</value>
            <value>250 miles</value>
            <value>500 miles</value>
          </domain>
        </input>
      </attr>
    </attrgroup>
    <attrgroup>
      <attr name="Make:" ename="make">
        <additional>Vehicle:</additional>
        <domain format="selection_list">
          <value>--- ALL ---</value>
          <value>Acura</value>
          <value>Alfa Romeo</value>
          <value>American Motors</value>
          <value>Aston Martin</value>
          <value>Audi</value>
          <value>Bentley</value>
          <value>Bertone</value>
          <value>BMW</value>
          <value>Bugatti</value>
          <value>Buick</value>
          <value>Cadillac</value>
          <value>Chevrolet</value>
          <value>Chrysler</value>
          <value>Daewoo</value>
          <value>Daihatsu</value>
          <value>Datsun</value>
          <value>DeTomaso</value>
          <value>Dodge</value>
          <value>Eagle</value>
          <value>Ferrari</value>
          <value>Fiat</value>
          <value>Ford</value>
          <value>Geo</value>
          <value>GMC</value>
          <value>Honda</value>
          <value>Hummer</value>
          <value>Hummer (AM General)</value>
          <value>Hyundai</value>
          <value>Infiniti</value>
          <value>Isuzu</value>
          <value>Jaguar</value>
          <value>Jeep</value>
          <value>Kia</value>
          <value>Lagonda</value>
          <value>Lamborghini</value>
          <value>Land Rover</value>
          <value>Lexus</value>
          <value>Lincoln</value>
          <value>Lotus</value>
          <value>Maserati</value>
          <value>Mazda</value>
          <value>Mercedes Benz</value>
          <value>Mercury</value>
          <value>Merkur</value>
          <value>MG</value>
          <value>MINI</value>
          <value>Mitsubishi</value>
          <value>Nissan</value>
          <value>Oldsmobile</value>
          <value>Panoz</value>
          <value>Peugeot</value>
          <value>Plymouth</value>
          <value>Pontiac</value>
          <value>Porsche</value>
          <value>Qvale</value>
          <value>Range Rover</value>
          <value>Renault</value>
          <value>Rolls Royce</value>
          <value>Saab</value>
          <value>Saturn</value>
          <value>Sterling</value>
          <value>Subaru</value>
          <value>Suzuki</value>
          <value>Toyota</value>
          <value>Triumph</value>
          <value>Volkswagen</value>
          <value>Volvo</value>
          <value>Yugo</value>
        </domain>
      </attr>
    </attrgroup>
    <attrgroup>
      <attr name="Model:" ename="model">
        <additional>Vehicle:</additional>
        <domain format="text_box" />
      </attr>
    </attrgroup>
    <attrgroup>
      <attr name="Category:" ename="category">
        <domain format="selection_list">
          <value>Compact</value>
          <value>Conversion Van</value>
          <value>Convertible</value>
          <value>Coupe</value>
          <value>Exotic</value>
          <value>Hatch Back</value>
          <value>Luxury Sedan</value>
          <value>Minivan</value>
          <value>Motorhome</value>
          <value>Pickup (Compact)</value>
          <value>Pickup (Full Size)</value>
          <value>Sedan</value>
          <value>Sport Utility Vehicle</value>
          <value>Sports Car</value>
          <value>Station Wagon</value>
          <value>Truck (Commercial)</value>
          <value>Van</value>
        </domain>
      </attr>
    </attrgroup>
    <attrgroup>
      <attr name="Year:" level="1" ename="year">
        <input>
          <operator name="From" ename="from" />
          <domain format="selection_list">
            <value>2003</value>
            <value>2002</value>
            <value>2001</value>
            <value>2000</value>
            <value>1999</value>
            <value>1998</value>
            <value>1997</value>
            <value>1996</value>
            <value>1995</value>
            <value>1994</value>
            <value>1993</value>
            <value>1992</value>
            <value>1991</value>
            <value>1990</value>
            <value>1989</value>
            <value>1988</value>
            <value>1987</value>
            <value>1986</value>
            <value>1985</value>
            <value>1984</value>
            <value>1983</value>
            <value>1982</value>
            <value>1981</value>
            <value>1980</value>
            <value>1979</value>
            <value>1978</value>
            <value>1977</value>
            <value>1976</value>
            <value>1975</value>
            <value>1974</value>
            <value>1973</value>
            <value>1972</value>
            <value>1971</value>
            <value>1970</value>
            <value>1969</value>
            <value>1968</value>
            <value>1967</value>
            <value>1966</value>
            <value>1965</value>
            <value>1964</value>
            <value>1963</value>
            <value>1962</value>
            <value>1961</value>
            <value>1960</value>
            <value>1959</value>
            <value>1958</value>
            <value>1957</value>
            <value>1956</value>
            <value>1955</value>
            <value>1954</value>
            <value>1953</value>
            <value>1952</value>
            <value>1951</value>
            <value>1950</value>
            <value>1949</value>
            <value>1948</value>
            <value>1947</value>
            <value>1946</value>
            <value>1945</value>
            <value>1944</value>
            <value>1943</value>
            <value>1942</value>
            <value>1941</value>
            <value>1940</value>
          </domain>
        </input>
        <input>
          <operator name="To" ename="to" />
          <domain format="selection_list">
            <value>2003</value>
            <value>2002</value>
            <value>2001</value>
            <value>2000</value>
            <value>1999</value>
            <value>1998</value>
            <value>1997</value>
            <value>1996</value>
            <value>1995</value>
            <value>1994</value>
            <value>1993</value>
            <value>1992</value>
            <value>1991</value>
            <value>1990</value>
            <value>1989</value>
            <value>1988</value>
            <value>1987</value>
            <value>1986</value>
            <value>1985</value>
            <value>1984</value>
            <value>1983</value>
            <value>1982</value>
            <value>1981</value>
            <value>1980</value>
            <value>1979</value>
            <value>1978</value>
            <value>1977</value>
            <value>1976</value>
            <value>1975</value>
            <value>1974</value>
            <value>1973</value>
            <value>1972</value>
            <value>1971</value>
            <value>1970</value>
            <value>1969</value>
            <value>1968</value>
            <value>1967</value>
            <value>1966</value>
            <value>1965</value>
            <value>1964</value>
            <value>1963</value>
            <value>1962</value>
            <value>1961</value>
            <value>1960</value>
            <value>1959</value>
            <value>1958</value>
            <value>1957</value>
            <value>1956</value>
            <value>1955</value>
            <value>1954</value>
            <value>1953</value>
            <value>1952</value>
            <value>1951</value>
            <value>1950</value>
            <value>1949</value>
            <value>1948</value>
            <value>1947</value>
            <value>1946</value>
            <value>1945</value>
            <value>1944</value>
            <value>1943</value>
            <value>1942</value>
            <value>1941</value>
            <value>1940</value>
          </domain>
        </input>
      </attr>
    </attrgroup>
    <attrgroup>
      <attr name="Price:" level="1" ename="price">
        <input>
          <operator name="From" ename="from" />
          <domain format="text_box" />
        </input>
        <input>
          <operator name="To" ename="to" />
          <domain format="text_box" />
        </input>
      </attr>
    </attrgroup>
    <attrgroup>
      <attr name="Color:" ename="color">
        <domain format="text_box" />
      </attr>
    </attrgroup>
    <attrgroup>
      <attr name="Miles:" ename="miles">
        <additional>or less</additional>
        <domain format="text_box" />
      </attr>
    </attrgroup>
  </form>
</source>