<source url="http://www.tonkin.com/" interurl="http://www.tonkin.com/">
  <srcname>Tokin.com</srcname>
  <form>
    <attrgroup>
      <attr name="" ename="">
        <domain format="radio_button">
          <value>New</value>
          <value>Pre-owned</value>
        </domain>
      </attr>
    </attrgroup>
    <attrgroup>
      <attr name="By Manufacturer" ename="manufacturer">
        <domain format="selection_list">
          <value>- Select Make -</value>
          <value>Acura</value>
          <value>Alfa Romeo</value>
          <value>AM General</value>
          <value>Aston Martin</value>
          <value>Audi</value>
          <value>Austin Healey</value>
          <value>Bentley</value>
          <value>BMW</value>
          <value>Buick</value>
          <value>Cadillac</value>
          <value>Chevrolet</value>
          <value>Chrysler</value>
          <value>Daewoo</value>
          <value>Daihatsu</value>
          <value>Datsun</value>
          <value>Delorean</value>
          <value>Dodge</value>
          <value>Eagle</value>
          <value>Ferrari</value>
          <value>Fiat</value>
          <value>Ford</value>
          <value>Geo</value>
          <value>GMC</value>
          <value>Honda</value>
          <value>Hudson</value>
          <value>Hummer</value>
          <value>Hyundai</value>
          <value>Infiniti</value>
          <value>Isuzu</value>
          <value>Jaguar</value>
          <value>Jeep</value>
          <value>Jensen</value>
          <value>Kia</value>
          <value>Lamborghini</value>
          <value>Lancia</value>
          <value>Land Rover</value>
          <value>Lexus</value>
          <value>Lincoln</value>
          <value>Lotus</value>
          <value>Maserati</value>
          <value>Mazda</value>
          <value>Mercedes-Benz</value>
          <value>Mercury</value>
          <value>Mini</value>
          <value>Mitsubishi</value>
          <value>Nissan</value>
          <value>Oldsmobile</value>
          <value>Other</value>
          <value>Panoz</value>
          <value>Peugeot</value>
          <value>Plymouth</value>
          <value>Pontiac</value>
          <value>Porsche</value>
          <value>Rolls-Royce</value>
          <value>Saab</value>
          <value>Saturn</value>
          <value>Sterling</value>
          <value>Subaru</value>
          <value>Suzuki</value>
          <value>Toyota</value>
          <value>Volkswagen</value>
          <value>Volvo</value>
        </domain>
      </attr>
    </attrgroup>
    <attrgroup>
      <attr name="By Price range" ename="price range">
        <domain format="selection_list">
          <value>- Any -</value>
          <value>$15,001 - $20,000</value>
          <value>$20,001 - $25,000</value>
          <value>$25,001 - $30,000</value>
          <value>$30,001 - $40,000</value>
          <value>$40,001 - $50,000</value>
          <value>$50,001+</value>
        </domain>
      </attr>
    </attrgroup>
  </form>
</source>