<source url="http://www.usedcars.com/" interurl="http://www.usedcars.com/CW.shtml">
  <srcname>usedcar.com</srcname>
  <form>
    <attrgroup>
      <attr name="State:" ename="state">
        <domain format="selection_list">
          <value>Select</value>
          <value>Alabama</value>
          <value>Alaska</value>
          <value>Arizona</value>
          <value>Arkansas</value>
          <value>California</value>
          <value>Colorado</value>
          <value>Connecticut</value>
          <value>Delaware</value>
          <value>Florida</value>
          <value>Georgia</value>
          <value>Hawaii</value>
          <value>Idaho</value>
          <value>Illinois</value>
          <value>Indiana</value>
          <value>Iowa</value>
          <value>Kansas</value>
          <value>Kentucky</value>
          <value>Louisiana</value>
          <value>Maine</value>
          <value>Maryland</value>
          <value>Massachusetts</value>
          <value>Michigan</value>
          <value>Minnesota</value>
          <value>Mississippi</value>
          <value>Missouri</value>
          <value>Montana</value>
          <value>Nebraska</value>
          <value>Nevada</value>
          <value>New Hampshire</value>
          <value>New Jersey</value>
          <value>New Mexico</value>
          <value>New York</value>
          <value>North Carolina</value>
          <value>North Dakota</value>
          <value>Ohio</value>
          <value>Oklahoma</value>
          <value>Oregon</value>
          <value>Pennsylvania</value>
          <value>Puerto Rico</value>
          <value>Rhode Island</value>
          <value>South Carolina</value>
          <value>South Dakota</value>
          <value>Tennessee</value>
          <value>Texas</value>
          <value>Utah</value>
          <value>Vermont</value>
          <value>Virginia</value>
          <value>Wash. D.C.</value>
          <value>Washington</value>
          <value>West Virginia</value>
          <value>Wisconsin</value>
          <value>Wyoming</value>
        </domain>
      </attr>
    </attrgroup>
    <attrgroup>
      <attr name="Make:" ename="make">
        <domain format="selection_list">
          <value>Select</value>
          <value>Acura</value>
          <value>Alfa Romeo</value>
          <value>AMC</value>
          <value>AM General</value>
          <value>Aston Martin</value>
          <value>Audi</value>
          <value>Austin</value>
          <value>Austin Healey</value>
          <value>BMW</value>
          <value>Bentley</value>
          <value>Buick</value>
          <value>Cadillac</value>
          <value>Checker</value>
          <value>Chevrolet</value>
          <value>Chrysler</value>
          <value>Citroen</value>
          <value>Clenet</value>
          <value>Daewoo</value>
          <value>Daihatsu</value>
          <value>Datsun</value>
          <value>DeSoto</value>
          <value>DeTomaso</value>
          <value>Delorean</value>
          <value>Dodge</value>
          <value>Dolphin</value>
          <value>Eagle</value>
          <value>Edsel</value>
          <value>Ferrari</value>
          <value>Fiat</value>
          <value>Ford</value>
          <value>GMC</value>
          <value>Geo</value>
          <value>Honda</value>
          <value>Hudson</value>
          <value>Hummer</value>
          <value>Huppmobile</value>
          <value>Hyundai</value>
          <value>Infiniti</value>
          <value>International</value>
          <value>Isuzu</value>
          <value>Jaguar</value>
          <value>Jeep</value>
          <value>Jensen</value>
          <value>Kawasaki</value>
          <value>Kenworth</value>
          <value>Kia</value>
          <value>KitCar</value>
          <value>Lamborghini</value>
          <value>Lancia</value>
          <value>Land Rover</value>
          <value>Lexus</value>
          <value>Lincoln</value>
          <value>Lola</value>
          <value>Lotus</value>
          <value>MG</value>
          <value>Maserati</value>
          <value>Mazda</value>
          <value>McLaren</value>
          <value>Mercedes Benz</value>
          <value>Mercury</value>
          <value>Merkur</value>
          <value>Mitsubishi</value>
          <value>Morris</value>
          <value>Nissan</value>
          <value>Oldsmobile</value>
          <value>Opel</value>
          <value>Packard</value>
          <value>Panoz</value>
          <value>Peterbilt</value>
          <value>Peugeot</value>
          <value>Plymouth</value>
          <value>Pontiac</value>
          <value>Porsche</value>
          <value>Qvale</value>
          <value>Reliant</value>
          <value>Renault</value>
          <value>Rolls Royce</value>
          <value>Saab</value>
          <value>Saturn</value>
          <value>Sterling</value>
          <value>Studebaker</value>
          <value>Subaru</value>
          <value>Sunbeam</value>
          <value>Suzuki</value>
          <value>TVR</value>
          <value>Toyota</value>
          <value>Triumph</value>
          <value>Vaxhaull</value>
          <value>Volkswagen</value>
          <value>Volvo</value>
          <value>Willy</value>
          <value>Yugo</value>
          <value>Zaporogets</value>
          <value>Zimmer</value>
        </domain>
      </attr>
    </attrgroup>
    <attrgroup>
      <attr name="Model:" ename="model">
        <domain format="text_box" />
      </attr>
    </attrgroup>
    <attrgroup>
      <attr name="Price:" ename="price">
        <domain format="selection_list">
          <value>I'll Pay Anything</value>
          <value>Under $5,000</value>
          <value>Under $8,000</value>
          <value>Under $10,000</value>
          <value>Under $12,500</value>
          <value>Under $15,000</value>
          <value>Under $17,500</value>
          <value>Under $20,000</value>
          <value>Under $25,000</value>
          <value>Under $30,000</value>
          <value>Under $35,000</value>
          <value>Under $40,000</value>
          <value>Under $50,000</value>
          <value>Under $60,000</value>
          <value>Under $80,000</value>
        </domain>
      </attr>
    </attrgroup>
    <attrgroup>
      <attr name="" level="1" ename="">
        <input>
          <operator name="From:" ename="from" />
          <domain format="selection_list">
            <value>Any</value>
            <value>2003</value>
            <value>2002</value>
            <value>2001</value>
            <value>2000</value>
            <value>1999</value>
            <value>1998</value>
            <value>1997</value>
            <value>1996</value>
            <value>1995</value>
            <value>1994</value>
            <value>1993</value>
            <value>1992</value>
            <value>1991</value>
            <value>1990</value>
            <value>1989</value>
            <value>1988</value>
            <value>1987</value>
            <value>1986</value>
            <value>1985</value>
            <value>1986</value>
            <value>1985</value>
            <value>1984</value>
            <value>1983</value>
            <value>1982</value>
            <value>1981</value>
            <value>1980</value>
            <value>1979</value>
            <value>1978</value>
            <value>1977</value>
            <value>1976</value>
            <value>1975</value>
            <value>1974</value>
            <value>1973</value>
            <value>1972</value>
            <value>1971</value>
            <value>1970</value>
            <value>1969</value>
            <value>1968</value>
            <value>1967</value>
            <value>1966</value>
            <value>1965</value>
            <value>1964</value>
            <value>1963</value>
            <value>1962</value>
            <value>1961</value>
            <value>1960</value>
            <value>1959</value>
            <value>1958</value>
            <value>1957</value>
            <value>1956</value>
            <value>1955</value>
            <value>1954</value>
            <value>1953</value>
            <value>1952</value>
            <value>1951</value>
            <value>1950</value>
            <value>1949</value>
            <value>1948</value>
            <value>1947</value>
            <value>1946</value>
            <value>1945</value>
            <value>1944</value>
            <value>1943</value>
            <value>1942</value>
            <value>1941</value>
            <value>1940</value>
            <value>1939</value>
            <value>1938</value>
            <value>1937</value>
            <value>1936</value>
            <value>1935</value>
            <value>1934</value>
            <value>1933</value>
            <value>1932</value>
            <value>1931</value>
            <value>1930</value>
            <value>1929</value>
            <value>1928</value>
            <value>1927</value>
            <value>1926</value>
            <value>1925</value>
            <value>1924</value>
            <value>1923</value>
            <value>1922</value>
            <value>1921</value>
            <value>1920</value>
            <value>1919</value>
            <value>1918</value>
            <value>1917</value>
            <value>1916</value>
            <value>1915</value>
            <value>1914</value>
            <value>1913</value>
            <value>1912</value>
            <value>1911</value>
            <value>1910</value>
            <value>1909</value>
            <value>1908</value>
            <value>1907</value>
            <value>1906</value>
            <value>1905</value>
            <value>1904</value>
            <value>1903</value>
            <value>1902</value>
            <value>1901</value>
          </domain>
        </input>
        <input>
          <operator name="To:" ename="to" />
          <domain format="selection_list">
            <value>Any</value>
            <value>2003</value>
            <value>2002</value>
            <value>2001</value>
            <value>2000</value>
            <value>1999</value>
            <value>1998</value>
            <value>1997</value>
            <value>1996</value>
            <value>1995</value>
            <value>1994</value>
            <value>1993</value>
            <value>1992</value>
            <value>1991</value>
            <value>1990</value>
            <value>1989</value>
            <value>1988</value>
            <value>1987</value>
            <value>1986</value>
            <value>1985</value>
            <value>1986</value>
            <value>1985</value>
            <value>1984</value>
            <value>1983</value>
            <value>1982</value>
            <value>1981</value>
            <value>1980</value>
            <value>1979</value>
            <value>1978</value>
            <value>1977</value>
            <value>1976</value>
            <value>1975</value>
            <value>1974</value>
            <value>1973</value>
            <value>1972</value>
            <value>1971</value>
            <value>1970</value>
            <value>1969</value>
            <value>1968</value>
            <value>1967</value>
            <value>1966</value>
            <value>1965</value>
            <value>1964</value>
            <value>1963</value>
            <value>1962</value>
            <value>1961</value>
            <value>1960</value>
            <value>1959</value>
            <value>1958</value>
            <value>1957</value>
            <value>1956</value>
            <value>1955</value>
            <value>1954</value>
            <value>1953</value>
            <value>1952</value>
            <value>1951</value>
            <value>1950</value>
            <value>1949</value>
            <value>1948</value>
            <value>1947</value>
            <value>1946</value>
            <value>1945</value>
            <value>1944</value>
            <value>1943</value>
            <value>1942</value>
            <value>1941</value>
            <value>1940</value>
            <value>1939</value>
            <value>1938</value>
            <value>1937</value>
            <value>1936</value>
            <value>1935</value>
            <value>1934</value>
            <value>1933</value>
            <value>1932</value>
            <value>1931</value>
            <value>1930</value>
            <value>1929</value>
            <value>1928</value>
            <value>1927</value>
            <value>1926</value>
            <value>1925</value>
            <value>1924</value>
            <value>1923</value>
            <value>1922</value>
            <value>1921</value>
            <value>1920</value>
            <value>1919</value>
            <value>1918</value>
            <value>1917</value>
            <value>1916</value>
            <value>1915</value>
            <value>1914</value>
            <value>1913</value>
            <value>1912</value>
            <value>1911</value>
            <value>1910</value>
            <value>1909</value>
            <value>1908</value>
            <value>1907</value>
            <value>1906</value>
            <value>1905</value>
            <value>1904</value>
            <value>1903</value>
            <value>1902</value>
            <value>1901</value>
          </domain>
        </input>
      </attr>
    </attrgroup>
    <attrgroup>
      <attr name="Body Style:" ename="body style">
        <domain format="selection_list">
          <value>Any</value>
          <value>2-Door</value>
          <value>4-Door</value>
          <value>Sport Utility</value>
          <value>Truck</value>
          <value>4X4</value>
          <value>Van</value>
          <value>Convertible</value>
          <value>Wagon</value>
        </domain>
      </attr>
    </attrgroup>
  </form>
</source>