<source url="http://www.autoseek.co.uk/" interurl="http://www.autoseek.co.uk/carsearch.htm">
  <srcname>Used Car Search In UK</srcname>
  <form>
    <attrgroup>
      <attr name="Make:" ename="make">
        <domain format="selection_list" />
      </attr>
    </attrgroup>
    <attrgroup>
      <attr name="Model:" ename="model">
        <domain format="selection_list" />
      </attr>
    </attrgroup>
    <attrgroup>
      <attr name="Area:" ename="area">
        <domain format="selection_list">
          <value>All Areas</value>
          <value>London/Middlesex</value>
          <value>Herts/Beds/Bucks</value>
          <value>Cambs/Norfolk/Suffolk</value>
          <value>Essex/Kent</value>
          <value>W.Sussex/E.Sussex/Hants</value>
          <value>Surrey/Berks/Oxon</value>
          <value>South West</value>
          <value>Midlands</value>
          <value>Wales</value>
          <value>North East/West</value>
          <value>Scotland</value>
          <value>Northern Ireland</value>
        </domain>
      </attr>
    </attrgroup>
    <attrgroup>
      <attr name="Price:" level="1" ename="price">
        <input>
          <operator name="Between" ename="betweeen" />
          <domain format="selection_list">
            <value>¡ê0</value>
            <value>¡ê500</value>
            <value>¡ê1,000</value>
            <value>¡ê2,000</value>
            <value>¡ê3,000</value>
            <value>¡ê4,000</value>
            <value>¡ê5,000</value>
            <value>¡ê6,000</value>
            <value>¡ê7,000</value>
            <value>¡ê8,000</value>
            <value>¡ê9,000</value>
            <value>¡ê10,000</value>
            <value>¡ê12,000</value>
            <value>¡ê15,000</value>
            <value>¡ê20,000</value>
            <value>¡ê30,000</value>
            <value>¡ê50,000</value>
          </domain>
        </input>
        <input>
          <operator name="and" ename="and" />
          <domain format="selection_list">
            <value>Any</value>
            <value>¡ê500</value>
            <value>¡ê1,000</value>
            <value>¡ê2,000</value>
            <value>¡ê3,000</value>
            <value>¡ê4,000</value>
            <value>¡ê5,000</value>
            <value>¡ê6,000</value>
            <value>¡ê7,000</value>
            <value>¡ê8,000</value>
            <value>¡ê9,000</value>
            <value>¡ê10,000</value>
            <value>¡ê12,000</value>
            <value>¡ê15,000</value>
            <value>¡ê20,000</value>
            <value>¡ê30,000</value>
            <value>¡ê50,000</value>
            <value>¡ê100,000</value>
          </domain>
        </input>
      </attr>
    </attrgroup>
  </form>
</source>