<source url="http://www.webcar2000.com/" interurl="http://www.webcar2000.com/countries/jamaica/car/search.phtml">
  <srcname>WebCar2000</srcname>
  <form>
    <attrgroup>
      <attr name="" ename="">
        <domain format="selection_list">
          <value>For sale</value>
          <value>For hire</value>
          <value>For exchange</value>
          <value>Wanted to buy</value>
          <value>Wanted to rent</value>
        </domain>
      </attr>
    </attrgroup>
    <attrgroup>
      <attr name="" ename="">
        <domain format="selection_list">
          <value>All regions</value>
          <value>Central Region</value>
          <value>Metro Region</value>
          <value>Northern Region</value>
          <value>Southern Region</value>
          <value>Western Region</value>
        </domain>
      </attr>
    </attrgroup>
    <attrgroup>
      <attr name="" ename="">
        <domain format="selection_list">
          <value>All parishes</value>
          <value>Clarendon</value>
          <value>Hanover</value>
          <value>Kingston &amp; Saint Andrew</value>
          <value>Manchester</value>
          <value>Portland</value>
          <value>Saint Ann</value>
          <value>Saint Catherine</value>
          <value>Saint Elizabeth</value>
          <value>Saint James</value>
          <value>Saint Mary</value>
          <value>Saint Thomas</value>
          <value>Trelawny</value>
        </domain>
      </attr>
    </attrgroup>
    <attrgroup>
      <attr name="" ename="">
        <domain format="selection_list">
          <value>All sellers</value>
          <value>Private</value>
          <value>Dealer</value>
        </domain>
      </attr>
    </attrgroup>
    <attrgroup>
      <attr name="" ename="">
        <domain format="selection_list">
          <value>All wagons</value>
          <value>Cab</value>
          <value>Collector</value>
          <value>Convertible</value>
          <value>Coupe</value>
          <value>4WD</value>
          <value>Hatchback</value>
          <value>Jeep</value>
          <value>Luxury</value>
          <value>Minibus</value>
          <value>MPV</value>
          <value>Pick-up</value>
          <value>Saloon</value>
          <value>Sports</value>
          <value>Station wagon</value>
          <value>Van</value>
        </domain>
      </attr>
    </attrgroup>
    <attrgroup>
      <attr name="" ename="">
        <domain format="selection_list">
          <value>All makes</value>
          <value>Alfa Romeo</value>
          <value>AMC</value>
          <value>Armstrong</value>
          <value>Asia</value>
          <value>Aston Martin</value>
          <value>Audi</value>
          <value>Austin</value>
          <value>Bedford</value>
          <value>Bentley</value>
          <value>BMW</value>
          <value>Bufori</value>
          <value>Buick</value>
          <value>Cadillac</value>
          <value>Chevrolet</value>
          <value>Chrysler</value>
          <value>Citro&amp;euml;n</value>
          <value>Daewoo</value>
          <value>DAF</value>
          <value>Daihatsu</value>
          <value>Daimler</value>
          <value>Dandy</value>
          <value>Datsun</value>
          <value>De Soto</value>
          <value>De Tomaso</value>
          <value>Dnepr</value>
          <value>Dodge</value>
          <value>Eunos</value>
          <value>Ferrari</value>
          <value>Fiat</value>
          <value>Ford</value>
          <value>Ginetta</value>
          <value>Giocattolo</value>
          <value>GMC</value>
          <value>Hillman</value>
          <value>Holden</value>
          <value>Honda</value>
          <value>HSV</value>
          <value>Hummer</value>
          <value>Hyosung</value>
          <value>Hyundai</value>
          <value>ISO</value>
          <value>Isuzu</value>
          <value>IVECO</value>
          <value>Jaguar</value>
          <value>Jeep</value>
          <value>Jensen</value>
          <value>Kawasaki</value>
          <value>Kia</value>
          <value>KTM</value>
          <value>Lada</value>
          <value>Lamborghini</value>
          <value>Lancia</value>
          <value>Land Rover</value>
          <value>Lexus</value>
          <value>Leyland</value>
          <value>Lincoln</value>
          <value>Lotus</value>
          <value>Luxus</value>
          <value>Marcos</value>
          <value>Maserati</value>
          <value>Mazda</value>
          <value>Mercedes</value>
          <value>MG</value>
          <value>Mini</value>
          <value>Mitsubishi</value>
          <value>Morgan</value>
          <value>Morris</value>
          <value>Nissan</value>
          <value>Norton</value>
          <value>Oldsmobile</value>
          <value>Opel</value>
          <value>Peugeot</value>
          <value>Plymouth</value>
          <value>Pontiac</value>
          <value>Porsche</value>
          <value>Proton</value>
          <value>Raid</value>
          <value>Rambler</value>
          <value>Renault</value>
          <value>Riley</value>
          <value>Rolls-Royce</value>
          <value>Rover</value>
          <value>Rud Ley</value>
          <value>Saab</value>
          <value>Seat</value>
          <value>Simca</value>
          <value>Skoda</value>
          <value>Ssangyong</value>
          <value>Stag</value>
          <value>Studebaker</value>
          <value>Subaru</value>
          <value>Super</value>
          <value>Suzuki</value>
          <value>Talbot</value>
          <value>Tata</value>
          <value>TD2000</value>
          <value>Tomos</value>
          <value>Toyota</value>
          <value>Trapper</value>
          <value>Vanden Plas</value>
          <value>Vanguard</value>
          <value>Vauxhall</value>
          <value>Volkswagen</value>
          <value>Volvo</value>
          <value>Young</value>
          <value>Other</value>
        </domain>
      </attr>
    </attrgroup>
    <attrgroup>
      <attr name="Price" level="1" ename="price">
        <input>
          <operator name="from:" ename="from" />
          <domain format="selection_list">
            <value>0</value>
            <value>500</value>
            <value>1000</value>
            <value>2000</value>
            <value>4000</value>
            <value>6000</value>
            <value>8000</value>
            <value>10000</value>
            <value>15000</value>
            <value>20000</value>
            <value>25000</value>
            <value>30000</value>
            <value>35000</value>
            <value>40000</value>
            <value>45000</value>
            <value>50000</value>
            <value>55000</value>
            <value>60000</value>
            <value>65000</value>
            <value>70000</value>
            <value>75000</value>
            <value>80000</value>
            <value>85000</value>
            <value>90000</value>
            <value>95000</value>
            <value>100000</value>
            <value>110000</value>
            <value>120000</value>
            <value>130000</value>
            <value>140000</value>
            <value>150000</value>
            <value>160000</value>
            <value>170000</value>
            <value>180000</value>
            <value>190000</value>
            <value>200000</value>
            <value>250000</value>
            <value>300000</value>
            <value>350000</value>
            <value>400000</value>
            <value>450000</value>
            <value>500000</value>
            <value>600000</value>
            <value>700000</value>
            <value>800000</value>
            <value>900000</value>
            <value>1000000</value>
            <value>1500000</value>
            <value>2000000</value>
            <value>2500000</value>
            <value>3000000</value>
            <value>4000000</value>
            <value>&gt;4000000</value>
          </domain>
        </input>
        <input>
          <operator name="to:" ename="to" />
          <domain format="selection_list">
            <value>0</value>
            <value>500</value>
            <value>1000</value>
            <value>2000</value>
            <value>4000</value>
            <value>6000</value>
            <value>8000</value>
            <value>10000</value>
            <value>15000</value>
            <value>20000</value>
            <value>25000</value>
            <value>30000</value>
            <value>35000</value>
            <value>40000</value>
            <value>45000</value>
            <value>50000</value>
            <value>55000</value>
            <value>60000</value>
            <value>65000</value>
            <value>70000</value>
            <value>75000</value>
            <value>80000</value>
            <value>85000</value>
            <value>90000</value>
            <value>95000</value>
            <value>100000</value>
            <value>110000</value>
            <value>120000</value>
            <value>130000</value>
            <value>140000</value>
            <value>150000</value>
            <value>160000</value>
            <value>170000</value>
            <value>180000</value>
            <value>190000</value>
            <value>200000</value>
            <value>250000</value>
            <value>300000</value>
            <value>350000</value>
            <value>400000</value>
            <value>450000</value>
            <value>500000</value>
            <value>600000</value>
            <value>700000</value>
            <value>800000</value>
            <value>900000</value>
            <value>1000000</value>
            <value>1500000</value>
            <value>2000000</value>
            <value>2500000</value>
            <value>3000000</value>
            <value>4000000</value>
            <value>&gt;4000000</value>
          </domain>
        </input>
      </attr>
    </attrgroup>
    <attrgroup>
      <attr name="Year" level="1" ename="year">
        <input>
          <operator name="from:" ename="from" />
          <domain format="selection_list">
            <value>older than 1950</value>
            <value>1950</value>
            <value>1951</value>
            <value>1952</value>
            <value>1953</value>
            <value>1954</value>
            <value>1955</value>
            <value>1956</value>
            <value>1957</value>
            <value>1958</value>
            <value>1959</value>
            <value>1960</value>
            <value>1961</value>
            <value>1962</value>
            <value>1963</value>
            <value>1964</value>
            <value>1965</value>
            <value>1966</value>
            <value>1967</value>
            <value>1968</value>
            <value>1969</value>
            <value>1970</value>
            <value>1971</value>
            <value>1972</value>
            <value>1973</value>
            <value>1974</value>
            <value>1975</value>
            <value>1976</value>
            <value>1977</value>
            <value>1978</value>
            <value>1979</value>
            <value>1980</value>
            <value>1981</value>
            <value>1982</value>
            <value>1983</value>
            <value>1984</value>
            <value>1985</value>
            <value>1986</value>
            <value>1987</value>
            <value>1988</value>
            <value>1989</value>
            <value>1990</value>
            <value>1991</value>
            <value>1992</value>
            <value>1993</value>
            <value>1994</value>
            <value>1995</value>
            <value>1996</value>
            <value>1997</value>
            <value>1998</value>
            <value>1999</value>
            <value>2000</value>
            <value>2001</value>
            <value>2002</value>
            <value>2003</value>
          </domain>
        </input>
        <input>
          <operator name="to:" ename="to" />
          <domain format="selection_list">
            <value>1950</value>
            <value>1951</value>
            <value>1952</value>
            <value>1953</value>
            <value>1954</value>
            <value>1955</value>
            <value>1956</value>
            <value>1957</value>
            <value>1958</value>
            <value>1959</value>
            <value>1960</value>
            <value>1961</value>
            <value>1962</value>
            <value>1963</value>
            <value>1964</value>
            <value>1965</value>
            <value>1966</value>
            <value>1967</value>
            <value>1968</value>
            <value>1969</value>
            <value>1970</value>
            <value>1971</value>
            <value>1972</value>
            <value>1973</value>
            <value>1974</value>
            <value>1975</value>
            <value>1976</value>
            <value>1977</value>
            <value>1978</value>
            <value>1979</value>
            <value>1980</value>
            <value>1981</value>
            <value>1982</value>
            <value>1983</value>
            <value>1984</value>
            <value>1985</value>
            <value>1986</value>
            <value>1987</value>
            <value>1988</value>
            <value>1989</value>
            <value>1990</value>
            <value>1991</value>
            <value>1992</value>
            <value>1993</value>
            <value>1994</value>
            <value>1995</value>
            <value>1996</value>
            <value>1997</value>
            <value>1998</value>
            <value>1999</value>
            <value>2000</value>
            <value>2001</value>
            <value>2002</value>
            <value>2003</value>
          </domain>
        </input>
      </attr>
    </attrgroup>
    <attrgroup>
      <attr name="Mileage" level="1" ename="mileage">
        <input>
          <operator name="from:" ename="from" />
          <domain format="selection_list">
            <value>0</value>
            <value>1</value>
            <value>5</value>
            <value>10</value>
            <value>20</value>
            <value>30</value>
            <value>40</value>
            <value>50</value>
            <value>60</value>
            <value>70</value>
            <value>80</value>
            <value>90</value>
            <value>100</value>
            <value>110</value>
            <value>120</value>
            <value>130</value>
            <value>140</value>
            <value>150</value>
            <value>160</value>
            <value>170</value>
            <value>180</value>
            <value>190</value>
            <value>200</value>
            <value>210</value>
            <value>220</value>
            <value>230</value>
            <value>240</value>
            <value>250</value>
            <value>260</value>
            <value>270</value>
            <value>280</value>
            <value>290</value>
            <value>300</value>
          </domain>
        </input>
        <input>
          <operator name="to:" ename="to" />
          <domain format="selection_list">
            <value>0</value>
            <value>1</value>
            <value>5</value>
            <value>10</value>
            <value>20</value>
            <value>30</value>
            <value>40</value>
            <value>50</value>
            <value>60</value>
            <value>70</value>
            <value>80</value>
            <value>90</value>
            <value>100</value>
            <value>110</value>
            <value>120</value>
            <value>130</value>
            <value>140</value>
            <value>150</value>
            <value>160</value>
            <value>170</value>
            <value>180</value>
            <value>190</value>
            <value>200</value>
            <value>210</value>
            <value>220</value>
            <value>230</value>
            <value>240</value>
            <value>250</value>
            <value>260</value>
            <value>270</value>
            <value>280</value>
            <value>290</value>
            <value>300</value>
            <value>&gt;300</value>
          </domain>
        </input>
      </attr>
    </attrgroup>
    <attrgroup>
      <attr name="COLOUR" ename="colour">
        <domain format="selection_list">
          <value>All colours</value>
          <value>Blue</value>
          <value>Brown</value>
          <value>Grey</value>
          <value>Green</value>
          <value>Yellow</value>
          <value>Orange</value>
          <value>Red</value>
          <value>Silver</value>
          <value>Black</value>
          <value>White</value>
        </domain>
      </attr>
    </attrgroup>
    <attrgroup>
      <attr name="" ename="">
        <domain format="check_box">
          <option>Photo search</option>
        </domain>
      </attr>
    </attrgroup>
    <attrgroup>
      <attr name="FREE TEXT" ename="free text">
        <domain format="text_box" />
      </attr>
    </attrgroup>
    <attrgroup>
      <attr name="MODEL" ename="model">
        <domain format="text_box" />
      </attr>
    </attrgroup>
  </form>
</source>