<?xml version="1.0" encoding="UTF-8"?>
<!--This is the 12 Best matching
Use topkmatch.xsd to parse and validate the information (XMLSchema)--><BestMatch CandidateOntology="betus.com" MatchIndex="12" MatchWeight="0.0" TargetOntology="www.betdirect.net"><MatchedTerms Weight="0.0"><CandidateTerm id="6243849857165929955">text: First Name: (nameFirstEntry)</CandidateTerm><TargetTerm id="7849507305615333085">text: First Name : (tbFname)</TargetTerm></MatchedTerms><MatchedTerms Weight="0.0"><CandidateTerm id="585022422371703758">text: Last Name: (nameLastEntry)</CandidateTerm><TargetTerm id="901028570094995930">text: Last Name : (tbLname)</TargetTerm></MatchedTerms><MatchedTerms Weight="0.0"><CandidateTerm id="2246918678306365352">text: Email: (emailEntry)</CandidateTerm><TargetTerm id="4332429246307440578">text: E-mail Address : (tbEmail)</TargetTerm></MatchedTerms><MatchedTerms Weight="0.0"><CandidateTerm id="3236621085050769660">text: Phone: (homePhoneEntry)</CandidateTerm><TargetTerm id="2746922510850009732">text: Telephone : (tbTel)</TargetTerm></MatchedTerms><MatchedTerms Weight="0.0"><CandidateTerm id="3920541548057749103">text: Address1: (address1Entry)</CandidateTerm><TargetTerm id="4416355549466745804">text: Street Address (1) : (tbAddr1)</TargetTerm></MatchedTerms><MatchedTerms Weight="0.0"><CandidateTerm id="814441718196569066">text: City: (cityEntry)</CandidateTerm><TargetTerm id="38915929861778404">text: City Town : (tbAddrCty)</TargetTerm></MatchedTerms><MatchedTerms Weight="0.0"><CandidateTerm id="1595285472261760559">text: Zip Postal Code: (zipEntry)</CandidateTerm><TargetTerm id="8538106611102137070">text: Postcode Zipcode : (tbAddrPc)</TargetTerm></MatchedTerms><MatchedTerms Weight="0.0"><CandidateTerm id="2267354322790269580">select: Country: (countryEntry)</CandidateTerm><TargetTerm id="5212514145276405728">select: Country : (country_code)</TargetTerm></MatchedTerms><MatchedTerms Weight="0.0"><CandidateTerm>select: Where did you hear about us? (sourceEntry)</CandidateTerm><TargetTerm>select: How did you hear about Littlewoods Bet Direct? TV Football Pools Coupon Newspaper, Search Engine Bet 247 Website Radio Lotteries Other</TargetTerm></MatchedTerms><MatchedTerms Weight="0.0"><CandidateTerm id="1862999522751451106">password: Password: (passwordEntry)</CandidateTerm><TargetTerm id="1988582055019178182">password: Pin (4 digit) Password (6-16 chars) (once) : (tbPassword1)</TargetTerm></MatchedTerms><MatchedTerms Weight="0.0"><CandidateTerm id="1636104044327183563">password: Confirm Password: (ConfirmPasswordEntry)</CandidateTerm><TargetTerm id="161023747326663290">password: Enter Pin Password again : (tbPassword2)</TargetTerm></MatchedTerms><MatchedTerms Weight="0.0"><CandidateTerm>text: Please Enter Your BetUS Account Number (CustomerID)</CandidateTerm><TargetTerm>text: this is the name you will use to access the system, between 6 and 16 characters, please use letters</TargetTerm></MatchedTerms></BestMatch><!--For any questions regarding the Top K Framework please send to:ontobuilder@ie.technion.ac.il-->