<source url="http://www.11thhourvacations.com" interurl="http://www.11thhourvacations.com/index_home.php">
  <srcname>11thHourVacations</srcname>
  <form>
    <attrgroup>
      <attr name="Search by Departure City" ename="departure city">
        <input>
          <domain format="selection_list">
            <value>Any Departure City</value>
            <value> Albany,NY</value>
            <value> Albuquerque,NM</value>
            <value> Allentown,PA</value>
            <value> Anchorage,AK</value>
            <value> Appleton,WI</value>
            <value> Atlanta,GA</value>
            <value> Austin,TX</value>
            <value> Baltimore,MD</value>
            <value> Bangor,ME</value>
            <value> Billings,MT</value>
            <value> Birmingham,AL</value>
            <value> Bismarck,ND</value>
            <value> Bloomington,IL</value>
            <value> Boise,ID</value>
            <value> Boston,MA</value>
            <value> Bozeman,MT</value>
            <value> Buffalo,NY</value>
            <value> Burbank,CA</value>
            <value> Burlington,VT</value>
            <value> Calgary,AB</value>
            <value> Canton/Akron,OH</value>
            <value> Cedar Rapids,IA</value>
            <value> Charleston,SC</value>
            <value> Charleston,WV</value>
            <value> Charlotte,NC</value>
            <value> Charlottesville,VA</value>
            <value> Chattanooga,TN</value>
            <value> Chicago (Midway),IL</value>
            <value> Chicago (O'Hare),IL</value>
            <value> Cincinnati,OH</value>
            <value> Cleveland,OH</value>
            <value> Colorado Springs,CO</value>
            <value> Columbia,SC</value>
            <value> Columbus,OH</value>
            <value> Dallas/Ft. Worth,TX</value>
            <value> Dayton,OH</value>
            <value> Denver,CO</value>
            <value> Des Moines,IA</value>
            <value> Detroit,MI</value>
            <value> Edmonton,AB</value>
            <value> Erie,PA</value>
            <value> Eugene,OR</value>
            <value> Fargo,ND</value>
            <value> Flint,MI</value>
            <value> Fresno,CA</value>
            <value> Ft. Lauderdale,FL</value>
            <value> Ft. Myers,FL</value>
            <value> Ft. Wayne,IN</value>
            <value> Grand Rapids,MI</value>
            <value> Green Bay,WI</value>
            <value> Greensboro,NC</value>
            <value> Greenville/Spartanburg,SC</value>
            <value> Hartford,CT</value>
            <value> Henderson/Evansville,KY</value>
            <value> Honolulu,HI</value>
            <value> Houston (Hobby),TX</value>
            <value> Houston (Intercontinental),TX</value>
            <value> Huntsville,AL</value>
            <value> Indianapolis,IN</value>
            <value> Jackson,MS</value>
            <value> Jacksonville,FL</value>
            <value> Kalamazoo,MI</value>
            <value> Kansas City,MO</value>
            <value> Knoxville,TN</value>
            <value> Lansing,MI</value>
            <value> Las Vegas,NV</value>
            <value> Lexington,KY</value>
            <value> Lincoln,NE</value>
            <value> Little Rock,AR</value>
            <value> Los Angeles,CA</value>
            <value> Louisville,KY</value>
            <value> Madison,WI</value>
            <value> Manchester,NH</value>
            <value> Medford,OR</value>
            <value> Memphis,TN</value>
            <value> Miami,FL</value>
            <value> Milwaukee,WI</value>
            <value> Minneapolis / St. Paul,MN</value>
            <value> Montreal (Dorval),QC</value>
            <value> Montreal (Mirabel),QC</value>
            <value> Nashville,TN</value>
            <value> New Orleans,LA</value>
            <value> New York (JFK),NY</value>
            <value> New York (LaGuardia),NY</value>
            <value> Newark,NJ</value>
            <value> Norfolk,VA</value>
            <value> Oakland,CA</value>
            <value> Oklahoma City,OK</value>
            <value> Omaha,NE</value>
            <value> Ontario,CA</value>
            <value> Orlando International,FL</value>
            <value> Ottawa,ON</value>
            <value> Palm Beach,FL</value>
            <value> Palm Springs,CA</value>
            <value> Panama City,FL</value>
            <value> Pasco,WA</value>
            <value> Pensacola,FL</value>
            <value> Peoria,IL</value>
            <value> Philadelphia,PA</value>
            <value> Phoenix,AZ</value>
            <value> Pittsburgh,PA</value>
            <value> Portland,OR</value>
            <value> Portland,ME</value>
            <value> Providence/Newport,RI</value>
            <value> Raleigh/Durham,NC</value>
            <value> Redding,CA</value>
            <value> Redmond,OR</value>
            <value> Reno,NV</value>
            <value> Richmond,VA</value>
            <value> Roanoke,VA</value>
            <value> Rochester,NY</value>
            <value> Sacramento,CA</value>
            <value> Salt Lake City,UT</value>
            <value> San Antonio,TX</value>
            <value> San Diego,CA</value>
            <value> San Francisco,CA</value>
            <value> San Jose,CA</value>
            <value> Santa Barbara,CA</value>
            <value> Sarasota/Bradenton,FL</value>
            <value> Savannah,GA</value>
            <value> Seattle,WA</value>
            <value> Shreveport,LA</value>
            <value> Sioux Falls,SD</value>
            <value> South Bend,IN</value>
            <value> Spokane,WA</value>
            <value> Springfield,IL</value>
            <value> Springfield/Branson,MO</value>
            <value> St. Louis,MO</value>
            <value> State College,PA</value>
            <value> Syracuse,NY</value>
            <value> Tallahassee,FL</value>
            <value> Tampa,FL</value>
            <value> Toledo,OH</value>
            <value> Toronto,ON</value>
            <value> Tucson,AZ</value>
            <value> Tulsa,OK</value>
            <value> Vancouver,BC</value>
            <value> Washington (Dulles),DC</value>
            <value> Washington (Reagan),DC</value>
            <value> Wichita,KS</value>
            <value> Wilkes Barre/Scranton,PA</value>
            <value> Youngstown,OH</value>
          </domain>
        </input>
      </attr>
    </attrgroup>
    <attrgroup>
      <attr name="or by Vacation Destination" ename="vacation destination">
        <input>
          <domain format="selection_list">
            <value> Acapulco-Mexico</value>
            <value> Adeje-Canary Islands</value>
            <value> Africa/Kenya &amp;amp;amp; Tanzania</value>
            <value> Akaslompolo-Finland</value>
            <value> Alaska-Escorted Tour</value>
            <value> Albuferia-Portugal</value>
            <value> Albuquerque-New Mexico</value>
            <value> Alexandria-Minnesota</value>
            <value> Alicante-Spain</value>
            <value> Almeria-Spain</value>
            <value> Antarctica-Escorted Tour</value>
            <value> Antigua</value>
            <value> Antigua Guatemala-Guatemala</value>
            <value> Aquiraz-Brazil</value>
            <value> Arizona-Grand Canyon</value>
            <value> Arizona-Phoenix</value>
            <value> Arizona-Scottsdale</value>
            <value> Arizona-Sedona</value>
            <value> Arkansas-Bella Vista</value>
            <value> Arkansas-Cherokee Village</value>
            <value> Arkansas-Fairfield Bay</value>
            <value> Arkansas-Holiday Island</value>
            <value> Arkansas-Horseshoe Bend</value>
            <value> Arkansas-Hot Springs</value>
            <value> Arona-Canary Islands</value>
            <value> Aruba</value>
            <value> Asia-Escorted Tour</value>
            <value> Athens &amp;amp;amp; Greek Isles-Greece</value>
            <value> Atlantic Beach-North Carolina</value>
            <value> Atlantic City-New Jersey</value>
            <value> Austin-Texas</value>
            <value> Australia &amp;amp;amp; Fiji</value>
            <value> Australia &amp;amp;amp; New Zealand</value>
            <value> Australia-Ayers Rock</value>
            <value> Australia-Escorted</value>
            <value> Australia-Sydney</value>
            <value> Australia-Sydney, Melb. And More</value>
            <value> Austria-Escorted Tour</value>
            <value> Austria-Grundlsee</value>
            <value> Austria-Zell Am See</value>
            <value> Avon-Colorado</value>
            <value> Ayers Rock-Australia</value>
            <value> Bahamas-Abaco</value>
            <value> Bahamas-Exuma</value>
            <value> Bahamas-Freeport</value>
            <value> Bahamas-Nassau</value>
            <value> Bahamas-Out Islands</value>
            <value> Bali-Indonesia</value>
            <value> Bandera-Texas</value>
            <value> Bangkok-Thailand</value>
            <value> Banner Elk-North Carolina</value>
            <value> Barbados</value>
            <value> Bartlett-New Hampshire</value>
            <value> Batangas-Philippines</value>
            <value> Beijing &amp;amp;amp; Xian-China</value>
            <value> Beijing, Shanghai and More-China</value>
            <value> Beijing-China</value>
            <value> Bella Vista-Arkansas</value>
            <value> Bellaire-Michigan</value>
            <value> Belleair Beach-Florida</value>
            <value> Bermuda</value>
            <value> Bermuda-St. George</value>
            <value> Big Island-Hawaii</value>
            <value> Big Sky-Montana</value>
            <value> Boca Raton-Florida</value>
            <value> Bodrum (Mugla)-Turkey</value>
            <value> Bonaire</value>
            <value> Bonita Springs-Florida</value>
            <value> Bora Bora-Polynesia</value>
            <value> Boston-Massachusetts</value>
            <value> Branson-Missouri</value>
            <value> Brazil-Aquiraz</value>
            <value> Brazil-Florianopolis</value>
            <value> Brazil-Itapema</value>
            <value> Brazil-Porto Seguro</value>
            <value> Brazil-Salvador de Bahia</value>
            <value> Breckenridge-Colorado</value>
            <value> Breezy Point-Minnesota</value>
            <value> Brewster-Massachusetts</value>
            <value> Brigantine-New Jersey</value>
            <value> Budapest-Hungary</value>
            <value> Bushkill-Pennsylvania</value>
            <value> BVI-Virgin Gorda</value>
            <value> Cabarete-Dominican Republic</value>
            <value> Cable-Wisconsin</value>
            <value> Cabo San Lucas-Mexico</value>
            <value> Calgary-Canada</value>
            <value> California-Carlsbad</value>
            <value> California-Disneyland</value>
            <value> California-Escondido</value>
            <value> California-Escorted Tour</value>
            <value> California-Indio</value>
            <value> California-San Diego</value>
            <value> California-San Francisco</value>
            <value> California-San Luis Obispo</value>
            <value> California-Solana Beach</value>
            <value> California-South Lake Tahoe</value>
            <value> California-Squaw Valley</value>
            <value> California-Tahoe Vista</value>
            <value> California-Tehachapi</value>
            <value> Canada-Calgary</value>
            <value> Canada-Eastern (Escorted)</value>
            <value> Canada-Montreal</value>
            <value> Canada-Niagara Falls</value>
            <value> Canada-Quebec City</value>
            <value> Canada-Rail Journey</value>
            <value> Canada-Toronto</value>
            <value> Canada-Western (Escorted)</value>
            <value> Canada-Whistler</value>
            <value> Canary Islands-Adeje</value>
            <value> Canary Islands-Arona</value>
            <value> Canary Islands-Maspalomas</value>
            <value> Canary Islands-Mogan</value>
            <value> Canary Islands-Puerto de la Cruz</value>
            <value> Canary Islands-San Miguel de Abona</value>
            <value> Canary Islands-Santiago del Teide</value>
            <value> Cancun-Mexico</value>
            <value> Canyon Lake-Texas</value>
            <value> Captiva Island-Florida</value>
            <value> Caribbean Coast-Costa Rica</value>
            <value> Carlsbad-California</value>
            <value> Cascais-Portugal</value>
            <value> Cashiers-North Carolina</value>
            <value> Castellon-Spain</value>
            <value> Cebu-Philippines</value>
            <value> Charlotte Harbor-Florida</value>
            <value> Cheau an, Braselton-Georgia</value>
            <value> Chelan-Washington</value>
            <value> Cherokee Village-Arkansas</value>
            <value> Chicago-Illinois</value>
            <value> China-Beijing</value>
            <value> China-Beijing &amp;amp;amp; Xian</value>
            <value> China-Beijing, Shanghai and More</value>
            <value> China-Hong Kong</value>
            <value> China-Shanghai</value>
            <value> China-Yangtze River</value>
            <value> Clearwater-Florida</value>
            <value> Cocoa Beach-Florida</value>
            <value> Colorado-Avon</value>
            <value> Colorado-Breckenridge</value>
            <value> Colorado-Copper Mountain</value>
            <value> Colorado-Denver</value>
            <value> Colorado-Mesa</value>
            <value> Colorado-Pagosa Springs</value>
            <value> Colorado-Silver Creek</value>
            <value> Colorado-Steamboat Springs</value>
            <value> Colorado-Vail &amp;amp;amp; Beaver Creek</value>
            <value> Colorado-Winter Park</value>
            <value> Columbia Falls-Montana</value>
            <value> Copper Canyon Escorted-Mexico</value>
            <value> Copper Mountain-Colorado</value>
            <value> Costa Rica</value>
            <value> Costa Rica-Caribbean Coast</value>
            <value> Costa Rica-Pacific Coast</value>
            <value> Costa Rica-Puntarenas</value>
            <value> Costa Rica-San Jose</value>
            <value> Cozumel-Mexico</value>
            <value> Crete-Greece</value>
            <value> Cumbria-England</value>
            <value> Curacao</value>
            <value> Damascus-Syria</value>
            <value> Daytona Beach-Florida</value>
            <value> DC-Washington</value>
            <value> Delaware-Pennsylvania</value>
            <value> Delray Beach-Florida</value>
            <value> Denmark-Skagen</value>
            <value> Denver-Colorado</value>
            <value> Detroit Lakes-Minnesota</value>
            <value> Disneyland-California</value>
            <value> Dominican Rep.-Puerto Plata</value>
            <value> Dominican Republic</value>
            <value> Dominican Republic-Cabarete</value>
            <value> Dominican Republic-Juan Dolio</value>
            <value> Dominican Republic-La Romana</value>
            <value> Dominican Republic-Las Terrenas</value>
            <value> Dominican Republic-Punta Cana</value>
            <value> Dominican Republic-Samana</value>
            <value> Dominican Republic-Santo Domingo</value>
            <value> Dominican Republic-Sousa</value>
            <value> Eastern (Escorted)-Canada</value>
            <value> Ecuador-Galapagos Islands</value>
            <value> Edisto Beach-South Carolina</value>
            <value> Egg Harbor-Wisconsin</value>
            <value> Egypt</value>
            <value> Egypt-South Sinai</value>
            <value> England-Cumbria</value>
            <value> England-Escorted Tour</value>
            <value> England-Lancashire</value>
            <value> England-London</value>
            <value> England-Nottingham</value>
            <value> England-Nottinghamshire</value>
            <value> Escondido-California</value>
            <value> Escorted Tour-Alaska</value>
            <value> Escorted Tour-Antarctica</value>
            <value> Escorted Tour-Asia</value>
            <value> Escorted Tour-Austria</value>
            <value> Escorted Tour-California</value>
            <value> Escorted Tour-England</value>
            <value> Escorted Tour-France</value>
            <value> Escorted Tour-Greece</value>
            <value> Escorted Tour-India</value>
            <value> Escorted Tour-Ireland</value>
            <value> Escorted Tour-Italy</value>
            <value> Escorted Tour-Portugal</value>
            <value> Escorted Tour-Russia</value>
            <value> Escorted Tour-South Africa</value>
            <value> Escorted Tour-South America</value>
            <value> Escorted Tour-Spain</value>
            <value> Escorted Tour-Switzerland</value>
            <value> Escorted Tour-Thailand</value>
            <value> Escorted Tour-Vietnam</value>
            <value> Escorted-Australia</value>
            <value> Europe/Austria,Switzerland,Italy</value>
            <value> Europe/Benelux-Escorted Tour</value>
            <value> Europe/Central-Escorted Tour</value>
            <value> Europe/Escorted Tour-Benelux</value>
            <value> Europe/Escorted Tour-Central</value>
            <value> Europe/Escorted Tour-Scandinavia</value>
            <value> Europe/Escorted Tour-Western</value>
            <value> Europe/France &amp;amp;amp; Italy</value>
            <value> Europe/Greece &amp;amp;amp; Turkey</value>
            <value> Europe/Istanbul &amp;amp;amp; Athens</value>
            <value> Europe/Italy &amp;amp;amp; Greece</value>
            <value> Europe/London &amp;amp;amp; Paris</value>
            <value> Europe/London, Paris, Amsterdam</value>
            <value> Europe/Scandinavia-Escorted Tour</value>
            <value> Europe/Spain,Portugal,Morocco</value>
            <value> Europe/Western-Escorted Tour</value>
            <value> Exuma-Bahamas</value>
            <value> Fairfield Bay-Arkansas</value>
            <value> Finland-Akaslompolo</value>
            <value> Finland-Kalajoki</value>
            <value> Finland-Kihnio</value>
            <value> Finland-Kuusamo</value>
            <value> Finland-Salla</value>
            <value> Finland-Tahkovuori</value>
            <value> Finland-Vuokatti</value>
            <value> Florianopolis-Brazil</value>
            <value> Florida-Belleair Beach</value>
            <value> Florida-Boca Raton</value>
            <value> Florida-Bonita Springs</value>
            <value> Florida-Captiva Island</value>
            <value> Florida-Charlotte Harbor</value>
            <value> Florida-Clearwater</value>
            <value> Florida-Cocoa Beach</value>
            <value> Florida-Daytona Beach</value>
            <value> Florida-Delray Beach</value>
            <value> Florida-Fort Lauderdale</value>
            <value> Florida-Fort Myers</value>
            <value> Florida-Hollywood</value>
            <value> Florida-Indian Shores</value>
            <value> Florida-Jupiter</value>
            <value> Florida-Key West</value>
            <value> Florida-Lake Wales</value>
            <value> Florida-Lehigh Acres</value>
            <value> Florida-Marathon</value>
            <value> Florida-Marco Island</value>
            <value> Florida-Melbourne</value>
            <value> Florida-Miami</value>
            <value> Florida-Mulberry</value>
            <value> Florida-Naples</value>
            <value> Florida-Orlando</value>
            <value> Florida-Palm Beach</value>
            <value> Florida-Poinciana</value>
            <value> Florida-Pompano Beach</value>
            <value> Florida-Sanibel Island</value>
            <value> Florida-Sarasota</value>
            <value> Florida-Sebastian</value>
            <value> Florida-Sebring</value>
            <value> Florida-St. Augustine</value>
            <value> Florida-St. Petersburg</value>
            <value> Florida-Sunny Isles</value>
            <value> Florida-Tampa</value>
            <value> Florida-Titusville</value>
            <value> Florida-Vero Beach</value>
            <value> Florida-Weston</value>
            <value> Fontana Dam-North Carolina</value>
            <value> Fort Lauderdale-Florida</value>
            <value> Fort Myers-Florida</value>
            <value> France</value>
            <value> France-Escorted Tour</value>
            <value> France-Paris</value>
            <value> Freeport-Bahamas</value>
            <value> French Lick-Indiana</value>
            <value> Galapagos Islands-Ecuador</value>
            <value> Garden City-Utah</value>
            <value> Gatlinburg-Tennessee</value>
            <value> Georgia-Cheau an, Braselton</value>
            <value> Germany</value>
            <value> Germany-Oberstaufen</value>
            <value> Germany-Schleiden Gemond</value>
            <value> Girne-Northern Cyprus</value>
            <value> Glacier-Washington</value>
            <value> Goa-India</value>
            <value> Grand Canyon-Arizona</value>
            <value> Grand Cayman</value>
            <value> Great Barrington-Massachusetts</value>
            <value> Greece-Athens &amp;amp;amp; Greek Isles</value>
            <value> Greece-Crete</value>
            <value> Greece-Escorted Tour</value>
            <value> Greece-Limassol</value>
            <value> Grenada</value>
            <value> Grenadines-Palm Island</value>
            <value> Grundlsee-Austria</value>
            <value> Guadalajara-Mexico</value>
            <value> Guadeloupe</value>
            <value> Guatemala-Antigua Guatemala</value>
            <value> Hambantota-Sri Lanka</value>
            <value> Hawaii-Big Island</value>
            <value> Hawaii-Kauai</value>
            <value> Hawaii-Kona</value>
            <value> Hawaii-Lahaina, Maui</value>
            <value> Hawaii-Lanai</value>
            <value> Hawaii-Lihue</value>
            <value> Hawaii-Maui</value>
            <value> Hawaii-Molokai</value>
            <value> Hawaii-Oahu</value>
            <value> Henefer-Utah</value>
            <value> Highlands and Islands-Scotland</value>
            <value> Hilton Head-South Carolina</value>
            <value> Holiday Island-Arkansas</value>
            <value> Hollywood-Florida</value>
            <value> Hong Kong-China</value>
            <value> Horseshoe Bend-Arkansas</value>
            <value> Hot Springs-Arkansas</value>
            <value> Huatulco-Mexico</value>
            <value> Hungary-Budapest</value>
            <value> Illinois-Chicago</value>
            <value> India-Escorted Tour</value>
            <value> India-Goa</value>
            <value> India-Munnar</value>
            <value> India-Nainital District</value>
            <value> India-Parwanoo</value>
            <value> India-Puri</value>
            <value> India-Ranikhet</value>
            <value> India-Shimla</value>
            <value> Indian Shores-Florida</value>
            <value> Indiana-French Lick</value>
            <value> Indio-California</value>
            <value> Indonesia-Bali</value>
            <value> Indonesia-Pulau (Batam)</value>
            <value> Ireland</value>
            <value> Ireland-Escorted Tour</value>
            <value> Isla De Margarita-Venezuela</value>
            <value> Isle of Man-Port Erin</value>
            <value> Italy-Escorted Tour</value>
            <value> Italy-Rome</value>
            <value> Italy-Venice</value>
            <value> Itapema-Brazil</value>
            <value> Ixtapa &amp;amp;amp; Zihuatenejo-Mexico</value>
            <value> Jamaica</value>
            <value> Jamaica-Montego Bay</value>
            <value> Jamaica-Negril</value>
            <value> Jamaica-Ocho Rios</value>
            <value> Japan</value>
            <value> Japan-Tokyo &amp;amp;amp; Kyoto</value>
            <value> Juan Dolio-Dominican Republic</value>
            <value> Jupiter-Florida</value>
            <value> Kalajoki-Finland</value>
            <value> Kauai-Hawaii</value>
            <value> Kenya</value>
            <value> Key West-Florida</value>
            <value> Kihnio-Finland</value>
            <value> Killington-Vermont</value>
            <value> Kimberling City-Missouri</value>
            <value> Kitty Hawk-North Carolina</value>
            <value> Kona-Hawaii</value>
            <value> Kuala Lumpur-Malaysia</value>
            <value> Kuusamo-Finland</value>
            <value> La Romana-Dominican Republic</value>
            <value> Lago Vista-Texas</value>
            <value> Lahaina, Maui-Hawaii</value>
            <value> Lake Conroe-Texas</value>
            <value> Lake Lure-North Carolina</value>
            <value> Lake Ozark-Missouri</value>
            <value> Lake Wales-Florida</value>
            <value> Lanai-Hawaii</value>
            <value> Lancashire-England</value>
            <value> Las Terrenas-Dominican Republic</value>
            <value> Las Vegas-Nevada</value>
            <value> Leeward Islands-Saint Martin</value>
            <value> Lehigh Acres-Florida</value>
            <value> Lihue-Hawaii</value>
            <value> Limassol-Greece</value>
            <value> Lincoln-New Hampshire</value>
            <value> London-England</value>
            <value> Los Cabos-Mexico</value>
            <value> Louisiana-New Orleans</value>
            <value> Maine-Ogunquit</value>
            <value> Maine-Rockport</value>
            <value> Maine-Wells</value>
            <value> Malaga-Spain</value>
            <value> Malay, Aklan-Philippines</value>
            <value> Malaysia-Kuala Lumpur</value>
            <value> Malaysia-Pahang</value>
            <value> Malaysia-Penang</value>
            <value> Malaysia-Perak Darul Ridzuan</value>
            <value> Malta-Mellieha</value>
            <value> Malta-Qawra</value>
            <value> Malta-St. Pauls Bay</value>
            <value> Manson-Washington</value>
            <value> Manzanillo-Mexico</value>
            <value> Marathon-Florida</value>
            <value> Marco Island-Florida</value>
            <value> Marrakech-Morocco</value>
            <value> Martinique</value>
            <value> Maryland-Ocean City</value>
            <value> Mashpee-Massachusetts</value>
            <value> Maspalomas-Canary Islands</value>
            <value> Massachusetts-Boston</value>
            <value> Massachusetts-Brewster</value>
            <value> Massachusetts-Great Barrington</value>
            <value> Massachusetts-Mashpee</value>
            <value> Massachusetts-South Lee</value>
            <value> Massachusetts-South Yarmouth</value>
            <value> Massachusetts-West Yarmouth</value>
            <value> Maui-Hawaii</value>
            <value> Mayan Riviera-Mexico</value>
            <value> Mazatlan-Mexico</value>
            <value> McGaheysville-Virginia</value>
            <value> Melbourne-Florida</value>
            <value> Mellieha-Malta</value>
            <value> Memphis Widescreen-Tennessee</value>
            <value> Memphis-Tennessee</value>
            <value> Merida-Mexico</value>
            <value> Mesa-Colorado</value>
            <value> Mesquite-Nevada</value>
            <value> Mexico City-Mexico</value>
            <value> Mexico-Acapulco</value>
            <value> Mexico-Cabo San Lucas</value>
            <value> Mexico-Cancun</value>
            <value> Mexico-Copper Canyon Escorted</value>
            <value> Mexico-Cozumel</value>
            <value> Mexico-Guadalajara</value>
            <value> Mexico-Huatulco</value>
            <value> Mexico-Ixtapa &amp;amp;amp; Zihuatenejo</value>
            <value> Mexico-Los Cabos</value>
            <value> Mexico-Manzanillo</value>
            <value> Mexico-Mayan Riviera</value>
            <value> Mexico-Mazatlan</value>
            <value> Mexico-Merida</value>
            <value> Mexico-Mexico City</value>
            <value> Mexico-Playa del Carmen</value>
            <value> Mexico-Puerto Morelos</value>
            <value> Mexico-Puerto Vallarta</value>
            <value> Miami-Florida</value>
            <value> Michigan-Bellaire</value>
            <value> Michigan-Traverse City</value>
            <value> Minnesota-Alexandria</value>
            <value> Minnesota-Breezy Point</value>
            <value> Minnesota-Detroit Lakes</value>
            <value> Minnesota-Pequot Lakes</value>
            <value> Mishicot-Wisconsin</value>
            <value> Missouri-Branson</value>
            <value> Missouri-Kimberling City</value>
            <value> Missouri-Lake Ozark</value>
            <value> Mogan-Canary Islands</value>
            <value> Molokai-Hawaii</value>
            <value> Monaco-Monte Carlo</value>
            <value> Montana-Big Sky</value>
            <value> Montana-Columbia Falls</value>
            <value> Montana-Seeley Lake</value>
            <value> Montana-West Glacier</value>
            <value> Montana-Whitefish</value>
            <value> Monte Carlo-Monaco</value>
            <value> Montego Bay-Jamaica</value>
            <value> Montreal-Canada</value>
            <value> Morocco</value>
            <value> Morocco-Marrakech</value>
            <value> Mulberry-Florida</value>
            <value> Munnar-India</value>
            <value> Myrtle Beach-South Carolina</value>
            <value> Nags Head-North Carolina</value>
            <value> Nainital District-India</value>
            <value> Naples-Florida</value>
            <value> Nashville-Tennessee</value>
            <value> Nassau-Bahamas</value>
            <value> Negril-Jamaica</value>
            <value> Netherlands</value>
            <value> Nevada-Las Vegas</value>
            <value> Nevada-Mesquite</value>
            <value> Nevada-Stateline</value>
            <value> New Bern-North Carolina</value>
            <value> New Hampshire-Bartlett</value>
            <value> New Hampshire-Lincoln</value>
            <value> New Hampshire-North Conway</value>
            <value> New Hampshire-North Woodstock</value>
            <value> New Hampshire-Weirs Beach</value>
            <value> New Jersey-Atlantic City</value>
            <value> New Jersey-Brigantine</value>
            <value> New Mexico-Albuquerque</value>
            <value> New Mexico-Ruidoso Downs</value>
            <value> New Mexico-Santa Fe</value>
            <value> New Orleans-Louisiana</value>
            <value> New York City-New York</value>
            <value> New Zealand</value>
            <value> Newport-Rhode Island</value>
            <value> Niagara Falls-Canada</value>
            <value> North Carolina-Atlantic Beach</value>
            <value> North Carolina-Banner Elk</value>
            <value> North Carolina-Cashiers</value>
            <value> North Carolina-Fontana Dam</value>
            <value> North Carolina-Kitty Hawk</value>
            <value> North Carolina-Lake Lure</value>
            <value> North Carolina-Nags Head</value>
            <value> North Carolina-New Bern</value>
            <value> North Conway-New Hampshire</value>
            <value> North Woodstock-New Hampshire</value>
            <value> Northern Cyprus-Girne</value>
            <value> Nottingham-England</value>
            <value> Nottinghamshire-England</value>
            <value> Oahu-Hawaii</value>
            <value> Oberstaufen-Germany</value>
            <value> Ocean City-Maryland</value>
            <value> Ocean Shores-Washington</value>
            <value> Ocho Rios-Jamaica</value>
            <value> Oconomowoc-Wisconsin</value>
            <value> Ogunquit-Maine</value>
            <value> Oregon-Redmond</value>
            <value> Oregon-Welches</value>
            <value> Orlando-Florida</value>
            <value> Out Islands-Bahamas</value>
            <value> Pacific Coast-Costa Rica</value>
            <value> Pagosa Springs-Colorado</value>
            <value> Pahang-Malaysia</value>
            <value> Palm Beach-Florida</value>
            <value> Palm Island-Grenadines</value>
            <value> Paris-France</value>
            <value> Park City-Utah</value>
            <value> Parwanoo-India</value>
            <value> Penang-Malaysia</value>
            <value> Pennsylvania-Bushkill</value>
            <value> Pennsylvania-Delaware</value>
            <value> Pennsylvania-Philadelphia</value>
            <value> Pennsylvania-Union Dale</value>
            <value> Pequot Lakes-Minnesota</value>
            <value> Perak Darul Ridzuan-Malaysia</value>
            <value> Phelps-Wisconsin</value>
            <value> Philadelphia-Pennsylvania</value>
            <value> Philippines-Batangas</value>
            <value> Philippines-Cebu</value>
            <value> Philippines-Malay, Aklan</value>
            <value> Philippines-Tagaytay</value>
            <value> Phoenix-Arizona</value>
            <value> Playa del Carmen-Mexico</value>
            <value> Poinciana-Florida</value>
            <value> Polynesia-Bora Bora</value>
            <value> Pompano Beach-Florida</value>
            <value> Port Erin-Isle of Man</value>
            <value> Port Townsend-Washington</value>
            <value> Porto Seguro-Brazil</value>
            <value> Portugal-Albuferia</value>
            <value> Portugal-Cascais</value>
            <value> Portugal-Escorted Tour</value>
            <value> Portugal-Vilamoura</value>
            <value> Puerto de la Cruz-Canary Islands</value>
            <value> Puerto Morelos-Mexico</value>
            <value> Puerto Plata-Dominican Rep.</value>
            <value> Puerto Rico</value>
            <value> Puerto Vallarta-Mexico</value>
            <value> Pulau (Batam)-Indonesia</value>
            <value> Punta Cana-Dominican Republic</value>
            <value> Puntarenas-Costa Rica</value>
            <value> Puri-India</value>
            <value> Qawra-Malta</value>
            <value> Quebec City-Canada</value>
            <value> Rail Journey-Canada</value>
            <value> Ranikhet-India</value>
            <value> Redmond-Oregon</value>
            <value> Rhode Island-Newport</value>
            <value> Rockport-Maine</value>
            <value> Rome-Italy</value>
            <value> Ruidoso Downs-New Mexico</value>
            <value> Runaway Bay-Texas</value>
            <value> Russia-Escorted Tour</value>
            <value> Saint Barthelemy-St. Barts</value>
            <value> Saint Martin-Leeward Islands</value>
            <value> Salla-Finland</value>
            <value> Salt Lake City-Utah</value>
            <value> Salvador de Bahia-Brazil</value>
            <value> Sam Rayburn-Texas</value>
            <value> Samana-Dominican Republic</value>
            <value> San Antonio-Texas</value>
            <value> San Diego-California</value>
            <value> San Francisco-California</value>
            <value> San Jose-Costa Rica</value>
            <value> San Luis Obispo-California</value>
            <value> San Miguel de Abona-Canary Islands</value>
            <value> Sanibel Island-Florida</value>
            <value> Santa Fe-New Mexico</value>
            <value> Santiago del Teide-Canary Islands</value>
            <value> Santo Domingo-Dominican Republic</value>
            <value> Sarasota-Florida</value>
            <value> Schleiden Gemond-Germany</value>
            <value> Scotland-Highlands and Islands</value>
            <value> Scotland-St. Andrews</value>
            <value> Scottsdale-Arizona</value>
            <value> Seattle-Washington</value>
            <value> Sebastian-Florida</value>
            <value> Sebring-Florida</value>
            <value> Sedona-Arizona</value>
            <value> Seeley Lake-Montana</value>
            <value> Shanghai-China</value>
            <value> Shimla-India</value>
            <value> Silver Creek-Colorado</value>
            <value> Singapore</value>
            <value> Skagen-Denmark</value>
            <value> Smugglers Notch-Vermont</value>
            <value> Snowbird-Utah</value>
            <value> Solana Beach-California</value>
            <value> Sousa-Dominican Republic</value>
            <value> South Africa-Escorted Tour</value>
            <value> South America-Escorted Tour</value>
            <value> South Carolina-Edisto Beach</value>
            <value> South Carolina-Hilton Head</value>
            <value> South Carolina-Myrtle Beach</value>
            <value> South Carolina-Surfside Beach</value>
            <value> South Lake Tahoe-California</value>
            <value> South Lee-Massachusetts</value>
            <value> South Padre Island-Texas</value>
            <value> South Sinai-Egypt</value>
            <value> South Yarmouth-Massachusetts</value>
            <value> Spain &amp;amp;amp; Portugal</value>
            <value> Spain-Alicante</value>
            <value> Spain-Almeria</value>
            <value> Spain-Castellon</value>
            <value> Spain-Escorted Tour</value>
            <value> Spain-Malaga</value>
            <value> Spain-Tarragona</value>
            <value> Squaw Valley-California</value>
            <value> Sri Lanka-Hambantota</value>
            <value> St. Andrews-Scotland</value>
            <value> St. Augustine-Florida</value>
            <value> St. Barts-Saint Barthelemy</value>
            <value> St. Croix-USVI</value>
            <value> St. George-Bermuda</value>
            <value> St. George-Utah</value>
            <value> St. John-USVI</value>
            <value> St. Kitts &amp;amp;amp; Nevis</value>
            <value> St. Lucia</value>
            <value> St. Martin &amp;amp;amp; St. Maarten</value>
            <value> St. Pauls Bay-Malta</value>
            <value> St. Petersburg-Florida</value>
            <value> St. Thomas-USVI</value>
            <value> Stateline-Nevada</value>
            <value> Steamboat Springs-Colorado</value>
            <value> Sunny Isles-Florida</value>
            <value> Surfside Beach-South Carolina</value>
            <value> Switzerland-Escorted Tour</value>
            <value> Sydney, Melb. And More-Australia</value>
            <value> Sydney-Australia</value>
            <value> Syria-Damascus</value>
            <value> Tagaytay-Philippines</value>
            <value> Tahkovuori-Finland</value>
            <value> Tahoe Vista-California</value>
            <value> Tampa-Florida</value>
            <value> Tarragona-Spain</value>
            <value> Tehachapi-California</value>
            <value> Tennessee-Gatlinburg</value>
            <value> Tennessee-Memphis</value>
            <value> Tennessee-Memphis Widescreen</value>
            <value> Tennessee-Nashville</value>
            <value> Texas-Austin</value>
            <value> Texas-Bandera</value>
            <value> Texas-Canyon Lake</value>
            <value> Texas-Lago Vista</value>
            <value> Texas-Lake Conroe</value>
            <value> Texas-Runaway Bay</value>
            <value> Texas-Sam Rayburn</value>
            <value> Texas-San Antonio</value>
            <value> Texas-South Padre Island</value>
            <value> Thailand-Bangkok</value>
            <value> Thailand-Escorted Tour</value>
            <value> Titusville-Florida</value>
            <value> Tobago-Trinidad</value>
            <value> Tokyo &amp;amp;amp; Kyoto-Japan</value>
            <value> Toronto-Canada</value>
            <value> Traverse City-Michigan</value>
            <value> Trinidad-Tobago</value>
            <value> Turkey-Bodrum (Mugla)</value>
            <value> Turks and Caicos</value>
            <value> Union Dale-Pennsylvania</value>
            <value> United Kingdom</value>
            <value> USA/Central-Escorted Tours</value>
            <value> USA/Escorted Tour-Northeast</value>
            <value> USA/Escorted Tour-Southwest</value>
            <value> USA/Escorted Tour-West</value>
            <value> USA/Escorted Tours-Central</value>
            <value> USA/Escorted-Northeast+Canada</value>
            <value> USA/Escorted-Northwest+Canada</value>
            <value> USA/Grand Canyon</value>
            <value> USA/Northeast+Canada-Escorted</value>
            <value> USA/Northeast-Escorted Tour</value>
            <value> USA/Northwest+Canada-Escorted</value>
            <value> USA/Southwest-Escorted Tour</value>
            <value> USA/West-Escorted Tour</value>
            <value> USVI-St. Croix</value>
            <value> USVI-St. John</value>
            <value> USVI-St. Thomas</value>
            <value> Utah-Garden City</value>
            <value> Utah-Henefer</value>
            <value> Utah-Park City</value>
            <value> Utah-Salt Lake City</value>
            <value> Utah-Snowbird</value>
            <value> Utah-St. George</value>
            <value> Vail &amp;amp;amp; Beaver Creek-Colorado</value>
            <value> Venezuela-Isla De Margarita</value>
            <value> Venice-Italy</value>
            <value> Vermont-Killington</value>
            <value> Vermont-Smugglers Notch</value>
            <value> Vero Beach-Florida</value>
            <value> Vietnam-Escorted Tour</value>
            <value> Vilamoura-Portugal</value>
            <value> Virgin Gorda-BVI</value>
            <value> Virginia-McGaheysville</value>
            <value> Virginia-Williamsburg</value>
            <value> Vuokatti-Finland</value>
            <value> Washington-Chelan</value>
            <value> Washington-DC</value>
            <value> Washington-Glacier</value>
            <value> Washington-Manson</value>
            <value> Washington-Ocean Shores</value>
            <value> Washington-Port Townsend</value>
            <value> Washington-Seattle</value>
            <value> Weirs Beach-New Hampshire</value>
            <value> Welches-Oregon</value>
            <value> Wells-Maine</value>
            <value> West Glacier-Montana</value>
            <value> West Yarmouth-Massachusetts</value>
            <value> Western (Escorted)-Canada</value>
            <value> Weston-Florida</value>
            <value> Whistler-Canada</value>
            <value> Whitefish-Montana</value>
            <value> Williamsburg-Virginia</value>
            <value> Winter Park-Colorado</value>
            <value> Wisconsin Dells-Wisconsin</value>
            <value> Wisconsin-Cable</value>
            <value> Wisconsin-Egg Harbor</value>
            <value> Wisconsin-Mishicot</value>
            <value> Wisconsin-Oconomowoc</value>
            <value> Wisconsin-Phelps</value>
            <value> Wisconsin-Wisconsin Dells</value>
            <value> Yangtze River-China</value>
            <value> Zell Am See-Austria</value>
          </domain>
        </input>
      </attr>
    </attrgroup>
    <attrgroup>
      <attr name="or by Cruise Destination" ename="cruise destination">
        <input>
          <domain format="selection_list">
            <value>Any Cruise</value>
            <value> Africa 24-Night</value>
            <value> Alaska  5-Night</value>
            <value> Alaska  7-Night</value>
            <value> Alaska  9-Night</value>
            <value> Alaska 10-Night</value>
            <value> Alaska 11-Night</value>
            <value> Alaska 12-Night</value>
            <value> Alaska 14-Night</value>
            <value> Alaska/Pacific Coastal 14-Night</value>
            <value> Antarctica 10-Night</value>
            <value> Antartica 24-Night</value>
            <value> Asia 16-Night</value>
            <value> Australia / New Zealand 12-Night</value>
            <value> Australia / New Zealand 14-Night</value>
            <value> Bahamas  2-Night</value>
            <value> Bahamas  3-Night</value>
            <value> Bahamas  4-Night</value>
            <value> Bahamas  5-Night</value>
            <value> Bahamas  6-Night</value>
            <value> Bahamas  7-Night</value>
            <value> Baja  3-Night</value>
            <value> Baja  4-Night</value>
            <value> Baltic &amp;amp;amp; Russia  7-Night</value>
            <value> Baltic &amp;amp;amp; Russia  9-Night</value>
            <value> Baltic &amp;amp;amp; Russia 11-Night</value>
            <value> Baltic &amp;amp;amp; Russia 12-Night</value>
            <value> Baltic 10-Night</value>
            <value> Bermuda  6-Night</value>
            <value> Bermuda  7-Night</value>
            <value> Canada  7-Night</value>
            <value> Canada &amp;amp;amp; US 14-Night</value>
            <value> Canada / New England  4-Night</value>
            <value> Canada / New England  5-Night</value>
            <value> Canada / New England  7-Night</value>
            <value> Canada / New England 10-Night</value>
            <value> Canada / New England 11-Night</value>
            <value> Canada / New England 12-Night</value>
            <value> Canada 7-Night</value>
            <value> Canada/New England  7-Night</value>
            <value> Caribbean  4-Night</value>
            <value> Caribbean  5-Night</value>
            <value> Caribbean  6-Night</value>
            <value> Caribbean  7-Night</value>
            <value> Caribbean  8-Night</value>
            <value> Caribbean 10-Night</value>
            <value> Caribbean 11-Night</value>
            <value> Caribbean 12-Night</value>
            <value> Caribbean 13-Night</value>
            <value> Caribbean 14-Night</value>
            <value> Caribbean Eastern  7-Night</value>
            <value> Caribbean Eastern  8-Night</value>
            <value> Caribbean Eastern  9-Night</value>
            <value> Caribbean Eastern  9-Night</value>
            <value> Caribbean Eastern 11-Night</value>
            <value> Caribbean Eastern 13-Night</value>
            <value> Caribbean Southern  7-Night</value>
            <value> Caribbean Southern  8-Night</value>
            <value> Caribbean Southern 10-Night</value>
            <value> Caribbean Southern 11-Night</value>
            <value> Caribbean Southern 13-Night</value>
            <value> Caribbean Southern 14-Night</value>
            <value> Caribbean Western  4-Night</value>
            <value> Caribbean Western  5-Night</value>
            <value> Caribbean Western  7-Night</value>
            <value> Caribbean Western  8-Night</value>
            <value> Caribbean Western 10-Night</value>
            <value> Caribbean Western 11-Night</value>
            <value> Caribbean Western 14-Night</value>
            <value> Carribean 10-Night</value>
            <value> Chilean Fjords 14-Night</value>
            <value> China 12-Night</value>
            <value> Colonial America 15-Night</value>
            <value> Cruise to Nowhere  2-Night</value>
            <value> Cruise to Nowhere  3-Night</value>
            <value> Eastern Caribbean  7-Night</value>
            <value> Eastern Mediterranean 10-Night</value>
            <value> Europe / Mediterranean 12-Night</value>
            <value> Europe 10-Night</value>
            <value> Europe 11-Night</value>
            <value> Europe 12-Night</value>
            <value> Europe 13-Night</value>
            <value> Europe 14-Night</value>
            <value> Europe 16-Night</value>
            <value> Europe Northern 12-Night</value>
            <value> Europe Northern 14-Night</value>
            <value> Europe/Mediterranean 12-Night</value>
            <value> Europe/Mediterranean 12-Night</value>
            <value> French Polynesia  7-Night</value>
            <value> French Polynesia 10-Night</value>
            <value> Hawaii  7-Night</value>
            <value> Hawaii  9-Night</value>
            <value> Hawaii 10-Night</value>
            <value> Hawaii 11-Night</value>
            <value> Hawaii 12-Night</value>
            <value> Hawaii 15-Night</value>
            <value> Holiday Cruise 15-Night</value>
            <value> Key West/Bahamas  3-Night</value>
            <value> Land &amp;amp;amp; Sea  7-Night</value>
            <value> Med. / Transatlantic 16-Night</value>
            <value> Mediterranean  5-Night</value>
            <value> Mediterranean  7-Night</value>
            <value> Mediterranean 10-Night</value>
            <value> Mediterranean 12-Night</value>
            <value> Mediterranean 14-Night</value>
            <value> Mediterranean 15-Night</value>
            <value> Mediterranean Eastern  7-Night</value>
            <value> Mediterranean Eastern 10-Night</value>
            <value> Mediterranean Eastern 11-Night</value>
            <value> Mediterranean Western  6-Night</value>
            <value> Mediterranean Western  7-Night</value>
            <value> Mediterranean Western  8-Night</value>
            <value> Mediterranean Western 10-Night</value>
            <value> Mediterranean Western 11-Night</value>
            <value> Mediterranean Western 12-Night</value>
            <value> Mexican Riviera  7-Night</value>
            <value> Mexican Riviera 8-Night</value>
            <value> Mexico  5-Night</value>
            <value> Mexico  7-Night</value>
            <value> Mexico 10-Night</value>
            <value> Mexico 11-Night</value>
            <value> Mexico/Pacific Coast 7-Night</value>
            <value> North Cape &amp;amp;amp; Fjords  7-Night</value>
            <value> North Cape &amp;amp;amp; Fjords 11-Night</value>
            <value> Northern Europe  7-Night</value>
            <value> Northern Europe  9-Night</value>
            <value> Northern Europe 12-Night</value>
            <value> Northern Europe 13-Night</value>
            <value> Orient 18-Night</value>
            <value> Orient 19-Night</value>
            <value> Orient 30-Night</value>
            <value> Pacific Coastal  4-Night</value>
            <value> Pacific Coastal  5-Night</value>
            <value> Pacific Coastal  7-Night</value>
            <value> Panama Canal 10-Night</value>
            <value> Panama Canal 11-Night</value>
            <value> Panama Canal 12-Night</value>
            <value> Panama Canal 14-Night</value>
            <value> Panama Canal 15-Night</value>
            <value> Panama Canal 17-Night</value>
            <value> Scandinavia 16-Night</value>
            <value> South America  9-Night</value>
            <value> South America 11-Night</value>
            <value> South America 12-Night</value>
            <value> South America 13-Night</value>
            <value> South America 14-Night</value>
            <value> South America 17-Night</value>
            <value> South America 18-Night</value>
            <value> South Pacific 16-Night</value>
            <value> South Pacific 18-Night</value>
            <value> Southern Discovery 15-Night</value>
            <value> Texaribbean  7-Night</value>
            <value> Trans-Canal 10-Night</value>
            <value> Trans-Canal 11-Night</value>
            <value> Trans-Canal 14-Night</value>
            <value> Trans-Canal 15-Night</value>
            <value> Trans-Canal 17-Night</value>
            <value> Transatlantic  6-Night</value>
            <value> Transatlantic  7-Night</value>
            <value> Transatlantic 10-Night</value>
            <value> Transatlantic 12-Night</value>
            <value> Transatlantic 14-Night</value>
            <value> Transatlantic 15-Night</value>
            <value> Transatlantic 16-Night</value>
            <value> Transatlantic 17-Night</value>
            <value> Transatlantic 21-Night</value>
            <value> Unique  5-Night</value>
            <value> Unique  9-Night</value>
            <value> Unique 10-Night</value>
            <value> Yangtze River 11-Night</value>
            <value> Yangtze River 14-Night</value>
            <value> Yangtze River 15-Night</value>
            <value> Yangtze River 16-Night</value>
            <value> Yangtze River 17-Night</value>
          </domain>
        </input>
      </attr>
    </attrgroup>
    <attrgroup>
      <attr name="or by Cruise Ship" ename="cruise ship">
        <input>
          <domain format="selection_list">
            <value>Any Ship</value>
            <value> Carnival's Celebration</value>
            <value> Carnival's Conquest</value>
            <value> Carnival's Destiny</value>
            <value> Carnival's Ecstasy</value>
            <value> Carnival's Elation</value>
            <value> Carnival's Fantasy</value>
            <value> Carnival's Fascination</value>
            <value> Carnival's Glory</value>
            <value> Carnival's Holiday</value>
            <value> Carnival's Imagination</value>
            <value> Carnival's Inspiration</value>
            <value> Carnival's Jubilee</value>
            <value> Carnival's Legend</value>
            <value> Carnival's Paradise</value>
            <value> Carnival's Pride</value>
            <value> Carnival's Sensation</value>
            <value> Carnival's Spirit</value>
            <value> Carnival's Triumph</value>
            <value> Carnival's Victory</value>
            <value> Celebrity's Century</value>
            <value> Celebrity's Constellation</value>
            <value> Celebrity's Galaxy</value>
            <value> Celebrity's Horizon</value>
            <value> Celebrity's Infinity</value>
            <value> Celebrity's Mercury</value>
            <value> Celebrity's Millennium</value>
            <value> Celebrity's Summit</value>
            <value> Celebrity's Zenith</value>
            <value> China Regal Cruises</value>
            <value> CostaAllegra</value>
            <value> CostaAtlantica</value>
            <value> CostaClassica</value>
            <value> CostaEuropa</value>
            <value> CostaMediterranea</value>
            <value> CostaRomantica</value>
            <value> CostaTropicale</value>
            <value> CostaVictoria</value>
            <value> Crystal Harmony</value>
            <value> Crystal Serenity</value>
            <value> Crystal Symphony</value>
            <value> Cunard's Queen Elizabeth II</value>
            <value> Disney Magic</value>
            <value> Disney Wonder</value>
            <value> Holland America's Amsterdam</value>
            <value> Holland America's Maasdam</value>
            <value> Holland America's Noordam</value>
            <value> Holland America's Prinsendam</value>
            <value> Holland America's Ryndam</value>
            <value> Holland America's Statendam</value>
            <value> Holland America's Veendam</value>
            <value> Holland America's Volendam</value>
            <value> Holland America's Zaandam</value>
            <value> Holland America's Zuiderdam</value>
            <value> MS Yangtze Angel</value>
            <value> MS Yangtze Star</value>
            <value> NCL's Norway</value>
            <value> NCL's Norwegian Crown</value>
            <value> NCL's Norwegian Dawn</value>
            <value> NCL's Norwegian Dream</value>
            <value> NCL's Norwegian Majesty</value>
            <value> NCL's Norwegian Sea</value>
            <value> NCL's Norwegian Sky</value>
            <value> NCL's Norwegian Star</value>
            <value> NCL's Norwegian Sun</value>
            <value> NCL's Norwegian Wind</value>
            <value> Ocean Club's Club Mirage</value>
            <value> Oceania's Regatta</value>
            <value> Orient's Crown Odyssey</value>
            <value> Orient's Marco Polo</value>
            <value> Princess' Coral Princess</value>
            <value> Princess' Dawn Princess</value>
            <value> Princess' Diamond Princess</value>
            <value> Princess' Golden Princess</value>
            <value> Princess' Grand Princess</value>
            <value> Princess' Island Princess</value>
            <value> Princess' Pacific Princess (New)</value>
            <value> Princess' Regal Princess</value>
            <value> Princess' Royal Princess</value>
            <value> Princess' Star Princess</value>
            <value> Princess' Sun Princess</value>
            <value> Princess' Tahitian Princess</value>
            <value> Radisson Seven Seas Diamond</value>
            <value> Radisson Seven Seas Navigator</value>
            <value> Radisson Seven Seas Voyager</value>
            <value> RCCL's Adventure of the Seas</value>
            <value> RCCL's Brilliance of the Seas</value>
            <value> RCCL's Enchantment of the Seas</value>
            <value> RCCL's Explorer of the Seas</value>
            <value> RCCL's Grandeur of the Seas</value>
            <value> RCCL's Legend of the Seas</value>
            <value> RCCL's Majesty of the Seas</value>
            <value> RCCL's Mariner of the Seas</value>
            <value> RCCL's Monarch of the Seas</value>
            <value> RCCL's Navigator of the Seas</value>
            <value> RCCL's Nordic Empress</value>
            <value> RCCL's Radiance of the Seas</value>
            <value> RCCL's Rhapsody of the Seas</value>
            <value> RCCL's Serenade of the Seas</value>
            <value> RCCL's Sovereign of the Seas</value>
            <value> RCCL's Splendour of the Seas</value>
            <value> RCCL's Vision of the Seas</value>
            <value> RCCL's Voyager of the Seas</value>
            <value> Seabourn Pride</value>
            <value> Seabourn Spirit</value>
            <value> Victoria Cruises</value>
          </domain>
        </input>
      </attr>
    </attrgroup>
  </form>
</source>