<source url="https://www.flyairnorth.com" interurl="https://www.flyairnorth.com/servlets/AvailableFlightsServlet">
  <srcname>Air North</srcname>
  <form>
    <attrgroup>
      <attr name="Frequent Flyer Number" ename="flyer number">
        <input>
          <domain format="text_box" />
        </input>
      </attr>
    </attrgroup>
    <attrgroup>
      <attr name="Depart" ename="depart">
        <input>
          <domain format="selection_list">
            <value>Calgary</value>
            <value>Dawson City</value>
            <value>Edmonton</value>
            <value>Fairbanks</value>
            <value>Inuvik</value>
            <value>Juneau</value>
            <value>Old Crow</value>
            <value>Vancouver</value>
            <value>Whitehorse</value>
          </domain>
        </input>
      </attr>
    </attrgroup>
    <attrgroup>
      <attr name="Destination" ename="destination">
        <input>
          <domain format="selection_list">
            <value>Calgary</value>
            <value>Dawson City</value>
            <value>Edmonton</value>
            <value>Fairbanks</value>
            <value>Inuvik</value>
            <value>Juneau</value>
            <value>Old Crow</value>
            <value>Vancouver</value>
            <value>Whitehorse</value>
          </domain>
        </input>
      </attr>
    </attrgroup>
    <attrgroup>
      <attr name="Departure Date" ename="departure date">
        <additional> At or after</additional>
        <input>
          <domain format="selection_list">
            <value>Jan</value>
            <value>Feb</value>
            <value>Mar</value>
            <value>Apr</value>
            <value>May</value>
            <value>Jun</value>
            <value>Jul</value>
            <value>Aug</value>
            <value>Sep</value>
            <value>Oct</value>
            <value>Nov</value>
            <value>Dec</value>
          </domain>
        </input>
        <input>
          <domain format="selection_list">
            <value>01</value>
            <value>02</value>
            <value>03</value>
            <value>04</value>
            <value>05</value>
            <value>06</value>
            <value>07</value>
            <value>08</value>
            <value>09</value>
            <value>10</value>
            <value>11</value>
            <value>12</value>
            <value>13</value>
            <value>14</value>
            <value>15</value>
            <value>16</value>
            <value>17</value>
            <value>18</value>
            <value>19</value>
            <value>20</value>
            <value>21</value>
            <value>22</value>
            <value>23</value>
            <value>24</value>
            <value>25</value>
            <value>26</value>
            <value>27</value>
            <value>28</value>
            <value>29</value>
            <value>30</value>
            <value>31</value>
          </domain>
        </input>
        <input>
          <domain format="selection_list">
            <value> 02</value>
            <value> 03</value>
            <value> 04</value>
          </domain>
        </input>
        <input>
          <domain format="selection_list">
            <value>06:00</value>
            <value>07:00</value>
            <value>08:00</value>
            <value>09:00</value>
            <value>10:00</value>
            <value>11:00</value>
            <value>12:00</value>
            <value>13:00</value>
            <value>14:00</value>
            <value>15:00</value>
            <value>16:00</value>
            <value>17:00</value>
            <value>18:00</value>
            <value>19:00</value>
            <value>20:00</value>
            <value>21:00</value>
          </domain>
        </input>
      </attr>
    </attrgroup>
    <attrgroup>
      <attr name="Return Date" ename="return date">
        <input>
          <domain format="selection_list">
            <value>Jan</value>
            <value>Feb</value>
            <value>Mar</value>
            <value>Apr</value>
            <value>May</value>
            <value>Jun</value>
            <value>Jul</value>
            <value>Aug</value>
            <value>Sep</value>
            <value>Oct</value>
            <value>Nov</value>
            <value>Dec</value>
          </domain>
        </input>
        <input>
          <domain format="selection_list">
            <value>01</value>
            <value>02</value>
            <value>03</value>
            <value>04</value>
            <value>05</value>
            <value>06</value>
            <value>07</value>
            <value>08</value>
            <value>09</value>
            <value>10</value>
            <value>11</value>
            <value>12</value>
            <value>13</value>
            <value>14</value>
            <value>15</value>
            <value>16</value>
            <value>17</value>
            <value>18</value>
            <value>19</value>
            <value>20</value>
            <value>21</value>
            <value>22</value>
            <value>23</value>
            <value>24</value>
            <value>25</value>
            <value>26</value>
            <value>27</value>
            <value>28</value>
            <value>29</value>
            <value>30</value>
            <value>31</value>
          </domain>
        </input>
        <input>
          <domain format="selection_list">
            <value> 02</value>
            <value> 03</value>
            <value> 04</value>
          </domain>
        </input>
        <input>
          <domain format="selection_list">
            <value>06:00</value>
            <value>07:00</value>
            <value>08:00</value>
            <value>09:00</value>
            <value>10:00</value>
            <value>11:00</value>
            <value>12:00</value>
            <value>13:00</value>
            <value>14:00</value>
            <value>15:00</value>
            <value>16:00</value>
            <value>17:00</value>
            <value>18:00</value>
            <value>19:00</value>
            <value>20:00</value>
            <value>21:00</value>
          </domain>
        </input>
      </attr>
    </attrgroup>
    <attrgroup>
      <attr name="Adult 12 to 60" ename="adult">
        <input>
          <domain format="text_box" />
        </input>
      </attr>
    </attrgroup>
    <attrgroup>
      <attr name="Senior 60 and Over" ename="senior">
        <input>
          <domain format="text_box" />
        </input>
      </attr>
    </attrgroup>
    <attrgroup>
      <attr name="Child 2 to 11" ename="children">
        <input>
          <domain format="text_box" />
        </input>
      </attr>
    </attrgroup>
    <attrgroup>
      <attr name="Infant Under 2" ename="infant">
        <input>
          <domain format="text_box" />
        </input>
      </attr>
    </attrgroup>
    <attrgroup>
      <attr name="Type of Trip" ename="type of trip">
        <input>
          <domain format="radio_button">
            <value>One way or multiple destinations</value>
            <value>Round Trip with the following return date:</value>
          </domain>
        </input>
      </attr>
    </attrgroup>
    <attrgroup>
      <attr name="Service Class" ename="class">
        <input>
          <domain format="selection_list">
            <value>Economy</value>
            <value>Business</value>
          </domain>
        </input>
      </attr>
    </attrgroup>
    <attrgroup>
      <attr name="Currency">
        <input>
          <domain format="selection_list">
            <value>Canadian Dollars</value>
          </domain>
        </input>
      </attr>
    </attrgroup>
  </form>
</source>