<source url="http://www.aircanada.ca" interurl="http://www.aircanada.ca/e-home.html">
  <srcname>Air Canada</srcname>
  <form>
    <attrgroup>
      <attr name="">
        <input>
          <domain format="radio_button">
            <value> Round trip </value>
            <value> One way </value>
          </domain>
        </input>
      </attr>
    </attrgroup>
    <attrgroup>
      <attr name="from">
        <input>
          <domain format="selection_list">
            <value> Error: appear as clip on it </value>
          </domain>
        </input>
      </attr>
    </attrgroup>
    <attrgroup>
      <attr name="Arrival">
        <input>
          <domain format="selection_list">
            <value> Error: appear as clip on it </value>
          </domain>
        </input>
      </attr>
    </attrgroup>
    <attrgroup>
      <attr name="Departure Date">
        <input>
          <domain format="selection_list">
            <value>Jan</value>
            <value>Feb</value>
            <value>Mar</value>
            <value>Apr</value>
            <value>May</value>
            <value>Jun</value>
            <value>Jul</value>
            <value>Aug</value>
            <value>Sep</value>
            <value>Oct</value>
            <value>Nov</value>
            <value>Dec</value>
          </domain>
        </input>
        <input>
          <domain format="selection_list">
            <value>01</value>
            <value>02</value>
            <value>03</value>
            <value>04</value>
            <value>05</value>
            <value>06</value>
            <value>07</value>
            <value>08</value>
            <value>09</value>
            <value>10</value>
            <value>11</value>
            <value>12</value>
            <value>13</value>
            <value>14</value>
            <value>15</value>
            <value>16</value>
            <value>17</value>
            <value>18</value>
            <value>19</value>
            <value>20</value>
            <value>21</value>
            <value>22</value>
            <value>23</value>
            <value>24</value>
            <value>25</value>
            <value>26</value>
            <value>27</value>
            <value>28</value>
            <value>29</value>
            <value>30</value>
            <value>31</value>
          </domain>
        </input>
        <input>
          <domain format="selection_list">
            <value>Morning</value>
            <value>Afternoon</value>
            <value>Evening</value>
            <value>01:00</value>
            <value>02:00</value>
            <value>03:00</value>
            <value>04:00</value>
            <value>05:00</value>
            <value>06:00</value>
            <value>07:00</value>
            <value>08:00</value>
            <value>09:00</value>
            <value>10:00</value>
            <value>11:00</value>
            <value>12:00</value>
            <value>13:00</value>
            <value>14:00</value>
            <value>15:00</value>
            <value>16:00</value>
            <value>17:00</value>
            <value>18:00</value>
            <value>19:00</value>
            <value>20:00</value>
            <value>21:00</value>
            <value>22:00</value>
            <value>23:00</value>
          </domain>
        </input>
      </attr>
    </attrgroup>
    <attrgroup>
      <attr name="Return Date">
        <input>
          <domain format="selection_list">
            <value>Jan</value>
            <value>Feb</value>
            <value>Mar</value>
            <value>Apr</value>
            <value>May</value>
            <value>Jun</value>
            <value>Jul</value>
            <value>Aug</value>
            <value>Sep</value>
            <value>Oct</value>
            <value>Nov</value>
            <value>Dec</value>
          </domain>
        </input>
        <input>
          <domain format="selection_list">
            <value>01</value>
            <value>02</value>
            <value>03</value>
            <value>04</value>
            <value>05</value>
            <value>06</value>
            <value>07</value>
            <value>08</value>
            <value>09</value>
            <value>10</value>
            <value>11</value>
            <value>12</value>
            <value>13</value>
            <value>14</value>
            <value>15</value>
            <value>16</value>
            <value>17</value>
            <value>18</value>
            <value>19</value>
            <value>20</value>
            <value>21</value>
            <value>22</value>
            <value>23</value>
            <value>24</value>
            <value>25</value>
            <value>26</value>
            <value>27</value>
            <value>28</value>
            <value>29</value>
            <value>30</value>
            <value>31</value>
          </domain>
        </input>
        <input>
          <domain format="selection_list">
            <value>Morning</value>
            <value>Afternoon</value>
            <value>Evening</value>
            <value>01:00</value>
            <value>02:00</value>
            <value>03:00</value>
            <value>04:00</value>
            <value>05:00</value>
            <value>06:00</value>
            <value>07:00</value>
            <value>08:00</value>
            <value>09:00</value>
            <value>10:00</value>
            <value>11:00</value>
            <value>12:00</value>
            <value>13:00</value>
            <value>14:00</value>
            <value>15:00</value>
            <value>16:00</value>
            <value>17:00</value>
            <value>18:00</value>
            <value>19:00</value>
            <value>20:00</value>
            <value>21:00</value>
            <value>22:00</value>
            <value>23:00</value>
          </domain>
        </input>
      </attr>
    </attrgroup>
    <attrgroup>
      <attr name="Type of Class/Cabin" ename="cabin">
        <input>
          <domain format="selection_list">
            <value>Lowest Economy (With Restrictions)</value>
            <value>Flexible Economy (No Restrictions)</value>
            <value>Lowest Executive (Restrictions)</value>
            <value>Flexible Executive (No Restrictions)</value>
          </domain>
        </input>
      </attr>
    </attrgroup>
    <attrgroup>
      <attr name="Adult">
        <input>
          <domain format="selection_list">
            <value>1</value>
            <value>2</value>
            <value>3</value>
            <value>4</value>
            <value>5</value>
            <value>6</value>
            <value>7</value>
            <value>8</value>
            <value>9</value>
          </domain>
        </input>
      </attr>
    </attrgroup>
    <attrgroup>
      <attr name="Children 2-11yr" ename="children">
        <input>
          <domain format="selection_list">
            <value>0</value>
            <value>1</value>
            <value>2</value>
            <value>3</value>
            <value>4</value>
            <value>5</value>
            <value>6</value>
            <value>7</value>
            <value>8</value>
          </domain>
        </input>
      </attr>
    </attrgroup>
    <attrgroup>
      <attr name="Search by">
        <input>
          <domain format="radio_button">
            <value>Fare</value>
            <value>Schedule</value>
          </domain>
        </input>
      </attr>
    </attrgroup>
  </form>
</source>