<source url="http://www.air-europa.com/" interurl="http://www.air-europa.com/aea/pck_webaea.principal?codlang=ING">
  <srcname>Air Europa</srcname>
  <form>
    <attrgroup>
      <attr name="Departure" ename="departure">
        <input>
          <domain format="selection_list">
            <value>Pick an option...</value>
            <value>----Spain----</value>
            <value>Alicante</value>
            <value>Barcelona</value>
            <value>Bilbao</value>
            <value>Fuerteventura</value>
            <value>Gran Canaria</value>
            <value>Granada</value>
            <value>Ibiza</value>
            <value>Lanzarote</value>
            <value>Madrid</value>
            <value>Menorca</value>
            <value>Maga</value>
            <value>Palma de Mallorca</value>
            <value>Santiago</value>
            <value>Sevilla</value>
            <value>Tenerife Norte</value>
            <value>Tenerife Sur</value>
            <value>Valencia</value>
            <value>Zaragoza</value>
            <value>----Europe----</value>
            <value>Londres</value>
            <value>Milan</value>
            <value>Paris</value>
            <value>Roma</value>
            <value>Tez</value>
            <value>----America----</value>
            <value>Atlanta</value>
            <value>Boston</value>
            <value>Caracas</value>
            <value>Chicago - Midway</value>
            <value>Chicago - O'Hare</value>
            <value>Cleveland</value>
            <value>Dallas</value>
            <value>Denver</value>
            <value>Detroit</value>
            <value>Houston</value>
            <value>La Habana</value>
            <value>Las Vegas</value>
            <value>Los Angeles</value>
            <value>Miami</value>
            <value>Mineapolis</value>
            <value>New Orleans</value>
            <value>New York</value>
            <value>Orlando</value>
            <value>Phoenix</value>
            <value>Pittsburgh</value>
            <value>San Antonio</value>
            <value>San Diego</value>
            <value>San Francisco</value>
            <value>San Juan</value>
            <value>Santo Domingo</value>
            <value>Seattle</value>
            <value>Washington</value>
          </domain>
        </input>
      </attr>
    </attrgroup>
    <attrgroup>
      <attr name="Arrival" ename="arrival">
        <input>
          <domain format="selection_list">
            <value>Pick an option...</value>
            <value>----Spain----</value>
            <value>Alicante</value>
            <value>Barcelona</value>
            <value>Bilbao</value>
            <value>Fuerteventura</value>
            <value>Gran Canaria</value>
            <value>Granada</value>
            <value>Ibiza</value>
            <value>Lanzarote</value>
            <value>Madrid</value>
            <value>Menorca</value>
            <value>Maga</value>
            <value>Palma de Mallorca</value>
            <value>Santiago</value>
            <value>Sevilla</value>
            <value>Tenerife Norte</value>
            <value>Tenerife Sur</value>
            <value>Valencia</value>
            <value>Zaragoza</value>
            <value>----Europe----</value>
            <value>Londres</value>
            <value>Milan</value>
            <value>Paris</value>
            <value>Roma</value>
            <value>Tez</value>
            <value>----America----</value>
            <value>Atlanta</value>
            <value>Boston</value>
            <value>Caracas</value>
            <value>Chicago - Midway</value>
            <value>Chicago - O'Hare</value>
            <value>Cleveland</value>
            <value>Dallas</value>
            <value>Denver</value>
            <value>Detroit</value>
            <value>Houston</value>
            <value>La Habana</value>
            <value>Las Vegas</value>
            <value>Los Angeles</value>
            <value>Miami</value>
            <value>Mineapolis</value>
            <value>New Orleans</value>
            <value>New York</value>
            <value>Orlando</value>
            <value>Phoenix</value>
            <value>Pittsburgh</value>
            <value>San Antonio</value>
            <value>San Diego</value>
            <value>San Francisco</value>
            <value>San Juan</value>
            <value>Santo Domingo</value>
            <value>Seattle</value>
            <value>Washington</value>
          </domain>
        </input>
      </attr>
    </attrgroup>
    <attrgroup>
      <attr name="Departure Date" ename="departure date">
        <input>
          <domain format="selection_list">
            <value>Jan </value>
            <value>Feb </value>
            <value>Mar </value>
            <value>Apr </value>
            <value>May </value>
            <value>Jun </value>
            <value>Jul </value>
            <value>Aug </value>
            <value>Sep </value>
            <value>Oct </value>
            <value>Nov </value>
            <value>Dec </value>
          </domain>
        </input>
        <input>
          <domain format="selection_list">
            <value>01</value>
            <value>02</value>
            <value>03</value>
            <value>04</value>
            <value>05</value>
            <value>06</value>
            <value>07</value>
            <value>08</value>
            <value>09</value>
            <value>10</value>
            <value>11</value>
            <value>12</value>
            <value>13</value>
            <value>14</value>
            <value>15</value>
            <value>16</value>
            <value>17</value>
            <value>18</value>
            <value>19</value>
            <value>20</value>
            <value>21</value>
            <value>22</value>
            <value>23</value>
            <value>24</value>
            <value>25</value>
            <value>26</value>
            <value>27</value>
            <value>28</value>
            <value>29</value>
            <value>30</value>
            <value>31</value>
          </domain>
        </input>
      </attr>
    </attrgroup>
    <attrgroup>
      <attr name="Return Date" ename="return date">
        <input>
          <domain format="selection_list">
            <value>Jan </value>
            <value>Feb </value>
            <value>Mar </value>
            <value>Apr </value>
            <value>May </value>
            <value>May </value>
            <value>Jun </value>
            <value>Jul </value>
            <value>Aug </value>
            <value>Sep </value>
            <value>Oct </value>
            <value>Nov </value>
            <value>Dec </value>
          </domain>
        </input>
        <input>
          <domain format="selection_list">
            <value>01</value>
            <value>02</value>
            <value>03</value>
            <value>04</value>
            <value>05</value>
            <value>06</value>
            <value>07</value>
            <value>08</value>
            <value>09</value>
            <value>10</value>
            <value>11</value>
            <value>12</value>
            <value>13</value>
            <value>14</value>
            <value>15</value>
            <value>16</value>
            <value>17</value>
            <value>18</value>
            <value>19</value>
            <value>20</value>
            <value>21</value>
            <value>22</value>
            <value>23</value>
            <value>24</value>
            <value>25</value>
            <value>26</value>
            <value>27</value>
            <value>28</value>
            <value>29</value>
            <value>30</value>
            <value>31</value>
          </domain>
        </input>
      </attr>
    </attrgroup>
    <attrgroup>
      <attr name="Adults" ename="adult">
        <input>
          <domain format="selection_list">
            <value>1</value>
            <value>2</value>
            <value>3</value>
            <value>4</value>
            <value>5</value>
            <value>6</value>
            <value>7</value>
            <value>8</value>
            <value>9</value>
          </domain>
        </input>
      </attr>
    </attrgroup>
    <attrgroup>
      <attr name="Infants (0-2 years)" ename="infant">
        <input>
          <domain format="selection_list">
            <value>0</value>
            <value>1</value>
            <value>2</value>
            <value>3</value>
          </domain>
        </input>
      </attr>
    </attrgroup>
    <attrgroup>
      <attr name="Children (2-12 years)" ename="children">
        <input>
          <domain format="selection_list">
            <value>0</value>
            <value>1</value>
            <value>2</value>
            <value>3</value>
          </domain>
        </input>
      </attr>
    </attrgroup>
  </form>
</source>