<source url="http://www.aircharter.com/main.asp" interurl="http://www.aircharter.com/main.asp">
  <srcname>AirCharter.com</srcname>
  <form>
    <attrgroup>
      <attr name="Leaving From " ename="leave from">
        <input>
          <domain format="text_box" />
        </input>
      </attr>
    </attrgroup>
    <attrgroup>
      <attr name="Going to:" ename="go to">
        <input>
          <domain format="text_box" />
        </input>
      </attr>
    </attrgroup>
    <attrgroup>
      <attr name="Departing on" ename="depart on">
        <input>
          <domain format="text_box" />
        </input>
        <input>
          <domain format="selection_list">
            <value>08:00 AM</value>
            <value>12:00 AM</value>
            <value>12:30 AM</value>
            <value>01:00 AM</value>
            <value>01:30 AM</value>
            <value>02:00 AM</value>
            <value>02:30 AM</value>
            <value>03:00 AM</value>
            <value>03:30 AM</value>
            <value>04:00 AM</value>
            <value>04:30 AM</value>
            <value>05:00 AM</value>
            <value>05:30 AM</value>
            <value>06:00 AM</value>
            <value>06:30 AM</value>
            <value>07:00 AM</value>
            <value>07:30 AM</value>
            <value>08:00 AM</value>
            <value>08:30 AM</value>
            <value>09:00 AM</value>
            <value>09:30 AM</value>
            <value>10:00 AM</value>
            <value>10:30 AM</value>
            <value>11:00 AM</value>
            <value>11:30 AM</value>
            <value>12:00 PM</value>
            <value>12:30 PM</value>
            <value>01:00 PM</value>
            <value>01:30 PM</value>
            <value>02:00 PM</value>
            <value>02:30 PM</value>
            <value>03:00 PM</value>
            <value>03:30 PM</value>
            <value>04:00 PM</value>
            <value>04:30 PM</value>
            <value>05:00 PM</value>
            <value>05:30 PM</value>
            <value>06:00 PM</value>
            <value>06:30 PM</value>
            <value>07:00 PM</value>
            <value>07:30 PM</value>
            <value>08:00 PM</value>
            <value>08:30 PM</value>
            <value>09:00 PM</value>
            <value>09:30 PM</value>
            <value>10:00 PM</value>
            <value>10:30 PM</value>
            <value>11:00 PM</value>
            <value>11:30 PM</value>
            <value>........</value>
          </domain>
        </input>
      </attr>
    </attrgroup>
    <attrgroup>
      <attr name="Returning on" ename="return on">
        <input>
          <domain format="text_box" />
        </input>
        <input>
          <domain format="selection_list">
            <value>08:00 AM</value>
            <value>12:00 AM</value>
            <value>12:30 AM</value>
            <value>01:00 AM</value>
            <value>01:30 AM</value>
            <value>02:00 AM</value>
            <value>02:30 AM</value>
            <value>03:00 AM</value>
            <value>03:30 AM</value>
            <value>04:00 AM</value>
            <value>04:30 AM</value>
            <value>05:00 AM</value>
            <value>05:30 AM</value>
            <value>06:00 AM</value>
            <value>06:30 AM</value>
            <value>07:00 AM</value>
            <value>07:30 AM</value>
            <value>08:00 AM</value>
            <value>08:30 AM</value>
            <value>09:00 AM</value>
            <value>09:30 AM</value>
            <value>10:00 AM</value>
            <value>10:30 AM</value>
            <value>11:00 AM</value>
            <value>11:30 AM</value>
            <value>12:00 PM</value>
            <value>12:30 PM</value>
            <value>01:00 PM</value>
            <value>01:30 PM</value>
            <value>02:00 PM</value>
            <value>02:30 PM</value>
            <value>03:00 PM</value>
            <value>03:30 PM</value>
            <value>04:00 PM</value>
            <value>04:30 PM</value>
            <value>05:00 PM</value>
            <value>05:30 PM</value>
            <value>06:00 PM</value>
            <value>06:30 PM</value>
            <value>07:00 PM</value>
            <value>07:30 PM</value>
            <value>08:00 PM</value>
            <value>08:30 PM</value>
            <value>09:00 PM</value>
            <value>09:30 PM</value>
            <value>10:00 PM</value>
            <value>10:30 PM</value>
            <value>11:00 PM</value>
            <value>11:30 PM</value>
            <value>........</value>
          </domain>
        </input>
      </attr>
    </attrgroup>
    <attrgroup>
      <attr name="Number of Passengers" ename="passenger">
        <input>
          <domain format="text_box" />
        </input>
        <input>
          <domain format="selection_list">
            <value>Light (1 suitcase)</value>
            <value>Heavy (skis, golf bags)</value>
          </domain>
        </input>
      </attr>
    </attrgroup>
  </form>
</source>