<source url="http://www.airindia.com" interurl="http://www.airindia.com/yatrik.jsp">
  <srcname>AirIndian</srcname>
  <form>
    <attrgroup>
      <attr name="From">
        <input>
          <domain format="selection_list">
            <value>Abu Dhabi</value>
            <value>Ahmedabad</value>
            <value>Al Ain</value>
            <value>Bahrain</value>
            <value>Bangalore</value>
            <value>Bangkok</value>
            <value>Chennai-Madras</value>
            <value>Chicago</value>
            <value>Dammam</value>
            <value>Delhi</value>
            <value>Doha</value>
            <value>Dubai</value>
            <value>Frankfurt</value>
            <value>Goa</value>
            <value>Guwahati</value>
            <value>Hongkong</value>
            <value>Hyderabad</value>
            <value>Jakarta</value>
            <value>Jeddah</value>
            <value>Kochi-Cochin</value>
            <value>Kolkata-Calcutta</value>
            <value>Kozhikode-Calicut</value>
            <value>Kuala Lumpur</value>
            <value>Kuwait</value>
            <value>London</value>
            <value>Mumbai-Bombay</value>
            <value>Muscat</value>
            <value>New York-Kennedy</value>
            <value>New York-Newark</value>
            <value>Osaka</value>
            <value>Paris</value>
            <value>Riyadh</value>
            <value>Singapore</value>
            <value>Tokyo</value>
            <value>Thiruvananthapuram</value>
          </domain>
        </input>
      </attr>
    </attrgroup>
    <attrgroup>
      <attr name="To">
        <input>
          <domain format="selection_list">
            <value>Abu Dhabi</value>
            <value>Ahmedabad</value>
            <value>Al Ain</value>
            <value>Bahrain</value>
            <value>Bangalore</value>
            <value>Bangkok</value>
            <value>Chennai-Madras</value>
            <value>Chicago</value>
            <value>Dammam</value>
            <value>Delhi</value>
            <value>Doha</value>
            <value>Dubai</value>
            <value>Frankfurt</value>
            <value>Goa</value>
            <value>Guwahati</value>
            <value>Hongkong</value>
            <value>Hyderabad</value>
            <value>Jakarta</value>
            <value>Jeddah</value>
            <value>Kochi-Cochin</value>
            <value>Kolkata-Calcutta</value>
            <value>Kozhikode-Calicut</value>
            <value>Kuala Lumpur</value>
            <value>Kuwait</value>
            <value>London</value>
            <value>Mumbai-Bombay</value>
            <value>Muscat</value>
            <value>New York-Kennedy</value>
            <value>New York-Newark</value>
            <value>Osaka</value>
            <value>Paris</value>
            <value>Riyadh</value>
            <value>Singapore</value>
            <value>Tokyo</value>
            <value>Thiruvananthapuram</value>
          </domain>
        </input>
      </attr>
    </attrgroup>
    <attrgroup>
      <attr name="Leaving on" ename="leave on">
        <input>
          <domain format="selection_list">
            <value>Jan</value>
            <value>Feb</value>
            <value>Mar</value>
            <value>Apr</value>
            <value>May</value>
            <value>Jun</value>
            <value>Jul</value>
            <value>Aug</value>
            <value>Sep</value>
            <value>Oct</value>
            <value>Nov</value>
            <value>Dec</value>
          </domain>
        </input>
        <input>
          <domain format="selection_list">
            <value>01</value>
            <value>02</value>
            <value>03</value>
            <value>04</value>
            <value>05</value>
            <value>06</value>
            <value>07</value>
            <value>08</value>
            <value>09</value>
            <value>10</value>
            <value>11</value>
            <value>12</value>
            <value>13</value>
            <value>14</value>
            <value>15</value>
            <value>16</value>
            <value>17</value>
            <value>18</value>
            <value>19</value>
            <value>20</value>
            <value>21</value>
            <value>22</value>
            <value>23</value>
            <value>24</value>
            <value>25</value>
            <value>26</value>
            <value>27</value>
            <value>28</value>
            <value>29</value>
            <value>30</value>
            <value>31</value>
          </domain>
        </input>
        <input>
          <domain format="selection_list">
            <value> 2003</value>
            <value> 2004</value>
          </domain>
        </input>
      </attr>
    </attrgroup>
    <attrgroup>
      <attr name="Returning on" ename="return on">
        <input>
          <domain format="selection_list">
            <value>Jan</value>
            <value>Feb</value>
            <value>Mar</value>
            <value>Apr</value>
            <value>May</value>
            <value>Jun</value>
            <value>Jul</value>
            <value>Aug</value>
            <value>Sep</value>
            <value>Oct</value>
            <value>Nov</value>
            <value>Dec</value>
          </domain>
        </input>
        <input>
          <domain format="selection_list">
            <value>01</value>
            <value>02</value>
            <value>03</value>
            <value>04</value>
            <value>05</value>
            <value>06</value>
            <value>07</value>
            <value>08</value>
            <value>09</value>
            <value>10</value>
            <value>11</value>
            <value>12</value>
            <value>13</value>
            <value>14</value>
            <value>15</value>
            <value>16</value>
            <value>17</value>
            <value>18</value>
            <value>19</value>
            <value>20</value>
            <value>21</value>
            <value>22</value>
            <value>23</value>
            <value>24</value>
            <value>25</value>
            <value>26</value>
            <value>27</value>
            <value>28</value>
            <value>29</value>
            <value>30</value>
            <value>31</value>
          </domain>
        </input>
        <input>
          <domain format="selection_list">
            <value> 2003</value>
            <value> 2004</value>
          </domain>
        </input>
      </attr>
    </attrgroup>
    <attrgroup>
      <attr name="">
        <input>
          <domain format="radio_button">
            <value>one-way</value>
            <value>round-trip</value>
          </domain>
        </input>
      </attr>
    </attrgroup>
    <attrgroup>
      <attr name="adults">
        <input>
          <domain format="selection_list">
            <value>1</value>
            <value>2</value>
            <value>3</value>
            <value>4</value>
          </domain>
        </input>
      </attr>
    </attrgroup>
    <attrgroup>
      <attr name="children">
        <input>
          <domain format="selection_list">
            <value>0</value>
            <value>1</value>
            <value>2</value>
            <value>3</value>
          </domain>
        </input>
      </attr>
    </attrgroup>
    <attrgroup>
      <attr name="infants">
        <input>
          <domain format="selection_list">
            <value>0</value>
            <value>1</value>
            <value>2</value>
          </domain>
        </input>
      </attr>
    </attrgroup>
  </form>
</source>