<source url="http://www.alohaairlines.com" interurl="http://www.alohaairlines.com/aq/index.shtml">
  <srcname>Aloha Airlines</srcname>
  <form>
    <attrgroup>
      <attr name="From">
        <input>
          <domain format="selection_list">
            <value>Burbank, CA (BUR)</value>
            <value>Orange County, CA (SNA)</value>
            <value>Hilo, Hawaii (ITO)</value>
            <value>Honolulu, Oahu (HNL)</value>
            <value>Hoolehua, Molokai (MKK)</value>
            <value>Kahului, Maui (OGG)</value>
            <value>Kapalua, Maui (JHM)</value>
            <value>Kona, Hawaii (KOA)</value>
            <value>Lanai City, Lanai (LNY)</value>
            <value>Las Vegas, NV (LAS)</value>
            <value>Lihue, Kauai (LIH)</value>
            <value>Long Beach, CA (LGB)</value>
            <value>**See Orange County, CA</value>
            <value>Los Angeles, CA (LAX)</value>
            <value>**See Orange County, CA</value>
            <value>**See Burbank, CA</value>
            <value>Majuro (MAJ)</value>
            <value>Oakland, CA (OAK)</value>
            <value>Ontario, CA (ONT)</value>
            <value>**See Orange County, CA</value>
            <value>**See Burbank, CA</value>
            <value>Phoenix, AZ (PHX)</value>
            <value>Rarotonga(RAR)</value>
            <value>Sacramento, CA (SMF)</value>
            <value>San Francisco, CA (SFO)</value>
            <value>**See Oakland, CA</value>
            <value>Santa Barbara, CA (SBA)</value>
            <value>**See Burbank, CA</value>
            <value>Vancouver, Canada (YVR)</value>
          </domain>
        </input>
      </attr>
    </attrgroup>
    <attrgroup>
      <attr name="To">
        <input>
          <domain format="selection_list">
            <value>Burbank, CA (BUR)</value>
            <value>Orange County, CA (SNA)</value>
            <value>Hilo, Hawaii (ITO)</value>
            <value>Honolulu, Oahu (HNL)</value>
            <value>Hoolehua, Molokai (MKK)</value>
            <value>Kahului, Maui (OGG)</value>
            <value>Kapalua, Maui (JHM)</value>
            <value>Kona, Hawaii (KOA)</value>
            <value>Lanai City, Lanai (LNY)</value>
            <value>Las Vegas, NV (LAS)</value>
            <value>Lihue, Kauai (LIH)</value>
            <value>Long Beach, CA (LGB)</value>
            <value>**See Orange County, CA</value>
            <value>Los Angeles, CA (LAX)</value>
            <value>**See Orange County, CA</value>
            <value>**See Burbank, CA</value>
            <value>Majuro (MAJ)</value>
            <value>Oakland, CA (OAK)</value>
            <value>Ontario, CA (ONT)</value>
            <value>**See Orange County, CA</value>
            <value>**See Burbank, CA</value>
            <value>Phoenix, AZ (PHX)</value>
            <value>Rarotonga(RAR)</value>
            <value>Sacramento, CA (SMF)</value>
            <value>San Francisco, CA (SFO)</value>
            <value>**See Oakland, CA</value>
            <value>Santa Barbara, CA (SBA)</value>
            <value>**See Burbank, CA</value>
            <value>Vancouver, Canada (YVR)</value>
          </domain>
        </input>
      </attr>
    </attrgroup>
    <attrgroup>
      <attr name="Departure Date">
        <input>
          <domain format="selection_list">
            <value>Jan </value>
            <value>Feb </value>
            <value>Mar </value>
            <value>Apr </value>
            <value>May</value>
            <value>Jun </value>
            <value>Jul </value>
            <value>Aug </value>
            <value>Sep </value>
            <value>Oct </value>
            <value>Nov </value>
            <value>Dec </value>
          </domain>
        </input>
        <input>
          <domain format="selection_list">
            <value>01</value>
            <value>02</value>
            <value>03</value>
            <value>04</value>
            <value>05</value>
            <value>06</value>
            <value>07</value>
            <value>08</value>
            <value>09</value>
            <value>10</value>
            <value>11</value>
            <value>12</value>
            <value>13</value>
            <value>14</value>
            <value>15</value>
            <value>16</value>
            <value>17</value>
            <value>18</value>
            <value>19</value>
            <value>20</value>
            <value>21</value>
            <value>22</value>
            <value>23</value>
            <value>24</value>
            <value>25</value>
            <value>26</value>
            <value>27</value>
            <value>28</value>
            <value>29</value>
            <value>30</value>
            <value>31</value>
          </domain>
        </input>
        <input>
          <domain format="selection_list">
            <value>1 am</value>
            <value>2 am</value>
            <value>3 am</value>
            <value>4 am</value>
            <value>5 am</value>
            <value>6 am</value>
            <value>7 am</value>
            <value>8 am</value>
            <value>9 am</value>
            <value>10 am</value>
            <value>11 am</value>
            <value>12 pm</value>
            <value>1 pm</value>
            <value>2 pm</value>
            <value>3 pm</value>
            <value>4 pm</value>
            <value>5 pm</value>
            <value>6 pm</value>
            <value>7 pm</value>
            <value>8 pm</value>
            <value>9 pm</value>
            <value>10 pm</value>
            <value>11 pm</value>
          </domain>
        </input>
      </attr>
    </attrgroup>
    <attrgroup>
      <attr name="Return Date">
        <input>
          <domain format="selection_list">
            <value>Jan </value>
            <value>Feb </value>
            <value>Mar </value>
            <value>Apr </value>
            <value>May </value>
            <value>May </value>
            <value>Jun </value>
            <value>Jul </value>
            <value>Aug </value>
            <value>Sep </value>
            <value>Oct </value>
            <value>Nov </value>
            <value>Dec </value>
          </domain>
        </input>
        <input>
          <domain format="selection_list">
            <value>01</value>
            <value>02</value>
            <value>03</value>
            <value>04</value>
            <value>05</value>
            <value>06</value>
            <value>07</value>
            <value>08</value>
            <value>09</value>
            <value>10</value>
            <value>11</value>
            <value>12</value>
            <value>13</value>
            <value>14</value>
            <value>15</value>
            <value>16</value>
            <value>17</value>
            <value>18</value>
            <value>19</value>
            <value>20</value>
            <value>21</value>
            <value>22</value>
            <value>23</value>
            <value>24</value>
            <value>25</value>
            <value>26</value>
            <value>27</value>
            <value>28</value>
            <value>29</value>
            <value>30</value>
            <value>31</value>
          </domain>
        </input>
        <input>
          <domain format="selection_list">
            <value>1 am</value>
            <value>2 am</value>
            <value>3 am</value>
            <value>4 am</value>
            <value>5 am</value>
            <value>6 am</value>
            <value>7 am</value>
            <value>8 am</value>
            <value>9 am</value>
            <value>10 am</value>
            <value>11 am</value>
            <value>12 pm</value>
            <value>1 pm</value>
            <value>2 pm</value>
            <value>3 pm</value>
            <value>4 pm</value>
            <value>5 pm</value>
            <value>6 pm</value>
            <value>7 pm</value>
            <value>8 pm</value>
            <value>9 pm</value>
            <value>10 pm</value>
            <value>11 pm</value>
          </domain>
        </input>
      </attr>
    </attrgroup>
    <attrgroup>
      <attr name="Passengers" ename="passenger">
        <input>
          <domain format="selection_list">
            <value>1</value>
            <value>2</value>
            <value>3</value>
            <value>4</value>
            <value>5</value>
            <value>6</value>
            <value>7</value>
            <value>8</value>
            <value>9</value>
          </domain>
        </input>
      </attr>
    </attrgroup>
    <attrgroup>
      <attr name="Cabin Class:" ename="class">
        <input>
          <domain format="selection_list">
            <value>Coach (lowest avail.)</value>
            <value>Restricted Coach</value>
            <value>Coach (Unrestricted)</value>
            <value>Business Class (Int'l)</value>
            <value>First Class (Domestic)</value>
          </domain>
        </input>
      </attr>
    </attrgroup>
    <attrgroup>
      <attr name="">
        <input>
          <domain format="radio_button">
            <value>Round trip </value>
            <value>One-way</value>
          </domain>
        </input>
      </attr>
    </attrgroup>
  </form>
</source>