<source url="http://www.americawest.com/homeIE.asp" interurl="http://www.americawest.com/homeIE.asp">
  <srcname>American West Airlines</srcname>
  <form>
    <attrgroup>
      <attr name="From">
        <input>
          <domain format="selection_list">
            <value>Acapulco, Mexico</value>
            <value>Albuquerque, NM</value>
            <value>Aspen, CO</value>
            <value>Atlanta, GA</value>
            <value>Austin, TX</value>
            <value>Bakersfield, CA</value>
            <value>Baltimore, MD</value>
            <value>Billings, MT</value>
            <value>Boise, ID</value>
            <value>Boston, MA</value>
            <value>Burbank, CA</value>
            <value>Cabo/Los Cabos, Mexico</value>
            <value>Calgary, Alberta</value>
            <value>Cancun, Mexico</value>
            <value>Carlsbad, CA</value>
            <value>Chicago, IL (O'Hare)</value>
            <value>Cleveland, OH</value>
            <value>Colorado Springs, CO</value>
            <value>Columbus, OH</value>
            <value>Dallas/Fort Worth, TX</value>
            <value>Denver, CO</value>
            <value>Des Moines, IA</value>
            <value>Detroit, MI</value>
            <value>Durango, CO</value>
            <value>El Paso, TX</value>
            <value>Eugene, OR</value>
            <value>Farmington, NM</value>
            <value>Flagstaff, AZ</value>
            <value>Fort Lauderdale, FL</value>
            <value>Fort Myers, FL</value>
            <value>Fresno, CA</value>
            <value>Grand Junction, CO</value>
            <value>Guadalajara, Mexico</value>
            <value>Guaymas, Mexico</value>
            <value>Hartford/Springfield, CT</value>
            <value>Hermosillo, Mexico</value>
            <value>Houston, TX (IAH)</value>
            <value>Indianapolis, IN</value>
            <value>Ixtapa/Zihuatanejo, Mexico</value>
            <value>Kansas City, MO</value>
            <value>Kingman, AZ</value>
            <value>Lake Havasu City, AZ</value>
            <value>Las Vegas, NV</value>
            <value>Long Beach, CA</value>
            <value>Los Angeles, CA</value>
            <value>Manzanillo, Mexico</value>
            <value>Mazatlan, Mexico</value>
            <value>Medford, OR</value>
            <value>Memphis, TN</value>
            <value>Mexico City, Mexico</value>
            <value>Miami, FL</value>
            <value>Milwaukee, WI</value>
            <value>Minneapolis/St. Paul, MN</value>
            <value>Monterey, CA</value>
            <value>Montrose, CO</value>
            <value>New Orleans, LA</value>
            <value>New York, NY (JFK)</value>
            <value>Newark, NJ</value>
            <value>Oakland, CA</value>
            <value>Omaha, NE</value>
            <value>Ontario, CA</value>
            <value>Orange/Santa Ana, CA</value>
            <value>Orlando, FL</value>
            <value>Palm Springs, CA</value>
            <value>Philadelphia, PA</value>
            <value>Phoenix, AZ</value>
            <value>Pittsburgh, PA</value>
            <value>Portland, OR</value>
            <value>Prescott, AZ</value>
            <value>Puerto Vallarta, Mexico</value>
            <value>Raleigh/Durham, NC</value>
            <value>Reno, NV</value>
            <value>Sacramento, CA</value>
            <value>Salt Lake City, UT</value>
            <value>San Antonio, TX</value>
            <value>San Diego, CA</value>
            <value>San Francisco, CA</value>
            <value>San Jose, CA</value>
            <value>San Luis Obispo, CA</value>
            <value>Santa Barbara, CA</value>
            <value>Seattle, WA</value>
            <value>Spokane, WA</value>
            <value>St. Louis, MO</value>
            <value>Stockton, CA</value>
            <value>Tampa, FL</value>
            <value>Telluride, CO</value>
            <value>Toronto, Canada</value>
            <value>Tucson, AZ</value>
            <value>Vancouver, Canada</value>
            <value>Washington, DC (Dulles)</value>
            <value>Washington, DC (Reagan)</value>
            <value>Wichita, KS</value>
            <value>Yuma, AZ</value>
          </domain>
        </input>
      </attr>
    </attrgroup>
    <attrgroup>
      <attr name="To">
        <input>
          <domain format="selection_list">
            <value>Acapulco, Mexico</value>
            <value>Albuquerque, NM</value>
            <value>Aspen, CO</value>
            <value>Atlanta, GA</value>
            <value>Austin, TX</value>
            <value>Bakersfield, CA</value>
            <value>Baltimore, MD</value>
            <value>Billings, MT</value>
            <value>Boise, ID</value>
            <value>Boston, MA</value>
            <value>Burbank, CA</value>
            <value>Cabo/Los Cabos, Mexico</value>
            <value>Calgary, Alberta</value>
            <value>Cancun, Mexico</value>
            <value>Carlsbad, CA</value>
            <value>Chicago, IL (O'Hare)</value>
            <value>Cleveland, OH</value>
            <value>Colorado Springs, CO</value>
            <value>Columbus, OH</value>
            <value>Dallas/Fort Worth, TX</value>
            <value>Denver, CO</value>
            <value>Des Moines, IA</value>
            <value>Detroit, MI</value>
            <value>Durango, CO</value>
            <value>El Paso, TX</value>
            <value>Eugene, OR</value>
            <value>Farmington, NM</value>
            <value>Flagstaff, AZ</value>
            <value>Fort Lauderdale, FL</value>
            <value>Fort Myers, FL</value>
            <value>Fresno, CA</value>
            <value>Grand Junction, CO</value>
            <value>Guadalajara, Mexico</value>
            <value>Guaymas, Mexico</value>
            <value>Hartford/Springfield, CT</value>
            <value>Hermosillo, Mexico</value>
            <value>Houston, TX (IAH)</value>
            <value>Indianapolis, IN</value>
            <value>Ixtapa/Zihuatanejo, Mexico</value>
            <value>Kansas City, MO</value>
            <value>Kingman, AZ</value>
            <value>Lake Havasu City, AZ</value>
            <value>Las Vegas, NV</value>
            <value>Long Beach, CA</value>
            <value>Los Angeles, CA</value>
            <value>Manzanillo, Mexico</value>
            <value>Mazatlan, Mexico</value>
            <value>Medford, OR</value>
            <value>Memphis, TN</value>
            <value>Mexico City, Mexico</value>
            <value>Miami, FL</value>
            <value>Milwaukee, WI</value>
            <value>Minneapolis/St. Paul, MN</value>
            <value>Monterey, CA</value>
            <value>Montrose, CO</value>
            <value>New Orleans, LA</value>
            <value>New York, NY (JFK)</value>
            <value>Newark, NJ</value>
            <value>Oakland, CA</value>
            <value>Omaha, NE</value>
            <value>Ontario, CA</value>
            <value>Orange/Santa Ana, CA</value>
            <value>Orlando, FL</value>
            <value>Palm Springs, CA</value>
            <value>Philadelphia, PA</value>
            <value>Phoenix, AZ</value>
            <value>Pittsburgh, PA</value>
            <value>Portland, OR</value>
            <value>Prescott, AZ</value>
            <value>Puerto Vallarta, Mexico</value>
            <value>Raleigh/Durham, NC</value>
            <value>Reno, NV</value>
            <value>Sacramento, CA</value>
            <value>Salt Lake City, UT</value>
            <value>San Antonio, TX</value>
            <value>San Diego, CA</value>
            <value>San Francisco, CA</value>
            <value>San Jose, CA</value>
            <value>San Luis Obispo, CA</value>
            <value>Santa Barbara, CA</value>
            <value>Seattle, WA</value>
            <value>Spokane, WA</value>
            <value>St. Louis, MO</value>
            <value>Stockton, CA</value>
            <value>Tampa, FL</value>
            <value>Telluride, CO</value>
            <value>Toronto, Canada</value>
            <value>Tucson, AZ</value>
            <value>Vancouver, Canada</value>
            <value>Washington, DC (Dulles)</value>
            <value>Washington, DC (Reagan)</value>
            <value>Wichita, KS</value>
            <value>Yuma, AZ</value>
          </domain>
        </input>
      </attr>
    </attrgroup>
    <attrgroup>
      <attr name="Departing" ename="depart">
        <input>
          <domain format="selection_list">
            <value>Jan </value>
            <value>Feb </value>
            <value>Mar </value>
            <value>Apr </value>
            <value>May </value>
            <value>Jun </value>
            <value>Jul </value>
            <value>Aug </value>
            <value>Sep </value>
            <value>Oct </value>
            <value>Nov </value>
            <value>Dec </value>
          </domain>
        </input>
        <input>
          <domain format="selection_list">
            <value>01</value>
            <value>02</value>
            <value>03</value>
            <value>04</value>
            <value>05</value>
            <value>06</value>
            <value>07</value>
            <value>08</value>
            <value>09</value>
            <value>10</value>
            <value>11</value>
            <value>12</value>
            <value>13</value>
            <value>14</value>
            <value>15</value>
            <value>16</value>
            <value>17</value>
            <value>18</value>
            <value>19</value>
            <value>20</value>
            <value>21</value>
            <value>22</value>
            <value>23</value>
            <value>24</value>
            <value>25</value>
            <value>26</value>
            <value>27</value>
            <value>28</value>
            <value>29</value>
            <value>30</value>
            <value>31</value>
          </domain>
        </input>
        <input>
          <domain format="selection_list">
            <value>Early Morning</value>
            <value>Morning</value>
            <value>Noon</value>
            <value>Afternoon</value>
            <value>Early Evening</value>
            <value>Evening</value>
            <value>1 am</value>
            <value>2 am</value>
            <value>3 am</value>
            <value>4 am</value>
            <value>5 am</value>
            <value>6 am</value>
            <value>7 am</value>
            <value>8 am</value>
            <value>9 am</value>
            <value>10 am</value>
            <value>11 am</value>
            <value>12 pm</value>
            <value>1 pm</value>
            <value>2 pm</value>
            <value>3 pm</value>
            <value>4 pm</value>
            <value>5 pm</value>
            <value>6 pm</value>
            <value>7 pm</value>
            <value>8 pm</value>
            <value>9 pm</value>
            <value>10 pm</value>
            <value>11 pm</value>
            <value>12 am</value>
          </domain>
        </input>
      </attr>
    </attrgroup>
    <attrgroup>
      <attr name="Returning" ename="return">
        <input>
          <domain format="selection_list">
            <value>Jan </value>
            <value>Feb </value>
            <value>Mar </value>
            <value>Apr </value>
            <value>May </value>
            <value>Jun </value>
            <value>Jul </value>
            <value>Aug </value>
            <value>Sep </value>
            <value>Oct </value>
            <value>Nov </value>
            <value>Dec </value>
          </domain>
        </input>
        <input>
          <domain format="selection_list">
            <value>01</value>
            <value>02</value>
            <value>03</value>
            <value>04</value>
            <value>05</value>
            <value>06</value>
            <value>07</value>
            <value>08</value>
            <value>09</value>
            <value>10</value>
            <value>11</value>
            <value>12</value>
            <value>13</value>
            <value>14</value>
            <value>15</value>
            <value>16</value>
            <value>17</value>
            <value>18</value>
            <value>19</value>
            <value>20</value>
            <value>21</value>
            <value>22</value>
            <value>23</value>
            <value>24</value>
            <value>25</value>
            <value>26</value>
            <value>27</value>
            <value>28</value>
            <value>29</value>
            <value>30</value>
            <value>31</value>
          </domain>
        </input>
        <input>
          <domain format="selection_list">
            <value>Early Morning</value>
            <value>Morning</value>
            <value>Noon</value>
            <value>Afternoon</value>
            <value>Early Evening</value>
            <value>Evening</value>
            <value>1 am</value>
            <value>2 am</value>
            <value>3 am</value>
            <value>4 am</value>
            <value>5 am</value>
            <value>6 am</value>
            <value>7 am</value>
            <value>8 am</value>
            <value>9 am</value>
            <value>10 am</value>
            <value>11 am</value>
            <value>12 pm</value>
            <value>1 pm</value>
            <value>2 pm</value>
            <value>3 pm</value>
            <value>4 pm</value>
            <value>5 pm</value>
            <value>6 pm</value>
            <value>7 pm</value>
            <value>8 pm</value>
            <value>9 pm</value>
            <value>10 pm</value>
            <value>11 pm</value>
            <value>12 am</value>
          </domain>
        </input>
      </attr>
    </attrgroup>
    <attrgroup>
      <attr name="Adults" ename="adult">
        <input>
          <domain format="selection_list">
            <value>1</value>
            <value>2</value>
            <value>3</value>
            <value>4</value>
            <value>5</value>
            <value>6</value>
            <value>7</value>
            <value>8</value>
          </domain>
        </input>
      </attr>
    </attrgroup>
    <attrgroup>
      <attr name="Children 2-14" ename="children">
        <input>
          <domain format="selection_list">
            <value>0</value>
            <value>1</value>
            <value>2</value>
            <value>3</value>
            <value>4</value>
            <value>5</value>
            <value>6</value>
            <value>7</value>
            <value>8</value>
          </domain>
        </input>
      </attr>
    </attrgroup>
    <attrgroup>
      <attr name="Senior">
        <input>
          <domain format="selection_list">
            <value>0</value>
            <value>1</value>
            <value>2</value>
            <value>3</value>
            <value>4</value>
            <value>5</value>
            <value>6</value>
            <value>7</value>
            <value>8</value>
          </domain>
        </input>
      </attr>
    </attrgroup>
    <attrgroup>
      <attr name="Cabin">
        <input>
          <domain format="radio_button">
            <value />
            <value />
            <value />
          </domain>
        </input>
      </attr>
    </attrgroup>
    <attrgroup>
      <attr name="Search by">
        <input>
          <domain format="radio_button">
            <value>Low Fare  </value>
            <value>Finder Schedule   </value>
          </domain>
        </input>
      </attr>
    </attrgroup>
    <attrgroup>
      <attr name="Multi-City">
        <input>
          <domain format="radio_button">
            <value>Round Trip </value>
            <value>One Way </value>
          </domain>
        </input>
      </attr>
    </attrgroup>
  </form>
</source>