<source url="http://us.flyasiana.com/" interurl="http://us.flyasiana.com/">
  <srcname>Asiana Airlines</srcname>
  <form>
    <attrgroup>
      <attr name="Origin">
        <input>
          <domain format="selection_list">
            <error> cannot access the selection list from the source because of frameset </error>
          </domain>
        </input>
      </attr>
    </attrgroup>
    <attrgroup>
      <attr name="Destination">
        <input>
          <domain format="selection_list">
            <error> cannot access the selection list from the source because of frameset</error>
          </domain>
        </input>
      </attr>
    </attrgroup>
    <attrgroup>
      <attr name="Departure Date">
        <input>
          <domain format="selection_list">
            <value>Jan </value>
            <value>Feb </value>
            <value>Mar </value>
            <value>Apr </value>
            <value>May </value>
            <value>Jun </value>
            <value>Jul </value>
            <value>Aug </value>
            <value>Sep </value>
            <value>Oct </value>
            <value>Nov </value>
            <value>Dec </value>
          </domain>
        </input>
        <input>
          <domain format="selection_list">
            <value>01</value>
            <value>02</value>
            <value>03</value>
            <value>04</value>
            <value>05</value>
            <value>06</value>
            <value>07</value>
            <value>08</value>
            <value>09</value>
            <value>10</value>
            <value>11</value>
            <value>12</value>
            <value>13</value>
            <value>14</value>
            <value>15</value>
            <value>16</value>
            <value>17</value>
            <value>18</value>
            <value>19</value>
            <value>20</value>
            <value>21</value>
            <value>22</value>
            <value>23</value>
            <value>24</value>
            <value>25</value>
            <value>26</value>
            <value>27</value>
            <value>28</value>
            <value>29</value>
            <value>30</value>
            <value>31</value>
          </domain>
        </input>
      </attr>
    </attrgroup>
  </form>
</source>