<source url="http://www.bargaintravel.com" interurl="http://www.bargaintravel.com/hotwire.html">
  <srcname>BargainTravel.com</srcname>
  <form>
    <attrgroup>
      <attr name="From" ename="from">
        <input>
          <domain format="text_box" />
        </input>
      </attr>
    </attrgroup>
    <attrgroup>
      <attr name="To" ename="to">
        <input>
          <domain format="text_box" />
        </input>
      </attr>
    </attrgroup>
    <attrgroup>
      <attr name="Date">
        <input>
          <domain format="text_box" />
        </input>
      </attr>
    </attrgroup>
    <attrgroup>
      <attr name="preferred time">
        <input>
          <domain format="text_box" />
        </input>
      </attr>
    </attrgroup>
    <attrgroup>
      <attr name="return from">
        <input>
          <domain format="text_box" />
        </input>
      </attr>
    </attrgroup>
    <attrgroup>
      <attr name="return to">
        <input>
          <domain format="text_box" />
        </input>
      </attr>
    </attrgroup>
    <attrgroup>
      <attr name="return Date">
        <input>
          <domain format="text_box" />
        </input>
      </attr>
    </attrgroup>
    <attrgroup>
      <attr name="return preferred time">
        <input>
          <domain format="text_box" />
        </input>
      </attr>
    </attrgroup>
    <attrgroup>
      <attr name="Adults [12 &amp; ABOVE]" ename="adult">
        <input>
          <domain format="selection_list">
            <value>1</value>
            <value>2</value>
            <value>3</value>
            <value>4</value>
          </domain>
        </input>
      </attr>
    </attrgroup>
    <attrgroup>
      <attr name="Children [2 -11]">
        <input>
          <domain format="selection_list">
            <value>0</value>
            <value>1</value>
            <value>2</value>
            <value>3</value>
            <value>4</value>
          </domain>
        </input>
      </attr>
    </attrgroup>
    <attrgroup>
      <attr name="Infant [1 AND BELOW]">
        <input>
          <domain format="selection_list">
            <value>0</value>
            <value>1</value>
            <value>2</value>
            <value>3</value>
            <value>4</value>
          </domain>
        </input>
      </attr>
    </attrgroup>
  </form>
</source>