<source url="http://www.continental.com/" interurl="http://www.continental.com/">
  <srcname>Continental Airlines</srcname>
  <form>
    <attrgroup>
      <attr name="From">
        <input>
          <domain format="text_box" />
        </input>
      </attr>
    </attrgroup>
    <attrgroup>
      <attr name="To">
        <input>
          <domain format="text_box" />
        </input>
      </attr>
    </attrgroup>
    <attrgroup>
      <attr name="Depart (MM/DD/YYYY):" ename="depart">
        <input>
          <domain format="text_box" />
        </input>
        <input>
          <domain format="selection_list">
            <value> All Day </value>
            <value> Early Morning </value>
            <value> Morning </value>
            <value> Late Morning </value>
            <value> 12:00 Noon </value>
            <value> Afternoon </value>
            <value> Evening </value>
            <value> Late Evening </value>
            <value> 12:00 Midnight </value>
            <value> --------------- </value>
            <value> 1:00 a.m. </value>
            <value> 2:00 a.m. </value>
            <value> 3:00 a.m. </value>
            <value> 4:00 a.m. </value>
            <value> 5:00 a.m. </value>
            <value> 6:00 a.m. </value>
            <value> 7:00 a.m. </value>
            <value> 8:00 a.m. </value>
            <value> 9:00 a.m. </value>
            <value> 10:00 a.m. </value>
            <value> 11:00 a.m. </value>
            <value> 12:00 Noon </value>
            <value> 1:00 p.m. </value>
            <value> 2:00 p.m. </value>
            <value> 3:00 p.m. </value>
            <value> 4:00 p.m. </value>
            <value> 5:00 p.m. </value>
            <value> 6:00 p.m. </value>
            <value> 7:00 p.m. </value>
            <value> 8:00 p.m. </value>
            <value> 9:00 p.m. </value>
            <value> 10:00 p.m. </value>
            <value> 11:00 p.m. </value>
            <value> 12:00 Midnight </value>
          </domain>
        </input>
      </attr>
    </attrgroup>
    <attrgroup>
      <attr name="Return (MM/DD/YYYY)" ename="return">
        <input>
          <domain format="text_box" />
        </input>
        <input>
          <domain format="selection_list">
            <value> All Day </value>
            <value> Early Morning </value>
            <value> Morning </value>
            <value> Late Morning </value>
            <value> 12:00 Noon </value>
            <value> Afternoon </value>
            <value> Evening </value>
            <value> Late Evening </value>
            <value> 12:00 Midnight </value>
            <value> --------------- </value>
            <value> 1:00 a.m. </value>
            <value> 2:00 a.m. </value>
            <value> 3:00 a.m. </value>
            <value> 4:00 a.m. </value>
            <value> 5:00 a.m. </value>
            <value> 6:00 a.m. </value>
            <value> 7:00 a.m. </value>
            <value> 8:00 a.m. </value>
            <value> 9:00 a.m. </value>
            <value> 10:00 a.m. </value>
            <value> 11:00 a.m. </value>
            <value> 12:00 Noon </value>
            <value> 1:00 p.m. </value>
            <value> 2:00 p.m. </value>
            <value> 3:00 p.m. </value>
            <value> 4:00 p.m. </value>
            <value> 5:00 p.m. </value>
            <value> 6:00 p.m. </value>
            <value> 7:00 p.m. </value>
            <value> 8:00 p.m. </value>
            <value> 9:00 p.m. </value>
            <value> 10:00 p.m. </value>
            <value> 11:00 p.m. </value>
            <value> 12:00 Midnight </value>
          </domain>
        </input>
      </attr>
    </attrgroup>
    <attrgroup>
      <attr name="Adults" ename="adult">
        <input>
          <domain format="selection_list">
            <value>1</value>
            <value>2</value>
            <value>3</value>
            <value>4</value>
            <value>5</value>
            <value>6</value>
            <value>7</value>
            <value>8</value>
            <value>9</value>
          </domain>
        </input>
      </attr>
    </attrgroup>
    <attrgroup>
      <attr name="Cabin">
        <input>
          <domain format="radio_button">
            <value>Economy</value>
            <value>First/BusinessFirst</value>
          </domain>
        </input>
      </attr>
    </attrgroup>
    <attrgroup>
      <attr name="Search by">
        <input>
          <domain format="radio_button">
            <value>Price </value>
            <value>Schedule </value>
          </domain>
        </input>
      </attr>
    </attrgroup>
  </form>
</source>