<source url="http://www.expedia.com" interurl="http://www.expedia.com/daily/home/default.asp?rfrr=-1065&amp;amp;CCheck=1">
  <srcname>expedia.com</srcname>
  <form>
    <attrgroup>
      <attr name="Departing from" ename="depart from">
        <input>
          <domain format="text_box" />
        </input>
      </attr>
    </attrgroup>
    <attrgroup>
      <attr name="Going to" ename="go to">
        <input>
          <domain format="text_box" />
        </input>
      </attr>
    </attrgroup>
    <attrgroup>
      <attr name="Depart">
        <input>
          <domain format="text_box" />
        </input>
        <input>
          <domain format="selection_list">
            <value>Anytime</value>
            <value>Morning</value>
            <value>Evening</value>
            <value>Noon</value>
          </domain>
        </input>
      </attr>
    </attrgroup>
    <attrgroup>
      <attr name="Return">
        <input>
          <domain format="text_box" />
        </input>
        <input>
          <domain format="selection_list">
            <value>Anytime</value>
            <value>Morning</value>
            <value>Evening</value>
            <value>Noon</value>
          </domain>
        </input>
      </attr>
    </attrgroup>
    <attrgroup>
      <attr name="Adults: (age 19-64)" ename="adult">
        <input>
          <domain format="selection_list">
            <value>1</value>
            <value>2</value>
            <value>3</value>
            <value>4</value>
            <value>5</value>
            <value>6</value>
          </domain>
        </input>
      </attr>
    </attrgroup>
    <attrgroup>
      <attr name="Seniors: (65+)" ename="senior">
        <input>
          <domain format="selection_list">
            <value>0</value>
            <value>1</value>
            <value>2</value>
            <value>3</value>
            <value>4</value>
            <value>5</value>
            <value>6</value>
          </domain>
        </input>
      </attr>
    </attrgroup>
    <attrgroup>
      <attr name="Children: (0-18)" ename="children">
        <input>
          <domain format="selection_list">
            <value>0</value>
            <value>1</value>
            <value>2</value>
            <value>3</value>
            <value>4</value>
            <value>5</value>
            <value>6</value>
          </domain>
        </input>
      </attr>
    </attrgroup>
  </form>
</source>