<source url="http://www.finnair.com/web/finnair/scripts/templateLev2LeisureChannel.jsp?BV_SessionID=@@@@1275326109.1052277832@@@@&amp;amp;BV_EngineID=ccceadciffjjiffcfjlcgeedfondglm.0&amp;amp;pageid=-8737&amp;amp;lang=com&amp;amp;mz=us" interurl="http://www.finnair.com/web/finnair/scripts/templateLev2LeisureChannel.jsp?BV_SessionID=@@@@1275326109.1052277832@@@@&amp;amp;BV_EngineID=ccceadciffjjiffcfjlcgeedfondglm.0&amp;amp;pageid=-8737&amp;amp;lang=com&amp;amp;mz=us">
  <srcname>Finnair.com</srcname>
  <form>
    <attrgroup>
      <attr name="Leaving from">
        <input>
          <domain format="selection_list">
            <value>Aarhus</value>
            <value>Alicante</value>
            <value>Amsterdam</value>
            <value>Athens</value>
            <value>Baltimore</value>
            <value>Bangkok</value>
            <value>Barcelona</value>
            <value>Basel</value>
            <value>Beijing</value>
            <value>Bergen</value>
            <value>Berlin</value>
            <value>Bern</value>
            <value>Billund</value>
            <value>Birmingham</value>
            <value>Bologna</value>
            <value>Boston</value>
            <value>Brussels</value>
            <value>Budapest</value>
            <value>Cape Town</value>
            <value>Chania</value>
            <value>Chicago</value>
            <value>Cologne</value>
            <value>Copenhagen</value>
            <value>Dallas</value>
            <value>Dublin</value>
            <value>Dseldorf</value>
            <value>Edinburgh</value>
            <value>Faro</value>
            <value>Frankfurt</value>
            <value>Funchal</value>
            <value>Geneva</value>
            <value>Glasgow</value>
            <value>Gothenburg</value>
            <value>Gran Canaria</value>
            <value>Hamburg</value>
            <value>Hartford, Connecticut</value>
            <value>Helsinki</value>
            <value>Heraklion</value>
            <value>Hong Kong</value>
            <value>Ivalo</value>
            <value>Joensuu</value>
            <value>Johannesburg</value>
            <value>Kajaani</value>
            <value>Kemi/Tornio</value>
            <value>Kiev</value>
            <value>Kn</value>
            <value>Kokkola</value>
            <value>Kuopio</value>
            <value>Kuusamo</value>
            <value>Lakselv</value>
            <value>Lappeenranta</value>
            <value>Larnaca</value>
            <value>Lisbon</value>
            <value>London</value>
            <value>Los Angeles</value>
            <value>Lyon</value>
            <value>Madrid</value>
            <value>Malaga</value>
            <value>Manchester</value>
            <value>Mariehamn</value>
            <value>Miami</value>
            <value>Mikkeli</value>
            <value>Milan</value>
            <value>Montreal</value>
            <value>Moscow</value>
            <value>Munich</value>
            <value>Murmansk</value>
            <value>New York</value>
            <value>Nice</value>
            <value>Orlando</value>
            <value>Osaka</value>
            <value>Oslo</value>
            <value>Oulu</value>
            <value>Paphos</value>
            <value>Palma de Mallorca</value>
            <value>Paris</value>
            <value>Pietarsaari</value>
            <value>Pori</value>
            <value>Prague</value>
            <value>Riga</value>
            <value>Rimini</value>
            <value>Rhodes</value>
            <value>Rome</value>
            <value>Rovaniemi</value>
            <value>Saint Louis, Missouri</value>
            <value>San Diego, California</value>
            <value>San Francisco</value>
            <value>San Jose, California</value>
            <value>San Juan, Puerto Rico</value>
            <value>Savonlinna</value>
            <value>Seinoki</value>
            <value>Shanghai</value>
            <value>Singapore</value>
            <value>St Petersburg</value>
            <value>Stockholm</value>
            <value>Stuttgart</value>
            <value>Sydney</value>
            <value>Tallinn</value>
            <value>Tampere</value>
            <value>Tenerife</value>
            <value>Tokyo</value>
            <value>Toronto</value>
            <value>Turin</value>
            <value>Turku</value>
            <value>Vaasa</value>
            <value>Varkaus</value>
            <value>Vancouver</value>
            <value>Warsaw</value>
            <value>Washington</value>
            <value>Venice</value>
            <value>Verona</value>
            <value>Vienna</value>
            <value>Vilnius</value>
            <value>Zich</value>
          </domain>
        </input>
      </attr>
    </attrgroup>
    <attrgroup>
      <attr name="Going to">
        <input>
          <domain format="selection_list">
            <value>Aarhus</value>
            <value>Alicante</value>
            <value>Amsterdam</value>
            <value>Athens</value>
            <value>Baltimore</value>
            <value>Bangkok</value>
            <value>Barcelona</value>
            <value>Basel</value>
            <value>Beijing</value>
            <value>Bergen</value>
            <value>Berlin</value>
            <value>Bern</value>
            <value>Billund</value>
            <value>Birmingham</value>
            <value>Bologna</value>
            <value>Boston</value>
            <value>Brussels</value>
            <value>Budapest</value>
            <value>Cape Town</value>
            <value>Chania</value>
            <value>Chicago</value>
            <value>Cologne</value>
            <value>Copenhagen</value>
            <value>Dallas</value>
            <value>Dublin</value>
            <value>Dseldorf</value>
            <value>Edinburgh</value>
            <value>Faro</value>
            <value>Frankfurt</value>
            <value>Funchal</value>
            <value>Geneva</value>
            <value>Glasgow</value>
            <value>Gothenburg</value>
            <value>Gran Canaria</value>
            <value>Hamburg</value>
            <value>Hartford, Connecticut</value>
            <value>Helsinki</value>
            <value>Heraklion</value>
            <value>Hong Kong</value>
            <value>Ivalo</value>
            <value>Joensuu</value>
            <value>Johannesburg</value>
            <value>Kajaani</value>
            <value>Kemi/Tornio</value>
            <value>Kiev</value>
            <value>Kn</value>
            <value>Kokkola</value>
            <value>Kuopio</value>
            <value>Kuusamo</value>
            <value>Lakselv</value>
            <value>Lappeenranta</value>
            <value>Larnaca</value>
            <value>Lisbon</value>
            <value>London</value>
            <value>Los Angeles</value>
            <value>Lyon</value>
            <value>Madrid</value>
            <value>Malaga</value>
            <value>Manchester</value>
            <value>Mariehamn</value>
            <value>Miami</value>
            <value>Mikkeli</value>
            <value>Milan</value>
            <value>Montreal</value>
            <value>Moscow</value>
            <value>Munich</value>
            <value>Murmansk</value>
            <value>New York</value>
            <value>Nice</value>
            <value>Orlando</value>
            <value>Osaka</value>
            <value>Oslo</value>
            <value>Oulu</value>
            <value>Paphos</value>
            <value>Palma de Mallorca</value>
            <value>Paris</value>
            <value>Pietarsaari</value>
            <value>Pori</value>
            <value>Prague</value>
            <value>Riga</value>
            <value>Rimini</value>
            <value>Rhodes</value>
            <value>Rome</value>
            <value>Rovaniemi</value>
            <value>Saint Louis, Missouri</value>
            <value>San Diego, California</value>
            <value>San Francisco</value>
            <value>San Jose, California</value>
            <value>San Juan, Puerto Rico</value>
            <value>Savonlinna</value>
            <value>Seinoki</value>
            <value>Shanghai</value>
            <value>Singapore</value>
            <value>St Petersburg</value>
            <value>Stockholm</value>
            <value>Stuttgart</value>
            <value>Sydney</value>
            <value>Tallinn</value>
            <value>Tampere</value>
            <value>Tenerife</value>
            <value>Tokyo</value>
            <value>Toronto</value>
            <value>Turin</value>
            <value>Turku</value>
            <value>Vaasa</value>
            <value>Varkaus</value>
            <value>Vancouver</value>
            <value>Warsaw</value>
            <value>Washington</value>
            <value>Venice</value>
            <value>Verona</value>
            <value>Vienna</value>
            <value>Vilnius</value>
            <value>Zich</value>
          </domain>
        </input>
      </attr>
    </attrgroup>
    <attrgroup>
      <attr name="">
        <input>
          <domain format="selection_list">
            <value>Jan </value>
            <value>Feb </value>
            <value>Mar </value>
            <value>Apr </value>
            <value>May </value>
            <value>Jun </value>
            <value>Jul </value>
            <value>Aug </value>
            <value>Sep </value>
            <value>Oct </value>
            <value>Nov </value>
            <value>Dec </value>
          </domain>
        </input>
        <input>
          <domain format="selection_list">
            <value>01</value>
            <value>02</value>
            <value>03</value>
            <value>04</value>
            <value>05</value>
            <value>06</value>
            <value>07</value>
            <value>08</value>
            <value>09</value>
            <value>10</value>
            <value>11</value>
            <value>12</value>
            <value>13</value>
            <value>14</value>
            <value>15</value>
            <value>16</value>
            <value>17</value>
            <value>18</value>
            <value>19</value>
            <value>20</value>
            <value>21</value>
            <value>22</value>
            <value>23</value>
            <value>24</value>
            <value>25</value>
            <value>26</value>
            <value>27</value>
            <value>28</value>
            <value>29</value>
            <value>30</value>
            <value>31</value>
          </domain>
        </input>
        <input>
          <domain format="selection_list">
            <value>AM</value>
            <value>PM</value>
          </domain>
        </input>
      </attr>
    </attrgroup>
    <attrgroup>
      <attr name="">
        <input>
          <domain format="selection_list">
            <value>Jan </value>
            <value>Feb </value>
            <value>Mar </value>
            <value>Apr </value>
            <value>May </value>
            <value>Jun </value>
            <value>Jul </value>
            <value>Aug </value>
            <value>Sep </value>
            <value>Oct </value>
            <value>Nov </value>
            <value>Dec </value>
          </domain>
        </input>
        <input>
          <domain format="selection_list">
            <value>01</value>
            <value>02</value>
            <value>03</value>
            <value>04</value>
            <value>05</value>
            <value>06</value>
            <value>07</value>
            <value>08</value>
            <value>09</value>
            <value>10</value>
            <value>11</value>
            <value>12</value>
            <value>13</value>
            <value>14</value>
            <value>15</value>
            <value>16</value>
            <value>17</value>
            <value>18</value>
            <value>19</value>
            <value>20</value>
            <value>21</value>
            <value>22</value>
            <value>23</value>
            <value>24</value>
            <value>25</value>
            <value>26</value>
            <value>27</value>
            <value>28</value>
            <value>29</value>
            <value>30</value>
            <value>31</value>
          </domain>
        </input>
        <input>
          <domain format="selection_list">
            <value>AM</value>
            <value>PM</value>
          </domain>
        </input>
      </attr>
    </attrgroup>
    <attrgroup>
      <attr name="">
        <input>
          <domain format="check_box">
            <value>Oneway only</value>
          </domain>
        </input>
      </attr>
    </attrgroup>
    <attrgroup>
      <attr name="Adults" ename="adult">
        <input>
          <domain format="selection_list">
            <value>1</value>
            <value>2</value>
            <value>3</value>
            <value>4</value>
            <value>5</value>
            <value>6</value>
          </domain>
        </input>
      </attr>
    </attrgroup>
    <attrgroup>
      <attr name="2-11y">
        <input>
          <domain format="selection_list">
            <value>0</value>
            <value>1</value>
            <value>2</value>
            <value>3</value>
            <value>4</value>
            <value>5</value>
            <value>6</value>
          </domain>
        </input>
      </attr>
    </attrgroup>
    <attrgroup>
      <attr name="0-2y">
        <input>
          <domain format="selection_list">
            <value>0</value>
            <value>1</value>
            <value>2</value>
            <value>3</value>
            <value>4</value>
            <value>5</value>
            <value>6</value>
          </domain>
        </input>
      </attr>
    </attrgroup>
    <attrgroup>
      <attr name="Fare type">
        <input>
          <domain format="radio_button">
            <value>Business restricted</value>
            <value>Business</value>
            <value>Economy restricted</value>
            <value>Economy </value>
          </domain>
        </input>
      </attr>
    </attrgroup>
  </form>
</source>