<source url="http://apps.flights.com" interurl="http://apps.flights.com/flights/mainPage.jsp;jsessionid=uykxyizt71.f-apps04?tab=DC">
  <srcname>flights.com</srcname>
  <form>
    <attrgroup>
      <attr name="From">
        <input>
          <domain format="text_box" />
        </input>
      </attr>
    </attrgroup>
    <attrgroup>
      <attr name="To">
        <input>
          <domain format="text_box" />
        </input>
      </attr>
    </attrgroup>
    <attrgroup>
      <attr name="Flight departure date:" ename="departure date">
        <input>
          <domain format="selection_list">
            <value>Jan 2004</value>
            <value>Feb 2004</value>
            <value>Mar 2004 </value>
            <value>May 2003 </value>
            <value>Jun 2003 </value>
            <value>Jul 2003  </value>
            <value>Aug 2003  </value>
            <value>Sep 2003  </value>
            <value>Oct 2003  </value>
            <value>Nov 2003  </value>
            <value>Dec  2003 </value>
          </domain>
        </input>
        <input>
          <domain format="selection_list">
            <value>01</value>
            <value>02</value>
            <value>03</value>
            <value>04</value>
            <value>05</value>
            <value>06</value>
            <value>07</value>
            <value>08</value>
            <value>09</value>
            <value>10</value>
            <value>11</value>
            <value>12</value>
            <value>13</value>
            <value>14</value>
            <value>15</value>
            <value>16</value>
            <value>17</value>
            <value>18</value>
            <value>19</value>
            <value>20</value>
            <value>21</value>
            <value>22</value>
            <value>23</value>
            <value>24</value>
            <value>25</value>
            <value>26</value>
            <value>27</value>
            <value>28</value>
            <value>29</value>
            <value>30</value>
            <value>31</value>
          </domain>
        </input>
      </attr>
    </attrgroup>
    <attrgroup>
      <attr name="Return Date">
        <input>
          <domain format="selection_list">
            <value>Jan 2004</value>
            <value>Feb 2004</value>
            <value>Mar 2004 </value>
            <value>May 2003 </value>
            <value>Jun 2003 </value>
            <value>Jul 2003  </value>
            <value>Aug 2003  </value>
            <value>Sep 2003  </value>
            <value>Oct 2003  </value>
            <value>Nov 2003  </value>
            <value>Dec  2003 </value>
          </domain>
        </input>
        <input>
          <domain format="selection_list">
            <value>01</value>
            <value>02</value>
            <value>03</value>
            <value>04</value>
            <value>05</value>
            <value>06</value>
            <value>07</value>
            <value>08</value>
            <value>09</value>
            <value>10</value>
            <value>11</value>
            <value>12</value>
            <value>13</value>
            <value>14</value>
            <value>15</value>
            <value>16</value>
            <value>17</value>
            <value>18</value>
            <value>19</value>
            <value>20</value>
            <value>21</value>
            <value>22</value>
            <value>23</value>
            <value>24</value>
            <value>25</value>
            <value>26</value>
            <value>27</value>
            <value>28</value>
            <value>29</value>
            <value>30</value>
            <value>31</value>
          </domain>
        </input>
      </attr>
    </attrgroup>
    <attrgroup>
      <attr name="Adults" ename="adult">
        <input>
          <domain format="selection_list">
            <value>1</value>
            <value>2</value>
            <value>3</value>
            <value>4</value>
            <value>5</value>
            <value>6</value>
            <value>7</value>
            <value>8</value>
            <value>9</value>
          </domain>
        </input>
      </attr>
    </attrgroup>
    <attrgroup>
      <attr name="Children (2 to 12)" ename="children">
        <input>
          <domain format="selection_list">
            <value>0</value>
            <value>1</value>
            <value>2</value>
            <value>3</value>
            <value>4</value>
            <value>5</value>
            <value>6</value>
            <value>7</value>
            <value>8</value>
            <value>9</value>
          </domain>
        </input>
      </attr>
    </attrgroup>
    <attrgroup>
      <attr name="Infants(up to 2)" ename="infant">
        <input>
          <domain format="selection_list">
            <value>0</value>
            <value>1</value>
            <value>2</value>
            <value>3</value>
            <value>4</value>
            <value>5</value>
            <value>6</value>
            <value>7</value>
            <value>8</value>
            <value>9</value>
          </domain>
        </input>
      </attr>
    </attrgroup>
    <attrgroup>
      <attr name="Booking class:" ename="class">
        <input>
          <domain format="radio_button">
            <value>Economy class</value>
            <value>Premium economy</value>
            <value>Business</value>
            <value>First</value>
          </domain>
        </input>
      </attr>
    </attrgroup>
    <attrgroup>
      <attr name="Type of flight">
        <input>
          <domain format="selection_list">
            <value>RoundTrip </value>
            <value>OneWay </value>
          </domain>
        </input>
      </attr>
    </attrgroup>
  </form>
</source>