<source url="http://www.airfrance.com/us" interurl="http://www.airfrance.com/us">
  <srcname>France Airline</srcname>
  <form>
    <attrgroup>
      <attr name="from">
        <input>
          <domain format="selection_list">
            <value>Akron, Akron</value>
            <value>Albany, Albany Int.</value>
            <value>Albuquerque, Albuquerque</value>
            <value>Appleton, Outagamie</value>
            <value>Asheville, Asheville</value>
            <value>Atlanta, Wb. Hartsfield Int.</value>
            <value>Augusta, Bush Field</value>
            <value>Austin, Bergstrom Int.</value>
            <value>Baltimore, Baltimore</value>
            <value>Bangor, Bangor Intl</value>
            <value>Baton Rouge, Ryan</value>
            <value>Birmingham, Birmingham Alabama</value>
            <value>Boston, Logan Int.</value>
            <value>Bristol Johnson Kin, Tri Cities</value>
            <value>Buffalo, Buffalo Niagara Int.</value>
            <value>Cedar Rapids, Cedar Rapids</value>
            <value>Charleston, Charleston</value>
            <value>Charleston, Yeager</value>
            <value>Charlotte, Douglas</value>
            <value>Charlottesville, Albemarl</value>
            <value>Chattanooga, Lovell Field</value>
            <value>Chicago, O Hare</value>
            <value>Cincinnati, Northern Kentucky</value>
            <value>Cleveland, Hopkins Int.</value>
            <value>Colorado Springs, Colorado Sps</value>
            <value>Columbia, Columbia Met</value>
            <value>Columbus, Port Columbus</value>
            <value>Corpus Christi, Corpus Christi Int.</value>
            <value>Dallas, Fort Worth Int.</value>
            <value>Dayton, James Cox Dayton</value>
            <value>Daytona Beach, Regional</value>
            <value>Denver, Denver Int.</value>
            <value>Des Moines, Des Moines</value>
            <value>Detroit, Detroit Metro</value>
            <value>El Paso, El Paso Int.</value>
            <value>Evansville, Dress Regional</value>
            <value>Fayetteville, Fayetteville Mnpl.</value>
            <value>Fayetteville, Nw Arkansas</value>
            <value>Fort Lauderdale, Fll. Int.</value>
            <value>Fort Myers, Sw Florida</value>
            <value>Fort Wayne, Municipal</value>
            <value>Gainesville, J A Alison</value>
            <value>Grand Rapids, Kent Cnty</value>
            <value>Greensboro, Greensboro</value>
            <value>Greenville, Spartanburg</value>
            <value>Harrisburg, Harrisburg Int.</value>
            <value>Honolulu, Honolulu Int.</value>
            <value>Houston, G.Bush Intercontinental</value>
            <value>Huntsville, Huntsville Int.</value>
            <value>Indianapolis, Indianapolis Int.</value>
            <value>Jackson, Jackson Int.</value>
            <value>Jacksonville, Jacksonville Int.</value>
            <value>Kahului, Kahului</value>
            <value>Kansas City, Kansas City Int.</value>
            <value>Knoxville, Mc Ghee Tyson</value>
            <value>Lafayette, Lafayette Regional</value>
            <value>Lansing, Capital City</value>
            <value>Las Vegas, Mc Carran Int.</value>
            <value>Lexington, Blue Grass</value>
            <value>Little Rock, Regional Airport</value>
            <value>Los Angeles, Los Angeles Int.</value>
            <value>Louisville, Louisville Int.</value>
            <value>Lynchburg, Preston Glenn</value>
            <value>Madison, Dane Couty Reg.</value>
            <value>Manchester, Manchester Mnpl.</value>
            <value>Melbourne Florida, Melbourne Int.</value>
            <value>Memphis, Memphis Int.</value>
            <value>Miami, Miami Int.</value>
            <value>Milwaukee, General Mitchell</value>
            <value>Mineapolis, Saint Paul Int.</value>
            <value>Mobile, Mobile Mnpl.</value>
            <value>Montgomery, Dannelly Field</value>
            <value>Myrtle Beach, Myrtle Afb</value>
            <value>Nashville, Nashville</value>
            <value>New Orleans, L Armstrong Int.</value>
            <value>New York, All airports</value>
            <value>New York, John F Kennedy</value>
            <value>New York, Newark</value>
            <value>Norfolk, Norfolk Int.</value>
            <value>Oklahoma City, Will Roger</value>
            <value>Omaha, Eppley Airfield</value>
            <value>Orlando, Orlando Int.</value>
            <value>Panama City Fl, Bay county</value>
            <value>Paris, All Airports</value>
            <value>Paris, Charles de Gaulle</value>
            <value>Paris, Orly</value>
            <value>Pensacola, Pensacola Regional</value>
            <value>Philadelphia, Philadelphia Int.</value>
            <value>Phoenix, Sky Harbor Int.</value>
            <value>Pittsburg, Pittsburgh Int.</value>
            <value>Portland, Portland Int.</value>
            <value>Providence, T F Green</value>
            <value>Raleigh, Raleigh Durham</value>
            <value>Richmond, Richmond Int.</value>
            <value>Roanoke, Roanoke Mnpl</value>
            <value>Rochester, Monroe County</value>
            <value>Sacramento, Sacramento Int.</value>
            <value>Saint Louis, Lambert</value>
            <value>Salt Lake City, Salt Lake City Int.</value>
            <value>San Antonio, San Antonio Int.</value>
            <value>San Diego, Lindberg Fld.</value>
            <value>San Francisco, San Francisco Int.</value>
            <value>Sarasota, Bradenton</value>
            <value>Savannah, Hilton Head</value>
            <value>Seattle, Seattle Tacoma</value>
            <value>Shreveport, Regional</value>
            <value>South Bend, South Bend Regional</value>
            <value>Syracuse, Hancock Int.</value>
            <value>Tallahasee, Tallahasee Mnpl</value>
            <value>Tampa, Tampa Int.</value>
            <value>Toledo, Express</value>
            <value>Tucson, Tucson Int.</value>
            <value>Tulsa, Tulsa Int.</value>
            <value>Valparaiso, Fort Walton Bch</value>
            <value>Washington, All airports</value>
            <value>Washington, Dulles Int.</value>
            <value>Washington, R Reagan Nat.</value>
            <value>West Palm Beach, Palm Beach Int.</value>
            <value>Wichita, Mid Continent</value>
            <value>Wilmington, New Hanover</value>
          </domain>
        </input>
      </attr>
    </attrgroup>
    <attrgroup>
      <attr name="to">
        <input>
          <domain format="text_box" />
        </input>
      </attr>
    </attrgroup>
    <attrgroup>
      <attr name="">
        <input>
          <domain format="radio_button">
            <value>round-trip</value>
            <value>one way</value>
          </domain>
        </input>
      </attr>
    </attrgroup>
    <attrgroup>
      <attr name="Departure Date">
        <input>
          <domain format="selection_list">
            <value>Jan</value>
            <value>Feb</value>
            <value>Mar</value>
            <value>Apr</value>
            <value>May</value>
            <value>Jun</value>
            <value>Jul</value>
            <value>Aug</value>
            <value>Sep</value>
            <value>Oct</value>
            <value>Nov</value>
            <value>Dec</value>
          </domain>
        </input>
        <input>
          <domain format="selection_list">
            <value>01</value>
            <value>02</value>
            <value>03</value>
            <value>04</value>
            <value>05</value>
            <value>06</value>
            <value>07</value>
            <value>08</value>
            <value>09</value>
            <value>10</value>
            <value>11</value>
            <value>12</value>
            <value>13</value>
            <value>14</value>
            <value>15</value>
            <value>16</value>
            <value>17</value>
            <value>18</value>
            <value>19</value>
            <value>20</value>
            <value>21</value>
            <value>22</value>
            <value>23</value>
            <value>24</value>
            <value>25</value>
            <value>26</value>
            <value>27</value>
            <value>28</value>
            <value>29</value>
            <value>30</value>
            <value>31</value>
          </domain>
        </input>
        <input>
          <domain format="selection_list">
            <value> Any</value>
            <value> AM</value>
            <value> PM</value>
          </domain>
        </input>
      </attr>
    </attrgroup>
    <attrgroup>
      <attr name="adults">
        <input>
          <domain format="selection_list">
            <value>1</value>
            <value>2</value>
          </domain>
        </input>
      </attr>
    </attrgroup>
    <attrgroup>
      <attr name="child">
        <input>
          <domain format="selection_list">
            <value>0</value>
            <value>1</value>
          </domain>
        </input>
      </attr>
    </attrgroup>
    <attrgroup>
      <attr name="class">
        <input>
          <domain format="selection_list">
            <value>Economy</value>
            <value>Business</value>
            <value>First</value>
          </domain>
        </input>
      </attr>
    </attrgroup>
    <attrgroup>
      <attr name="display by">
        <input>
          <domain format="radio_button">
            <value>date</value>
            <value>fare</value>
          </domain>
        </input>
      </attr>
    </attrgroup>
  </form>
</source>