<source url="http://www.koreanair.com/" interurl="http://www.koreanair.com/">
  <srcname>Korean Airlines</srcname>
  <form>
    <attrgroup>
      <attr name="Origin">
        <input>
          <domain format="selection_list">
            <value>Anchorage</value>
            <value>Atlanta</value>
            <value>Chicago</value>
            <value>Dallas</value>
            <value>Honolulu</value>
            <value>Los Angeles</value>
            <value>New York</value>
            <value>San Francisco</value>
            <value>Toronto</value>
            <value>Vancouver</value>
            <value>Washington D.C.</value>
          </domain>
        </input>
      </attr>
    </attrgroup>
    <attrgroup>
      <attr name="Destination">
        <input>
          <domain format="selection_list">
            <value>Anchorage</value>
            <value>Atlanta</value>
            <value>Chicago</value>
            <value>Dallas</value>
            <value>Honolulu</value>
            <value>Los Angeles</value>
            <value>New York</value>
            <value>San Francisco</value>
            <value>Toronto</value>
            <value>Vancouver</value>
            <value>Washington D.C.</value>
          </domain>
        </input>
      </attr>
    </attrgroup>
    <attrgroup>
      <attr name="Departure Date">
        <input>
          <domain format="selection_list">
            <value>Jan </value>
            <value>Feb </value>
            <value>Mar </value>
            <value>Apr </value>
            <value>May </value>
            <value>Jun </value>
            <value>Jul </value>
            <value>Aug </value>
            <value>Sep </value>
            <value>Oct </value>
            <value>Nov </value>
            <value>Dec </value>
          </domain>
        </input>
        <input>
          <domain format="selection_list">
            <value>01</value>
            <value>02</value>
            <value>03</value>
            <value>04</value>
            <value>05</value>
            <value>06</value>
            <value>07</value>
            <value>08</value>
            <value>09</value>
            <value>10</value>
            <value>11</value>
            <value>12</value>
            <value>13</value>
            <value>14</value>
            <value>15</value>
            <value>16</value>
            <value>17</value>
            <value>18</value>
            <value>19</value>
            <value>20</value>
            <value>21</value>
            <value>22</value>
            <value>23</value>
            <value>24</value>
            <value>25</value>
            <value>26</value>
            <value>27</value>
            <value>28</value>
            <value>29</value>
            <value>30</value>
            <value>31</value>
          </domain>
        </input>
      </attr>
    </attrgroup>
    <attrgroup>
      <attr name="Return Date">
        <input>
          <domain format="selection_list">
            <value>Jan </value>
            <value>Feb </value>
            <value>Mar </value>
            <value>Apr </value>
            <value>May </value>
            <value>Jun </value>
            <value>Jul </value>
            <value>Aug </value>
            <value>Sep </value>
            <value>Oct </value>
            <value>Nov </value>
            <value>Dec </value>
          </domain>
        </input>
        <input>
          <domain format="selection_list">
            <value>01</value>
            <value>02</value>
            <value>03</value>
            <value>04</value>
            <value>05</value>
            <value>06</value>
            <value>07</value>
            <value>08</value>
            <value>09</value>
            <value>10</value>
            <value>11</value>
            <value>12</value>
            <value>13</value>
            <value>14</value>
            <value>15</value>
            <value>16</value>
            <value>17</value>
            <value>18</value>
            <value>19</value>
            <value>20</value>
            <value>21</value>
            <value>22</value>
            <value>23</value>
            <value>24</value>
            <value>25</value>
            <value>26</value>
            <value>27</value>
            <value>28</value>
            <value>29</value>
            <value>30</value>
            <value>31</value>
          </domain>
        </input>
      </attr>
    </attrgroup>
    <attrgroup>
      <attr name="Cabin Class" ename="class">
        <input>
          <domain format="radio_button">
            <value>Economy</value>
            <value>Business</value>
            <value>First</value>
          </domain>
        </input>
      </attr>
    </attrgroup>
    <attrgroup>
      <attr name="Passengers" ename="passenger">
        <input>
          <domain format="selection_list">
            <value>0</value>
            <value>1</value>
            <value>2</value>
            <value>3</value>
            <value>4</value>
          </domain>
        </input>
      </attr>
    </attrgroup>
    <attrgroup>
      <attr name="Search by">
        <input>
          <domain format="radio_button">
            <value>Fare </value>
            <value>Schedule </value>
          </domain>
        </input>
      </attr>
    </attrgroup>
    <attrgroup>
      <attr name="">
        <input>
          <domain format="check_box">
            <value>Round Trip </value>
          </domain>
        </input>
      </attr>
    </attrgroup>
  </form>
</source>