<source url="http://www.lowestfare.com/" interurl="http://www.lowestfare.com/">
  <srcname>LowestFare.com</srcname>
  <form>
    <attrgroup>
      <attr name="From">
        <input>
          <domain format="text_box" />
        </input>
      </attr>
    </attrgroup>
    <attrgroup>
      <attr name="To">
        <input>
          <domain format="text_box" />
        </input>
      </attr>
    </attrgroup>
    <attrgroup>
      <attr name="Leave">
        <input>
          <domain format="text_box" />
        </input>
        <input>
          <domain format="selection_list">
            <value>Anytime</value>
            <value>Early Morning</value>
            <value>Morning</value>
            <value>Noon</value>
            <value>Afternoon</value>
            <value>Evening</value>
            <value>12:00 AM</value>
            <value>1:00 AM</value>
            <value>2:00 AM</value>
            <value>3:00 AM</value>
            <value>4:00 AM</value>
            <value>5:00 AM</value>
            <value>6:00 AM</value>
            <value>7:00 AM</value>
            <value>8:00 AM</value>
            <value>9:00 AM</value>
            <value>10:00 AM</value>
            <value>11:00 AM</value>
            <value>12:00 PM</value>
            <value>1:00 PM</value>
            <value>2:00 PM</value>
            <value>3:00 PM</value>
            <value>4:00 PM</value>
            <value>5:00 PM</value>
            <value>6:00 PM</value>
            <value>7:00 PM</value>
            <value>8:00 PM</value>
            <value>9:00 PM</value>
            <value>10:00 PM</value>
            <value>11:00 PM</value>
          </domain>
        </input>
      </attr>
    </attrgroup>
    <attrgroup>
      <attr name="Return">
        <input>
          <domain format="text_box" />
        </input>
        <input>
          <domain format="selection_list">
            <value>Anytime</value>
            <value>Early Morning</value>
            <value>Morning</value>
            <value>Noon</value>
            <value>Afternoon</value>
            <value>Evening</value>
            <value>12:00 AM</value>
            <value>1:00 AM</value>
            <value>2:00 AM</value>
            <value>3:00 AM</value>
            <value>4:00 AM</value>
            <value>5:00 AM</value>
            <value>6:00 AM</value>
            <value>7:00 AM</value>
            <value>8:00 AM</value>
            <value>9:00 AM</value>
            <value>10:00 AM</value>
            <value>11:00 AM</value>
            <value>12:00 PM</value>
            <value>1:00 PM</value>
            <value>2:00 PM</value>
            <value>3:00 PM</value>
            <value>4:00 PM</value>
            <value>5:00 PM</value>
            <value>6:00 PM</value>
            <value>7:00 PM</value>
            <value>8:00 PM</value>
            <value>9:00 PM</value>
            <value>10:00 PM</value>
            <value>11:00 PM</value>
          </domain>
        </input>
      </attr>
    </attrgroup>
    <attrgroup>
      <attr name="Adult (12-61)" ename="adult">
        <input>
          <domain format="selection_list">
            <value>1</value>
            <value>2</value>
            <value>3</value>
            <value>4</value>
          </domain>
        </input>
      </attr>
    </attrgroup>
    <attrgroup>
      <attr name="Child (2-11)" ename="children">
        <input>
          <domain format="selection_list">
            <value>0</value>
            <value>1</value>
            <value>2</value>
            <value>3</value>
            <value>4</value>
          </domain>
        </input>
      </attr>
    </attrgroup>
  </form>
</source>