<source url="http://res.nwa.com/" interurl="http://res.nwa.com/App/ViewRoundTripSearch">
  <srcname>NorthWest Airlines</srcname>
  <form>
    <attrgroup>
      <attr name="From">
        <input>
          <domain format="text_box" />
        </input>
        <additional>City Name or Airport Code</additional>
      </attr>
    </attrgroup>
    <attrgroup>
      <attr name="To">
        <input>
          <domain format="text_box" />
        </input>
        <additional>City Name or Airport </additional>
      </attr>
    </attrgroup>
    <attrgroup>
      <attr name="Depart">
        <input>
          <domain format="selection_list">
            <value>Jan </value>
            <value>Feb </value>
            <value>Mar </value>
            <value>Apr </value>
            <value>May </value>
            <value>Jun </value>
            <value>Jul </value>
            <value>Aug </value>
            <value>Sep </value>
            <value>Oct </value>
            <value>Nov </value>
            <value>Dec </value>
          </domain>
        </input>
        <input>
          <domain format="selection_list">
            <value>01</value>
            <value>02</value>
            <value>03</value>
            <value>04</value>
            <value>05</value>
            <value>06</value>
            <value>07</value>
            <value>08</value>
            <value>09</value>
            <value>10</value>
            <value>11</value>
            <value>12</value>
            <value>13</value>
            <value>14</value>
            <value>15</value>
            <value>16</value>
            <value>17</value>
            <value>18</value>
            <value>19</value>
            <value>20</value>
            <value>21</value>
            <value>22</value>
            <value>23</value>
            <value>24</value>
            <value>25</value>
            <value>26</value>
            <value>27</value>
            <value>28</value>
            <value>29</value>
            <value>30</value>
            <value>31</value>
          </domain>
        </input>
        <input>
          <domain format="selection_list">
            <value>anytime</value>
            <value>early morning</value>
            <value>morning</value>
            <value>afternoon</value>
            <value>early evening</value>
            <value>evening</value>
            <value>---</value>
            <value>1 am</value>
            <value>2 am</value>
            <value>3 am</value>
            <value>4 am</value>
            <value>5 am</value>
            <value>6 am</value>
            <value>7 am</value>
            <value>8 am</value>
            <value>9 am</value>
            <value>10 am</value>
            <value>11 am</value>
            <value>12 pm (noon)</value>
            <value>1 pm</value>
            <value>2 pm</value>
            <value>3 pm</value>
            <value>4 pm</value>
            <value>5 pm</value>
            <value>6 pm</value>
            <value>7 pm</value>
            <value>8 pm</value>
            <value>9 pm</value>
            <value>10 pm</value>
            <value>11 pm</value>
            <value>12 am (midnight)</value>
          </domain>
        </input>
      </attr>
    </attrgroup>
    <attrgroup>
      <attr name="Return Date">
        <input>
          <domain format="selection_list">
            <value>Jan </value>
            <value>Feb </value>
            <value>Mar </value>
            <value>Apr </value>
            <value>May </value>
            <value>Jun </value>
            <value>Jul </value>
            <value>Aug </value>
            <value>Sep </value>
            <value>Oct </value>
            <value>Nov </value>
            <value>Dec </value>
          </domain>
        </input>
        <input>
          <domain format="selection_list">
            <value>01</value>
            <value>02</value>
            <value>03</value>
            <value>04</value>
            <value>05</value>
            <value>06</value>
            <value>07</value>
            <value>08</value>
            <value>09</value>
            <value>10</value>
            <value>11</value>
            <value>12</value>
            <value>13</value>
            <value>14</value>
            <value>15</value>
            <value>16</value>
            <value>17</value>
            <value>18</value>
            <value>19</value>
            <value>20</value>
            <value>21</value>
            <value>22</value>
            <value>23</value>
            <value>24</value>
            <value>25</value>
            <value>26</value>
            <value>27</value>
            <value>28</value>
            <value>29</value>
            <value>30</value>
            <value>31</value>
          </domain>
        </input>
        <input>
          <domain format="selection_list">
            <value>anytime</value>
            <value>early morning</value>
            <value>morning</value>
            <value>afternoon</value>
            <value>early evening</value>
            <value>evening</value>
            <value>---</value>
            <value>1 am</value>
            <value>2 am</value>
            <value>3 am</value>
            <value>4 am</value>
            <value>5 am</value>
            <value>6 am</value>
            <value>7 am</value>
            <value>8 am</value>
            <value>9 am</value>
            <value>10 am</value>
            <value>11 am</value>
            <value>12 pm (noon)</value>
            <value>1 pm</value>
            <value>2 pm</value>
            <value>3 pm</value>
            <value>4 pm</value>
            <value>5 pm</value>
            <value>6 pm</value>
            <value>7 pm</value>
            <value>8 pm</value>
            <value>9 pm</value>
            <value>10 pm</value>
            <value>11 pm</value>
            <value>12 am (midnight)</value>
          </domain>
        </input>
      </attr>
    </attrgroup>
    <attrgroup>
      <attr name="Adult (Domestic: age 18-64, International: age 12-64) " ename="adult">
        <input>
          <domain format="selection_list">
            <value>1</value>
            <value>2</value>
            <value>3</value>
            <value>4</value>
            <value>5</value>
            <value>6</value>
            <value>7</value>
            <value>8</value>
            <value>9</value>
          </domain>
        </input>
      </attr>
    </attrgroup>
    <attrgroup>
      <attr name="Child (Domestic: age 2-17, International: age 2-11) " ename="children">
        <input>
          <domain format="selection_list">
            <value>0</value>
            <value>1</value>
            <value>2</value>
            <value>3</value>
            <value>4</value>
            <value>5</value>
            <value>6</value>
            <value>7</value>
            <value>8</value>
          </domain>
        </input>
      </attr>
    </attrgroup>
    <attrgroup>
      <attr name="Senior (Domestic/International: age 65+) " ename="senior">
        <input>
          <domain format="selection_list">
            <value>0</value>
            <value>1</value>
            <value>2</value>
            <value>3</value>
            <value>4</value>
            <value>5</value>
            <value>6</value>
            <value>7</value>
            <value>8</value>
          </domain>
        </input>
      </attr>
    </attrgroup>
    <attrgroup>
      <attr name="Infant in lap (under 2 yrs) " ename="infant in lap">
        <input>
          <domain format="selection_list">
            <value>0</value>
            <value>1</value>
            <value>2</value>
            <value>3</value>
            <value>4</value>
            <value>5</value>
            <value>6</value>
            <value>7</value>
            <value>8</value>
          </domain>
        </input>
      </attr>
    </attrgroup>
    <attrgroup>
      <attr name="Infant in seat (under 2 yrs)" ename="infant in seat">
        <input>
          <domain format="selection_list">
            <value>0</value>
            <value>1</value>
            <value>2</value>
            <value>3</value>
            <value>4</value>
            <value>5</value>
            <value>6</value>
            <value>7</value>
            <value>8</value>
          </domain>
        </input>
      </attr>
    </attrgroup>
    <attrgroup>
      <attr name="">
        <input>
          <domain format="radio_button">
            <value>Roundtrip </value>
            <value>One-Way </value>
            <value>Muti-city </value>
          </domain>
        </input>
      </attr>
    </attrgroup>
  </form>
</source>