<source url="http://www.onetravel.com/" interurl="http://www.onetravel.com/index.cfm?DK=3&amp;SessionID=2B26D7D1-F546-11D6-8E7700D0B78F4049&amp;Token=NULL&amp;Lang=English&amp;Style=1&amp;Modules=Y|Y|Y|Y|Y|Y|N|Y|Y|Y|Y|Y|Y&amp;">
  <srcname>OneTravel.com</srcname>
  <form>
    <attrgroup>
      <attr name="Leaving From" ename="leave from">
        <input>
          <domain format="text_box" />
        </input>
      </attr>
    </attrgroup>
    <attrgroup>
      <attr name="Destination">
        <input>
          <domain format="text_box" />
        </input>
      </attr>
    </attrgroup>
    <attrgroup>
      <attr name="Departure Date">
        <input>
          <domain format="text_box" />
        </input>
      </attr>
    </attrgroup>
    <attrgroup>
      <attr name="Return Date">
        <input>
          <domain format="text_box" />
        </input>
      </attr>
    </attrgroup>
    <attrgroup>
      <attr name="Adult(s)" ename="adult">
        <input>
          <domain format="selection_list">
            <value>1</value>
            <value>2</value>
            <value>3</value>
            <value>4</value>
          </domain>
        </input>
      </attr>
    </attrgroup>
    <attrgroup>
      <attr name="Children under 12" ename="children">
        <input>
          <domain format="selection_list">
            <value>none</value>
            <value>1</value>
            <value>2</value>
            <value>3</value>
            <value>4</value>
          </domain>
        </input>
      </attr>
    </attrgroup>
  </form>
</source>