<source url="http://www.orbitz.com/" interurl="http://www.orbitz.com/">
  <srcname>Orbitz Flight</srcname>
  <form>
    <attrgroup>
      <attr name="From">
        <input>
          <domain format="text_box" />
        </input>
      </attr>
    </attrgroup>
    <attrgroup>
      <attr name="To">
        <input>
          <domain format="text_box" />
        </input>
      </attr>
    </attrgroup>
    <attrgroup>
      <attr name="Leave">
        <input>
          <domain format="selection_list">
            <value>Jan </value>
            <value>Feb </value>
            <value>Mar </value>
            <value>Apr </value>
            <value>May </value>
            <value>Jun </value>
            <value>Jul </value>
            <value>Aug </value>
            <value>Sep </value>
            <value>Oct </value>
            <value>Nov </value>
            <value>Dec </value>
          </domain>
        </input>
        <input>
          <domain format="selection_list">
            <value>01</value>
            <value>02</value>
            <value>03</value>
            <value>04</value>
            <value>05</value>
            <value>06</value>
            <value>07</value>
            <value>08</value>
            <value>09</value>
            <value>10</value>
            <value>11</value>
            <value>12</value>
            <value>13</value>
            <value>14</value>
            <value>15</value>
            <value>16</value>
            <value>17</value>
            <value>18</value>
            <value>19</value>
            <value>20</value>
            <value>21</value>
            <value>22</value>
            <value>23</value>
            <value>24</value>
            <value>25</value>
            <value>26</value>
            <value>27</value>
            <value>28</value>
            <value>29</value>
            <value>30</value>
            <value>31</value>
          </domain>
        </input>
        <input>
          <domain format="selection_list">
            <value>anytime</value>
            <value>---</value>
            <value>12a-9a</value>
            <value>6a-noon</value>
            <value>10a-2p</value>
            <value>noon-5p</value>
            <value>4-8p</value>
            <value>6p-12a</value>
            <value>1 am</value>
            <value>2 am</value>
            <value>3 am</value>
            <value>4 am</value>
            <value>5 am</value>
            <value>6 am</value>
            <value>7 am</value>
            <value>8 am</value>
            <value>9 am</value>
            <value>10 am</value>
            <value>11 am</value>
            <value>noon</value>
            <value>1 pm</value>
            <value>2 pm</value>
            <value>3 pm</value>
            <value>4 pm</value>
            <value>5 pm</value>
            <value>6 pm</value>
            <value>7 pm</value>
            <value>8 pm</value>
            <value>9 pm</value>
            <value>10 pm</value>
            <value>11 pm</value>
            <value>midnight</value>
          </domain>
        </input>
      </attr>
    </attrgroup>
    <attrgroup>
      <attr name="Return">
        <input>
          <domain format="selection_list">
            <value>Jan </value>
            <value>Feb </value>
            <value>Mar </value>
            <value>Apr </value>
            <value>May </value>
            <value>Jun </value>
            <value>Jul </value>
            <value>Aug </value>
            <value>Sep </value>
            <value>Oct </value>
            <value>Nov </value>
            <value>Dec </value>
          </domain>
        </input>
        <input>
          <domain format="selection_list">
            <value>01</value>
            <value>02</value>
            <value>03</value>
            <value>04</value>
            <value>05</value>
            <value>06</value>
            <value>07</value>
            <value>08</value>
            <value>09</value>
            <value>10</value>
            <value>11</value>
            <value>12</value>
            <value>13</value>
            <value>14</value>
            <value>15</value>
            <value>16</value>
            <value>17</value>
            <value>18</value>
            <value>19</value>
            <value>20</value>
            <value>21</value>
            <value>22</value>
            <value>23</value>
            <value>24</value>
            <value>25</value>
            <value>26</value>
            <value>27</value>
            <value>28</value>
            <value>29</value>
            <value>30</value>
            <value>31</value>
          </domain>
        </input>
        <input>
          <domain format="selection_list">
            <value>anytime</value>
            <value>---</value>
            <value>12a-9a</value>
            <value>6a-noon</value>
            <value>10a-2p</value>
            <value>noon-5p</value>
            <value>4-8p</value>
            <value>6p-12a</value>
            <value>1 am</value>
            <value>2 am</value>
            <value>3 am</value>
            <value>4 am</value>
            <value>5 am</value>
            <value>6 am</value>
            <value>7 am</value>
            <value>8 am</value>
            <value>9 am</value>
            <value>10 am</value>
            <value>11 am</value>
            <value>noon</value>
            <value>1 pm</value>
            <value>2 pm</value>
            <value>3 pm</value>
            <value>4 pm</value>
            <value>5 pm</value>
            <value>6 pm</value>
            <value>7 pm</value>
            <value>8 pm</value>
            <value>9 pm</value>
            <value>10 pm</value>
            <value>11 pm</value>
            <value>midnight</value>
          </domain>
        </input>
      </attr>
    </attrgroup>
    <attrgroup>
      <attr name="adult (18-64) " ename="adult">
        <input>
          <domain format="selection_list">
            <value>1</value>
            <value>2</value>
            <value>3</value>
            <value>4</value>
            <value>5</value>
            <value>6</value>
          </domain>
        </input>
      </attr>
    </attrgroup>
    <attrgroup>
      <attr name="youth (12-17)" ename="youth">
        <input>
          <domain format="selection_list">
            <value>0</value>
            <value>1</value>
            <value>2</value>
            <value>3</value>
            <value>4</value>
            <value>5</value>
          </domain>
        </input>
      </attr>
    </attrgroup>
    <attrgroup>
      <attr name="child (2-11)" ename="children">
        <input>
          <domain format="selection_list">
            <value>0</value>
            <value>1</value>
            <value>2</value>
            <value>3</value>
            <value>4</value>
            <value>5</value>
          </domain>
        </input>
      </attr>
    </attrgroup>
    <attrgroup>
      <attr name="senior (65+) " ename="senior">
        <input>
          <domain format="selection_list">
            <value>0</value>
            <value>1</value>
            <value>2</value>
            <value>3</value>
            <value>4</value>
            <value>5</value>
            <value>6</value>
          </domain>
        </input>
      </attr>
    </attrgroup>
  </form>
</source>