<source url="http://www.singaporeair.com" interurl="http://www.singaporeair.com/saa/app/saa">
  <srcname>Singapore Airlines</srcname>
  <form>
    <attrgroup>
      <attr name="From">
        <input>
          <domain format="selection_list">
            <value>Departure City</value>
            <value>Singapore - SIN</value>
            <value>---------------</value>
            <value>Adelaide - ADL</value>
            <value>Amsterdam - AMS</value>
            <value>Athens - ATH</value>
            <value>Auckland - AKL</value>
            <value>Bandar Seri Begawan - BWN</value>
            <value>Bangkok - BKK</value>
            <value>Beijing - BJS</value>
            <value>Brisbane - BNE</value>
            <value>Brussels - BRU</value>
            <value>Cairo - CAI</value>
            <value>Canberra - CBR</value>
            <value>Cape Town - CPT</value>
            <value>Chennai - MAA</value>
            <value>Christchurch - CHC</value>
            <value>Colombo - CMB</value>
            <value>Copenhagen - CPH</value>
            <value>Delhi - DEL</value>
            <value>Denpasar (Bali) - DPS</value>
            <value>Dhaka - DAC</value>
            <value>Dubai - DXB</value>
            <value>Frankfurt - FRA</value>
            <value>Fukuoka - FUK</value>
            <value>Guangzhou - CAN</value>
            <value>Hanoi - HAN</value>
            <value>Ho Chi Minh City - SGN</value>
            <value>Hong Kong - HKG</value>
            <value>Istanbul - IST</value>
            <value>Jakarta - JKT</value>
            <value>Jeddah - JED</value>
            <value>Johannesburg - JNB</value>
            <value>Kolkata - CCU</value>
            <value>Kuala Lumpur - KUL</value>
            <value>London - LON</value>
            <value>Los Angeles - LAX</value>
            <value>Madrid - MAD</value>
            <value>Male - MLE</value>
            <value>Manchester - MAN</value>
            <value>Manila - MNL</value>
            <value>Melbourne - MEL</value>
            <value>Mumbai - BOM</value>
            <value>Nagoya - NGO</value>
            <value>New York - NYC</value>
            <value>Osaka - OSA</value>
            <value>Paris - PAR</value>
            <value>Penang - PEN</value>
            <value>Perth - PER</value>
            <value>Rome - ROM</value>
            <value>San Francisco - SFO</value>
            <value>Seoul - SEL</value>
            <value>Shanghai - SHA</value>
            <value>Surabaya - SUB</value>
            <value>Sydney - SYD</value>
            <value>Taipei - TPE</value>
            <value>Tokyo - TYO</value>
            <value>Vancouver - YVR</value>
            <value>Wellington - WLG</value>
            <value>Zurich - ZRH</value>
          </domain>
        </input>
      </attr>
    </attrgroup>
    <attrgroup>
      <attr name="To">
        <input>
          <domain format="selection_list">
            <value>Departure City</value>
            <value>Singapore - SIN</value>
            <value>---------------</value>
            <value>Adelaide - ADL</value>
            <value>Amsterdam - AMS</value>
            <value>Athens - ATH</value>
            <value>Auckland - AKL</value>
            <value>Bandar Seri Begawan - BWN</value>
            <value>Bangkok - BKK</value>
            <value>Beijing - BJS</value>
            <value>Brisbane - BNE</value>
            <value>Brussels - BRU</value>
            <value>Cairo - CAI</value>
            <value>Canberra - CBR</value>
            <value>Cape Town - CPT</value>
            <value>Chennai - MAA</value>
            <value>Christchurch - CHC</value>
            <value>Colombo - CMB</value>
            <value>Copenhagen - CPH</value>
            <value>Delhi - DEL</value>
            <value>Denpasar (Bali) - DPS</value>
            <value>Dhaka - DAC</value>
            <value>Dubai - DXB</value>
            <value>Frankfurt - FRA</value>
            <value>Fukuoka - FUK</value>
            <value>Guangzhou - CAN</value>
            <value>Hanoi - HAN</value>
            <value>Ho Chi Minh City - SGN</value>
            <value>Hong Kong - HKG</value>
            <value>Istanbul - IST</value>
            <value>Jakarta - JKT</value>
            <value>Jeddah - JED</value>
            <value>Johannesburg - JNB</value>
            <value>Kolkata - CCU</value>
            <value>Kuala Lumpur - KUL</value>
            <value>London - LON</value>
            <value>Los Angeles - LAX</value>
            <value>Madrid - MAD</value>
            <value>Male - MLE</value>
            <value>Manchester - MAN</value>
            <value>Manila - MNL</value>
            <value>Melbourne - MEL</value>
            <value>Mumbai - BOM</value>
            <value>Nagoya - NGO</value>
            <value>New York - NYC</value>
            <value>Osaka - OSA</value>
            <value>Paris - PAR</value>
            <value>Penang - PEN</value>
            <value>Perth - PER</value>
            <value>Rome - ROM</value>
            <value>San Francisco - SFO</value>
            <value>Seoul - SEL</value>
            <value>Shanghai - SHA</value>
            <value>Surabaya - SUB</value>
            <value>Sydney - SYD</value>
            <value>Taipei - TPE</value>
            <value>Tokyo - TYO</value>
            <value>Vancouver - YVR</value>
            <value>Wellington - WLG</value>
            <value>Zurich - ZRH</value>
          </domain>
        </input>
      </attr>
    </attrgroup>
    <attrgroup>
      <attr name="Departure">
        <input>
          <domain format="selection_list">
            <value>Jan 2004</value>
            <value>Feb 2004 </value>
            <value>Mar 2004 </value>
            <value>Apr 2004 </value>
            <value>May 2003 </value>
            <value>Jun 2003 </value>
            <value>Jul 2003 </value>
            <value>Aug 2003 </value>
            <value>Sep 2003 </value>
            <value>Oct 2003 </value>
            <value>Nov 2003 </value>
            <value>Dec 2003</value>
          </domain>
        </input>
        <input>
          <domain format="selection_list">
            <value>01</value>
            <value>02</value>
            <value>03</value>
            <value>04</value>
            <value>05</value>
            <value>06</value>
            <value>07</value>
            <value>08</value>
            <value>09</value>
            <value>10</value>
            <value>11</value>
            <value>12</value>
            <value>13</value>
            <value>14</value>
            <value>15</value>
            <value>16</value>
            <value>17</value>
            <value>18</value>
            <value>19</value>
            <value>20</value>
            <value>21</value>
            <value>22</value>
            <value>23</value>
            <value>24</value>
            <value>25</value>
            <value>26</value>
            <value>27</value>
            <value>28</value>
            <value>29</value>
            <value>30</value>
            <value>31</value>
          </domain>
        </input>
        <input>
          <domain format="selection_list">
            <value>Select Time</value>
            <value>Morning</value>
            <value>Afternoon</value>
            <value>Evening</value>
            <value>00:00</value>
            <value>01:00</value>
            <value>02:00</value>
            <value>03:00</value>
            <value>04:00</value>
            <value>05:00</value>
            <value>06:00</value>
            <value>07:00</value>
            <value>08:00</value>
            <value>09:00</value>
            <value>10:00</value>
            <value>11:00</value>
            <value>12:00</value>
            <value>13:00</value>
            <value>14:00</value>
            <value>15:00</value>
            <value>16:00</value>
            <value>17:00</value>
            <value>18:00</value>
            <value>19:00</value>
            <value>20:00</value>
            <value>21:00</value>
            <value>22:00</value>
            <value>23:00</value>
          </domain>
        </input>
      </attr>
    </attrgroup>
    <attrgroup>
      <attr name="Return">
        <input>
          <domain format="selection_list">
            <value>Jan </value>
            <value>Feb </value>
            <value>Mar </value>
            <value>Apr </value>
            <value>May </value>
            <value>Jun </value>
            <value>Jul </value>
            <value>Aug </value>
            <value>Sep </value>
            <value>Oct </value>
            <value>Nov </value>
            <value>Dec </value>
          </domain>
        </input>
        <input>
          <domain format="selection_list">
            <value>01</value>
            <value>02</value>
            <value>03</value>
            <value>04</value>
            <value>05</value>
            <value>06</value>
            <value>07</value>
            <value>08</value>
            <value>09</value>
            <value>10</value>
            <value>11</value>
            <value>12</value>
            <value>13</value>
            <value>14</value>
            <value>15</value>
            <value>16</value>
            <value>17</value>
            <value>18</value>
            <value>19</value>
            <value>20</value>
            <value>21</value>
            <value>22</value>
            <value>23</value>
            <value>24</value>
            <value>25</value>
            <value>26</value>
            <value>27</value>
            <value>28</value>
            <value>29</value>
            <value>30</value>
            <value>31</value>
          </domain>
        </input>
        <input>
          <domain format="selection_list">
            <value>Select Time</value>
            <value>Morning</value>
            <value>Afternoon</value>
            <value>Evening</value>
            <value>00:00</value>
            <value>01:00</value>
            <value>02:00</value>
            <value>03:00</value>
            <value>04:00</value>
            <value>05:00</value>
            <value>06:00</value>
            <value>07:00</value>
            <value>08:00</value>
            <value>09:00</value>
            <value>10:00</value>
            <value>11:00</value>
            <value>12:00</value>
            <value>13:00</value>
            <value>14:00</value>
            <value>15:00</value>
            <value>16:00</value>
            <value>17:00</value>
            <value>18:00</value>
            <value>19:00</value>
            <value>20:00</value>
            <value>21:00</value>
            <value>22:00</value>
            <value>23:00</value>
          </domain>
        </input>
      </attr>
    </attrgroup>
    <attrgroup>
      <attr name="Adults" ename="adult">
        <input>
          <domain format="selection_list">
            <value>1</value>
            <value>2</value>
            <value>3</value>
            <value>4</value>
            <value>5</value>
            <value>6</value>
            <value>7</value>
          </domain>
        </input>
      </attr>
    </attrgroup>
    <attrgroup>
      <attr name="Children">
        <input>
          <domain format="selection_list">
            <value>0</value>
            <value>1</value>
            <value>2</value>
            <value>3</value>
            <value>4</value>
            <value>5</value>
            <value>6</value>
          </domain>
        </input>
      </attr>
    </attrgroup>
    <attrgroup>
      <attr name="Class">
        <input>
          <domain format="selection_list">
            <value>Economy class</value>
            <value>Business class</value>
            <value>First class</value>
          </domain>
        </input>
      </attr>
    </attrgroup>
    <attrgroup>
      <attr name="Make a stop in between?">
        <input>
          <domain format="radio_button">
            <value>Yes </value>
            <value>No</value>
          </domain>
        </input>
      </attr>
    </attrgroup>
  </form>
</source>