<source url="http://www.smarterliving.com/air/search/" interurl="http://www.smarterliving.com/air/search/">
  <srcname>Smarter Living</srcname>
  <form>
    <attrgroup>
      <attr name="Select Your Departure City" ename="departure city">
        <input>
          <domain format="selection_list">
            <value>Albany, NY</value>
            <value>Albuquerque, NM</value>
            <value>Allentown, PA</value>
            <value>Amarillo, TX</value>
            <value>Anchorage, AK</value>
            <value>Appleton, WI</value>
            <value>Aspen, CO</value>
            <value>Atlanta, GA</value>
            <value>Austin, TX</value>
            <value>Bakersfield, CA</value>
            <value>Baltimore, MD</value>
            <value>Bathurst, NB, Canada</value>
            <value>Baton Rouge, LA</value>
            <value>Billings, MT</value>
            <value>Binghamton, NY</value>
            <value>Birmingham, AL</value>
            <value>Bismarck, ND</value>
            <value>Boise, ID</value>
            <value>Boston, MA</value>
            <value>Brownsville, TX</value>
            <value>Buffalo, NY</value>
            <value>Burbank, CA</value>
            <value>Burlington, VT</value>
            <value>Calgary, AB, Canada</value>
            <value>Carlsbad, CA</value>
            <value>Cedar Rapids, IA</value>
            <value>Charleston, WV</value>
            <value>Charlotte, NC</value>
            <value>Charlottesville, VA</value>
            <value>Charlottetown, PE, Canada</value>
            <value>Chicago, IL</value>
            <value>Chico, CA</value>
            <value>Cincinnati, OH</value>
            <value>Cleveland, OH</value>
            <value>Colorado Springs, CO</value>
            <value>Columbia, SC</value>
            <value>Columbus, OH</value>
            <value>Cordova, AK</value>
            <value>Corpus Christi, TX</value>
            <value>Cranbrook, BC, Canada</value>
            <value>Dallas, TX</value>
            <value>Dayton, OH</value>
            <value>Denver, CO</value>
            <value>Des Moines, IA</value>
            <value>Detroit, MI</value>
            <value>Durango, CO</value>
            <value>Edmonton, AB, Canada</value>
            <value>El Paso, TX</value>
            <value>Eugene, OR</value>
            <value>Fairbanks, AK</value>
            <value>Fredericton, NB, Canada</value>
            <value>Fresno, CA</value>
            <value>Ft. Lauderdale, FL</value>
            <value>Ft. McMurray, AB, Canada</value>
            <value>Ft. Myers, FL</value>
            <value>Ft. Nelson, BC, Canada</value>
            <value>Ft. St. John, BC, Canada</value>
            <value>Ft. Wayne, IN</value>
            <value>Gaspe, QC, Canada</value>
            <value>Grand Junction, CO</value>
            <value>Grand Rapids, MI</value>
            <value>Grande Prairie, AB, Canada</value>
            <value>Green Bay, WI</value>
            <value>Greensboro, NC</value>
            <value>Greenville, SC</value>
            <value>Gunnison, CO</value>
            <value>Halifax, NS, Canada</value>
            <value>Harlingen, TX</value>
            <value>Harrisburg, PA</value>
            <value>Hartford, CT</value>
            <value>Honolulu, HI</value>
            <value>Houston, TX</value>
            <value>Huntsville, AL</value>
            <value>Iles de la Madeleine, QC, Canada</value>
            <value>Imperial, CA</value>
            <value>Indianapolis, IN</value>
            <value>Islip, NY</value>
            <value>Jackson, MS</value>
            <value>Jacksonville, FL</value>
            <value>Juneau, AK</value>
            <value>Kamloops, BC, Canada</value>
            <value>Kansas City, MO</value>
            <value>Kelowna, BC, Canada</value>
            <value>Ketchikan, AK</value>
            <value>Kingston, ON, Canada</value>
            <value>Klamath Falls, OR</value>
            <value>Knoxville, TN</value>
            <value>La Crosse, WI</value>
            <value>Lafayette, LA</value>
            <value>Lansing, MI</value>
            <value>Las Vegas, NV</value>
            <value>Lincoln, NE</value>
            <value>Little Rock, AR</value>
            <value>London, ON, Canada</value>
            <value>Long Beach, CA</value>
            <value>Los Angeles, CA</value>
            <value>Louisville, KY</value>
            <value>Lubbock, TX</value>
            <value>Madison, WI</value>
            <value>Manchester, NH</value>
            <value>Memphis, TN</value>
            <value>Miami, FL</value>
            <value>Midland, TX</value>
            <value>Milwaukee, WI</value>
            <value>Minneapolis, MN</value>
            <value>Moncton, NB, Canada</value>
            <value>Monterey, CA</value>
            <value>Montreal, QC, Canada</value>
            <value>Montrose, CO</value>
            <value>Muskegon, MI</value>
            <value>Nashville, TN</value>
            <value>New Orleans, LA</value>
            <value>New York, NY</value>
            <value>Newark, NJ</value>
            <value>Norfolk, VA</value>
            <value>North Bay, ON, Canada</value>
            <value>Oakland, CA</value>
            <value>Oklahoma City, OK</value>
            <value>Omaha, NE</value>
            <value>Ontario, CA</value>
            <value>Orlando, FL</value>
            <value>Ottawa, ON, Canada</value>
            <value>Oxnard, CA</value>
            <value>Palm Springs, CA</value>
            <value>Pasco, WA</value>
            <value>Pensacola, FL</value>
            <value>Penticton, BC, Canada</value>
            <value>Philadelphia, PA</value>
            <value>Phoenix, AZ</value>
            <value>Pittsburgh, PA</value>
            <value>Portland, ME</value>
            <value>Portland, OR</value>
            <value>Prince George, BC, Canada</value>
            <value>Providence, RI</value>
            <value>Quebec City, QC, Canada</value>
            <value>Raleigh, NC</value>
            <value>Rapid City, SD</value>
            <value>Redding, CA</value>
            <value>Regina, SK, Canada</value>
            <value>Reno, NV</value>
            <value>Rhinelander, WI</value>
            <value>Richmond, VA</value>
            <value>Roanoke, VA</value>
            <value>Rochester, MN</value>
            <value>Rochester, NY</value>
            <value>Sacramento, CA</value>
            <value>Saginaw, MI</value>
            <value>Salt Lake City, UT</value>
            <value>San Antonio, TX</value>
            <value>San Diego, CA</value>
            <value>San Francisco, CA</value>
            <value>San Jose, CA</value>
            <value>Santa Ana, CA</value>
            <value>Santa Barbara, CA</value>
            <value>Santa Maria, CA</value>
            <value>Saskatoon, SK, Canada</value>
            <value>Sault Ste. Marie, ON, Canada</value>
            <value>Seattle, WA</value>
            <value>Sept-Iles, QC, Canada</value>
            <value>Sioux Falls, SD</value>
            <value>South Bend, IN</value>
            <value>Spokane, WA</value>
            <value>Springfield, IL</value>
            <value>Springfield, MO</value>
            <value>St. George, UT</value>
            <value>St. John's, NF, Canada</value>
            <value>St. John, NB, Canada</value>
            <value>St. Louis, MO</value>
            <value>State College, PA</value>
            <value>Sudbury, ON, Canada</value>
            <value>Syracuse, NY</value>
            <value>Tallahassee, FL</value>
            <value>Tampa, FL</value>
            <value>Terrace, BC, Canada</value>
            <value>Thunder Bay, ON, Canada</value>
            <value>Timmins, ON, Canada</value>
            <value>Toronto, ON, Canada</value>
            <value>Tucson, AZ</value>
            <value>Tulsa, OK</value>
            <value>Vail, CO</value>
            <value>Vancouver, BC, Canada</value>
            <value>Victoria, BC, Canada</value>
            <value>Wabush, NF, Canada</value>
            <value>Washington, DC</value>
            <value>Wausau, WI</value>
            <value>Wenatchee, WA</value>
            <value>West Palm Beach, FL</value>
            <value>White Plains, NY</value>
            <value>Whitehorse, YT, Canada</value>
            <value>Wichita, KS</value>
            <value>Windsor, ON, Canada</value>
            <value>Winnipeg, MB, Canada</value>
            <value>Yuma, AZ</value>
          </domain>
        </input>
      </attr>
    </attrgroup>
  </form>
  <form>
    <attrgroup>
      <attr name="Select Your Arrival City*:" ename="arrival city">
        <input>
          <domain format="selection_list">
            <value>Albany, NY</value>
            <value>Albuquerque, NM</value>
            <value>Allentown, PA</value>
            <value>Amarillo, TX</value>
            <value>Anchorage, AK</value>
            <value>Appleton, WI</value>
            <value>Aspen, CO</value>
            <value>Atlanta, GA</value>
            <value>Austin, TX</value>
            <value>Bakersfield, CA</value>
            <value>Baltimore, MD</value>
            <value>Bathurst, NB, Canada</value>
            <value>Baton Rouge, LA</value>
            <value>Billings, MT</value>
            <value>Binghamton, NY</value>
            <value>Birmingham, AL</value>
            <value>Bismarck, ND</value>
            <value>Boise, ID</value>
            <value>Boston, MA</value>
            <value>Brownsville, TX</value>
            <value>Buffalo, NY</value>
            <value>Burbank, CA</value>
            <value>Burlington, VT</value>
            <value>Calgary, AB, Canada</value>
            <value>Carlsbad, CA</value>
            <value>Cedar Rapids, IA</value>
            <value>Charleston, WV</value>
            <value>Charlotte, NC</value>
            <value>Charlottesville, VA</value>
            <value>Charlottetown, PE, Canada</value>
            <value>Chicago, IL</value>
            <value>Chico, CA</value>
            <value>Cincinnati, OH</value>
            <value>Cleveland, OH</value>
            <value>Colorado Springs, CO</value>
            <value>Columbia, SC</value>
            <value>Columbus, OH</value>
            <value>Cordova, AK</value>
            <value>Corpus Christi, TX</value>
            <value>Cranbrook, BC, Canada</value>
            <value>Dallas, TX</value>
            <value>Dayton, OH</value>
            <value>Denver, CO</value>
            <value>Des Moines, IA</value>
            <value>Detroit, MI</value>
            <value>Durango, CO</value>
            <value>Edmonton, AB, Canada</value>
            <value>El Paso, TX</value>
            <value>Eugene, OR</value>
            <value>Fairbanks, AK</value>
            <value>Fredericton, NB, Canada</value>
            <value>Fresno, CA</value>
            <value>Ft. Lauderdale, FL</value>
            <value>Ft. McMurray, AB, Canada</value>
            <value>Ft. Myers, FL</value>
            <value>Ft. Nelson, BC, Canada</value>
            <value>Ft. St. John, BC, Canada</value>
            <value>Ft. Wayne, IN</value>
            <value>Gaspe, QC, Canada</value>
            <value>Grand Junction, CO</value>
            <value>Grand Rapids, MI</value>
            <value>Grande Prairie, AB, Canada</value>
            <value>Green Bay, WI</value>
            <value>Greensboro, NC</value>
            <value>Greenville, SC</value>
            <value>Gunnison, CO</value>
            <value>Halifax, NS, Canada</value>
            <value>Harlingen, TX</value>
            <value>Harrisburg, PA</value>
            <value>Hartford, CT</value>
            <value>Honolulu, HI</value>
            <value>Houston, TX</value>
            <value>Huntsville, AL</value>
            <value>Iles de la Madeleine, QC, Canada</value>
            <value>Imperial, CA</value>
            <value>Indianapolis, IN</value>
            <value>Islip, NY</value>
            <value>Jackson, MS</value>
            <value>Jacksonville, FL</value>
            <value>Juneau, AK</value>
            <value>Kamloops, BC, Canada</value>
            <value>Kansas City, MO</value>
            <value>Kelowna, BC, Canada</value>
            <value>Ketchikan, AK</value>
            <value>Kingston, ON, Canada</value>
            <value>Klamath Falls, OR</value>
            <value>Knoxville, TN</value>
            <value>La Crosse, WI</value>
            <value>Lafayette, LA</value>
            <value>Lansing, MI</value>
            <value>Las Vegas, NV</value>
            <value>Lincoln, NE</value>
            <value>Little Rock, AR</value>
            <value>London, ON, Canada</value>
            <value>Long Beach, CA</value>
            <value>Los Angeles, CA</value>
            <value>Louisville, KY</value>
            <value>Lubbock, TX</value>
            <value>Madison, WI</value>
            <value>Manchester, NH</value>
            <value>Memphis, TN</value>
            <value>Miami, FL</value>
            <value>Midland, TX</value>
            <value>Milwaukee, WI</value>
            <value>Minneapolis, MN</value>
            <value>Moncton, NB, Canada</value>
            <value>Monterey, CA</value>
            <value>Montreal, QC, Canada</value>
            <value>Montrose, CO</value>
            <value>Muskegon, MI</value>
            <value>Nashville, TN</value>
            <value>New Orleans, LA</value>
            <value>New York, NY</value>
            <value>Newark, NJ</value>
            <value>Norfolk, VA</value>
            <value>North Bay, ON, Canada</value>
            <value>Oakland, CA</value>
            <value>Oklahoma City, OK</value>
            <value>Omaha, NE</value>
            <value>Ontario, CA</value>
            <value>Orlando, FL</value>
            <value>Ottawa, ON, Canada</value>
            <value>Oxnard, CA</value>
            <value>Palm Springs, CA</value>
            <value>Pasco, WA</value>
            <value>Pensacola, FL</value>
            <value>Penticton, BC, Canada</value>
            <value>Philadelphia, PA</value>
            <value>Phoenix, AZ</value>
            <value>Pittsburgh, PA</value>
            <value>Portland, ME</value>
            <value>Portland, OR</value>
            <value>Prince George, BC, Canada</value>
            <value>Providence, RI</value>
            <value>Quebec City, QC, Canada</value>
            <value>Raleigh, NC</value>
            <value>Rapid City, SD</value>
            <value>Redding, CA</value>
            <value>Regina, SK, Canada</value>
            <value>Reno, NV</value>
            <value>Rhinelander, WI</value>
            <value>Richmond, VA</value>
            <value>Roanoke, VA</value>
            <value>Rochester, MN</value>
            <value>Rochester, NY</value>
            <value>Sacramento, CA</value>
            <value>Saginaw, MI</value>
            <value>Salt Lake City, UT</value>
            <value>San Antonio, TX</value>
            <value>San Diego, CA</value>
            <value>San Francisco, CA</value>
            <value>San Jose, CA</value>
            <value>Santa Ana, CA</value>
            <value>Santa Barbara, CA</value>
            <value>Santa Maria, CA</value>
            <value>Saskatoon, SK, Canada</value>
            <value>Sault Ste. Marie, ON, Canada</value>
            <value>Seattle, WA</value>
            <value>Sept-Iles, QC, Canada</value>
            <value>Sioux Falls, SD</value>
            <value>South Bend, IN</value>
            <value>Spokane, WA</value>
            <value>Springfield, IL</value>
            <value>Springfield, MO</value>
            <value>St. George, UT</value>
            <value>St. John's, NF, Canada</value>
            <value>St. John, NB, Canada</value>
            <value>St. Louis, MO</value>
            <value>State College, PA</value>
            <value>Sudbury, ON, Canada</value>
            <value>Syracuse, NY</value>
            <value>Tallahassee, FL</value>
            <value>Tampa, FL</value>
            <value>Terrace, BC, Canada</value>
            <value>Thunder Bay, ON, Canada</value>
            <value>Timmins, ON, Canada</value>
            <value>Toronto, ON, Canada</value>
            <value>Tucson, AZ</value>
            <value>Tulsa, OK</value>
            <value>Vail, CO</value>
            <value>Vancouver, BC, Canada</value>
            <value>Victoria, BC, Canada</value>
            <value>Wabush, NF, Canada</value>
            <value>Washington, DC</value>
            <value>Wausau, WI</value>
            <value>Wenatchee, WA</value>
            <value>West Palm Beach, FL</value>
            <value>White Plains, NY</value>
            <value>Whitehorse, YT, Canada</value>
            <value>Wichita, KS</value>
            <value>Windsor, ON, Canada</value>
            <value>Winnipeg, MB, Canada</value>
            <value>Yuma, AZ</value>
          </domain>
        </input>
      </attr>
    </attrgroup>
  </form>
  <form>
    <attrgroup>
      <attr name="Select by Airline:" ename="airline">
        <input>
          <domain format="selection_list">
            <value>Air Canada</value>
            <value>Alaska</value>
            <value>America West</value>
            <value>American</value>
            <value>Continental</value>
            <value>Delta</value>
            <value>Frontier</value>
            <value>Icelandair</value>
            <value>Midwest Airlines</value>
            <value>Southwest</value>
            <value>United</value>
            <value>US Airways</value>
          </domain>
        </input>
      </attr>
    </attrgroup>
  </form>
</source>