<source url="http://www.spiritair.com/" interurl="http://www.spiritair.com/">
  <srcname>Spirit Airlines</srcname>
  <form>
    <attrgroup>
      <attr name="From">
        <input>
          <domain format="selection_list">
            <value>Where From?</value>
            <value>Atlantic City (ACY)</value>
            <value>Denver (DEN)</value>
            <value>Detroit (DTW)</value>
            <value>Fort Lauderdale (FLL)</value>
            <value>Las Vegas (LAS)</value>
            <value>Los Angeles (LAX)</value>
            <value>New York/LaGuardia (LGA)</value>
            <value>Orlando (MCO)</value>
            <value>Myrtle Beach (MYR)</value>
            <value>Chicago/O'Hare (ORD)</value>
            <value>West Palm Beach (PBI)</value>
            <value>Fort Myers (RSW)</value>
            <value>San Juan Puerto Rico (SJU)</value>
            <value>Tampa (TPA)</value>
          </domain>
        </input>
      </attr>
    </attrgroup>
    <attrgroup>
      <attr name="To">
        <input>
          <domain format="selection_list">
            <value>Where To?</value>
            <value>Atlantic City (ACY)</value>
            <value>Denver (DEN)</value>
            <value>Detroit (DTW)</value>
            <value>Fort Lauderdale (FLL)</value>
            <value>Las Vegas (LAS)</value>
            <value>Los Angeles (LAX)</value>
            <value>New York/LaGuardia (LGA)</value>
            <value>Orlando (MCO)</value>
            <value>Myrtle Beach (MYR)</value>
            <value>Chicago/O'Hare (ORD)</value>
            <value>West Palm Beach (PBI)</value>
            <value>Fort Myers (RSW)</value>
            <value>San Juan Puerto Rico (SJU)</value>
            <value>Tampa (TPA)</value>
          </domain>
        </input>
      </attr>
    </attrgroup>
    <attrgroup>
      <attr name="Date">
        <input>
          <domain format="selection_list">
            <value>Jan </value>
            <value>Feb </value>
            <value>Mar </value>
            <value>Apr </value>
            <value>May </value>
            <value>Jun </value>
            <value>Jul </value>
            <value>Aug </value>
            <value>Sep </value>
            <value>Oct </value>
            <value>Nov </value>
            <value>Dec </value>
          </domain>
        </input>
        <input>
          <domain format="selection_list">
            <value>01</value>
            <value>02</value>
            <value>03</value>
            <value>04</value>
            <value>05</value>
            <value>06</value>
            <value>07</value>
            <value>08</value>
            <value>09</value>
            <value>10</value>
            <value>11</value>
            <value>12</value>
            <value>13</value>
            <value>14</value>
            <value>15</value>
            <value>16</value>
            <value>17</value>
            <value>18</value>
            <value>19</value>
            <value>20</value>
            <value>21</value>
            <value>22</value>
            <value>23</value>
            <value>24</value>
            <value>25</value>
            <value>26</value>
            <value>27</value>
            <value>28</value>
            <value>29</value>
            <value>30</value>
            <value>31</value>
          </domain>
        </input>
        <input>
          <domain format="selection_list">
            <value>2003</value>
            <value>2004</value>
          </domain>
        </input>
      </attr>
    </attrgroup>
    <attrgroup>
      <attr name="Return Date">
        <input>
          <domain format="selection_list">
            <value>Jan </value>
            <value>Feb </value>
            <value>Mar </value>
            <value>Apr </value>
            <value>May </value>
            <value>Jun </value>
            <value>Jul </value>
            <value>Aug </value>
            <value>Sep </value>
            <value>Oct </value>
            <value>Nov </value>
            <value>Dec </value>
          </domain>
        </input>
        <input>
          <domain format="selection_list">
            <value>01</value>
            <value>02</value>
            <value>03</value>
            <value>04</value>
            <value>05</value>
            <value>06</value>
            <value>07</value>
            <value>08</value>
            <value>09</value>
            <value>10</value>
            <value>11</value>
            <value>12</value>
            <value>13</value>
            <value>14</value>
            <value>15</value>
            <value>16</value>
            <value>17</value>
            <value>18</value>
            <value>19</value>
            <value>20</value>
            <value>21</value>
            <value>22</value>
            <value>23</value>
            <value>24</value>
            <value>25</value>
            <value>26</value>
            <value>27</value>
            <value>28</value>
            <value>29</value>
            <value>30</value>
            <value>31</value>
          </domain>
        </input>
        <input>
          <domain format="selection_list">
            <value>2003</value>
            <value>2004</value>
          </domain>
        </input>
      </attr>
    </attrgroup>
    <attrgroup>
      <attr name="Passengers" ename="passenger">
        <input>
          <domain format="selection_list">
            <value>1</value>
            <value>2</value>
            <value>3</value>
            <value>4</value>
          </domain>
        </input>
      </attr>
    </attrgroup>
    <attrgroup>
      <attr name="Fare Type">
        <input>
          <domain format="selection_list">
            <value>Non Refundable</value>
            <value>Refundable</value>
          </domain>
        </input>
      </attr>
    </attrgroup>
    <attrgroup>
      <attr name="">
        <input>
          <domain format="check_box">
            <value>One Way</value>
          </domain>
        </input>
      </attr>
    </attrgroup>
  </form>
</source>