<source url="https://www.travelhero.com/" interurl="https://www.travelhero.com/airhero/reserve/index.cfm">
  <srcname>TravelHero.com</srcname>
  <form>
    <attrgroup>
      <attr name="Departing From" ename="depart from">
        <input>
          <domain format="text_box" />
        </input>
        <additional>Enter city name or airport code</additional>
      </attr>
    </attrgroup>
    <attrgroup>
      <attr name="Going To: " ename="go to">
        <input>
          <domain format="text_box" />
        </input>
        <additional>Enter city name or airport code</additional>
      </attr>
    </attrgroup>
    <attrgroup>
      <attr name="Depart">
        <input>
          <domain format="selection_list">
            <value>Jan </value>
            <value>Feb </value>
            <value>Mar </value>
            <value>Apr </value>
            <value>May </value>
            <value>Jun </value>
            <value>Jul </value>
            <value>Aug </value>
            <value>Sep </value>
            <value>Oct </value>
            <value>Nov </value>
            <value>Dec </value>
          </domain>
        </input>
        <input>
          <domain format="selection_list">
            <value>01</value>
            <value>02</value>
            <value>03</value>
            <value>04</value>
            <value>05</value>
            <value>06</value>
            <value>07</value>
            <value>08</value>
            <value>09</value>
            <value>10</value>
            <value>11</value>
            <value>12</value>
            <value>13</value>
            <value>14</value>
            <value>15</value>
            <value>16</value>
            <value>17</value>
            <value>18</value>
            <value>19</value>
            <value>20</value>
            <value>21</value>
            <value>22</value>
            <value>23</value>
            <value>24</value>
            <value>25</value>
            <value>26</value>
            <value>27</value>
            <value>28</value>
            <value>29</value>
            <value>30</value>
            <value>31</value>
          </domain>
        </input>
        <input>
          <domain format="selection_list">
            <value>12:00 AM </value>
            <value>1:00 AM </value>
            <value>2:00 AM </value>
            <value>3:00 AM </value>
            <value>4:00 AM </value>
            <value>5:00 AM </value>
            <value>6:00 AM </value>
            <value>7:00 AM </value>
            <value>8:00 AM </value>
            <value>9:00 AM </value>
            <value>10:00 AM </value>
            <value>11:00 AM </value>
            <value>12:00 PM </value>
            <value>1:00 PM </value>
            <value>2:00 PM </value>
            <value>3:00 PM </value>
            <value>4:00 PM </value>
            <value>5:00 PM </value>
            <value>6:00 PM </value>
            <value>7:00 PM </value>
            <value>8:00 PM </value>
            <value>9:00 PM </value>
            <value>10:00 PM </value>
            <value>11:00 PM </value>
            <value>Morning</value>
            <value>Noon </value>
            <value>Evening</value>
          </domain>
        </input>
      </attr>
    </attrgroup>
    <attrgroup>
      <attr name="Return">
        <input>
          <domain format="selection_list">
            <value>Jan </value>
            <value>Feb </value>
            <value>Mar </value>
            <value>Apr </value>
            <value>May </value>
            <value>Jun </value>
            <value>Jul </value>
            <value>Aug </value>
            <value>Sep </value>
            <value>Oct </value>
            <value>Nov </value>
            <value>Dec </value>
          </domain>
        </input>
        <input>
          <domain format="selection_list">
            <value>01</value>
            <value>02</value>
            <value>03</value>
            <value>04</value>
            <value>05</value>
            <value>06</value>
            <value>07</value>
            <value>08</value>
            <value>09</value>
            <value>10</value>
            <value>11</value>
            <value>12</value>
            <value>13</value>
            <value>14</value>
            <value>15</value>
            <value>16</value>
            <value>17</value>
            <value>18</value>
            <value>19</value>
            <value>20</value>
            <value>21</value>
            <value>22</value>
            <value>23</value>
            <value>24</value>
            <value>25</value>
            <value>26</value>
            <value>27</value>
            <value>28</value>
            <value>29</value>
            <value>30</value>
            <value>31</value>
          </domain>
        </input>
        <input>
          <domain format="selection_list">
            <value>12:00 AM </value>
            <value>1:00 AM </value>
            <value>2:00 AM </value>
            <value>3:00 AM </value>
            <value>4:00 AM </value>
            <value>5:00 AM </value>
            <value>6:00 AM </value>
            <value>7:00 AM </value>
            <value>8:00 AM </value>
            <value>9:00 AM </value>
            <value>10:00 AM </value>
            <value>11:00 AM </value>
            <value>12:00 PM </value>
            <value>1:00 PM </value>
            <value>2:00 PM </value>
            <value>3:00 PM </value>
            <value>4:00 PM </value>
            <value>5:00 PM </value>
            <value>6:00 PM </value>
            <value>7:00 PM </value>
            <value>8:00 PM </value>
            <value>9:00 PM </value>
            <value>10:00 PM </value>
            <value>11:00 PM </value>
            <value>Morning</value>
            <value>Noon </value>
            <value>Evening</value>
          </domain>
        </input>
      </attr>
    </attrgroup>
    <attrgroup>
      <attr name="Adults" ename="adult">
        <input>
          <domain format="selection_list">
            <value>1</value>
            <value>2</value>
            <value>3</value>
            <value>4</value>
            <value>5</value>
            <value>6</value>
          </domain>
        </input>
      </attr>
    </attrgroup>
    <attrgroup>
      <attr name="Seniors" ename="senior">
        <input>
          <domain format="selection_list">
            <value>0</value>
            <value>1</value>
            <value>2</value>
            <value>3</value>
            <value>4</value>
            <value>5</value>
            <value>6</value>
          </domain>
        </input>
      </attr>
    </attrgroup>
    <attrgroup>
      <attr name="Children">
        <input>
          <domain format="selection_list">
            <value>0</value>
            <value>1</value>
            <value>2</value>
            <value>3</value>
            <value>4</value>
            <value>5</value>
            <value>6</value>
          </domain>
        </input>
      </attr>
    </attrgroup>
    <attrgroup>
      <attr name="Infants:" ename="infant">
        <input>
          <domain format="selection_list">
            <value>0</value>
            <value>1</value>
            <value>2</value>
            <value>3</value>
            <value>4</value>
            <value>5</value>
            <value>6</value>
          </domain>
        </input>
      </attr>
    </attrgroup>
    <attrgroup>
      <attr name="">
        <input>
          <domain format="radio_button">
            <value>Infants in a reserved seat </value>
            <value>Infants without a reserved seat (in an adult's lap)</value>
          </domain>
        </input>
      </attr>
    </attrgroup>
    <attrgroup>
      <attr name="Preferred Airline" ename="airline">
        <input>
          <domain format="selection_list">
            <value>Search All Airlines</value>
            <value>Air Canada</value>
            <value>Airtran Airways</value>
            <value>Alaska Airlines</value>
            <value>America West Airlines</value>
            <value>American Airlines</value>
            <value>British Airways</value>
            <value>Continental Airlines</value>
            <value>Delta Air Lines</value>
            <value>Frontier Airlines</value>
            <value>Midwest Express Airlines</value>
            <value>Northwest Airlines</value>
            <value>Sun Country Airlines</value>
            <value>Trans World Airlines Inc</value>
            <value>United Airlines</value>
            <value>US Airways</value>
            <value>Virgin Atlantic</value>
          </domain>
        </input>
      </attr>
    </attrgroup>
    <attrgroup>
      <attr name="Search Options (Leave unchecked to increase your chances of finding lower fares) " ename="option">
        <input>
          <domain format="check_box">
            <value>View nonstop flights only</value>
          </domain>
        </input>
      </attr>
    </attrgroup>
    <attrgroup>
      <attr name="Trip Type">
        <input>
          <domain format="radio_button">
            <value>Round Trip </value>
            <value>One Way </value>
            <value>Multiple destinations</value>
          </domain>
        </input>
      </attr>
    </attrgroup>
  </form>
</source>