<source url="http://www.travelselect.com" interurl="http://www.travelselect.com/cgi-bin/newconcept/starter.cgi">
  <srcname>travelselect.com</srcname>
  <form>
    <attrgroup>
      <attr name="Fly From" ename="from">
        <input>
          <domain format="text_box" />
        </input>
      </attr>
    </attrgroup>
    <attrgroup>
      <attr name="Fly To" ename="to">
        <input>
          <domain format="text_box" />
        </input>
      </attr>
    </attrgroup>
    <attrgroup>
      <attr name="Departure Date">
        <input>
          <domain format="selection_list">
            <value>Jan </value>
            <value>Feb </value>
            <value>Mar </value>
            <value>Apr </value>
            <value>May </value>
            <value>Jun </value>
            <value>Jul </value>
            <value>Aug </value>
            <value>Sep </value>
            <value>Oct </value>
            <value>Nov </value>
            <value>Dec </value>
          </domain>
        </input>
        <input>
          <domain format="selection_list">
            <value>01</value>
            <value>02</value>
            <value>03</value>
            <value>04</value>
            <value>05</value>
            <value>06</value>
            <value>07</value>
            <value>08</value>
            <value>09</value>
            <value>10</value>
            <value>11</value>
            <value>12</value>
            <value>13</value>
            <value>14</value>
            <value>15</value>
            <value>16</value>
            <value>17</value>
            <value>18</value>
            <value>19</value>
            <value>20</value>
            <value>21</value>
            <value>22</value>
            <value>23</value>
            <value>24</value>
            <value>25</value>
            <value>26</value>
            <value>27</value>
            <value>28</value>
            <value>29</value>
            <value>30</value>
            <value>31</value>
          </domain>
        </input>
      </attr>
    </attrgroup>
    <attrgroup>
      <attr name="Return Date">
        <input>
          <domain format="selection_list">
            <value>Jan </value>
            <value>Feb </value>
            <value>Mar </value>
            <value>Apr </value>
            <value>May </value>
            <value>Jun </value>
            <value>Jul </value>
            <value>Aug </value>
            <value>Sep </value>
            <value>Oct </value>
            <value>Nov </value>
            <value>Dec </value>
          </domain>
        </input>
        <input>
          <domain format="selection_list">
            <value>01</value>
            <value>02</value>
            <value>03</value>
            <value>04</value>
            <value>05</value>
            <value>06</value>
            <value>07</value>
            <value>08</value>
            <value>09</value>
            <value>10</value>
            <value>11</value>
            <value>12</value>
            <value>13</value>
            <value>14</value>
            <value>15</value>
            <value>16</value>
            <value>17</value>
            <value>18</value>
            <value>19</value>
            <value>20</value>
            <value>21</value>
            <value>22</value>
            <value>23</value>
            <value>24</value>
            <value>25</value>
            <value>26</value>
            <value>27</value>
            <value>28</value>
            <value>29</value>
            <value>30</value>
            <value>31</value>
          </domain>
        </input>
      </attr>
    </attrgroup>
    <attrgroup>
      <attr name="Time Out" operator="yes">
        <input>
          <operator format="selection_list">
            <option> Leave After</option>
            <option> Leave Before</option>
            <option> Leave At</option>
            <option> Arrive At</option>
          </operator>
          <domain format="selection_list">
            <value>-No Pref.-</value>
            <value>0200</value>
            <value>0400</value>
            <value>0600</value>
            <value>0800</value>
            <value>1000</value>
            <value>1200</value>
            <value>1400</value>
            <value>1600</value>
            <value>1800</value>
            <value>2000</value>
            <value>2200</value>
          </domain>
        </input>
      </attr>
    </attrgroup>
    <attrgroup>
      <attr name="Time Back" operator="yes">
        <input>
          <operator format="selection_list">
            <option> Leave After</option>
            <option> Leave Before</option>
            <option> Leave At</option>
            <option> Arrive At</option>
          </operator>
          <domain format="selection_list">
            <value>-No Pref.-</value>
            <value>0200</value>
            <value>0400</value>
            <value>0600</value>
            <value>0800</value>
            <value>1000</value>
            <value>1200</value>
            <value>1400</value>
            <value>1600</value>
            <value>1800</value>
            <value>2000</value>
            <value>2200</value>
          </domain>
        </input>
      </attr>
    </attrgroup>
    <attrgroup>
      <attr name="Adults" ename="adult">
        <input>
          <domain format="selection_list">
            <value>1</value>
            <value>2</value>
            <value>3</value>
            <value>4</value>
            <value>5</value>
            <value>6</value>
            <value>7</value>
            <value>8</value>
            <value>9</value>
          </domain>
        </input>
      </attr>
    </attrgroup>
    <attrgroup>
      <attr name="Infants" ename="infant">
        <input>
          <domain format="selection_list">
            <value>0</value>
            <value>1</value>
            <value>2</value>
            <value>3</value>
            <value>4</value>
            <value>5</value>
            <value>6</value>
            <value>7</value>
            <value>8</value>
            <value>9</value>
          </domain>
        </input>
      </attr>
    </attrgroup>
    <attrgroup>
      <attr name="Children">
        <input>
          <domain format="selection_list">
            <value>0</value>
            <value>1</value>
            <value>2</value>
            <value>3</value>
            <value>4</value>
            <value>5</value>
            <value>6</value>
            <value>7</value>
            <value>8</value>
            <value>9</value>
          </domain>
        </input>
      </attr>
    </attrgroup>
    <attrgroup>
      <attr name="Airline Preference" ename="airline">
        <input>
          <domain format="selection_list">
            <value>British Airways</value>
            <value>Virgin Atlantic</value>
            <value>Lufthansa</value>
            <value>Adria Airways</value>
            <value>Aer Lingus</value>
            <value>Aeroflot</value>
            <value>Aerolineas Argentinas</value>
            <value>Aero Mexico</value>
            <value>Air Canada</value>
            <value>Air China</value>
            <value>Air Europa</value>
            <value>Air France</value>
            <value>Air India</value>
            <value>Air Jamaica</value>
            <value>Air Madagascar</value>
            <value>Air Malta</value>
            <value>Air Mauritius</value>
            <value>Air Namibia</value>
            <value>Air New Zealand</value>
            <value>Air Seychelles</value>
            <value>Air Zimbabwe</value>
            <value>Alitalia</value>
            <value>All Nippon Airways</value>
            <value>American Airlines</value>
            <value>Austrian Airlines</value>
            <value>Avianca</value>
            <value>Aurigny Air Services</value>
            <value>Balkan Bulgarian</value>
            <value>Braathens Air Transport</value>
            <value>British Airways</value>
            <value>flybe (british european)</value>
            <value>British Mediterranean Air</value>
            <value>bmi british midland</value>
            <value>BritAir</value>
            <value>BWIA</value>
            <value>Cathay Pacific</value>
            <value>China Airlines</value>
            <value>Cityflyer Express</value>
            <value>Cityjet</value>
            <value>Continental Airlines</value>
            <value>Croatia Airlines</value>
            <value>Cronus Airlines</value>
            <value>Cyprus Airways</value>
            <value>Czech Airlines</value>
            <value>Delta Airlines</value>
            <value>Eastern Airways</value>
            <value>EgyptAir</value>
            <value>El Al Israel Airlines</value>
            <value>Emirates</value>
            <value>Estonian Air</value>
            <value>Ethiopian Airlines</value>
            <value>EVA Air</value>
            <value>FinnAir</value>
            <value>Garuda Indonesian Airways</value>
            <value>GB Airways/BA</value>
            <value>Ghana Airways</value>
            <value>Gulf Air</value>
            <value>Iberia</value>
            <value>IcelandAir</value>
            <value>Indian Airlines</value>
            <value>Japan Airlines</value>
            <value>JAT</value>
            <value>Jet Airways</value>
            <value>Kenya Airways</value>
            <value>KLM Royal Dutch Airlines</value>
            <value>Korean Air</value>
            <value>Kuwait Airways</value>
            <value>Lan Chile</value>
            <value>Lauda Air</value>
            <value>LOT Polish Airlines</value>
            <value>Lufthansa</value>
            <value>Luxair</value>
            <value>Maersk Air</value>
            <value>Maersk/BA</value>
            <value>Malev Hungarian Airlines</value>
            <value>Malaysia Airlines</value>
            <value>Mandarin Airlines</value>
            <value>Manx Airlines</value>
            <value>Martinair Holland</value>
            <value>Monarch Scheduled</value>
            <value>Middle East Airlines</value>
            <value>Meridiana</value>
            <value>Nigeria Airways</value>
            <value>Northwest Airlines</value>
            <value>Olympic Airways</value>
            <value>Portugalia Airlines</value>
            <value>Qantas</value>
            <value>Qatar Airways</value>
            <value>Royal Air Maroc</value>
            <value>Royal Brunei</value>
            <value>Royal Jordanian (ALIA)</value>
            <value>SN Brussels</value>
            <value>SAS</value>
            <value>Saudi Arabian</value>
            <value>Scot Airways</value>
            <value>Singapore Airlines</value>
            <value>South African Airways</value>
            <value>Sri Lankan Airlines</value>
            <value>Swiss</value>
            <value>TAP Air Portugal</value>
            <value>Tarom Romanian Air</value>
            <value>Thai Airways</value>
            <value>Turkish Airlines</value>
            <value>Ukraine International</value>
            <value>United Airlines</value>
            <value>US Airways</value>
            <value>Varig</value>
            <value>Virgin Atlantic</value>
            <value>VLM Airlines</value>
            <value>Yemen Airways</value>
            <value>Zambia Airways</value>
          </domain>
        </input>
      </attr>
    </attrgroup>
    <attrgroup>
      <attr name="Type of Ticket ">
        <input>
          <domain format="radio_button">
            <value>Return</value>
            <value>One way</value>
          </domain>
        </input>
      </attr>
    </attrgroup>
    <attrgroup>
      <attr name="Travel Class" ename="class">
        <input>
          <domain format="radio_button">
            <value>No Preference</value>
            <value>Economy</value>
            <value>Premium Economy</value>
            <value>Business</value>
            <value>First</value>
            <value>Concorde</value>
          </domain>
        </input>
      </attr>
    </attrgroup>
    <attrgroup>
      <attr name="">
        <input>
          <domain format="check_box">
            <value>Direct Flights </value>
          </domain>
        </input>
      </attr>
    </attrgroup>
    <attrgroup>
      <attr name="">
        <input>
          <domain format="check_box">
            <value>Flexible Fares</value>
          </domain>
        </input>
      </attr>
    </attrgroup>
    <attrgroup>
      <attr name="">
        <input>
          <domain format="check_box">
            <value>Round Trip </value>
            <value>One Way </value>
          </domain>
        </input>
      </attr>
    </attrgroup>
    <attrgroup>
      <attr name="Select your Currency" ename="currency">
        <input>
          <domain format="selection_list">
            <value>British Pounds Sterling </value>
            <value>US Dollars($)</value>
            <value>Norwegian Kroner (NOK)</value>
            <value>South African Rand (ZAR)</value>
            <value>Russian Rubles (RUB)</value>
            <value>Canadian Dollars (CAD)</value>
            <value>Euro</value>
          </domain>
        </input>
      </attr>
    </attrgroup>
    <attrgroup>
      <attr name="">
        <input>
          <domain format="radio_button">
            <value>Show fares on available flights only</value>
            <value>Show all fares</value>
          </domain>
        </input>
      </attr>
    </attrgroup>
  </form>
</source>