<source url="http://www.travel4less.net" interurl="http://www.travel4less.net/op_domestic.htm">
  <srcname>travel4less.com</srcname>
  <form>
    <attrgroup>
      <attr name="Departure From">
        <input>
          <domain format="text_box" />
        </input>
      </attr>
    </attrgroup>
    <attrgroup>
      <attr name="Departure To">
        <input>
          <domain format="text_box" />
        </input>
      </attr>
    </attrgroup>
    <attrgroup>
      <attr name="Departure Date">
        <input>
          <domain format="selection_list">
            <value>Jan </value>
            <value>Feb </value>
            <value>Mar </value>
            <value>Apr </value>
            <value>May </value>
            <value>Jun </value>
            <value>Jul </value>
            <value>Aug </value>
            <value>Sep </value>
            <value>Oct </value>
            <value>Nov </value>
            <value>Dec </value>
          </domain>
        </input>
        <input>
          <domain format="selection_list">
            <value>01</value>
            <value>02</value>
            <value>03</value>
            <value>04</value>
            <value>05</value>
            <value>06</value>
            <value>07</value>
            <value>08</value>
            <value>09</value>
            <value>10</value>
            <value>11</value>
            <value>12</value>
            <value>13</value>
            <value>14</value>
            <value>15</value>
            <value>16</value>
            <value>17</value>
            <value>18</value>
            <value>19</value>
            <value>20</value>
            <value>21</value>
            <value>22</value>
            <value>23</value>
            <value>24</value>
            <value>25</value>
            <value>26</value>
            <value>27</value>
            <value>28</value>
            <value>29</value>
            <value>30</value>
            <value>31</value>
          </domain>
        </input>
      </attr>
    </attrgroup>
    <attrgroup>
      <attr name="Departure Time">
        <input>
          <domain format="selection_list">
            <value>MidNight</value>
            <value>01:00 AM</value>
            <value>02:00 AM</value>
            <value>03:00 AM</value>
            <value>04:00 AM</value>
            <value>05:00 AM</value>
            <value>06:00 AM</value>
            <value>07:00 AM</value>
            <value>08:00 AM</value>
            <value>09:00 AM</value>
            <value>10:00 AM</value>
            <value>11:00 AM</value>
            <value>Noon</value>
            <value>01:00 PM</value>
            <value>02:00 PM</value>
            <value>03:00 PM</value>
            <value>04:00 PM</value>
            <value>05:00 PM</value>
            <value>06:00 PM</value>
            <value>07:00 PM</value>
            <value>08:00 PM</value>
            <value>09:00 PM</value>
            <value>10:00 PM</value>
            <value>11:00 PM</value>
            <value>Any Time</value>
          </domain>
        </input>
      </attr>
    </attrgroup>
    <attrgroup>
      <attr name="Return From">
        <input>
          <domain format="text_box" />
        </input>
      </attr>
    </attrgroup>
    <attrgroup>
      <attr name="Return To">
        <input>
          <domain format="text_box" />
        </input>
      </attr>
    </attrgroup>
    <attrgroup>
      <attr name="Return Date">
        <input>
          <domain format="selection_list">
            <value>Jan </value>
            <value>Feb </value>
            <value>Mar </value>
            <value>Apr </value>
            <value>May </value>
            <value>Jun </value>
            <value>Jul </value>
            <value>Aug </value>
            <value>Sep </value>
            <value>Oct </value>
            <value>Nov </value>
            <value>Dec </value>
          </domain>
        </input>
        <input>
          <domain format="selection_list">
            <value>01</value>
            <value>02</value>
            <value>03</value>
            <value>04</value>
            <value>05</value>
            <value>06</value>
            <value>07</value>
            <value>08</value>
            <value>09</value>
            <value>10</value>
            <value>11</value>
            <value>12</value>
            <value>13</value>
            <value>14</value>
            <value>15</value>
            <value>16</value>
            <value>17</value>
            <value>18</value>
            <value>19</value>
            <value>20</value>
            <value>21</value>
            <value>22</value>
            <value>23</value>
            <value>24</value>
            <value>25</value>
            <value>26</value>
            <value>27</value>
            <value>28</value>
            <value>29</value>
            <value>30</value>
            <value>31</value>
          </domain>
        </input>
      </attr>
    </attrgroup>
    <attrgroup>
      <attr name="Return Time">
        <input>
          <domain format="selection_list">
            <value>MidNight</value>
            <value>01:00 AM</value>
            <value>02:00 AM</value>
            <value>03:00 AM</value>
            <value>04:00 AM</value>
            <value>05:00 AM</value>
            <value>06:00 AM</value>
            <value>07:00 AM</value>
            <value>08:00 AM</value>
            <value>09:00 AM</value>
            <value>10:00 AM</value>
            <value>11:00 AM</value>
            <value>Noon</value>
            <value>01:00 PM</value>
            <value>02:00 PM</value>
            <value>03:00 PM</value>
            <value>04:00 PM</value>
            <value>05:00 PM</value>
            <value>06:00 PM</value>
            <value>07:00 PM</value>
            <value>08:00 PM</value>
            <value>09:00 PM</value>
            <value>10:00 PM</value>
            <value>11:00 PM</value>
            <value>Any Time</value>
          </domain>
        </input>
      </attr>
    </attrgroup>
    <attrgroup>
      <attr name="Options" ename="option">
        <input>
          <domain format="radio_button">
            <value>Economy</value>
            <value>Business</value>
            <value>First Class</value>
          </domain>
        </input>
        <input>
          <domain format="radio_button">
            <value>Roundtrip</value>
            <value>Oneway</value>
          </domain>
        </input>
      </attr>
    </attrgroup>
    <attrgroup>
      <attr name="ADULT [Age 12 &amp; ABOVE]" ename="adult">
        <input>
          <domain format="selection_list">
            <value>1</value>
            <value>2</value>
            <value>3</value>
            <value>4</value>
            <value>5</value>
            <value>6</value>
            <value>7</value>
            <value>8</value>
            <value>9</value>
            <value>10</value>
          </domain>
        </input>
      </attr>
    </attrgroup>
    <attrgroup>
      <attr name="CHILD [AGE 2 -11]" ename="children">
        <input>
          <domain format="selection_list">
            <value>0</value>
            <value>1</value>
            <value>2</value>
            <value>3</value>
            <value>4</value>
            <value>5</value>
            <value>6</value>
            <value>7</value>
            <value>8</value>
            <value>9</value>
            <value>10</value>
          </domain>
        </input>
      </attr>
    </attrgroup>
    <attrgroup>
      <attr name="INFANT [1 AND BELOW]" ename="infant">
        <input>
          <domain format="selection_list">
            <value>0</value>
            <value>1</value>
            <value>2</value>
            <value>3</value>
            <value>4</value>
            <value>5</value>
            <value>6</value>
            <value>7</value>
            <value>8</value>
            <value>9</value>
            <value>10</value>
          </domain>
        </input>
      </attr>
    </attrgroup>
    <attrgroup>
      <attr name="Airline">
        <input>
          <domain format="selection_list">
            <value>All</value>
            <value>AB Airlines (AirBristol) </value>
            <value>ABX Air Inc </value>
            <value>AccessAir </value>
            <value>ACES Colombia </value>
            <value>AdriaAirways </value>
            <value>Aegean Airlines </value>
            <value>AerLingus </value>
            <value>Aero Asia </value>
            <value>AeroContinente </value>
            <value>Aero Costa Rica </value>
            <value>AeroLloyd </value>
            <value>Aero Mexico </value>
            <value>Aerocaribe </value>
            <value>AeroCondor </value>
            <value>Aeroflot </value>
            <value>AerolineasArgentinas </value>
            <value>Aeromar </value>
            <value>AERONICA </value>
            <value>Aeroperlas </value>
            <value>AeroPeru </value>
            <value>Aerosur </value>
            <value>AerosweetAirlines </value>
            <value>Air </value>
            <value>Air Afrique </value>
            <value>Air Aruba </value>
            <value>Air Asia </value>
            <value>AirAtlantic-A </value>
            <value>Air Austral </value>
            <value>AirBerlin </value>
            <value>Air Caledonie </value>
            <value>AirCanada </value>
            <value>Air Caribbean </value>
            <value>AirChina </value>
            <value>Air Engiadina </value>
            <value>AirEuropa </value>
            <value>Air Fiji </value>
            <value>AirFrance </value>
            <value>Air Georgia </value>
            <value>AirGreece </value>
            <value>Air India </value>
            <value>Air Jet </value>
            <value>AirLabrador </value>
            <value>Air Lanka </value>
            <value>AirLithuania </value>
            <value>Air Macau </value>
            <value>AirMadagascar </value>
            <value>Air Malawi </value>
            <value>AirMalta </value>
            <value>Air Mandalay </value>
            <value>AirMauritius </value>
            <value>Air Namibia </value>
            <value>Air Nauru </value>
            <value>AirNew Zealand </value>
            <value>Air Niugini </value>
            <value>AirNova </value>
            <value>Air One </value>
            <value>Air Pacific </value>
            <value>AirPhilippines </value>
            <value>Air Rarotonga </value>
            <value>AirSeychelles </value>
            <value>Air South </value>
            <value>AirTahiti </value>
            <value>Air Tanzania </value>
            <value>AirTran </value>
            <value>Air Vanuatu </value>
            <value>AirZimbabwe </value>
            <value>Alaska Airlines </value>
            <value>Alitalia </value>
            <value>ALMAnitillean Airlines </value>
            <value>Aloha Airlines </value>
            <value>AmericaWest Airlines </value>
            <value>American Airlines </value>
            <value>AmericanTrans Air </value>
            <value>ANA </value>
            <value>AnsettAustralia </value>
            <value>AOM French Airlines </value>
            <value>ArkiaIsraeli Airlines </value>
            <value>Asiana </value>
            <value>Aus-Air </value>
            <value>Austral </value>
            <value>AustrianAirlines </value>
            <value>Avianca </value>
            <value>Aviateca </value>
            <value>Avioimpex </value>
            <value>Bahamasair </value>
            <value>BALKANBulgaria </value>
            <value>Bangkok Airways </value>
            <value>BearskinAirlines </value>
            <value>Big Sky Airlines </value>
            <value>BimanBangladesh Airlines </value>
            <value>Bouraq </value>
            <value>Braathens </value>
            <value>BritishAirways </value>
            <value>British Midlands </value>
            <value>BWIAInternational </value>
            <value>Calm Air </value>
            <value>CanadaThree Thousand </value>
            <value>Canadian Airlines </value>
            <value>CarnivalAirlines </value>
            <value>Cathay Pacific </value>
            <value>CaymanAirways </value>
            <value>CC Air Inc </value>
            <value>ChinaAirlines </value>
            <value>China Eastern Airlines </value>
            <value>ChinaSouthern Airlines </value>
            <value>Citybird </value>
            <value>ColganAir </value>
            <value>COMAIR </value>
            <value>Condor </value>
            <value>ConquestAirlines </value>
            <value>Continental </value>
            <value>CopaAir </value>
            <value>Croatia Airlines </value>
            <value>Crossair </value>
            <value>CSACzech Airlines </value>
            <value>Cubana </value>
            <value>CyprusAirways </value>
            <value>Cyprus Turkish Airlines </value>
            <value>Debonair </value>
            <value>Delta </value>
            <value>Deutsche </value>
            <value>DeutscheBA </value>
            <value>Dragon Air </value>
            <value>Druk Air </value>
            <value>EgyptAir </value>
            <value>ELAL Israeli Airlines </value>
            <value>Emirates </value>
            <value>Eurowings </value>
            <value>EVAAirways </value>
            <value>Finnair </value>
            <value>FirstAir </value>
            <value>Flying Enterprise </value>
            <value>FrontierAirlines </value>
            <value>Garuda Indonesia </value>
            <value>GhanaAirways </value>
            <value>Greenlandair </value>
            <value>GujaratAirways </value>
            <value>Gulf Air </value>
            <value>GuyanaAirways </value>
            <value>Hainan Airlines </value>
            <value>HawaiianAirlines </value>
            <value>Hazelton Airlines </value>
            <value>Iberia </value>
            <value>IcelandAir </value>
            <value>Indian Airlines </value>
            <value>IranAir </value>
            <value>Japan Air System </value>
            <value>JapanAirlines </value>
            <value>Japan Asia Airways </value>
            <value>JATYugoslav Airlines </value>
            <value>Jersey European Airways </value>
            <value>JetAirways </value>
            <value>Kendell Airlines </value>
            <value>KenyaAirways </value>
            <value>KLM </value>
            <value>KoreanAirlines </value>
            <value>Korsar </value>
            <value>KuwaitAirways </value>
            <value>LACSA </value>
            <value>LakerAirways </value>
            <value>LAN Chile </value>
            <value>LapaAirlines </value>
            <value>Lauda Air </value>
            <value>LIAT </value>
            <value>LinhasAereas </value>
            <value>Lithuanian Airlines </value>
            <value>LloydAero Boliviano </value>
            <value>LOT Polish Airlines </value>
            <value>LTUInternational </value>
            <value>Lufthansa </value>
            <value>Luxair </value>
            <value>MaerskAir </value>
            <value>Malaysia Airlines </value>
            <value>MALEVHungary </value>
            <value>Malmo Aviation </value>
            <value>MandarinAirlines </value>
            <value>Manx Airlines </value>
            <value>MartinairHolland </value>
            <value>Maya Airways </value>
            <value>MEA </value>
            <value>Merpati </value>
            <value>MesaAirlines </value>
            <value>Mesaba Airlines </value>
            <value>Mexicana </value>
            <value>MiamiAir </value>
            <value>MIAT Mongolian Airlines </value>
            <value>MidwestExpress </value>
            <value>Mount Cook Airlines </value>
            <value>NationalAirlines </value>
            <value>Nepal Airways </value>
            <value>Nordeste </value>
            <value>Northwest </value>
            <value>OlympicAirways </value>
            <value>Oman Airlines </value>
            <value>Orient-AviaAirlines </value>
            <value>Pantanal Linhas Aereas </value>
            <value>PassaredoTransportes Aereos </value>
            <value>Pelangi Air </value>
            <value>Peninsula Airways </value>
            <value>PhilippineAirlines </value>
            <value>PIA Pakistan Int. </value>
            <value>PolynesianAirlines </value>
            <value>Portugalia </value>
            <value>PrimerasLineas Urug </value>
            <value>Pro Air </value>
            <value>ProvincialAirlines </value>
            <value>Qantas </value>
            <value>QatarAirways </value>
            <value>Reno Air </value>
            <value>RigaAirlines </value>
            <value>Rio-Sul </value>
            <value>RoyalAir Cambodge </value>
            <value>Royal Air Maroc </value>
            <value>RoyalBrunie Airlines </value>
            <value>Royal Jordanian </value>
            <value>RoyalNepal Airlines </value>
            <value>Royal Tongan Airlines </value>
            <value>RyanIntl Airlines </value>
            <value>Ryanair </value>
            <value>SABENABelgium </value>
            <value>Saeta </value>
            <value>SaharaIndia Airlines </value>
            <value>SAS </value>
            <value>SATAAir Acores </value>
            <value>Saudia </value>
            <value>SempatiAir </value>
            <value>Shandong Airlines </value>
            <value>SichuanAirlines </value>
            <value>Silkair </value>
            <value>SingaporeAirlines </value>
            <value>Skymark Airlines </value>
            <value>Skyways </value>
            <value>Skywest Airlines </value>
            <value>SolomonAirlines </value>
            <value>South African Airways </value>
            <value>SouthwestAirlines </value>
            <value>SpanAir </value>
            <value>SpiritAirlines </value>
            <value>Sun Air </value>
            <value>SunCountry Airlines </value>
            <value>Sunflower Airlines </value>
            <value>SurinamAirways </value>
            <value>Swissair </value>
            <value>SyrianAirlines </value>
            <value>TACA Airlines </value>
            <value>TaesaAirlines </value>
            <value>TAP Air Portugal </value>
            <value>TAROMRomania </value>
            <value>TAT European Airlines </value>
            <value>Thai </value>
            <value>THYTurkish Airlines </value>
            <value>Tower Air </value>
            <value>TRANSSTATE AIRLINES </value>
            <value>Transaero </value>
            <value>TransaviaAirlines </value>
            <value>Transbrasil </value>
            <value>TunisAir </value>
            <value>Turkmenistan Airlines </value>
            <value>TWA </value>
            <value>Ukraine International Airlines </value>
            <value>United </value>
            <value>USAirways </value>
            <value>Uzbekistan Airways </value>
            <value>Valujet </value>
            <value>VanguardAirlines </value>
            <value>VARIG Brazil </value>
            <value>VASP </value>
            <value>VietnamAirlines </value>
            <value>Virgin Atlantic </value>
            <value>VirginExpress </value>
            <value>VLM </value>
            <value>WestJetAirlines </value>
            <value>WiderAirline </value>
            <value>WorldAirways </value>
            <value>Yemenia </value>
            <value>ZambianExpress Airways </value>
          </domain>
        </input>
      </attr>
    </attrgroup>
    <attrgroup>
      <attr name="">
        <input>
          <domain format="check_box">
            <value>NonStop / Direct </value>
          </domain>
        </input>
      </attr>
    </attrgroup>
  </form>
</source>