<source url="http://www.usairways.com/" interurl="http://www.usairways.com/">
  <srcname>United Airways</srcname>
  <form>
    <attrgroup>
      <attr name="Leaving From">
        <input>
          <domain format="text_box" />
        </input>
      </attr>
    </attrgroup>
    <attrgroup>
      <attr name="Going To">
        <input>
          <domain format="text_box" />
        </input>
      </attr>
    </attrgroup>
    <attrgroup>
      <attr name="Departing">
        <input>
          <domain format="selection_list">
            <value>Jan</value>
            <value>Feb</value>
            <value>Mar</value>
            <value>Apr</value>
            <value>May</value>
            <value>Jun</value>
            <value>Jul</value>
            <value>Aug</value>
            <value>Sep</value>
            <value>Oct</value>
            <value>Nov</value>
            <value>Dec</value>
          </domain>
        </input>
        <input>
          <domain format="selection_list">
            <value>1</value>
            <value>2</value>
            <value>3</value>
            <value>4</value>
            <value>5</value>
            <value>6</value>
            <value>7</value>
            <value>8</value>
            <value>9</value>
            <value>10</value>
            <value>11</value>
            <value>12</value>
            <value>13</value>
            <value>14</value>
            <value>15</value>
            <value>16</value>
            <value>17</value>
            <value>18</value>
            <value>19</value>
            <value>20</value>
            <value>21</value>
            <value>22</value>
            <value>23</value>
            <value>24</value>
            <value>25</value>
            <value>26</value>
            <value>27</value>
            <value>28</value>
            <value>29</value>
            <value>30</value>
            <value>31</value>
          </domain>
        </input>
        <input>
          <domain format="selection_list">
            <value />
            <value>AM</value>
            <value>NOON</value>
            <value>PM</value>
            <value>12 AM</value>
            <value>1 AM</value>
            <value>2 AM</value>
            <value>3 AM</value>
            <value>4 AM</value>
            <value>5 AM</value>
            <value>6 AM</value>
            <value>7 AM</value>
            <value>8 AM</value>
            <value>9 AM</value>
            <value>10 AM</value>
            <value>11 AM</value>
            <value>12 PM</value>
            <value>1 PM</value>
            <value>2 PM</value>
            <value>3 PM</value>
            <value>4 PM</value>
            <value>5 PM</value>
            <value>6 PM</value>
            <value>7 PM</value>
            <value>8 PM</value>
            <value>9 PM</value>
            <value>10 PM</value>
            <value>11 PM</value>
          </domain>
        </input>
      </attr>
    </attrgroup>
    <attrgroup>
      <attr name="Returning">
        <input>
          <domain format="selection_list">
            <value>Jan</value>
            <value>Feb</value>
            <value>Mar</value>
            <value>Apr</value>
            <value>May</value>
            <value>Jun</value>
            <value>Jul</value>
            <value>Aug</value>
            <value>Sep</value>
            <value>Oct</value>
            <value>Nov</value>
            <value>Dec</value>
          </domain>
        </input>
        <input>
          <domain format="selection_list">
            <value>1</value>
            <value>2</value>
            <value>3</value>
            <value>4</value>
            <value>5</value>
            <value>6</value>
            <value>7</value>
            <value>8</value>
            <value>9</value>
            <value>10</value>
            <value>11</value>
            <value>12</value>
            <value>13</value>
            <value>14</value>
            <value>15</value>
            <value>16</value>
            <value>17</value>
            <value>18</value>
            <value>19</value>
            <value>20</value>
            <value>21</value>
            <value>22</value>
            <value>23</value>
            <value>24</value>
            <value>25</value>
            <value>26</value>
            <value>27</value>
            <value>28</value>
            <value>29</value>
            <value>30</value>
            <value>31</value>
          </domain>
        </input>
        <input>
          <domain format="selection_list">
            <value />
            <value>AM</value>
            <value>NOON</value>
            <value>PM</value>
            <value>12 AM</value>
            <value>1 AM</value>
            <value>2 AM</value>
            <value>3 AM</value>
            <value>4 AM</value>
            <value>5 AM</value>
            <value>6 AM</value>
            <value>7 AM</value>
            <value>8 AM</value>
            <value>9 AM</value>
            <value>10 AM</value>
            <value>11 AM</value>
            <value>12 PM</value>
            <value>1 PM</value>
            <value>2 PM</value>
            <value>3 PM</value>
            <value>4 PM</value>
            <value>5 PM</value>
            <value>6 PM</value>
            <value>7 PM</value>
            <value>8 PM</value>
            <value>9 PM</value>
            <value>10 PM</value>
            <value>11 PM</value>
          </domain>
        </input>
      </attr>
    </attrgroup>
    <attrgroup>
      <attr name="Passengers ">
        <input>
          <domain format="selection_list">
            <value>1</value>
            <value>2</value>
            <value>3</value>
            <value>4</value>
            <value>5</value>
            <value>6</value>
            <value>7</value>
            <value>8</value>
            <value>9</value>
          </domain>
        </input>
      </attr>
    </attrgroup>
    <attrgroup>
      <attr name="Search by">
        <input>
          <domain format="selection_list">
            <value>Schedule</value>
            <value>Price</value>
          </domain>
        </input>
      </attr>
    </attrgroup>
  </form>
</source>