<?xml version="1.0" encoding="UTF-8"?>
<!--This is the 4 Best matching Use topkmatch.xsd to parse and validate the information (XMLSchema)--><BestMatch CandidateOntology="powder" MatchIndex="4" MatchWeight="0.0" TargetOntology="windsurfing"><MatchedTerms Weight="0.0"><CandidateTerm id="8821078879030595406">First Name (first_name):text</CandidateTerm><TargetTerm id="1444458100887962976">Name (SubName):text</TargetTerm></MatchedTerms><MatchedTerms Weight="0.0"><CandidateTerm id="5017220246223864547">Address Line 1 (StreetAdr):text</CandidateTerm><TargetTerm id="6034423318681088586">Address (Addr1):text</TargetTerm></MatchedTerms><MatchedTerms Weight="0.0"><CandidateTerm id="7021050814948514157">Address Line 2 (SuppAdr):text</CandidateTerm><TargetTerm id="8492339065480251294">(Street, PO Box, Route, etc.) (Addr2):text</TargetTerm></MatchedTerms><MatchedTerms Weight="0.0"><CandidateTerm id="8252457085664945236">City (City):text</CandidateTerm><TargetTerm id="7883497263627441937">City (City):text</TargetTerm></MatchedTerms><MatchedTerms Weight="0.0"><CandidateTerm id="5201310165641466058">Postal Code (PostalCode):text</CandidateTerm><TargetTerm id="1919184700549008324">Zip Postal Code (PostalCode):text</TargetTerm></MatchedTerms><MatchedTerms Weight="0.0"><CandidateTerm id="7614039690622192749">Email Address (EmailAdr):text</CandidateTerm><TargetTerm id="2778099850808778644">e-mail (EmailAddr):text</TargetTerm></MatchedTerms><MatchedTerms Weight="0.0"><CandidateTerm id="2663380706593124510">uses Secure Socket Layer (SSL) technology for all online transactions. SSL encrypts your personal information such as name, address and credit card number in an effort to prevent unauthorized access of this information during the transmission of your online order. (pt_id):radio</CandidateTerm><TargetTerm id="2620614038576070941">a secure site.) (PayOpt):radio</TargetTerm></MatchedTerms><MatchedTerms Weight="0.0"><CandidateTerm id="1968343478018872374">Credit Card Number: (credit_card_number):text</CandidateTerm><TargetTerm id="7557252140684010203">Credit Card Number (No spaces please) (CCNum):text</TargetTerm></MatchedTerms><MatchedTerms Weight="0.0"><CandidateTerm id="9020218564737112861">Please send me special offers and exclusive promotions from Powder's premiere partners. (general_optin):checkbox</CandidateTerm><TargetTerm id="9002534528164147706">I would like to receive e-mails about my subscription and other special offers and promotions from Windsurfing magazine: (iOO_All):radio</TargetTerm></MatchedTerms><MatchedTerms Weight="0.0"><CandidateTerm id="8829216166954690302">State (State):select</CandidateTerm><TargetTerm id="7259040998451631243">State Prov. (State):select</TargetTerm></MatchedTerms><MatchedTerms Weight="0.0"><CandidateTerm id="201346798741657937">Credit Card Expiration: (credit_card_exp_month):select</CandidateTerm><TargetTerm id="1509101922801863416">Credit Card Number (No spaces please) Expiration date (CCExpMo):select</TargetTerm></MatchedTerms><MatchedTerms Weight="0.0"><CandidateTerm id="340671914028838235">Credit Card Expiration: (credit_card_exp_year):select</CandidateTerm><TargetTerm id="6012485927296457705">Credit Card Number (No spaces please) Expiration date (CCExpYr):select</TargetTerm></MatchedTerms></BestMatch><!--For any questions regarding the Top K Framework please send to:ontobuilder@ie.technion.ac.il-->