<?xml version="1.0" encoding="UTF-8"?>
<!--This is the 13 Best matching
Use topkmatch.xsd to parse and validate the information (XMLSchema)--><BestMatch CandidateOntology="betus.com" MatchIndex="13" MatchWeight="0.0" TargetOntology="www.bettingexpress.com"><MatchedTerms Weight="0.0"><CandidateTerm id="761228248918711165">text: First Name: (nameFirstEntry)</CandidateTerm><TargetTerm id="3132739914294203818">text: First Name: (FIRSTNAME)</TargetTerm></MatchedTerms><MatchedTerms Weight="0.0"><CandidateTerm id="2397835827584582879">text: Last Name: (nameLastEntry)</CandidateTerm><TargetTerm id="3210388464369674417">text: Last Name: (LASTNAME)</TargetTerm></MatchedTerms><MatchedTerms Weight="0.0"><CandidateTerm id="8240474515220595178">text: Email: (emailEntry)</CandidateTerm><TargetTerm id="5990084545387296225">text: Email: (EMAIL)</TargetTerm></MatchedTerms><MatchedTerms Weight="0.0"><CandidateTerm id="5218549019637971942">text: Phone: (homePhoneEntry)</CandidateTerm><TargetTerm id="4030326942261807379">text: Home Phone (With Area Code): (HOMEPHONENO)</TargetTerm></MatchedTerms><MatchedTerms Weight="0.0"><CandidateTerm id="3771054742076622656">text: Business Phone: (businessPhoneEntry)</CandidateTerm><TargetTerm id="2248502931618572146">text: Work Phone (With Area Code): (WORKPHONENO)</TargetTerm></MatchedTerms><MatchedTerms Weight="0.0"><CandidateTerm id="2295191364948382391">text: Address1: (address1Entry)</CandidateTerm><TargetTerm id="3254666015896874737">text: Street: (STREET)</TargetTerm></MatchedTerms><MatchedTerms Weight="0.0"><CandidateTerm id="6575387327437851542">text: City: (cityEntry)</CandidateTerm><TargetTerm id="7157127428204741506">text: City: (CITY)</TargetTerm></MatchedTerms><MatchedTerms Weight="0.0"><CandidateTerm id="5205226586100899824">select: State Province: (stateEntry)</CandidateTerm><TargetTerm id="1011202241564492833">text: Province State: (STATE)</TargetTerm></MatchedTerms><MatchedTerms Weight="0.0"><CandidateTerm id="458144770458284889">text: Zip Postal Code: (zipEntry)</CandidateTerm><TargetTerm id="3368201581461656586">text: Postal Code ZIP: (ZIP)</TargetTerm></MatchedTerms><MatchedTerms Weight="0.0"><CandidateTerm id="5824532670640771603">select: Country: (countryEntry)</CandidateTerm><TargetTerm id="2175816319498664871">select: Country: (COUNTRY)</TargetTerm></MatchedTerms><MatchedTerms Weight="0.0"><CandidateTerm id="3265615801532354843">password: Password: (passwordEntry)</CandidateTerm><TargetTerm id="1337112632753954801">password: Password: (min. 6 characters) (PASSWORD)</TargetTerm></MatchedTerms><MatchedTerms Weight="0.0"><CandidateTerm id="4930157613043479564">password: Confirm Password: (ConfirmPasswordEntry)</CandidateTerm><TargetTerm id="3037966891027960942">password: Re-Enter Password: (REENTERPASSWORD)</TargetTerm></MatchedTerms></BestMatch><!--For any questions regarding the Top K Framework please send to:ontobuilder@ie.technion.ac.il-->