<?xml version="1.0" encoding="UTF-8"?>
<!--This is the 7 Best matching
Use topkmatch.xsd to parse and validate the information (XMLSchema)--><BestMatch CandidateOntology="auth.ivillage.co.uk" MatchIndex="7" MatchWeight="0.0" TargetOntology="www.777happyline.com"><MatchedTerms Weight="0.0"><CandidateTerm>submit: Go! ()</CandidateTerm><TargetTerm>submit: Click here to continue  -&gt; (post)</TargetTerm></MatchedTerms><MatchedTerms Weight="0.0"><CandidateTerm id="7080313669337030351">text: Enter Valid Email (email)</CandidateTerm><TargetTerm id="7629934453997641216">text: Your Email Address: (Email)</TargetTerm></MatchedTerms><MatchedTerms Weight="0.0"><CandidateTerm id="4200402449933426053">password: Choose a Password (password)</CandidateTerm><TargetTerm id="4805306830462350743">password: Password (4-8 characters) (Pass)</TargetTerm></MatchedTerms><MatchedTerms Weight="0.0"><CandidateTerm id="7346163946007565639">text: First Name (firstName)</CandidateTerm><TargetTerm id="4728848081567279572">text: First Name: (Name)</TargetTerm></MatchedTerms><MatchedTerms Weight="0.0"><CandidateTerm id="4740692820399329658">text: Surname (lastName)</CandidateTerm><TargetTerm id="3819646718030777547">text: Last Name: (LastName)</TargetTerm></MatchedTerms><MatchedTerms Weight="0.0"><CandidateTerm id="340200011597853549">text: Street Address* (addr1)</CandidateTerm><TargetTerm id="6294730254975691884">text: Street Address: (Street)</TargetTerm></MatchedTerms><MatchedTerms Weight="0.0"><CandidateTerm id="8394139452922646103">text: City* (city)</CandidateTerm><TargetTerm id="3944145354936310334">text: City: (City)</TargetTerm></MatchedTerms><MatchedTerms Weight="0.0"><CandidateTerm id="2458939404482412437">text: Postcode (zipCode)</CandidateTerm><TargetTerm id="7921486490008934808">text: Zip Postal code: (Zip)</TargetTerm></MatchedTerms><MatchedTerms Weight="0.0"><CandidateTerm>submit: submit ()</CandidateTerm><TargetTerm>submit: Click here to continue  -&gt; (post)</TargetTerm></MatchedTerms><MatchedTerms Weight="0.0"><CandidateTerm id="6954335866619679365">select: Gender: (gender)</CandidateTerm><TargetTerm id="147855968780729769">select: Gender: (Sex)</TargetTerm></MatchedTerms><MatchedTerms Weight="0.0"><CandidateTerm>group: Birth Date (BirthDate__Composition_)</CandidateTerm><TargetTerm>group: Date of Birth: (DateOfBirth__Composition_)</TargetTerm></MatchedTerms><MatchedTerms Weight="0.0"><CandidateTerm id="7051380704113329106">select: Birth Date (birthdayDay)</CandidateTerm><TargetTerm id="6850859342729392815">select: Date of Birth: (BirthDay)</TargetTerm></MatchedTerms><MatchedTerms Weight="0.0"><CandidateTerm id="3662675557642951894">select: Birth Date (birthdayMonth)</CandidateTerm><TargetTerm id="2147769283540086329">select: Date of Birth: (BirthMonth)</TargetTerm></MatchedTerms><MatchedTerms Weight="0.0"><CandidateTerm id="8315499591598559585">select: Birth Date (birthdayYear)</CandidateTerm><TargetTerm id="3987988992894552705">select: Date of Birth: (BirthYear)</TargetTerm></MatchedTerms></BestMatch><!--For any questions regarding the Top K Framework please send to:ontobuilder@ie.technion.ac.il-->