<?xml version="1.0" encoding="UTF-8"?>
<!--This is the 2 Best matching
Use topkmatch.xsd to parse and validate the information (XMLSchema)--><BestMatch CandidateOntology="6-people" MatchIndex="2" MatchWeight="0.0" TargetOntology="4-sportsillustrated"><MatchedTerms Weight="0.0"><CandidateTerm>_D:/net/timeinc/subs/user/model/Name.name (_D:/net/timeinc/subs/user/model/Name.name):hidden</CandidateTerm><TargetTerm>Name: (/net/timeinc/subs/user/model/Name.name):text</TargetTerm></MatchedTerms><MatchedTerms Weight="0.0"><CandidateTerm id="1274689512265449778">Address: (/net/timeinc/subs/user/model/Address.address1):text</CandidateTerm><TargetTerm id="6872970667088964927">Address: (/net/timeinc/subs/user/model/Address.address1):text</TargetTerm></MatchedTerms><MatchedTerms Weight="0.0"><CandidateTerm id="7892903168690696501">Zip Postal: (/net/timeinc/subs/user/model/Address.zipCode):text</CandidateTerm><TargetTerm id="6957698329043428083">Zip Postal: (/net/timeinc/subs/user/model/Address.zipCode):text</TargetTerm></MatchedTerms><MatchedTerms Weight="0.0"><CandidateTerm id="4930931581801955855">City: (/net/timeinc/subs/user/model/Address.city):text</CandidateTerm><TargetTerm id="1052236322957497281">City: (/net/timeinc/subs/user/model/Address.city):text</TargetTerm></MatchedTerms><MatchedTerms Weight="0.0"><CandidateTerm id="7015707951192642075">E-mail: (/net/timeinc/subs/user/model/Email.email):text</CandidateTerm><TargetTerm id="9186387044637722989">E-mail: (/net/timeinc/subs/user/model/Email.email):text</TargetTerm></MatchedTerms><MatchedTerms Weight="0.0"><CandidateTerm id="1530910296611589612">Card Number: (/net/timeinc/subs/user/model/BillToCustomer.CCInform.number):text</CandidateTerm><TargetTerm id="6272933030827303729">Card Number: (ccNumber):text</TargetTerm></MatchedTerms><MatchedTerms Weight="0.0"><CandidateTerm id="3136956370632556577">I AGREE. START MY FREE TRIAL (/net/timeinc/subs/user/controller/handler/BasicValetFormHandler.processing):submit</CandidateTerm><TargetTerm id="3726248063506649937">Submit (/net/timeinc/subs/user/controller/handler/curtain/BasicValetCurtainHandler.processing):image</TargetTerm></MatchedTerms><MatchedTerms Weight="0.0"><CandidateTerm id="3469870286316654991">State Province: (/net/timeinc/subs/user/model/Address.state):select</CandidateTerm><TargetTerm id="6672732084235465406">State Province: (/net/timeinc/subs/user/model/Address.state):select</TargetTerm></MatchedTerms><MatchedTerms Weight="0.0"><CandidateTerm id="1331126924717220152">Select: (/net/timeinc/subs/user/model/BillToCustomer.CCInform.type):select</CandidateTerm><TargetTerm id="519392281442394898">Card Type: (ccType):select</TargetTerm></MatchedTerms><MatchedTerms Weight="0.0"><CandidateTerm id="7852508827852374645">Expiration : (/net/timeinc/subs/user/model/BillToCustomer.CCInform.expirMonth):select</CandidateTerm><TargetTerm id="2499166590969138380">Expires (mm yy): (ccExpirMonth):select</TargetTerm></MatchedTerms><MatchedTerms Weight="0.0"><CandidateTerm id="7463459113199955289">Expiration : (/net/timeinc/subs/user/model/BillToCustomer.CCInform.expirYear):select</CandidateTerm><TargetTerm id="7425919506952217982">Expires (mm yy): (ccExpirYear):select</TargetTerm></MatchedTerms></BestMatch><!--For any questions regarding the Top K Framework please send to:ontobuilder@ie.technion.ac.il-->